-- phpMyAdmin SQL Dump
-- version 5.2.1
-- https://www.phpmyadmin.net/
--
-- Host: 127.0.0.1
-- Generation Time: May 12, 2025 at 11:03 AM
-- Server version: 10.4.32-MariaDB
-- PHP Version: 8.2.12

SET SQL_MODE = "NO_AUTO_VALUE_ON_ZERO";
START TRANSACTION;
SET time_zone = "+00:00";


/*!40101 SET @OLD_CHARACTER_SET_CLIENT=@@CHARACTER_SET_CLIENT */;
/*!40101 SET @OLD_CHARACTER_SET_RESULTS=@@CHARACTER_SET_RESULTS */;
/*!40101 SET @OLD_COLLATION_CONNECTION=@@COLLATION_CONNECTION */;
/*!40101 SET NAMES utf8mb4 */;

--
-- Database: `test_db`
--

-- --------------------------------------------------------

--
-- Table structure for table `alumni_events`
--

CREATE TABLE `alumni_events` (
  `id` int(11) NOT NULL,
  `title` text NOT NULL,
  `event_for` varchar(100) NOT NULL,
  `session_id` int(11) DEFAULT NULL,
  `class_id` int(11) DEFAULT NULL,
  `section` varchar(255) NOT NULL,
  `from_date` datetime NOT NULL,
  `to_date` datetime NOT NULL,
  `note` text NOT NULL,
  `photo` varchar(255) DEFAULT NULL,
  `is_active` int(11) NOT NULL,
  `event_notification_message` text NOT NULL,
  `show_onwebsite` int(11) NOT NULL,
  `created_at` timestamp NOT NULL DEFAULT current_timestamp() ON UPDATE current_timestamp()
) ENGINE=InnoDB DEFAULT CHARSET=utf8 COLLATE=utf8_general_ci;

--
-- Dumping data for table `alumni_events`
--

INSERT INTO `alumni_events` (`id`, `title`, `event_for`, `session_id`, `class_id`, `section`, `from_date`, `to_date`, `note`, `photo`, `is_active`, `event_notification_message`, `show_onwebsite`, `created_at`) VALUES
(1, 'Alumini meetup', 'all', NULL, NULL, 'null', '2025-04-18 00:00:00', '2025-04-30 23:59:00', '', '', 0, '', 0, '2025-04-18 10:18:29');

-- --------------------------------------------------------

--
-- Table structure for table `alumni_students`
--

CREATE TABLE `alumni_students` (
  `id` int(11) NOT NULL,
  `student_id` int(11) NOT NULL,
  `current_email` varchar(255) NOT NULL,
  `current_phone` varchar(255) NOT NULL,
  `occupation` text NOT NULL,
  `address` text NOT NULL,
  `photo` varchar(255) DEFAULT NULL,
  `created_at` timestamp NOT NULL DEFAULT current_timestamp() ON UPDATE current_timestamp()
) ENGINE=InnoDB DEFAULT CHARSET=utf8 COLLATE=utf8_general_ci;

-- --------------------------------------------------------

--
-- Table structure for table `attendence_type`
--

CREATE TABLE `attendence_type` (
  `id` int(11) NOT NULL,
  `type` varchar(50) DEFAULT NULL,
  `key_value` varchar(50) NOT NULL,
  `long_lang_name` varchar(250) DEFAULT NULL,
  `long_name_style` varchar(250) DEFAULT NULL,
  `is_active` varchar(255) DEFAULT 'no',
  `for_qr_attendance` int(11) NOT NULL DEFAULT 1,
  `created_at` timestamp NOT NULL DEFAULT current_timestamp() ON UPDATE current_timestamp(),
  `updated_at` date DEFAULT NULL
) ENGINE=InnoDB DEFAULT CHARSET=utf8 COLLATE=utf8_general_ci;

--
-- Dumping data for table `attendence_type`
--

INSERT INTO `attendence_type` (`id`, `type`, `key_value`, `long_lang_name`, `long_name_style`, `is_active`, `for_qr_attendance`, `created_at`, `updated_at`) VALUES
(1, 'Present', '<b class=\"text text-success\">P</b>', 'present', 'label label-success', 'yes', 1, '2023-12-13 07:53:10', '0000-00-00'),
(2, 'Late With Excuse', '<b class=\"text text-warning\">E</b>', 'late_with_excuse', 'label label-warning text-dark', 'no', 0, '2023-12-13 07:51:03', '0000-00-00'),
(3, 'Late', '<b class=\"text text-warning\">L</b>', 'late', 'label label-warning text-dark', 'yes', 1, '2023-12-13 07:51:09', '0000-00-00'),
(4, 'Absent', '<b class=\"text text-danger\">A</b>', 'absent', 'label label-danger', 'yes', 0, '2023-12-15 06:18:05', '0000-00-00'),
(5, 'Holiday', 'H', 'holiday', 'label label-info', 'yes', 0, '2023-12-14 12:57:13', '0000-00-00'),
(6, 'Half Day', '<b class=\"text text-warning\">F</b>', 'half_day', 'label label-warning text-dark', 'yes', 1, '2023-12-15 06:18:37', '0000-00-00');

-- --------------------------------------------------------

--
-- Table structure for table `behaviour_category`
--

CREATE TABLE `behaviour_category` (
  `id` int(11) NOT NULL,
  `name` varchar(255) DEFAULT NULL,
  `description` text DEFAULT NULL,
  `created_at` timestamp NULL DEFAULT current_timestamp(),
  `modified_at` timestamp NULL DEFAULT current_timestamp() ON UPDATE current_timestamp()
) ENGINE=InnoDB DEFAULT CHARSET=utf8mb4 COLLATE=utf8mb4_general_ci;

--
-- Dumping data for table `behaviour_category`
--

INSERT INTO `behaviour_category` (`id`, `name`, `description`, `created_at`, `modified_at`) VALUES
(1, 'Academic Performance', 'Includes behaviors related to classroom participation, homework completion, and overall academic achievement.', '2025-04-08 18:52:25', '2025-04-08 18:52:25'),
(2, 'Classroom Conduct', 'Covers behavior during class, such as attentiveness, respect for others, and adherence to class rules.', '2025-04-08 18:52:48', '2025-04-08 18:52:48'),
(3, 'Respect for Authority', 'Reflects how students behave towards teachers, staff, and school policies, including following instructions and showing respect.', '2025-04-08 18:53:04', '2025-04-08 18:53:04'),
(4, 'Peer Interaction', 'Involves social behaviors, like cooperation, teamwork, and resolving conflicts with peers.', '2025-04-08 18:53:25', '2025-04-08 18:53:25'),
(5, 'Attendance and Punctuality', 'Relates to students\' regularity in attending school and arriving on time.', '2025-04-08 18:53:42', '2025-04-08 18:53:42'),
(6, 'Responsibility and Accountability', 'Measures how well students take responsibility for their actions, assignments, and personal belongings.', '2025-04-08 18:54:27', '2025-04-08 18:54:27'),
(7, 'Self-Discipline', 'Evaluates the student\'s ability to control impulses, manage emotions, and stay focused on tasks.', '2025-04-08 18:54:48', '2025-04-08 18:54:48'),
(8, 'School Spirit and Engagement', 'Tracks involvement in extracurricular activities, school events, and overall enthusiasm for school life.', '2025-04-08 18:55:06', '2025-04-08 18:55:06');

-- --------------------------------------------------------

--
-- Table structure for table `behaviour_settings`
--

CREATE TABLE `behaviour_settings` (
  `id` int(11) NOT NULL,
  `comment_option` varchar(100) NOT NULL,
  `created_at` timestamp NOT NULL DEFAULT current_timestamp() ON UPDATE current_timestamp()
) ENGINE=InnoDB DEFAULT CHARSET=utf8 COLLATE=utf8_general_ci;

--
-- Dumping data for table `behaviour_settings`
--

INSERT INTO `behaviour_settings` (`id`, `comment_option`, `created_at`) VALUES
(1, '[\"student\",\"parent\"]', '2022-12-31 11:49:38');

-- --------------------------------------------------------

--
-- Table structure for table `books`
--

CREATE TABLE `books` (
  `id` int(11) NOT NULL,
  `book_title` varchar(100) NOT NULL,
  `book_no` varchar(50) NOT NULL,
  `isbn_no` varchar(100) NOT NULL,
  `subject` varchar(100) DEFAULT NULL,
  `rack_no` varchar(100) NOT NULL,
  `publish` varchar(100) DEFAULT NULL,
  `author` varchar(100) DEFAULT NULL,
  `qty` int(11) DEFAULT NULL,
  `perunitcost` float(10,2) DEFAULT NULL,
  `postdate` date DEFAULT NULL,
  `description` text DEFAULT NULL,
  `available` varchar(10) DEFAULT 'yes',
  `is_active` varchar(255) DEFAULT 'no',
  `created_at` timestamp NOT NULL DEFAULT current_timestamp() ON UPDATE current_timestamp(),
  `updated_at` date DEFAULT NULL
) ENGINE=InnoDB DEFAULT CHARSET=utf8 COLLATE=utf8_general_ci;

--
-- Dumping data for table `books`
--

INSERT INTO `books` (`id`, `book_title`, `book_no`, `isbn_no`, `subject`, `rack_no`, `publish`, `author`, `qty`, `perunitcost`, `postdate`, `description`, `available`, `is_active`, `created_at`, `updated_at`) VALUES
(1, 'Atomic Habits', '111', '', '', '', '', '', 9, 500.00, '2025-04-08', '', 'yes', 'no', '2025-04-08 18:01:00', NULL),
(2, 'The Alchemist', '', '', '', '', '', '', 10, 0.00, '2025-04-08', '', 'yes', 'no', '2025-04-08 18:00:50', NULL);

-- --------------------------------------------------------

--
-- Table structure for table `book_issues`
--

CREATE TABLE `book_issues` (
  `id` int(11) NOT NULL,
  `book_id` int(11) NOT NULL,
  `member_id` int(11) DEFAULT NULL,
  `duereturn_date` date DEFAULT NULL,
  `return_date` date DEFAULT NULL,
  `issue_date` date DEFAULT NULL,
  `is_returned` int(11) DEFAULT 0,
  `is_active` varchar(10) NOT NULL DEFAULT 'no',
  `created_at` timestamp NOT NULL DEFAULT current_timestamp() ON UPDATE current_timestamp()
) ENGINE=InnoDB DEFAULT CHARSET=utf8 COLLATE=utf8_general_ci;

--
-- Dumping data for table `book_issues`
--

INSERT INTO `book_issues` (`id`, `book_id`, `member_id`, `duereturn_date`, `return_date`, `issue_date`, `is_returned`, `is_active`, `created_at`) VALUES
(1, 1, 1, '2025-04-30', NULL, '2025-04-08', 0, 'no', '2025-04-08 18:02:32'),
(2, 1, 2, '2025-04-30', NULL, '2025-04-08', 0, 'no', '2025-04-08 18:02:54'),
(3, 2, 2, '2025-04-08', NULL, '2025-04-08', 0, 'no', '2025-04-08 18:03:04');

-- --------------------------------------------------------

--
-- Table structure for table `bug_report`
--

CREATE TABLE `bug_report` (
  `id` int(11) NOT NULL,
  `url` varchar(255) NOT NULL,
  `description` text NOT NULL,
  `steps_to_recreate` text NOT NULL,
  `image_name` varchar(255) DEFAULT NULL,
  `status` enum('Open','In Progress','Resolved','Closed') DEFAULT 'Open',
  `priority` enum('Low','Medium','High','Critical') DEFAULT 'Medium',
  `reported_by` varchar(100) NOT NULL,
  `assigned_to` varchar(100) DEFAULT NULL,
  `created_at` timestamp NULL DEFAULT current_timestamp(),
  `updated_at` timestamp NULL DEFAULT current_timestamp() ON UPDATE current_timestamp()
) ENGINE=InnoDB DEFAULT CHARSET=utf8mb4 COLLATE=utf8mb4_general_ci;

--
-- Dumping data for table `bug_report`
--

INSERT INTO `bug_report` (`id`, `url`, `description`, `steps_to_recreate`, `image_name`, `status`, `priority`, `reported_by`, `assigned_to`, `created_at`, `updated_at`) VALUES
(1, 'https://pgsms.learningtreat.com/support/report_bug', 'Test Data', 'This is Testing Data', NULL, 'Open', 'Medium', '', NULL, '2025-04-03 11:00:30', '2025-04-03 11:00:30');

-- --------------------------------------------------------

--
-- Table structure for table `captcha`
--

CREATE TABLE `captcha` (
  `id` int(11) NOT NULL,
  `name` varchar(250) NOT NULL,
  `status` int(11) NOT NULL,
  `created_at` timestamp NOT NULL DEFAULT current_timestamp() ON UPDATE current_timestamp()
) ENGINE=InnoDB DEFAULT CHARSET=utf8 COLLATE=utf8_general_ci;

--
-- Dumping data for table `captcha`
--

INSERT INTO `captcha` (`id`, `name`, `status`, `created_at`) VALUES
(1, 'userlogin', 0, '2021-01-19 08:10:29'),
(2, 'login', 0, '2021-01-19 08:10:31'),
(3, 'admission', 0, '2021-01-19 04:48:11'),
(4, 'complain', 0, '2021-01-19 04:48:13'),
(5, 'contact_us', 0, '2021-01-19 04:48:15');

-- --------------------------------------------------------

--
-- Table structure for table `categories`
--

CREATE TABLE `categories` (
  `id` int(11) NOT NULL,
  `category` varchar(100) DEFAULT NULL,
  `is_active` varchar(255) DEFAULT 'no',
  `created_at` timestamp NOT NULL DEFAULT current_timestamp() ON UPDATE current_timestamp(),
  `updated_at` date DEFAULT NULL
) ENGINE=InnoDB DEFAULT CHARSET=utf8 COLLATE=utf8_general_ci;

--
-- Dumping data for table `categories`
--

INSERT INTO `categories` (`id`, `category`, `is_active`, `created_at`, `updated_at`) VALUES
(1, 'General', 'no', '2025-04-03 13:25:34', NULL),
(2, 'OBC', 'no', '2025-04-03 13:25:40', NULL),
(3, 'SC/ST', 'no', '2025-04-03 13:25:55', NULL),
(4, 'Physically Challenged', 'no', '2025-04-03 13:26:07', NULL),
(5, 'Sports', 'no', '2025-04-03 13:26:14', NULL);

-- --------------------------------------------------------

--
-- Table structure for table `cbse_exams`
--

CREATE TABLE `cbse_exams` (
  `id` int(11) NOT NULL,
  `total_working_days` int(11) DEFAULT 0,
  `cbse_term_id` int(11) DEFAULT NULL,
  `cbse_exam_assessment_id` int(11) DEFAULT NULL,
  `cbse_exam_grade_id` int(11) DEFAULT NULL,
  `name` varchar(255) NOT NULL,
  `exam_code` varchar(200) DEFAULT NULL,
  `session_id` int(11) NOT NULL,
  `description` mediumtext NOT NULL,
  `is_publish` int(11) NOT NULL,
  `is_active` int(11) NOT NULL,
  `created_by` int(11) DEFAULT NULL,
  `use_exam_roll_no` int(11) NOT NULL DEFAULT 0,
  `created_at` timestamp NOT NULL DEFAULT current_timestamp()
) ENGINE=InnoDB DEFAULT CHARSET=utf8 COLLATE=utf8_general_ci;

--
-- Dumping data for table `cbse_exams`
--

INSERT INTO `cbse_exams` (`id`, `total_working_days`, `cbse_term_id`, `cbse_exam_assessment_id`, `cbse_exam_grade_id`, `name`, `exam_code`, `session_id`, `description`, `is_publish`, `is_active`, `created_by`, `use_exam_roll_no`, `created_at`) VALUES
(1, 10, 1, 1, 1, 'Term  1', NULL, 20, 'Term 1  Description', 1, 1, 1, 0, '2025-04-02 13:33:55'),
(2, 0, 2, 2, 1, 'Term 2', NULL, 20, 'Term 2 Descrption', 1, 1, 1, 0, '2025-04-09 02:15:00');

-- --------------------------------------------------------

--
-- Table structure for table `cbse_exam_assessments`
--

CREATE TABLE `cbse_exam_assessments` (
  `id` int(11) NOT NULL,
  `name` varchar(255) NOT NULL,
  `description` mediumtext NOT NULL
) ENGINE=InnoDB DEFAULT CHARSET=utf8 COLLATE=utf8_general_ci;

--
-- Dumping data for table `cbse_exam_assessments`
--

INSERT INTO `cbse_exam_assessments` (`id`, `name`, `description`) VALUES
(1, 'Assessment', ''),
(2, 'Term 2', ''),
(3, 'Term 3', 'Term 3 Description');

-- --------------------------------------------------------

--
-- Table structure for table `cbse_exam_assessment_types`
--

CREATE TABLE `cbse_exam_assessment_types` (
  `id` int(11) NOT NULL,
  `cbse_exam_assessment_id` int(11) NOT NULL,
  `name` varchar(255) NOT NULL,
  `code` varchar(100) NOT NULL,
  `maximum_marks` float NOT NULL,
  `pass_percentage` float NOT NULL,
  `description` mediumtext NOT NULL,
  `created_by` int(11) DEFAULT NULL,
  `created_at` timestamp NOT NULL DEFAULT current_timestamp() ON UPDATE current_timestamp()
) ENGINE=InnoDB DEFAULT CHARSET=utf8 COLLATE=utf8_general_ci;

--
-- Dumping data for table `cbse_exam_assessment_types`
--

INSERT INTO `cbse_exam_assessment_types` (`id`, `cbse_exam_assessment_id`, `name`, `code`, `maximum_marks`, `pass_percentage`, `description`, `created_by`, `created_at`) VALUES
(1, 1, 'Term 1', '101', 100, 50, '', 1, '2025-04-09 04:22:52'),
(4, 2, 'Term 2', '109', 100, 20, '', 1, '2025-04-09 04:23:04'),
(5, 3, 'Term 3', '107', 100, 10, '', 1, '2025-04-09 04:28:52'),
(6, 3, 'Term 4', '106', 100, 10, '', 1, '2025-04-25 05:55:00');

-- --------------------------------------------------------

--
-- Table structure for table `cbse_exam_class_sections`
--

CREATE TABLE `cbse_exam_class_sections` (
  `id` int(11) NOT NULL,
  `cbse_exam_id` int(11) NOT NULL,
  `class_section_id` int(11) NOT NULL,
  `created_at` timestamp NOT NULL DEFAULT current_timestamp() ON UPDATE current_timestamp()
) ENGINE=InnoDB DEFAULT CHARSET=utf8 COLLATE=utf8_general_ci;

--
-- Dumping data for table `cbse_exam_class_sections`
--

INSERT INTO `cbse_exam_class_sections` (`id`, `cbse_exam_id`, `class_section_id`, `created_at`) VALUES
(28, 1, 1, '2025-04-09 04:27:48'),
(29, 1, 2, '2025-04-09 04:27:48'),
(30, 1, 3, '2025-04-09 04:27:48'),
(31, 2, 1, '2025-04-10 06:12:16'),
(32, 2, 2, '2025-04-10 06:12:16'),
(33, 2, 3, '2025-04-10 06:12:16');

-- --------------------------------------------------------

--
-- Table structure for table `cbse_exam_grades`
--

CREATE TABLE `cbse_exam_grades` (
  `id` int(11) NOT NULL,
  `name` varchar(255) NOT NULL,
  `description` mediumtext NOT NULL,
  `created_at` timestamp NOT NULL DEFAULT current_timestamp() ON UPDATE current_timestamp()
) ENGINE=InnoDB DEFAULT CHARSET=utf8 COLLATE=utf8_general_ci;

--
-- Dumping data for table `cbse_exam_grades`
--

INSERT INTO `cbse_exam_grades` (`id`, `name`, `description`, `created_at`) VALUES
(1, 'General Purpose Grading', '', '2025-04-04 12:07:02');

-- --------------------------------------------------------

--
-- Table structure for table `cbse_exam_grades_range`
--

CREATE TABLE `cbse_exam_grades_range` (
  `id` int(11) NOT NULL,
  `cbse_exam_grade_id` int(11) DEFAULT NULL,
  `name` varchar(255) NOT NULL,
  `minimum_percentage` float NOT NULL,
  `maximum_percentage` float NOT NULL,
  `description` mediumtext NOT NULL,
  `created_by` int(11) DEFAULT NULL,
  `created_at` timestamp NOT NULL DEFAULT current_timestamp() ON UPDATE current_timestamp()
) ENGINE=InnoDB DEFAULT CHARSET=utf8 COLLATE=utf8_general_ci;

--
-- Dumping data for table `cbse_exam_grades_range`
--

INSERT INTO `cbse_exam_grades_range` (`id`, `cbse_exam_grade_id`, `name`, `minimum_percentage`, `maximum_percentage`, `description`, `created_by`, `created_at`) VALUES
(1, 1, 'A', 90, 100, '', 1, '2025-04-04 12:07:02'),
(2, 1, 'B', 80, 90, '', 1, '2025-04-04 12:07:02'),
(3, 1, 'c', 70, 80, '', 1, '2025-04-04 12:07:02'),
(4, 1, 'D', 60, 70, '', 1, '2025-04-04 12:07:02');

-- --------------------------------------------------------

--
-- Table structure for table `cbse_exam_observations`
--

CREATE TABLE `cbse_exam_observations` (
  `id` int(11) NOT NULL,
  `name` varchar(200) DEFAULT NULL,
  `description` text DEFAULT NULL,
  `created_at` timestamp NOT NULL DEFAULT current_timestamp() ON UPDATE current_timestamp()
) ENGINE=InnoDB DEFAULT CHARSET=utf8 COLLATE=utf8_general_ci;

--
-- Dumping data for table `cbse_exam_observations`
--

INSERT INTO `cbse_exam_observations` (`id`, `name`, `description`, `created_at`) VALUES
(1, 'Personality', '', '2025-04-02 13:33:21');

-- --------------------------------------------------------

--
-- Table structure for table `cbse_exam_students`
--

CREATE TABLE `cbse_exam_students` (
  `id` int(11) NOT NULL,
  `cbse_exam_id` int(11) NOT NULL,
  `student_session_id` int(11) NOT NULL,
  `staff_id` int(11) DEFAULT NULL,
  `roll_no` varchar(20) DEFAULT NULL,
  `remark` text DEFAULT NULL,
  `total_present_days` int(11) DEFAULT NULL,
  `delete_student_id` int(11) NOT NULL,
  `created_at` timestamp NOT NULL DEFAULT current_timestamp()
) ENGINE=InnoDB DEFAULT CHARSET=utf8 COLLATE=utf8_general_ci;

--
-- Dumping data for table `cbse_exam_students`
--

INSERT INTO `cbse_exam_students` (`id`, `cbse_exam_id`, `student_session_id`, `staff_id`, `roll_no`, `remark`, `total_present_days`, `delete_student_id`, `created_at`) VALUES
(1, 1, 46, NULL, NULL, NULL, 10, 0, '2025-04-02 13:34:23'),
(2, 1, 48, NULL, NULL, NULL, 10, 0, '2025-04-02 13:34:23'),
(3, 1, 50, NULL, NULL, NULL, 10, 0, '2025-04-02 13:34:23'),
(49, 2, 46, NULL, NULL, NULL, NULL, 0, '2025-04-09 02:18:47');

-- --------------------------------------------------------

--
-- Table structure for table `cbse_exam_student_subject_rank`
--

CREATE TABLE `cbse_exam_student_subject_rank` (
  `id` int(11) NOT NULL,
  `cbse_template_id` int(11) DEFAULT NULL,
  `student_session_id` int(11) DEFAULT NULL,
  `subject_id` int(11) DEFAULT NULL,
  `rank` int(11) DEFAULT NULL,
  `rank_percentage` float(10,2) DEFAULT NULL,
  `created_at` timestamp NOT NULL DEFAULT current_timestamp() ON UPDATE current_timestamp()
) ENGINE=InnoDB DEFAULT CHARSET=utf8 COLLATE=utf8_general_ci;

-- --------------------------------------------------------

--
-- Table structure for table `cbse_exam_timetable`
--

CREATE TABLE `cbse_exam_timetable` (
  `id` int(11) NOT NULL,
  `cbse_exam_id` int(11) DEFAULT NULL,
  `subject_id` int(11) DEFAULT NULL,
  `date` date NOT NULL,
  `time_from` time NOT NULL,
  `time_to` time NOT NULL,
  `duration` int(11) NOT NULL,
  `room_no` varchar(255) NOT NULL,
  `is_written` int(11) NOT NULL DEFAULT 1,
  `written_maximum_marks` float NOT NULL,
  `is_practical` int(11) NOT NULL,
  `practical_maximum_mark` float DEFAULT NULL,
  `created_by` int(11) DEFAULT NULL,
  `created_at` timestamp NOT NULL DEFAULT current_timestamp() ON UPDATE current_timestamp()
) ENGINE=InnoDB DEFAULT CHARSET=utf8 COLLATE=utf8_general_ci;

--
-- Dumping data for table `cbse_exam_timetable`
--

INSERT INTO `cbse_exam_timetable` (`id`, `cbse_exam_id`, `subject_id`, `date`, `time_from`, `time_to`, `duration`, `room_no`, `is_written`, `written_maximum_marks`, `is_practical`, `practical_maximum_mark`, `created_by`, `created_at`) VALUES
(1, 1, 1, '2025-04-01', '12:00:00', '00:00:00', 3, '1', 1, 0, 0, NULL, NULL, '2025-04-04 11:56:59'),
(2, 1, 4, '2025-04-02', '12:00:00', '00:00:00', 3, '2', 1, 0, 0, NULL, NULL, '2025-04-04 11:56:59'),
(3, 1, 5, '2025-04-03', '12:00:00', '00:00:00', 3, '3', 1, 0, 0, NULL, NULL, '2025-04-04 11:56:59'),
(4, 1, 2, '2025-04-04', '12:00:00', '00:00:00', 3, '4', 1, 0, 0, NULL, NULL, '2025-04-04 11:56:59'),
(5, 1, 3, '2025-04-05', '12:00:00', '00:00:00', 3, '5', 1, 0, 0, NULL, NULL, '2025-04-04 11:56:59'),
(6, 1, 6, '2025-04-06', '12:00:00', '00:00:00', 3, '6', 1, 0, 0, NULL, NULL, '2025-04-04 11:56:59'),
(7, 2, 1, '2025-04-01', '12:00:00', '00:00:00', 1, '101', 1, 0, 0, NULL, NULL, '2025-04-09 02:18:27'),
(8, 2, 4, '2025-04-02', '12:00:00', '00:00:00', 1, '102', 1, 0, 0, NULL, NULL, '2025-04-09 02:18:27'),
(9, 2, 5, '2025-04-03', '12:00:00', '00:00:00', 1, '103', 1, 0, 0, NULL, NULL, '2025-04-09 02:18:27'),
(10, 2, 2, '2025-04-04', '12:00:00', '00:00:00', 1, '104', 1, 0, 0, NULL, NULL, '2025-04-09 02:18:27'),
(11, 2, 3, '2025-04-05', '12:00:00', '00:00:00', 1, '105', 1, 0, 0, NULL, NULL, '2025-04-09 02:18:27'),
(12, 2, 6, '2025-04-07', '12:00:00', '00:00:00', 1, '106', 1, 0, 0, NULL, NULL, '2025-04-09 02:18:27');

-- --------------------------------------------------------

--
-- Table structure for table `cbse_exam_timetable_assessment_types`
--

CREATE TABLE `cbse_exam_timetable_assessment_types` (
  `id` int(11) NOT NULL,
  `cbse_exam_timetable_id` int(11) DEFAULT NULL,
  `cbse_exam_assessment_type_id` int(11) DEFAULT NULL,
  `created_at` timestamp NOT NULL DEFAULT current_timestamp() ON UPDATE current_timestamp()
) ENGINE=InnoDB DEFAULT CHARSET=utf8 COLLATE=utf8_general_ci;

--
-- Dumping data for table `cbse_exam_timetable_assessment_types`
--

INSERT INTO `cbse_exam_timetable_assessment_types` (`id`, `cbse_exam_timetable_id`, `cbse_exam_assessment_type_id`, `created_at`) VALUES
(1, 1, 1, '2025-04-02 13:34:49'),
(2, 2, 1, '2025-04-02 13:39:01'),
(3, 3, 1, '2025-04-02 13:39:01'),
(4, 4, 1, '2025-04-04 11:56:59'),
(7, 5, 1, '2025-04-04 11:56:59'),
(10, 6, 1, '2025-04-04 11:56:59'),
(19, 7, 4, '2025-04-09 02:18:27'),
(20, 8, 4, '2025-04-09 02:18:27'),
(21, 9, 4, '2025-04-09 02:18:27'),
(22, 10, 4, '2025-04-09 02:18:27'),
(23, 11, 4, '2025-04-09 02:18:27'),
(24, 12, 4, '2025-04-09 02:18:27');

-- --------------------------------------------------------

--
-- Table structure for table `cbse_marksheet_type`
--

CREATE TABLE `cbse_marksheet_type` (
  `id` int(11) NOT NULL,
  `name` varchar(255) NOT NULL,
  `short_code` varchar(255) NOT NULL
) ENGINE=InnoDB DEFAULT CHARSET=utf8 COLLATE=utf8_general_ci;

--
-- Dumping data for table `cbse_marksheet_type`
--

INSERT INTO `cbse_marksheet_type` (`id`, `name`, `short_code`) VALUES
(1, 'All Terms', 'all_term'),
(2, 'Term Wise', 'term_wise'),
(3, 'Single Exam Without Term', 'exam_wise'),
(4, 'Multiple Exams Without Term', 'without_term');

-- --------------------------------------------------------

--
-- Table structure for table `cbse_observation_class_section`
--

CREATE TABLE `cbse_observation_class_section` (
  `id` int(11) NOT NULL,
  `cbse_observation_parameter_id` int(11) NOT NULL,
  `class_section_id` int(11) NOT NULL,
  `created_at` timestamp NOT NULL DEFAULT current_timestamp() ON UPDATE current_timestamp()
) ENGINE=InnoDB DEFAULT CHARSET=utf8 COLLATE=utf8_general_ci;

-- --------------------------------------------------------

--
-- Table structure for table `cbse_observation_parameters`
--

CREATE TABLE `cbse_observation_parameters` (
  `id` int(11) NOT NULL,
  `name` varchar(255) NOT NULL,
  `description` mediumtext NOT NULL,
  `created_at` timestamp NOT NULL DEFAULT current_timestamp() ON UPDATE current_timestamp()
) ENGINE=InnoDB DEFAULT CHARSET=utf8 COLLATE=utf8_general_ci;

--
-- Dumping data for table `cbse_observation_parameters`
--

INSERT INTO `cbse_observation_parameters` (`id`, `name`, `description`, `created_at`) VALUES
(1, 'Discipline', '', '2025-04-02 13:32:25'),
(2, 'Uniform', '', '2025-04-04 11:49:23'),
(3, 'Confidence', '', '2025-04-04 11:49:31');

-- --------------------------------------------------------

--
-- Table structure for table `cbse_observation_subparameter`
--

CREATE TABLE `cbse_observation_subparameter` (
  `id` int(11) NOT NULL,
  `cbse_exam_observation_id` int(11) NOT NULL,
  `cbse_observation_parameter_id` int(11) NOT NULL,
  `maximum_marks` float NOT NULL,
  `description` mediumtext DEFAULT NULL,
  `created_by` int(11) DEFAULT NULL,
  `created_at` timestamp NOT NULL DEFAULT current_timestamp() ON UPDATE current_timestamp()
) ENGINE=InnoDB DEFAULT CHARSET=utf8 COLLATE=utf8_general_ci;

--
-- Dumping data for table `cbse_observation_subparameter`
--

INSERT INTO `cbse_observation_subparameter` (`id`, `cbse_exam_observation_id`, `cbse_observation_parameter_id`, `maximum_marks`, `description`, `created_by`, `created_at`) VALUES
(1, 1, 1, 10, NULL, NULL, '2025-04-02 13:33:21'),
(2, 1, 2, 10, NULL, NULL, '2025-04-04 11:50:06'),
(3, 1, 3, 10, NULL, NULL, '2025-04-04 11:50:06');

-- --------------------------------------------------------

--
-- Table structure for table `cbse_observation_terms`
--

CREATE TABLE `cbse_observation_terms` (
  `id` int(11) NOT NULL,
  `cbse_exam_observation_id` int(11) NOT NULL,
  `cbse_term_id` int(11) NOT NULL,
  `session_id` int(11) NOT NULL,
  `description` text DEFAULT NULL
) ENGINE=InnoDB DEFAULT CHARSET=utf8 COLLATE=utf8_general_ci;

--
-- Dumping data for table `cbse_observation_terms`
--

INSERT INTO `cbse_observation_terms` (`id`, `cbse_exam_observation_id`, `cbse_term_id`, `session_id`, `description`) VALUES
(1, 1, 1, 20, 'Personality Descirption');

-- --------------------------------------------------------

--
-- Table structure for table `cbse_observation_term_student_subparameter`
--

CREATE TABLE `cbse_observation_term_student_subparameter` (
  `id` int(11) NOT NULL,
  `cbse_ovservation_term_id` int(11) DEFAULT NULL,
  `cbse_observation_subparameter_id` int(11) DEFAULT NULL,
  `student_session_id` int(11) DEFAULT NULL,
  `obtain_marks` float(10,2) NOT NULL,
  `created_at` timestamp NOT NULL DEFAULT current_timestamp()
) ENGINE=InnoDB DEFAULT CHARSET=utf8 COLLATE=utf8_general_ci;

-- --------------------------------------------------------

--
-- Table structure for table `cbse_student_exam_ranks`
--

CREATE TABLE `cbse_student_exam_ranks` (
  `id` int(11) NOT NULL,
  `cbse_exam_id` int(11) NOT NULL,
  `student_session_id` int(11) DEFAULT NULL,
  `rank` int(11) DEFAULT NULL,
  `rank_percentage` int(11) DEFAULT NULL,
  `created_at` timestamp NOT NULL DEFAULT current_timestamp() ON UPDATE current_timestamp()
) ENGINE=InnoDB DEFAULT CHARSET=utf8 COLLATE=utf8_general_ci;

--
-- Dumping data for table `cbse_student_exam_ranks`
--

INSERT INTO `cbse_student_exam_ranks` (`id`, `cbse_exam_id`, `student_session_id`, `rank`, `rank_percentage`, `created_at`) VALUES
(1, 1, 48, 1, 77, '2025-04-02 13:47:01'),
(2, 1, 46, 2, 73, '2025-04-02 13:47:01'),
(3, 1, 74, 3, 65, '2025-04-02 13:47:01'),
(4, 1, 50, 4, 63, '2025-04-02 13:47:01'),
(5, 1, 57, 5, 60, '2025-04-02 13:47:01'),
(6, 2, 46, 1, 66, '2025-04-09 02:22:45');

-- --------------------------------------------------------

--
-- Table structure for table `cbse_student_subject_marks`
--

CREATE TABLE `cbse_student_subject_marks` (
  `id` int(11) NOT NULL,
  `cbse_exam_timetable_assessment_type_id` int(11) NOT NULL,
  `cbse_exam_timetable_id` int(11) DEFAULT NULL,
  `cbse_exam_student_id` int(11) DEFAULT NULL,
  `cbse_exam_assessment_type_id` int(11) DEFAULT NULL,
  `is_absent` int(11) NOT NULL DEFAULT 0,
  `marks` float(10,2) DEFAULT 0.00,
  `note` text DEFAULT NULL,
  `created_at` timestamp NOT NULL DEFAULT current_timestamp() ON UPDATE current_timestamp()
) ENGINE=InnoDB DEFAULT CHARSET=utf8 COLLATE=utf8_general_ci;

--
-- Dumping data for table `cbse_student_subject_marks`
--

INSERT INTO `cbse_student_subject_marks` (`id`, `cbse_exam_timetable_assessment_type_id`, `cbse_exam_timetable_id`, `cbse_exam_student_id`, `cbse_exam_assessment_type_id`, `is_absent`, `marks`, `note`, `created_at`) VALUES
(160, 3, 3, 3, 1, 0, 90.00, '', '2025-04-04 11:58:14'),
(163, 3, 3, 2, 1, 0, 90.00, '', '2025-04-04 11:58:14'),
(166, 3, 3, 1, 1, 0, 90.00, '', '2025-04-04 11:58:14'),
(169, 1, 1, 3, 1, 0, 50.00, '', '2025-04-04 11:58:34'),
(172, 1, 1, 2, 1, 0, 50.00, '', '2025-04-04 11:58:34'),
(175, 1, 1, 1, 1, 0, 40.00, '', '2025-04-04 11:58:34'),
(178, 2, 2, 3, 1, 0, 50.00, '', '2025-04-04 11:58:55'),
(181, 2, 2, 2, 1, 0, 90.00, '', '2025-04-04 11:58:55'),
(184, 2, 2, 1, 1, 0, 90.00, '', '2025-04-04 11:58:55'),
(196, 4, 4, 3, 1, 0, 78.00, '', '2025-04-04 11:59:56'),
(199, 4, 4, 2, 1, 0, 78.00, '', '2025-04-04 11:59:56'),
(202, 4, 4, 1, 1, 0, 78.00, '', '2025-04-04 11:59:56'),
(205, 7, 5, 3, 1, 0, 75.00, '', '2025-04-04 12:00:29'),
(208, 7, 5, 2, 1, 0, 78.00, '', '2025-04-04 12:00:29'),
(211, 7, 5, 1, 1, 0, 68.00, '', '2025-04-04 12:00:29'),
(223, 10, 6, 3, 1, 0, 89.00, '', '2025-04-04 12:01:13'),
(226, 10, 6, 2, 1, 0, 87.00, '', '2025-04-04 12:01:13'),
(229, 10, 6, 1, 1, 0, 67.00, '', '2025-04-04 12:01:13'),
(239, 19, 7, 49, 4, 0, 90.00, '', '2025-04-09 02:32:41'),
(240, 20, 8, 49, 4, 0, 90.00, '', '2025-04-09 02:33:01'),
(246, 21, 9, 49, 4, 0, 92.00, '', '2025-04-09 02:34:22'),
(248, 24, 12, 49, 4, 0, 90.00, '', '2025-04-09 02:34:39'),
(249, 23, 11, 49, 4, 0, 90.00, '', '2025-04-09 02:34:46'),
(250, 22, 10, 49, 4, 0, 93.00, '', '2025-04-09 02:34:57');

-- --------------------------------------------------------

--
-- Table structure for table `cbse_student_subject_result`
--

CREATE TABLE `cbse_student_subject_result` (
  `id` int(11) NOT NULL,
  `cbse_exam_timetable_id` int(11) DEFAULT NULL,
  `cbse_exam_student_id` int(11) DEFAULT NULL,
  `note` text NOT NULL
) ENGINE=InnoDB DEFAULT CHARSET=utf8 COLLATE=utf8_general_ci;

-- --------------------------------------------------------

--
-- Table structure for table `cbse_student_template_rank`
--

CREATE TABLE `cbse_student_template_rank` (
  `id` int(11) NOT NULL,
  `cbse_template_id` int(11) DEFAULT NULL,
  `student_session_id` int(11) DEFAULT NULL,
  `rank` int(11) DEFAULT NULL,
  `rank_percentage` float(10,2) DEFAULT NULL,
  `created_at` timestamp NOT NULL DEFAULT current_timestamp() ON UPDATE current_timestamp()
) ENGINE=InnoDB DEFAULT CHARSET=utf8 COLLATE=utf8_general_ci;

-- --------------------------------------------------------

--
-- Table structure for table `cbse_template`
--

CREATE TABLE `cbse_template` (
  `id` int(11) NOT NULL,
  `name` varchar(200) DEFAULT NULL,
  `orientation` varchar(1) NOT NULL DEFAULT 'P',
  `description` varchar(255) NOT NULL,
  `gradeexam_id` int(11) DEFAULT NULL,
  `remarkexam_id` int(11) DEFAULT NULL,
  `is_weightage` varchar(10) NOT NULL,
  `marksheet_type` varchar(50) NOT NULL,
  `created_by` int(11) NOT NULL,
  `header_image` varbinary(500) DEFAULT NULL,
  `title` text DEFAULT NULL,
  `left_logo` varchar(200) DEFAULT NULL,
  `right_logo` varchar(200) DEFAULT NULL,
  `exam_name` varchar(200) DEFAULT NULL,
  `school_name` varchar(200) DEFAULT NULL,
  `exam_center` varchar(200) DEFAULT NULL,
  `session_id` int(11) NOT NULL,
  `left_sign` varchar(200) DEFAULT NULL,
  `middle_sign` varchar(200) DEFAULT NULL,
  `right_sign` varchar(200) DEFAULT NULL,
  `background_img` varchar(200) DEFAULT NULL,
  `content` text DEFAULT NULL,
  `content_footer` text DEFAULT NULL,
  `date` date DEFAULT NULL,
  `is_name` int(11) DEFAULT 1,
  `is_father_name` int(11) DEFAULT 1,
  `is_mother_name` int(11) DEFAULT 1,
  `exam_session` int(11) DEFAULT 1,
  `is_admission_no` int(11) DEFAULT 1,
  `is_division` int(11) NOT NULL DEFAULT 1,
  `is_roll_no` int(11) DEFAULT 1,
  `is_photo` int(11) DEFAULT 1,
  `is_class` int(11) NOT NULL DEFAULT 0,
  `is_section` int(11) NOT NULL DEFAULT 0,
  `is_dob` int(11) DEFAULT 1,
  `is_remark` int(11) NOT NULL DEFAULT 1
) ENGINE=InnoDB DEFAULT CHARSET=utf8 COLLATE=utf8_general_ci;

-- --------------------------------------------------------

--
-- Table structure for table `cbse_template_class_sections`
--

CREATE TABLE `cbse_template_class_sections` (
  `id` int(11) NOT NULL,
  `cbse_template_id` int(11) NOT NULL,
  `class_section_id` int(11) NOT NULL,
  `created_at` timestamp NOT NULL DEFAULT current_timestamp()
) ENGINE=InnoDB DEFAULT CHARSET=utf8 COLLATE=utf8_general_ci;

-- --------------------------------------------------------

--
-- Table structure for table `cbse_template_terms`
--

CREATE TABLE `cbse_template_terms` (
  `id` int(11) NOT NULL,
  `cbse_template_id` int(11) NOT NULL,
  `cbse_term_id` int(11) NOT NULL,
  `weightage` float NOT NULL,
  `created_at` timestamp NOT NULL DEFAULT current_timestamp()
) ENGINE=InnoDB DEFAULT CHARSET=utf8 COLLATE=utf8_general_ci;

-- --------------------------------------------------------

--
-- Table structure for table `cbse_template_term_exams`
--

CREATE TABLE `cbse_template_term_exams` (
  `id` int(11) NOT NULL,
  `cbse_template_term_id` int(11) DEFAULT NULL,
  `cbse_exam_id` int(11) NOT NULL,
  `cbse_template_id` int(11) NOT NULL,
  `weightage` float NOT NULL DEFAULT 100,
  `created_at` timestamp NOT NULL DEFAULT current_timestamp()
) ENGINE=InnoDB DEFAULT CHARSET=utf8 COLLATE=utf8_general_ci;

-- --------------------------------------------------------

--
-- Table structure for table `cbse_terms`
--

CREATE TABLE `cbse_terms` (
  `id` int(11) NOT NULL,
  `name` varchar(255) NOT NULL,
  `term_code` varchar(100) NOT NULL,
  `description` mediumtext NOT NULL,
  `created_by` int(11) DEFAULT NULL,
  `created_at` timestamp NOT NULL DEFAULT current_timestamp() ON UPDATE current_timestamp()
) ENGINE=InnoDB DEFAULT CHARSET=utf8 COLLATE=utf8_general_ci;

--
-- Dumping data for table `cbse_terms`
--

INSERT INTO `cbse_terms` (`id`, `name`, `term_code`, `description`, `created_by`, `created_at`) VALUES
(1, 'Term 1', '101', '', 1, '2025-04-02 13:26:14'),
(2, 'Term 2', '102', '', 1, '2025-04-09 02:12:26');

-- --------------------------------------------------------

--
-- Table structure for table `certificates`
--

CREATE TABLE `certificates` (
  `id` int(11) NOT NULL,
  `certificate_name` varchar(100) NOT NULL,
  `certificate_text` text NOT NULL,
  `left_header` varchar(100) NOT NULL,
  `center_header` varchar(100) NOT NULL,
  `right_header` varchar(100) NOT NULL,
  `left_footer` varchar(100) NOT NULL,
  `right_footer` varchar(100) NOT NULL,
  `center_footer` varchar(100) NOT NULL,
  `background_image` varchar(100) DEFAULT NULL,
  `created_for` tinyint(1) NOT NULL COMMENT '1 = staff, 2 = students',
  `status` tinyint(1) NOT NULL,
  `header_height` int(11) NOT NULL,
  `content_height` int(11) NOT NULL,
  `footer_height` int(11) NOT NULL,
  `content_width` int(11) NOT NULL,
  `enable_student_image` tinyint(1) NOT NULL COMMENT '0=no,1=yes',
  `enable_image_height` int(11) NOT NULL,
  `created_at` timestamp NULL DEFAULT current_timestamp() ON UPDATE current_timestamp(),
  `updated_at` date DEFAULT NULL
) ENGINE=InnoDB DEFAULT CHARSET=utf8 COLLATE=utf8_general_ci;

--
-- Dumping data for table `certificates`
--

INSERT INTO `certificates` (`id`, `certificate_name`, `certificate_text`, `left_header`, `center_header`, `right_header`, `left_footer`, `right_footer`, `center_footer`, `background_image`, `created_for`, `status`, `header_height`, `content_height`, `footer_height`, `content_width`, `enable_student_image`, `enable_image_height`, `created_at`, `updated_at`) VALUES
(1, 'Sample Transfer Certificate', 'This is certify that <b>[name]</b> has born on [dob]  <br> and have following details [present_address] [guardian] [created_at] [admission_no] [roll_no] [class] [section] [gender] [admission_date] [category] [cast] [father_name] [mother_name] [religion] [email] [phone] .<br>We wish best of luck for future endeavors.', 'Reff. No.....1111111.........', 'To Whomever It May Concern', 'Date: _10__/_10__/__2019__', '.................................<br>admin', '.................................<br>principal', '.................................<br>admin', 'sampletc121.png', 2, 1, 360, 400, 480, 810, 1, 230, '2019-12-21 15:14:34', '0000-00-00');

-- --------------------------------------------------------

--
-- Table structure for table `chat_connections`
--

CREATE TABLE `chat_connections` (
  `id` int(11) NOT NULL,
  `chat_user_one` int(11) NOT NULL,
  `chat_user_two` int(11) NOT NULL,
  `ip` varchar(30) DEFAULT NULL,
  `time` int(11) DEFAULT NULL,
  `created_at` timestamp NOT NULL DEFAULT current_timestamp() ON UPDATE current_timestamp(),
  `updated_at` date DEFAULT NULL
) ENGINE=InnoDB DEFAULT CHARSET=utf8 COLLATE=utf8_general_ci;

-- --------------------------------------------------------

--
-- Table structure for table `chat_messages`
--

CREATE TABLE `chat_messages` (
  `id` int(11) NOT NULL,
  `message` text DEFAULT NULL,
  `chat_user_id` int(11) NOT NULL,
  `ip` varchar(30) NOT NULL,
  `time` int(11) NOT NULL,
  `is_first` int(11) DEFAULT 0,
  `is_read` int(11) NOT NULL DEFAULT 0,
  `chat_connection_id` int(11) NOT NULL,
  `created_at` datetime DEFAULT NULL
) ENGINE=InnoDB DEFAULT CHARSET=utf8 COLLATE=utf8_general_ci;

-- --------------------------------------------------------

--
-- Table structure for table `chat_users`
--

CREATE TABLE `chat_users` (
  `id` int(11) NOT NULL,
  `user_type` varchar(20) DEFAULT NULL,
  `staff_id` int(11) DEFAULT NULL,
  `student_id` int(11) DEFAULT NULL,
  `create_staff_id` int(11) DEFAULT NULL,
  `create_student_id` int(11) DEFAULT NULL,
  `is_active` int(11) DEFAULT 0,
  `created_at` timestamp NOT NULL DEFAULT current_timestamp() ON UPDATE current_timestamp(),
  `updated_at` date DEFAULT NULL
) ENGINE=InnoDB DEFAULT CHARSET=utf8 COLLATE=utf8_general_ci;

-- --------------------------------------------------------

--
-- Table structure for table `classes`
--

CREATE TABLE `classes` (
  `id` int(11) NOT NULL,
  `class` varchar(60) DEFAULT NULL,
  `is_active` varchar(255) DEFAULT 'no',
  `created_at` timestamp NOT NULL DEFAULT current_timestamp() ON UPDATE current_timestamp(),
  `updated_at` date DEFAULT NULL
) ENGINE=InnoDB DEFAULT CHARSET=utf8 COLLATE=utf8_general_ci;

--
-- Dumping data for table `classes`
--

INSERT INTO `classes` (`id`, `class`, `is_active`, `created_at`, `updated_at`) VALUES
(1, 'Class 6', 'no', '2025-03-24 07:45:38', NULL);

-- --------------------------------------------------------

--
-- Table structure for table `class_sections`
--

CREATE TABLE `class_sections` (
  `id` int(11) NOT NULL,
  `class_id` int(11) DEFAULT NULL,
  `section_id` int(11) DEFAULT NULL,
  `is_active` varchar(255) DEFAULT 'no',
  `created_at` timestamp NOT NULL DEFAULT current_timestamp() ON UPDATE current_timestamp(),
  `updated_at` date DEFAULT NULL
) ENGINE=InnoDB DEFAULT CHARSET=utf8 COLLATE=utf8_general_ci;

--
-- Dumping data for table `class_sections`
--

INSERT INTO `class_sections` (`id`, `class_id`, `section_id`, `is_active`, `created_at`, `updated_at`) VALUES
(1, 1, 1, 'no', '2025-03-24 07:45:38', NULL),
(2, 1, 2, 'no', '2025-03-24 07:45:38', NULL),
(3, 1, 3, 'no', '2025-03-24 07:45:38', NULL);

-- --------------------------------------------------------

--
-- Table structure for table `class_section_times`
--

CREATE TABLE `class_section_times` (
  `id` int(11) NOT NULL,
  `class_section_id` int(11) DEFAULT NULL,
  `time` time DEFAULT NULL,
  `created_at` timestamp NOT NULL DEFAULT current_timestamp() ON UPDATE current_timestamp()
) ENGINE=InnoDB DEFAULT CHARSET=utf8 COLLATE=utf8_general_ci;

-- --------------------------------------------------------

--
-- Table structure for table `class_teacher`
--

CREATE TABLE `class_teacher` (
  `id` int(11) NOT NULL,
  `session_id` int(11) NOT NULL,
  `class_id` int(11) NOT NULL,
  `section_id` int(11) NOT NULL,
  `staff_id` int(11) NOT NULL
) ENGINE=InnoDB DEFAULT CHARSET=utf8 COLLATE=utf8_general_ci;

--
-- Dumping data for table `class_teacher`
--

INSERT INTO `class_teacher` (`id`, `session_id`, `class_id`, `section_id`, `staff_id`) VALUES
(1, 20, 1, 1, 2);

-- --------------------------------------------------------

--
-- Table structure for table `complaint`
--

CREATE TABLE `complaint` (
  `id` int(11) NOT NULL,
  `complaint_type` varchar(255) NOT NULL,
  `source` varchar(255) NOT NULL,
  `name` varchar(100) NOT NULL,
  `contact` varchar(15) NOT NULL,
  `email` varchar(200) NOT NULL,
  `date` date NOT NULL,
  `description` text NOT NULL,
  `progress` int(11) DEFAULT NULL,
  `action_taken` varchar(200) NOT NULL,
  `assigned` varchar(50) NOT NULL,
  `note` text NOT NULL,
  `image` varchar(100) DEFAULT NULL
) ENGINE=InnoDB DEFAULT CHARSET=utf8 COLLATE=utf8_general_ci;

--
-- Dumping data for table `complaint`
--

INSERT INTO `complaint` (`id`, `complaint_type`, `source`, `name`, `contact`, `email`, `date`, `description`, `progress`, `action_taken`, `assigned`, `note`, `image`) VALUES
(1, 'Bus Related', 'Website', 'Preeti Kumar Yadav', '8434398743', '', '2025-04-01', 'Bus Related Descritption', NULL, 'meeting with buds dreover', 'yogesh', '', NULL),
(2, 'Teacher Realted', 'Website', 'Jai Sharma', '74985498', '', '2025-04-01', 'Teacher Related Complaint', NULL, '', '', '', NULL),
(3, 'Bus Related Complaind', 'Newspaper', 'Sanjeev Sir', '8386329834', '', '2025-04-01', 'Most of the windows of the bus not work properly', NULL, '', '', '', NULL),
(4, 'Bus Related', 'Parent', 'Ritesh Singh', '934984236', '', '2025-04-01', 'Bus arrives late every day', NULL, 'Driver was warned.', 'Bus Driver', '', NULL),
(5, 'Teacher Realted', 'Parent', 'Teacher uses harsh language.', '929874398', '', '2025-04-04', '', NULL, ' Meeting scheduled with teacher.', 'Principle', '', NULL),
(6, 'Fees Related', 'Parent', 'Lokesh Yadav', '93484379243', '', '2025-04-04', '', NULL, 'Fine reversed.', 'Account Departmetn', '', NULL),
(7, 'Hostel Related', 'Parent', 'Urav', '943984309', '', '2025-04-02', 'Water not available in bathrooms.', NULL, 'Plumbing fixed.', 'Warden', '', NULL),
(8, 'Teacher Realted', 'Parent', 'Ritesh', '9348643943', '', '2025-04-04', ' Unfair grading in assignments.', NULL, 'Rechecked grades.', 'Acdemic Corrdinator', '', NULL),
(9, 'Bus Related', 'Parent', 'Yash Kumar', '9348743784', '', '2025-04-04', ' Bus driver over-speeding.', NULL, ' Driver warned, GPS installed.', 'Transport Manager', '', NULL),
(10, 'Fees Related', 'Parent', 'Yamraj', '94387427634', '', '2025-04-01', 'Scholarship not applied.', NULL, 'Scholarship applied manually.', 'Finance Officer', '', NULL),
(11, 'Hostel Related', 'Parent', 'Ritesh', '', '', '2025-04-01', 'Food quality is poor.', NULL, 'New menu introduced.', 'Mess Supervisor', '', NULL),
(12, 'Bus Related', 'Parent', 'Yamraj', '89347843732', '', '2025-04-04', 'Child not dropped at correct stop.', NULL, 'Route adjusted.', 'Bus Supervisor', '', NULL),
(13, 'Bus Related', 'Parent', 'Parent', '98989787876', '', '2025-04-18', '', NULL, 'Resolved', '', '', NULL),
(14, 'Books Related', 'Parent', 'Rahul', '', '', '2025-04-18', '', NULL, '', '', '', NULL);

-- --------------------------------------------------------

--
-- Table structure for table `complaint_type`
--

CREATE TABLE `complaint_type` (
  `id` int(11) NOT NULL,
  `complaint_type` varchar(100) NOT NULL,
  `description` text NOT NULL,
  `created_at` timestamp NOT NULL DEFAULT current_timestamp() ON UPDATE current_timestamp()
) ENGINE=InnoDB DEFAULT CHARSET=utf8 COLLATE=utf8_general_ci;

--
-- Dumping data for table `complaint_type`
--

INSERT INTO `complaint_type` (`id`, `complaint_type`, `description`, `created_at`) VALUES
(1, 'Bus Related', '', '2025-04-04 08:10:00'),
(2, 'Teacher Realted', '', '2025-04-04 08:10:10'),
(3, 'Fees Related', '', '2025-04-03 11:18:31'),
(5, 'Hostel Related', '', '2025-04-03 11:19:51'),
(6, 'Books Related', '', '2025-04-18 08:50:39');

-- --------------------------------------------------------

--
-- Table structure for table `contents`
--

CREATE TABLE `contents` (
  `id` int(11) NOT NULL,
  `title` varchar(100) DEFAULT NULL,
  `type` varchar(50) DEFAULT NULL,
  `is_public` varchar(10) DEFAULT 'No',
  `class_id` int(11) DEFAULT NULL,
  `cls_sec_id` int(11) DEFAULT NULL,
  `file` varchar(250) DEFAULT NULL,
  `date` date NOT NULL,
  `note` text DEFAULT NULL,
  `is_active` varchar(255) DEFAULT 'no',
  `created_by` int(11) NOT NULL,
  `created_at` timestamp NOT NULL DEFAULT current_timestamp() ON UPDATE current_timestamp(),
  `updated_at` date DEFAULT NULL
) ENGINE=InnoDB DEFAULT CHARSET=utf8 COLLATE=utf8_general_ci;

-- --------------------------------------------------------

--
-- Table structure for table `content_for`
--

CREATE TABLE `content_for` (
  `id` int(11) NOT NULL,
  `role` varchar(50) DEFAULT NULL,
  `content_id` int(11) DEFAULT NULL,
  `user_id` int(11) DEFAULT NULL,
  `created_at` timestamp NOT NULL DEFAULT current_timestamp() ON UPDATE current_timestamp()
) ENGINE=InnoDB DEFAULT CHARSET=utf8 COLLATE=utf8_general_ci;

-- --------------------------------------------------------

--
-- Table structure for table `content_types`
--

CREATE TABLE `content_types` (
  `id` int(11) NOT NULL,
  `name` varchar(200) DEFAULT NULL,
  `description` text DEFAULT NULL,
  `is_active` int(11) DEFAULT 1,
  `created_at` timestamp NOT NULL DEFAULT current_timestamp() ON UPDATE current_timestamp()
) ENGINE=InnoDB DEFAULT CHARSET=utf8 COLLATE=utf8_general_ci;

--
-- Dumping data for table `content_types`
--

INSERT INTO `content_types` (`id`, `name`, `description`, `is_active`, `created_at`) VALUES
(1, 'Video Tutorials Class 6th', 'Class 6th animated videos', 1, '2025-04-08 10:25:43');

-- --------------------------------------------------------

--
-- Table structure for table `currencies`
--

CREATE TABLE `currencies` (
  `id` int(11) NOT NULL,
  `name` varchar(100) DEFAULT NULL,
  `short_name` varchar(100) DEFAULT NULL,
  `symbol` varchar(10) DEFAULT NULL,
  `base_price` varchar(10) NOT NULL DEFAULT '1',
  `is_active` int(11) DEFAULT 0,
  `created_at` timestamp NOT NULL DEFAULT current_timestamp() ON UPDATE current_timestamp()
) ENGINE=InnoDB DEFAULT CHARSET=utf8 COLLATE=utf8_general_ci;

--
-- Dumping data for table `currencies`
--

INSERT INTO `currencies` (`id`, `name`, `short_name`, `symbol`, `base_price`, `is_active`, `created_at`) VALUES
(1, 'AED', 'AED', 'AEDf', '1', 0, '2022-12-30 06:19:15'),
(2, 'AFN', 'AFN', '؋', '1', 0, '2022-12-30 06:19:19'),
(3, 'ALL', 'ALL', 'ALL', '1', 0, '2022-12-30 06:19:22'),
(4, 'AMD', 'AMD', 'AMD', '1', 0, '2022-07-22 10:55:15'),
(5, 'ANG', 'ANG', 'ANG', '1', 0, '2022-07-22 10:55:15'),
(6, 'AOA', 'AOA', 'AOA', '1', 0, '2022-07-22 10:55:15'),
(7, 'ARS', 'ARS', 'ARS', '1', 0, '2022-07-22 10:55:15'),
(8, 'AUD', 'AUD', 'AUD', '1', 0, '2022-07-22 10:55:15'),
(9, 'AWG', 'AWG', 'AWG', '1', 0, '2022-07-22 10:55:15'),
(10, 'AZN', 'AZN', 'AZN', '1', 0, '2022-07-22 10:55:15'),
(11, 'BAM', 'BAM', 'BAM', '1', 0, '2022-07-22 10:55:15'),
(12, 'BAM', 'BAM', 'BAM', '1', 0, '2022-07-22 10:55:15'),
(13, 'BDT', 'BDT', 'BDT', '1', 0, '2022-07-22 10:55:15'),
(14, 'BGN', 'BGN', 'BGN', '1', 0, '2022-07-22 10:55:15'),
(15, 'BHD', 'BHD', 'BHD', '1', 0, '2022-07-22 10:55:15'),
(16, 'BIF', 'BIF', 'BIF', '1', 0, '2022-07-22 10:55:15'),
(17, 'BMD', 'BMD', 'BMD', '1', 0, '2022-07-22 10:55:15'),
(18, 'BND', 'BND', 'BND', '1', 0, '2022-07-22 10:55:15'),
(19, 'BOB', 'BOB', 'BOB', '1', 0, '2022-12-30 06:19:29'),
(20, 'BOV', 'BOV', 'BOV', '1', 0, '2022-12-30 06:19:38'),
(21, 'BRL', 'BRL', 'BRL', '1', 0, '2022-07-22 10:55:15'),
(22, 'BSD', 'BSD', 'BSD', '1', 0, '2022-12-30 06:19:40'),
(23, 'BTN', 'BTN', 'BTN', '1', 0, '2022-12-30 06:19:42'),
(24, 'BWP', 'BWP', 'BWP', '1', 0, '2022-07-22 10:55:15'),
(25, 'BYN', 'BYN', 'BYN', '1', 0, '2022-07-22 10:55:15'),
(26, 'BYR', 'BYR', 'BYR', '1', 0, '2022-07-22 10:55:15'),
(27, 'BZD', 'BZD', 'BZD', '1', 0, '2022-07-22 10:55:15'),
(28, 'CAD', 'CAD', 'CAD', '1', 0, '2022-07-22 10:55:15'),
(29, 'CDF', 'CDF', 'CDF', '1', 0, '2022-07-22 10:55:15'),
(30, 'CHE', 'CHE', 'CHE', '1', 0, '2022-07-22 10:55:15'),
(31, 'CHF', 'CHF', 'CHF', '1', 0, '2022-07-22 10:55:15'),
(32, 'CHW', 'CHW', 'CHW', '1', 0, '2022-07-22 10:55:15'),
(33, 'CLF', 'CLF', 'CLF', '1', 0, '2022-07-22 10:55:15'),
(34, 'CLP', 'CLP', 'CLP', '1', 0, '2022-07-22 10:55:15'),
(35, 'CNY', 'CNY', 'CNY', '1', 0, '2022-07-22 10:55:15'),
(36, 'COP', 'COP', 'COP', '1', 0, '2022-07-22 10:55:15'),
(37, 'COU', 'COU', 'COU', '1', 0, '2022-07-22 10:55:15'),
(38, 'CRC', 'CRC', 'CRC', '1', 0, '2022-07-22 10:55:15'),
(39, 'CUC', 'CUC', 'CUC', '1', 0, '2022-07-22 10:55:15'),
(40, 'CUP', 'CUP', 'CUP', '1', 0, '2022-07-22 10:55:15'),
(41, 'CVE', 'CVE', 'CVE', '1', 0, '2022-07-22 10:55:15'),
(42, 'CZK', 'CZK', 'CZK', '1', 0, '2022-07-22 10:55:15'),
(43, 'DJF', 'DJF', 'DJF', '1', 0, '2022-07-22 10:55:15'),
(44, 'DKK', 'DKK', 'DKK', '1', 0, '2022-07-22 10:55:15'),
(45, 'DOP', 'DOP', 'DOP', '1', 0, '2022-07-22 10:55:15'),
(46, 'DZD', 'DZD', 'DZD', '1', 0, '2022-07-22 10:55:15'),
(47, 'EGP', 'EGP', 'EGP', '1', 0, '2022-07-22 10:55:15'),
(48, 'ERN', 'ERN', 'ERN', '1', 0, '2022-07-22 10:55:15'),
(49, 'ETB', 'ETB', 'ETB', '1', 0, '2022-07-22 10:55:15'),
(50, 'EUR', 'EUR', '€', '1', 0, '2022-12-30 06:20:25'),
(51, 'FJD', 'FJD', 'FJD', '1', 0, '2022-07-22 10:55:15'),
(52, 'FKP', 'FKP', 'FKP', '1', 0, '2022-07-22 10:55:15'),
(53, 'GBP', 'GBP', '£', '1', 0, '2022-12-30 06:20:29'),
(54, 'GEL', 'GEL', 'GEL', '1', 0, '2022-07-22 10:55:15'),
(55, 'GHS', 'GHS', 'GHS', '1', 0, '2022-07-22 10:55:15'),
(56, 'GIP', 'GIP', 'GIP', '1', 0, '2022-07-22 10:55:15'),
(57, 'GMD', 'GMD', 'GMD', '1', 0, '2022-07-22 10:55:15'),
(58, 'GNF', 'GNF', 'GNF', '1', 0, '2022-07-22 10:55:15'),
(59, 'GTQ', 'GTQ', 'GTQ', '1', 0, '2022-07-22 10:55:15'),
(60, 'GYD', 'GYD', 'GYD', '1', 0, '2022-07-22 10:55:15'),
(61, 'HKD', 'HKD', 'HKD', '1', 0, '2022-07-22 10:55:15'),
(62, 'HNL', 'HNL', 'HNL', '1', 0, '2022-07-22 10:55:15'),
(63, 'HRK', 'HRK', 'HRK', '1', 0, '2022-07-22 10:55:15'),
(64, 'HTG', 'HTG', 'HTG', '1', 0, '2022-07-22 10:55:15'),
(65, 'HUF', 'HUF', 'HUF', '1', 0, '2022-07-22 10:55:15'),
(66, 'IDR', 'IDR', 'IDR', '1', 0, '2022-12-30 06:20:34'),
(67, 'ILS', 'ILS', 'ILS', '1', 0, '2022-07-22 10:55:15'),
(68, 'INR', 'INR', '₹', '1', 1, '2024-08-29 15:48:49'),
(69, 'IQD', 'IQD', 'IQD', '1', 0, '2022-07-22 10:55:15'),
(70, 'IRR', 'IRR', 'IRR', '1', 0, '2022-07-22 10:55:15'),
(71, 'ISK', 'ISK', 'ISK', '1', 0, '2022-07-22 10:55:15'),
(72, 'JMD', 'JMD', 'JMD', '1', 0, '2022-07-22 10:55:15'),
(73, 'JOD', 'JOD', 'JOD', '1', 0, '2022-07-22 10:55:15'),
(74, 'JPY', 'JPY', 'JPY', '1', 0, '2022-12-30 06:19:56'),
(75, 'KES', 'KES', 'KES', '1', 0, '2022-07-22 10:55:15'),
(76, 'KGS', 'KGS', 'KGS', '1', 0, '2022-07-22 10:55:15'),
(77, 'KHR', 'KHR', 'KHR', '1', 0, '2022-07-22 10:55:15'),
(78, 'KMF', 'KMF', 'KMF', '1', 0, '2022-07-22 10:55:15'),
(79, 'KPW', 'KPW', 'KPW', '1', 0, '2022-07-22 10:55:15'),
(80, 'KRW', 'KRW', 'KRW', '1', 0, '2022-07-22 10:55:15'),
(81, 'KWD', 'KWD', 'KWD', '1', 0, '2022-07-22 10:55:15'),
(82, 'KYD', 'KYD', 'KYD', '1', 0, '2022-07-22 10:55:15'),
(83, 'KZT', 'KZT', 'KZT', '1', 0, '2022-07-22 10:55:15'),
(84, 'LAK', 'LAK', 'LAK', '1', 0, '2022-07-22 10:55:15'),
(85, 'LBP', 'LBP', 'LBP', '1', 0, '2022-07-22 10:55:15'),
(86, 'LKR', 'LKR', 'LKR', '1', 0, '2022-07-22 10:55:15'),
(87, 'LRD', 'LRD', 'LRD', '1', 0, '2022-07-22 10:55:15'),
(88, 'LSL', 'LSL', 'LSL', '1', 0, '2022-07-22 10:55:15'),
(89, 'LYD', 'LYD', 'LYD', '1', 0, '2022-07-22 10:55:15'),
(90, 'MAD', 'MAD', 'MAD', '1', 0, '2022-07-22 10:55:15'),
(91, 'MDL', 'MDL', 'MDL', '1', 0, '2022-07-22 10:55:15'),
(92, 'MGA', 'MGA', 'MGA', '1', 0, '2022-07-22 10:55:15'),
(93, 'MKD', 'MKD', 'MKD', '1', 0, '2022-07-22 10:55:15'),
(94, 'MMK', 'MMK', 'MMK', '1', 0, '2022-07-22 10:55:15'),
(95, 'MNT', 'MNT', 'MNT', '1', 0, '2022-07-22 10:55:15'),
(96, 'MOP', 'MOP', 'MOP', '1', 0, '2022-07-22 10:55:15'),
(97, 'MRO', 'MRO', 'MRO', '1', 0, '2022-07-22 10:55:15'),
(98, 'MUR', 'MUR', 'MUR', '1', 0, '2022-07-22 10:55:15'),
(99, 'MVR', 'MVR', 'MVR', '1', 0, '2022-07-22 10:55:15'),
(100, 'MWK', 'MWK', 'MWK', '1', 0, '2022-07-22 10:55:15'),
(101, 'MXN', 'MXN', 'MXN', '1', 0, '2022-07-22 10:55:15'),
(102, 'MXV', 'MXV', 'MXV', '1', 0, '2022-07-22 10:55:15'),
(103, 'MYR', 'MYR', 'MYR', '1', 0, '2022-07-22 10:55:15'),
(104, 'MZN', 'MZN', 'MZN', '1', 0, '2022-07-22 10:55:15'),
(105, 'NAD', 'NAD', 'NAD', '1', 0, '2022-07-30 09:32:37'),
(106, 'NGN', 'NGN', 'NGN', '1', 0, '2022-12-30 06:20:42'),
(107, 'NIO', 'NIO', 'NIO', '1', 0, '2022-07-22 10:55:15'),
(108, 'NOK', 'NOK', 'NOK', '1', 0, '2022-07-22 10:55:15'),
(109, 'NPR', 'NPR', 'NPR', '1', 0, '2022-07-22 10:55:15'),
(110, 'NZD', 'NZD', 'NZD', '1', 0, '2022-07-22 10:55:15'),
(111, 'OMR', 'OMR', 'OMR', '1', 0, '2022-07-22 10:55:15'),
(112, 'PAB', 'PAB', 'PAB', '1', 0, '2022-07-22 10:55:15'),
(113, 'PEN', 'PEN', 'PEN', '1', 0, '2022-07-22 10:55:15'),
(114, 'PGK', 'PGK', 'PGK', '1', 0, '2022-07-22 10:55:15'),
(115, 'PHP', 'PHP', 'PHP', '1', 0, '2022-07-22 10:55:15'),
(116, 'PKR', 'PKR', 'PKR', '1', 0, '2022-12-30 06:20:19'),
(117, 'PLN', 'PLN', 'PLN', '1', 0, '2022-07-22 10:55:15'),
(118, 'PYG', 'PYG', 'PYG', '1', 0, '2022-07-22 10:55:15'),
(119, 'QAR', 'QAR', 'QAR', '1', 0, '2022-07-22 10:55:15'),
(120, 'RON', 'RON', 'RON', '1', 0, '2022-07-22 10:55:15'),
(121, 'RSD', 'RSD', 'RSD', '1', 0, '2022-07-22 10:55:15'),
(122, 'RUB', 'RUB', 'RUB', '1', 0, '2022-12-30 06:20:16'),
(123, 'RWF', 'RWF', 'RWF', '1', 0, '2022-07-22 10:55:15'),
(124, 'SAR', 'SAR', 'SAR', '1', 0, '2022-07-22 10:55:15'),
(125, 'SBD', 'SBD', 'SBD', '1', 0, '2022-07-22 10:55:15'),
(126, 'SCR', 'SCR', 'SCR', '1', 0, '2022-07-22 10:55:15'),
(127, 'SDG', 'SDG', 'SDG', '1', 0, '2022-07-22 10:55:15'),
(128, 'SEK', 'SEK', 'SEK', '1', 0, '2022-07-22 10:55:15'),
(129, 'SGD', 'SGD', 'SGD', '1', 0, '2022-07-22 10:55:15'),
(130, 'SHP', 'SHP', 'SHP', '1', 0, '2022-07-22 10:55:15'),
(131, 'SLL', 'SLL', 'SLL', '1', 0, '2022-07-22 10:55:15'),
(132, 'SOS', 'SOS', 'SOS', '1', 0, '2022-07-22 10:55:15'),
(133, 'SRD', 'SRD', 'SRD', '1', 0, '2022-07-22 10:55:15'),
(134, 'SSP', 'SSP', 'SSP', '1', 0, '2022-07-22 10:55:15'),
(135, 'STD', 'STD', 'STD', '1', 0, '2022-07-22 10:55:15'),
(136, 'SVC', 'SVC', 'SVC', '1', 0, '2022-07-22 10:55:15'),
(137, 'SYP', 'SYP', 'SYP', '1', 0, '2022-07-22 10:55:15'),
(138, 'SZL', 'SZL', 'SZL', '1', 0, '2022-07-22 10:55:15'),
(139, 'THB', 'THB', 'THB', '1', 0, '2022-07-22 10:55:15'),
(140, 'TJS', 'TJS', 'TJS', '1', 0, '2022-07-22 10:55:15'),
(141, 'TMT', 'TMT', 'TMT', '1', 0, '2022-07-22 10:55:15'),
(142, 'TND', 'TND', 'TND', '1', 0, '2022-07-22 10:55:15'),
(143, 'TOP', 'TOP', 'TOP', '1', 0, '2022-07-22 10:55:15'),
(144, 'TRY', 'TRY', 'TRY', '1', 0, '2022-07-22 10:55:15'),
(145, 'TTD', 'TTD', 'TTD', '1', 0, '2022-07-22 10:55:15'),
(146, 'TWD', 'TWD', 'TWD', '1', 0, '2022-07-22 10:55:15'),
(147, 'TZS', 'TZS', 'TZS', '1', 0, '2022-07-22 10:55:15'),
(148, 'UAH', 'UAH', 'UAH', '1', 0, '2022-07-22 10:55:15'),
(149, 'UGX', 'UGX', 'UGX', '1', 0, '2022-07-22 10:55:15'),
(150, 'USD', 'USD', '$', '1', 0, '2024-08-29 15:49:00'),
(151, 'USN', 'USN', 'USN', '1', 0, '2022-12-30 06:20:03'),
(152, 'UYI', 'UYI', 'UYI', '1', 0, '2022-07-22 10:55:15'),
(153, 'UYU', 'UYU', 'UYU', '1', 0, '2022-07-22 10:55:15'),
(154, 'UZS', 'UZS', 'UZS', '1', 0, '2022-07-22 10:55:15'),
(155, 'VEF', 'VEF', 'VEF', '1', 0, '2022-07-22 10:55:15'),
(156, 'VND', 'VND', 'VND', '1', 0, '2022-07-22 10:55:15'),
(157, 'VUV', 'VUV', 'VUV', '1', 0, '2022-07-22 10:55:15'),
(158, 'WST', 'WST', 'WST', '1', 0, '2022-07-22 10:55:15'),
(159, 'XAF', 'XAF', 'XAF', '1', 0, '2022-07-22 10:55:15'),
(160, 'XAG', 'XAG', 'XAG', '1', 0, '2022-07-22 10:55:15'),
(161, 'XAU', 'XAU', 'XAU', '1', 0, '2022-07-22 10:55:15'),
(162, 'XBA', 'XBA', 'XBA', '1', 0, '2022-07-22 10:55:15'),
(163, 'XBB', 'XBB', 'XBB', '1', 0, '2022-07-22 10:55:15'),
(164, 'XBC', 'XBC', 'XBC', '1', 0, '2022-07-22 10:55:15'),
(165, 'XBD', 'XBD', 'XBD', '1', 0, '2022-07-22 10:55:15'),
(166, 'XCD', 'XCD', 'XCD', '1', 0, '2022-07-22 10:55:15'),
(167, 'XDR', 'XDR', 'XDR', '1', 0, '2022-07-22 10:55:15'),
(168, 'XOF', 'XOF', 'XOF', '1', 0, '2022-07-22 10:55:15'),
(169, 'XPD', 'XPD', 'XPD', '1', 0, '2022-07-22 10:55:15'),
(170, 'XPF', 'XPF', 'XPF', '1', 0, '2022-07-22 10:55:15'),
(171, 'XPT', 'XPT', 'XPT', '1', 0, '2022-07-22 10:55:15'),
(172, 'XSU', 'XSU', 'XSU', '1', 0, '2022-07-22 10:55:15'),
(173, 'XTS', 'XTS', 'XTS', '1', 0, '2022-07-22 10:55:15'),
(174, 'XUA', 'XUA', 'XUA', '1', 0, '2022-07-22 10:55:15'),
(175, 'XXX', 'XXX', 'XXX', '1', 0, '2022-07-22 10:55:15'),
(176, 'YER', 'YER', 'YER', '1', 0, '2022-07-22 10:55:15'),
(177, 'ZAR', 'ZAR', 'ZAR', '1', 0, '2022-12-30 06:20:07'),
(178, 'ZMW', 'ZMW', 'ZMW', '1', 0, '2022-07-30 07:34:00'),
(179, 'ZWL', 'ZWL', 'ZWL', '1', 0, '2022-07-22 10:55:15');

-- --------------------------------------------------------

--
-- Table structure for table `custom_fields`
--

CREATE TABLE `custom_fields` (
  `id` int(11) NOT NULL,
  `name` varchar(100) DEFAULT NULL,
  `belong_to` varchar(100) DEFAULT NULL,
  `type` varchar(100) DEFAULT NULL,
  `bs_column` int(11) DEFAULT NULL,
  `validation` int(11) DEFAULT 0,
  `field_values` text DEFAULT NULL,
  `show_table` varchar(100) DEFAULT NULL,
  `visible_on_table` int(11) NOT NULL,
  `weight` int(11) DEFAULT NULL,
  `is_active` int(11) DEFAULT 0,
  `created_at` timestamp NOT NULL DEFAULT current_timestamp() ON UPDATE current_timestamp(),
  `updated_at` date DEFAULT NULL
) ENGINE=InnoDB DEFAULT CHARSET=utf8 COLLATE=utf8_general_ci;

-- --------------------------------------------------------

--
-- Table structure for table `custom_field_values`
--

CREATE TABLE `custom_field_values` (
  `id` int(11) NOT NULL,
  `belong_table_id` int(11) DEFAULT NULL,
  `custom_field_id` int(11) DEFAULT NULL,
  `field_value` varchar(500) DEFAULT NULL,
  `created_at` timestamp NOT NULL DEFAULT current_timestamp() ON UPDATE current_timestamp(),
  `updated_at` date DEFAULT NULL
) ENGINE=InnoDB DEFAULT CHARSET=utf8 COLLATE=utf8_general_ci;

-- --------------------------------------------------------

--
-- Table structure for table `daily_assignment`
--

CREATE TABLE `daily_assignment` (
  `id` int(11) NOT NULL,
  `student_session_id` int(11) NOT NULL,
  `subject_group_subject_id` int(11) NOT NULL,
  `title` varchar(255) DEFAULT NULL,
  `description` text DEFAULT NULL,
  `attachment` varchar(255) DEFAULT NULL,
  `evaluated_by` int(11) DEFAULT NULL,
  `date` date DEFAULT NULL,
  `evaluation_date` date DEFAULT NULL,
  `remark` text NOT NULL,
  `created_at` timestamp NOT NULL DEFAULT current_timestamp()
) ENGINE=InnoDB DEFAULT CHARSET=utf8 COLLATE=utf8_general_ci;

--
-- Dumping data for table `daily_assignment`
--

INSERT INTO `daily_assignment` (`id`, `student_session_id`, `subject_group_subject_id`, `title`, `description`, `attachment`, `evaluated_by`, `date`, `evaluation_date`, `remark`, `created_at`) VALUES
(1, 46, 4, 'Computer Science 1st Assignment', '', NULL, 1, '2025-04-09', '2025-04-09', 'Good', '2025-04-09 00:55:27');

-- --------------------------------------------------------

--
-- Table structure for table `department`
--

CREATE TABLE `department` (
  `id` int(11) NOT NULL,
  `department_name` varchar(200) NOT NULL,
  `is_active` varchar(100) NOT NULL
) ENGINE=InnoDB DEFAULT CHARSET=utf8 COLLATE=utf8_general_ci;

--
-- Dumping data for table `department`
--

INSERT INTO `department` (`id`, `department_name`, `is_active`) VALUES
(1, 'Account', 'yes'),
(3, 'Administration', 'yes'),
(4, 'Transport', 'yes'),
(5, 'Librery', 'yes'),
(6, 'Reception', 'yes'),
(7, 'Teaching', 'yes');

-- --------------------------------------------------------

--
-- Table structure for table `disable_reason`
--

CREATE TABLE `disable_reason` (
  `id` int(11) NOT NULL,
  `reason` varchar(255) NOT NULL,
  `created_at` timestamp NOT NULL DEFAULT current_timestamp() ON UPDATE current_timestamp()
) ENGINE=InnoDB DEFAULT CHARSET=utf8 COLLATE=utf8_general_ci;

--
-- Dumping data for table `disable_reason`
--

INSERT INTO `disable_reason` (`id`, `reason`, `created_at`) VALUES
(1, 'Left School', '2025-04-01 09:11:38'),
(2, 'Fees Not Paid', '2025-04-03 13:27:00'),
(3, 'Rusticated', '2025-04-03 13:27:41');

-- --------------------------------------------------------

--
-- Table structure for table `dispatch_receive`
--

CREATE TABLE `dispatch_receive` (
  `id` int(11) NOT NULL,
  `reference_no` varchar(50) NOT NULL,
  `to_title` varchar(100) NOT NULL,
  `type` varchar(10) NOT NULL,
  `address` varchar(500) NOT NULL,
  `note` varchar(500) NOT NULL,
  `from_title` varchar(200) NOT NULL,
  `date` date DEFAULT NULL,
  `image` varchar(100) DEFAULT NULL,
  `created_at` timestamp NOT NULL DEFAULT current_timestamp() ON UPDATE current_timestamp()
) ENGINE=InnoDB DEFAULT CHARSET=utf8 COLLATE=utf8_general_ci;

--
-- Dumping data for table `dispatch_receive`
--

INSERT INTO `dispatch_receive` (`id`, `reference_no`, `to_title`, `type`, `address`, `note`, `from_title`, `date`, `image`, `created_at`) VALUES
(1, '3534', 'Airtel', 'dispatch', 'Airtel Office, New Delhi', 'Sending Letter regarding wrong Bill', 'Bill Correction', '2025-04-01', NULL, '2025-04-03 11:36:54'),
(2, '5645646', 'Power Dept', 'dispatch', 'Power Dept, Noida', 'Pl.s correct the bill', 'Admin Dept', '2025-03-26', NULL, '2025-04-03 11:39:22'),
(3, '4645645', 'Admin Dept', 'receive', 'Delhi', 'Sending student Dresses as per the Order', 'Student Dress Delivery', '2025-03-31', NULL, '2025-04-03 11:40:48'),
(4, '453535', 'Admin Dept', 'receive', 'Noida', 'Sending detail for Exam Center', 'CBSE Exam Dept', '2025-02-05', NULL, '2025-04-03 11:41:53');

-- --------------------------------------------------------

--
-- Table structure for table `email_attachments`
--

CREATE TABLE `email_attachments` (
  `id` int(11) NOT NULL,
  `message_id` int(11) NOT NULL,
  `directory` varchar(255) NOT NULL,
  `attachment` varchar(255) NOT NULL,
  `attachment_name` varchar(200) NOT NULL,
  `created_at` timestamp NULL DEFAULT current_timestamp()
) ENGINE=InnoDB DEFAULT CHARSET=utf8 COLLATE=utf8_general_ci;

-- --------------------------------------------------------

--
-- Table structure for table `email_config`
--

CREATE TABLE `email_config` (
  `id` int(10) UNSIGNED NOT NULL,
  `email_type` varchar(100) DEFAULT NULL,
  `smtp_server` varchar(100) DEFAULT NULL,
  `smtp_port` varchar(100) DEFAULT NULL,
  `smtp_username` varchar(100) DEFAULT NULL,
  `smtp_password` varchar(100) DEFAULT NULL,
  `ssl_tls` varchar(100) DEFAULT NULL,
  `smtp_auth` varchar(10) NOT NULL,
  `api_key` varchar(255) DEFAULT NULL,
  `api_secret` varchar(255) DEFAULT NULL,
  `region` varchar(255) DEFAULT NULL,
  `is_active` varchar(10) NOT NULL DEFAULT 'no',
  `created_at` timestamp NOT NULL DEFAULT current_timestamp() ON UPDATE current_timestamp()
) ENGINE=InnoDB DEFAULT CHARSET=utf8 COLLATE=utf8_general_ci;

--
-- Dumping data for table `email_config`
--

INSERT INTO `email_config` (`id`, `email_type`, `smtp_server`, `smtp_port`, `smtp_username`, `smtp_password`, `ssl_tls`, `smtp_auth`, `api_key`, `api_secret`, `region`, `is_active`, `created_at`) VALUES
(1, 'sendmail', NULL, NULL, NULL, NULL, NULL, '', NULL, NULL, NULL, 'yes', '2020-02-28 13:46:03');

-- --------------------------------------------------------

--
-- Table structure for table `email_template`
--

CREATE TABLE `email_template` (
  `id` int(11) NOT NULL,
  `title` varchar(100) NOT NULL,
  `message` text NOT NULL,
  `created_at` date NOT NULL
) ENGINE=InnoDB DEFAULT CHARSET=utf8 COLLATE=utf8_general_ci;

--
-- Dumping data for table `email_template`
--

INSERT INTO `email_template` (`id`, `title`, `message`, `created_at`) VALUES
(1, 'Email Template', '<p>Hi All of you</p>', '2025-04-08');

-- --------------------------------------------------------

--
-- Table structure for table `email_template_attachment`
--

CREATE TABLE `email_template_attachment` (
  `id` int(11) NOT NULL,
  `email_template_id` int(11) NOT NULL,
  `attachment` varchar(100) NOT NULL,
  `attachment_name` text NOT NULL
) ENGINE=InnoDB DEFAULT CHARSET=utf8 COLLATE=utf8_general_ci;

--
-- Dumping data for table `email_template_attachment`
--

INSERT INTO `email_template_attachment` (`id`, `email_template_id`, `attachment`, `attachment_name`) VALUES
(1, 1, '67f4da01890825.31338666..png', 'teacher_male.png');

-- --------------------------------------------------------

--
-- Table structure for table `enquiry`
--

CREATE TABLE `enquiry` (
  `id` int(11) NOT NULL,
  `name` varchar(100) NOT NULL,
  `contact` varchar(20) NOT NULL,
  `address` text NOT NULL,
  `reference` varchar(20) NOT NULL,
  `date` date NOT NULL,
  `description` varchar(500) NOT NULL,
  `follow_up_date` date NOT NULL,
  `note` text NOT NULL,
  `source` varchar(50) NOT NULL,
  `email` varchar(50) DEFAULT NULL,
  `assigned` int(11) DEFAULT NULL,
  `class_id` int(11) DEFAULT NULL,
  `no_of_child` varchar(11) DEFAULT NULL,
  `status` varchar(100) NOT NULL,
  `session_id` int(11) DEFAULT NULL,
  `created_by` int(11) NOT NULL,
  `created_at` timestamp NOT NULL DEFAULT current_timestamp()
) ENGINE=InnoDB DEFAULT CHARSET=utf8 COLLATE=utf8_general_ci;

--
-- Dumping data for table `enquiry`
--

INSERT INTO `enquiry` (`id`, `name`, `contact`, `address`, `reference`, `date`, `description`, `follow_up_date`, `note`, `source`, `email`, `assigned`, `class_id`, `no_of_child`, `status`, `session_id`, `created_by`, `created_at`) VALUES
(1, 'Nikhil Gupta', '937643983', 'x-20 kakardooma', 'Staff', '2025-04-01', '', '2025-04-03', '', 'Website', 'nikhilgupta123@gmail.com', 2, 1, '5', 'won', 21, 1, '2025-04-01 06:12:58'),
(2, 'Priyanka Puri', '938437387', 'x-20 karkardooma Institutional', 'Staff', '2025-04-01', '', '2025-04-03', '', 'Newspaper', 'priyanka123@gmail.com', 1, 1, '3', 'won', NULL, 1, '2025-04-01 06:14:02'),
(3, 'Pinki Yadav', '9439838438', 'x-20 kakardooma', 'Parent', '2025-04-01', '', '2025-04-10', '', 'Website', 'pinkiyadav123@gmail.com', 2, 1, '1', 'won', NULL, 1, '2025-04-01 06:15:05'),
(4, 'Aman kumar', '9843964386', 'x-20 karkardooma', 'Staff', '2022-01-01', '', '2022-06-01', '', 'Website', 'amankumar123@gmail.com', 2, 1, '2', 'won', NULL, 1, '2025-04-01 06:33:10'),
(5, 'Kartik Singh Bisht', '94398437', 'x-20 karkardooma Institutinal Area', 'Parent', '2023-01-01', '', '2023-03-01', '', 'Newspaper', 'karitkbisht123@gmail.com', 2, 1, '1', 'active', NULL, 1, '2025-04-01 08:38:42'),
(6, 'Saurabh Vija', '97346437943', 'x-20 karkardooma', 'Parent', '2023-01-01', '', '2023-03-02', '', 'Website', 'saurabh vij', 2, 1, '1', 'won', NULL, 1, '2025-04-01 08:39:43'),
(7, 'Bhadri Vishal Rai', '93498437934', 'laxmi nagar', 'Parent', '2023-02-26', '', '2023-02-26', '', 'Website', 'bhadri123@gmail.com', 2, 1, '1', 'active', NULL, 1, '2025-04-01 08:40:48'),
(8, 'Aditya Sethin', '834783479', '', 'Staff', '2023-02-27', '', '2023-09-08', '', 'Website', 'aditya123@gmail.com', 2, 1, '1', 'won', NULL, 1, '2025-04-01 08:42:08'),
(9, 'Abhishek', '834786438763', '', 'Parent', '2023-04-04', '', '2023-06-14', '', 'Newspaper', 'abhishek123@gmail.com', 2, 1, '1', 'won', NULL, 1, '2025-04-01 08:42:56'),
(10, 'Dishu Rajpoot', '983439843', 'x-20 karkardooma ', 'Parent', '2023-02-01', '', '2023-05-10', '', 'Website', 'dishu123@gmail.com', 2, 1, '1', 'won', NULL, 1, '2025-04-01 08:44:21'),
(11, 'Deepak', '9438727', '', 'Parent', '2023-05-05', '', '2023-06-08', '', 'Website', 'deepak123@gmail.com', 2, 1, '1', 'won', NULL, 1, '2025-04-01 08:45:21'),
(12, 'Rakshita Bisht', '9329864398', 'x-20 karkardooma', 'Staff', '2023-02-27', '', '2023-05-10', '', 'Parent', 'rakshita123@gmail.com', 2, 1, '1', 'active', NULL, 1, '2025-04-01 08:46:51'),
(13, 'Anush Rawat', '9843874378', 'vivek vihar', 'Parent', '2023-05-17', '', '2023-09-21', '', 'Parent', 'anush123@gmail/com', 2, 1, '1', 'active', NULL, 1, '2025-04-01 08:48:22'),
(15, 'Sumit singh', '9843876437', 'krishna nagar', 'Parent', '2024-01-02', '', '2024-02-07', '', 'Website', 'sumit123@gmail.com', 2, 1, '2', 'active', 20, 1, '2025-04-01 08:51:10'),
(16, 'Raghav Verma', '934984398', '', 'Staff', '2024-01-01', '', '2024-11-07', '', 'Website', 'raghav123@gmail.com', 2, 1, '1', 'active', 21, 1, '2025-04-01 08:52:11'),
(17, 'lokesh yadav', '0346436423', 'x-20 kakardooma', 'Staff', '2024-01-01', '', '2024-12-04', '', 'Website', 'lokeshyadav123@gmail.com', 1, 1, '1', 'won', NULL, 1, '2025-04-01 08:53:17'),
(18, 'Ritesh kumar', '0439864378', 'vinod nagar', 'Staff', '2024-01-02', '', '2024-01-31', '', 'Parent', 'ritesh123@gmail.com', 2, 1, '1', 'active', 20, 1, '2025-04-01 08:54:13'),
(19, 'Rahul Thapliyal', '934784376', 'vivek viahr', 'Staff', '2024-01-31', '', '2024-03-01', '', 'Website', 'rahul123@gmail.com', 2, 1, '4', 'active', 21, 1, '2025-04-01 08:55:10'),
(20, 'Abhishek adhana', '93878738643', '', 'Parent', '2024-01-31', '', '2024-06-06', '', 'Parent', 'abhishek123@gmail.com', 2, 1, '1', 'won', NULL, 1, '2025-04-01 08:56:01'),
(21, 'Sumit chaturvedi', '923487643', '', 'Parent', '2024-01-02', '', '2024-06-07', '', 'Parent', 'sumit123@gmail.com', 2, 1, '1', 'won', NULL, 1, '2025-04-01 08:57:18'),
(22, 'Arun', '98473437', '', 'Staff', '2024-02-29', '', '2024-06-06', '', 'Newspaper', 'arun123@gmail.com', 2, 1, '1', 'won', NULL, 1, '2025-04-01 08:58:29'),
(23, 'Rishabh kala', '9823874378', 'krishan nagar', 'Parent', '2024-02-29', '', '2024-05-08', '', 'Website', 'rishabhkala123@gmail.com', 2, 1, '1', 'won', NULL, 1, '2025-04-01 08:59:27'),
(24, 'Sachin negi', '93285438', '', 'Staff', '2024-02-29', '', '2024-01-31', '', 'Newspaper', 'sachingnegi123@gmail.com', 2, 1, '2', 'won', NULL, 1, '2025-04-01 09:00:33'),
(25, 'Mahi Singh', '934984376', '', 'Staff', '2022-01-01', '', '2022-06-09', '', 'Newspaper', 'mahi123@gmail.com', 2, 1, '1', 'active', NULL, 1, '2025-04-01 09:09:12'),
(26, 'Riyan Parag', '93983479', 'x-20 karkardooma', 'Parent', '2022-03-09', '', '2022-03-04', '', 'Newspaper', 'riyanparta122@gmail.com', 2, 1, '1', 'active', 20, 1, '2025-04-01 09:10:24'),
(27, 'Virat Kohli', '9437437437', '', 'Staff', '2022-02-01', '', '2022-05-04', '', 'Newspaper', 'virat123@gmail.com', 2, 1, '1', 'active', 20, 1, '2025-04-01 09:13:24'),
(29, 'bhuvneshwar Kumar', '943874378', '', 'Staff', '2022-01-01', '', '2022-05-11', '', 'Parent', 'bhuvnesh123@gmail.com', 2, 1, '1', 'active', 20, 1, '2025-04-01 09:15:31'),
(30, 'Vipin Gurjar', '9347634874', '', 'Parent', '2022-02-02', '', '2022-02-02', '', 'Website', 'vipin123@gmail.com', 2, 1, '1', 'won', NULL, 1, '2025-04-01 09:16:35'),
(31, 'Gunjan Saxena', '0934984379', 'x-20 karkdooma', 'Parent', '2022-02-02', '', '2022-08-24', '', 'Parent', 'gunjan123@gmail.com', 2, 1, '1', 'active', 20, 1, '2025-04-01 09:17:33'),
(32, 'Tilak Verma', '94343784387', '', 'Parent', '2022-04-16', '', '2022-05-04', '', 'Parent', 'tilak123@gmail.com', 2, 1, '1', 'won', NULL, 1, '2025-04-01 09:18:50'),
(33, 'Vipan sharma', '984387438', '', 'Parent', '2022-02-09', '', '2022-05-11', '', 'Website', 'vipin123@gmail.com', 2, 1, '1', 'won', NULL, 1, '2025-04-01 09:19:40'),
(34, 'Shivam shetty', '9349643743', '', 'Parent', '2022-05-04', '', '2022-06-16', '', 'Website', 'shivam123@gmail.com', 2, 1, '1', 'won', NULL, 1, '2025-04-01 09:20:34'),
(35, 'Vikram gupta', '348437643', '', 'Parent', '2025-04-01', '', '2025-04-24', '', 'Website', 'vikarma123@gmai.com', 2, 1, '1', 'won', NULL, 1, '2025-04-01 09:21:35'),
(36, 'Shubam soni', '94394393', '', 'Parent', '2025-04-01', '', '2025-04-03', '', 'Website', 'shubamsoni1223@gmai.com', 2, 1, '1', 'won', NULL, 1, '2025-04-01 09:22:36'),
(37, 'Harry singh', '93476436', '', 'Parent', '2025-04-01', '', '2025-04-09', '', 'Parent', 'harrysingh123@gmail.com', 2, 1, '1', 'won', NULL, 1, '2025-04-01 09:23:17'),
(38, 'Vaibhav Gupta', '94398', '', 'Parent', '2025-04-02', '', '2025-04-16', '', 'Parent', 'vaibhab124', 2, 1, '1', 'won', NULL, 1, '2025-04-01 09:24:11'),
(39, 'Prashant sharma', '90347643', '', 'Parent', '2025-04-01', '', '2025-04-04', '', 'Parent', 'prashant123@gmail.com', 2, 1, '1', 'won', NULL, 1, '2025-04-01 09:25:02'),
(40, 'Ankit kumar soni', '9437842378', '', 'Staff', '2025-04-01', '', '2025-04-10', '', 'Newspaper', 'ankitkumar123@gmail.com', 2, 1, '1', 'won', NULL, 1, '2025-04-01 09:31:49'),
(42, 'Rinki yadav', '843984389', '', 'Parent', '2025-04-01', '', '2025-04-18', '', 'Parent', 'rinki123@gmail.com', 2, 1, '2', 'won', NULL, 1, '2025-04-01 09:37:40'),
(43, 'Arpit Awasthi', '08171362854', 'XYZ Road, Noida', 'Staff', '2025-03-01', '', '2025-04-10', '', 'Parent', 'Arpit@gmail.com', 2, 1, '1', 'won', 20, 1, '2025-04-03 11:09:25'),
(45, 'Saurabh Thapliyal', '97363828', '', '', '2025-03-01', '', '2025-03-31', '', 'Newspaper', 'saurabh123@gmail.com', 2, 1, '1', 'active', 21, 1, '2025-04-07 06:16:06'),
(46, 'Rahul Thapliyal', '98989898989', 'Some street', '', '2025-04-18', '', '2025-04-18', '', 'Website', 'rahul@thapi.com', NULL, NULL, '', 'lost', 20, 1, '2025-04-18 08:43:15');

-- --------------------------------------------------------

--
-- Table structure for table `enquiry_type`
--

CREATE TABLE `enquiry_type` (
  `id` int(11) NOT NULL,
  `enquiry_type` varchar(100) NOT NULL,
  `description` text NOT NULL
) ENGINE=InnoDB DEFAULT CHARSET=utf8 COLLATE=utf8_general_ci;

-- --------------------------------------------------------

--
-- Table structure for table `events`
--

CREATE TABLE `events` (
  `id` int(11) NOT NULL,
  `event_title` varchar(200) NOT NULL,
  `event_description` text NOT NULL,
  `start_date` datetime NOT NULL,
  `end_date` datetime NOT NULL,
  `event_type` varchar(100) NOT NULL,
  `event_color` varchar(200) NOT NULL,
  `event_for` varchar(100) NOT NULL,
  `role_id` int(11) DEFAULT NULL,
  `is_active` varchar(100) NOT NULL
) ENGINE=InnoDB DEFAULT CHARSET=utf8 COLLATE=utf8_general_ci;

-- --------------------------------------------------------

--
-- Table structure for table `exams`
--

CREATE TABLE `exams` (
  `id` int(11) NOT NULL,
  `name` varchar(200) DEFAULT NULL,
  `sesion_id` int(11) NOT NULL,
  `note` text DEFAULT NULL,
  `is_active` varchar(255) DEFAULT 'no',
  `created_at` timestamp NOT NULL DEFAULT current_timestamp() ON UPDATE current_timestamp(),
  `updated_at` date DEFAULT NULL
) ENGINE=InnoDB DEFAULT CHARSET=utf8 COLLATE=utf8_general_ci;

-- --------------------------------------------------------

--
-- Table structure for table `exam_groups`
--

CREATE TABLE `exam_groups` (
  `id` int(11) NOT NULL,
  `name` varchar(250) DEFAULT NULL,
  `exam_type` varchar(250) DEFAULT NULL,
  `description` text DEFAULT NULL,
  `is_active` int(11) DEFAULT 1,
  `created_at` timestamp NOT NULL DEFAULT current_timestamp() ON UPDATE current_timestamp(),
  `updated_at` date DEFAULT NULL
) ENGINE=InnoDB DEFAULT CHARSET=utf8 COLLATE=utf8_general_ci;

--
-- Dumping data for table `exam_groups`
--

INSERT INTO `exam_groups` (`id`, `name`, `exam_type`, `description`, `is_active`, `created_at`, `updated_at`) VALUES
(2, 'UT-1', 'school_grade_system', '1', 0, '2025-04-02 14:27:27', NULL),
(3, 'UT-2', 'school_grade_system', '2', 0, '2025-04-02 14:29:32', NULL),
(6, 'H F', 'basic_system', '5', 0, '2025-04-03 02:57:25', NULL),
(7, 'UT-3', 'basic_system', '3', 0, '2025-04-03 02:57:48', NULL),
(8, 'UT-4', 'basic_system', '4', 0, '2025-04-03 02:58:08', NULL),
(9, 'FE', 'basic_system', '6', 0, '2025-04-03 02:58:40', NULL);

-- --------------------------------------------------------

--
-- Table structure for table `exam_group_class_batch_exams`
--

CREATE TABLE `exam_group_class_batch_exams` (
  `id` int(11) NOT NULL,
  `exam` varchar(250) DEFAULT NULL,
  `passing_percentage` float(10,2) DEFAULT NULL,
  `session_id` int(11) NOT NULL,
  `date_from` date DEFAULT NULL,
  `date_to` date DEFAULT NULL,
  `exam_group_id` int(11) DEFAULT NULL,
  `use_exam_roll_no` int(11) NOT NULL DEFAULT 1,
  `is_publish` int(11) DEFAULT 0,
  `is_rank_generated` int(11) NOT NULL DEFAULT 0,
  `description` text DEFAULT NULL,
  `is_active` int(11) DEFAULT 0,
  `created_at` timestamp NOT NULL DEFAULT current_timestamp() ON UPDATE current_timestamp(),
  `updated_at` date DEFAULT NULL
) ENGINE=InnoDB DEFAULT CHARSET=utf8 COLLATE=utf8_general_ci;

--
-- Dumping data for table `exam_group_class_batch_exams`
--

INSERT INTO `exam_group_class_batch_exams` (`id`, `exam`, `passing_percentage`, `session_id`, `date_from`, `date_to`, `exam_group_id`, `use_exam_roll_no`, `is_publish`, `is_rank_generated`, `description`, `is_active`, `created_at`, `updated_at`) VALUES
(2, 'UT1 - Class 6A', NULL, 20, NULL, NULL, 2, 1, 1, 1, '', 1, '2025-04-08 17:10:21', NULL),
(3, 'UT1 - Class 6B', NULL, 20, NULL, NULL, 2, 1, 0, 0, '', 0, '2025-04-02 14:12:04', NULL),
(4, 'UT2-Class 6 A', NULL, 20, NULL, NULL, 3, 0, 1, 1, 'UT2-Class 6 A', 1, '2025-04-08 17:08:59', NULL),
(5, 'UT3-class 6A', NULL, 20, NULL, NULL, 7, 1, 1, 1, '3', 1, '2025-04-03 13:23:06', NULL),
(6, 'UT4-class 6A', NULL, 20, NULL, NULL, 8, 0, 0, 0, '', 1, '2025-04-08 11:36:28', NULL);

-- --------------------------------------------------------

--
-- Table structure for table `exam_group_class_batch_exam_students`
--

CREATE TABLE `exam_group_class_batch_exam_students` (
  `id` int(11) NOT NULL,
  `exam_group_class_batch_exam_id` int(11) NOT NULL,
  `student_id` int(11) NOT NULL,
  `student_session_id` int(11) NOT NULL,
  `roll_no` int(11) DEFAULT NULL,
  `teacher_remark` text DEFAULT NULL,
  `rank` int(11) NOT NULL DEFAULT 0,
  `is_active` int(11) DEFAULT 0,
  `created_at` timestamp NOT NULL DEFAULT current_timestamp() ON UPDATE current_timestamp(),
  `updated_at` date DEFAULT NULL
) ENGINE=InnoDB DEFAULT CHARSET=utf8 COLLATE=utf8_general_ci;

--
-- Dumping data for table `exam_group_class_batch_exam_students`
--

INSERT INTO `exam_group_class_batch_exam_students` (`id`, `exam_group_class_batch_exam_id`, `student_id`, `student_session_id`, `roll_no`, `teacher_remark`, `rank`, `is_active`, `created_at`, `updated_at`) VALUES
(11, 2, 46, 46, NULL, NULL, 3, 0, '2025-04-08 17:10:21', NULL),
(12, 4, 46, 46, NULL, NULL, 4, 0, '2025-04-08 17:08:59', NULL),
(13, 5, 46, 46, NULL, NULL, 1, 0, '2025-04-03 13:23:06', NULL),
(14, 5, 48, 48, NULL, NULL, 3, 0, '2025-04-03 13:23:06', NULL),
(15, 5, 50, 50, NULL, NULL, 2, 0, '2025-04-03 13:23:06', NULL),
(16, 2, 48, 48, NULL, NULL, 4, 0, '2025-04-08 17:10:21', NULL),
(17, 2, 50, 50, NULL, NULL, 2, 0, '2025-04-08 17:10:21', NULL),
(18, 2, 41, 41, NULL, NULL, 1, 0, '2025-04-08 17:10:21', NULL),
(19, 4, 48, 48, NULL, NULL, 2, 0, '2025-04-08 17:08:59', NULL),
(20, 4, 50, 50, NULL, NULL, 3, 0, '2025-04-08 17:08:59', NULL),
(21, 4, 41, 41, NULL, NULL, 1, 0, '2025-04-08 17:08:59', NULL);

-- --------------------------------------------------------

--
-- Table structure for table `exam_group_class_batch_exam_subjects`
--

CREATE TABLE `exam_group_class_batch_exam_subjects` (
  `id` int(11) NOT NULL,
  `exam_group_class_batch_exams_id` int(11) DEFAULT NULL,
  `subject_id` int(11) NOT NULL,
  `date_from` date NOT NULL,
  `time_from` time NOT NULL,
  `duration` varchar(50) NOT NULL,
  `room_no` varchar(100) DEFAULT NULL,
  `max_marks` float(10,2) DEFAULT NULL,
  `min_marks` float(10,2) DEFAULT NULL,
  `credit_hours` float(10,2) DEFAULT 0.00,
  `date_to` datetime DEFAULT NULL,
  `is_active` int(11) DEFAULT 0,
  `created_at` timestamp NOT NULL DEFAULT current_timestamp() ON UPDATE current_timestamp(),
  `updated_at` date DEFAULT NULL
) ENGINE=InnoDB DEFAULT CHARSET=utf8 COLLATE=utf8_general_ci;

--
-- Dumping data for table `exam_group_class_batch_exam_subjects`
--

INSERT INTO `exam_group_class_batch_exam_subjects` (`id`, `exam_group_class_batch_exams_id`, `subject_id`, `date_from`, `time_from`, `duration`, `room_no`, `max_marks`, `min_marks`, `credit_hours`, `date_to`, `is_active`, `created_at`, `updated_at`) VALUES
(4, 2, 1, '2025-04-01', '12:00:00', '03:00:00', '10', 100.00, 30.00, 1.00, NULL, 0, '2025-04-03 03:01:40', NULL),
(5, 2, 2, '2025-04-02', '12:00:00', '03:00:00', '11', 100.00, 30.00, 1.00, NULL, 0, '2025-04-03 03:01:40', NULL),
(6, 2, 3, '2025-04-03', '12:00:00', '03:00:00', '12', 100.00, 30.00, 1.00, NULL, 0, '2025-04-03 03:01:40', NULL),
(7, 2, 4, '2025-04-04', '12:00:00', '03:00:00', '13', 100.00, 30.00, 1.00, NULL, 0, '2025-04-03 03:01:40', NULL),
(8, 2, 6, '2025-04-05', '12:00:00', '03:00:00', '14', 100.00, 30.00, 1.00, NULL, 0, '2025-04-03 03:01:40', NULL),
(9, 2, 5, '2025-04-06', '12:00:00', '03:00:00', '15', 100.00, 30.00, 1.00, NULL, 0, '2025-04-03 03:01:40', NULL),
(10, 4, 1, '2025-04-01', '12:00:00', '03:00:00', '10', 100.00, 30.00, 1.00, NULL, 0, '2025-04-03 03:11:47', NULL),
(11, 4, 2, '2025-03-02', '12:00:00', '03:00:00', '12', 100.00, 30.00, 1.00, NULL, 0, '2025-04-03 03:11:47', NULL),
(12, 4, 3, '2025-04-04', '12:00:00', '03:00:00', '13', 100.00, 30.00, 1.00, NULL, 0, '2025-04-03 03:11:47', NULL),
(13, 4, 4, '2025-04-04', '12:00:00', '03:00:00', '14', 100.00, 30.00, 1.00, NULL, 0, '2025-04-03 03:11:47', NULL),
(14, 4, 6, '2025-04-09', '12:00:00', '03:00:00', '15', 100.00, 30.00, 1.00, NULL, 0, '2025-04-03 03:11:47', NULL),
(15, 4, 5, '2025-04-13', '12:00:00', '03:00:00', '16', 100.00, 30.00, 1.00, NULL, 0, '2025-04-03 03:11:47', NULL),
(16, 5, 1, '2025-04-01', '12:00:00', '03:00:00', '12', 100.00, 30.00, 1.00, NULL, 0, '2025-04-03 13:18:32', NULL),
(17, 5, 2, '2025-04-02', '12:00:00', '03:00:00', '13', 100.00, 30.00, 1.00, NULL, 0, '2025-04-03 13:18:32', NULL),
(18, 5, 3, '2025-04-03', '12:00:00', '03:00:00', '14', 100.00, 30.00, 1.00, NULL, 0, '2025-04-03 13:18:32', NULL),
(19, 5, 4, '2025-04-04', '12:00:00', '03:00:00', '15', 100.00, 30.00, 1.00, NULL, 0, '2025-04-03 13:18:32', NULL),
(20, 5, 6, '2025-04-04', '12:00:00', '03:00:00', '16', 100.00, 30.00, 1.00, NULL, 0, '2025-04-03 13:18:32', NULL),
(21, 5, 5, '2025-04-05', '12:00:00', '03:00:00', '17', 100.00, 30.00, 1.00, NULL, 0, '2025-04-03 13:18:32', NULL),
(22, 6, 1, '2025-04-01', '12:00:00', '03:00:00', '101', 100.00, 30.00, 1.00, NULL, 0, '2025-04-08 11:40:16', NULL),
(23, 6, 2, '2025-04-02', '12:00:00', '03:00:00', '102', 100.00, 30.00, 1.00, NULL, 0, '2025-04-08 11:40:16', NULL),
(24, 6, 3, '2025-04-03', '12:00:00', '03:00:00', '103', 100.00, 30.00, 1.00, NULL, 0, '2025-04-08 11:40:16', NULL),
(25, 6, 4, '2025-04-04', '12:00:00', '03:00:00', '104', 100.00, 30.00, 1.00, NULL, 0, '2025-04-08 11:40:16', NULL),
(26, 6, 6, '2025-04-05', '12:00:00', '03:00:00', '105', 100.00, 30.00, 1.00, NULL, 0, '2025-04-08 11:40:16', NULL),
(27, 6, 5, '2025-04-07', '12:00:00', '03:00:00', '106', 100.00, 30.00, 1.00, NULL, 0, '2025-04-08 11:40:16', NULL);

-- --------------------------------------------------------

--
-- Table structure for table `exam_group_exam_connections`
--

CREATE TABLE `exam_group_exam_connections` (
  `id` int(11) NOT NULL,
  `exam_group_id` int(11) DEFAULT NULL,
  `exam_group_class_batch_exams_id` int(11) DEFAULT NULL,
  `exam_weightage` float(10,2) DEFAULT 0.00,
  `is_active` int(11) DEFAULT 0,
  `created_at` timestamp NOT NULL DEFAULT current_timestamp() ON UPDATE current_timestamp(),
  `updated_at` date DEFAULT NULL
) ENGINE=InnoDB DEFAULT CHARSET=utf8 COLLATE=utf8_general_ci;

-- --------------------------------------------------------

--
-- Table structure for table `exam_group_exam_results`
--

CREATE TABLE `exam_group_exam_results` (
  `id` int(11) NOT NULL,
  `exam_group_class_batch_exam_student_id` int(11) NOT NULL,
  `exam_group_class_batch_exam_subject_id` int(11) DEFAULT NULL,
  `exam_group_student_id` int(11) DEFAULT NULL,
  `attendence` varchar(10) DEFAULT NULL,
  `get_marks` float(10,2) DEFAULT 0.00,
  `note` text DEFAULT NULL,
  `is_active` int(11) DEFAULT 0,
  `created_at` timestamp NOT NULL DEFAULT current_timestamp() ON UPDATE current_timestamp(),
  `updated_at` date DEFAULT NULL
) ENGINE=InnoDB DEFAULT CHARSET=utf8 COLLATE=utf8_general_ci;

--
-- Dumping data for table `exam_group_exam_results`
--

INSERT INTO `exam_group_exam_results` (`id`, `exam_group_class_batch_exam_student_id`, `exam_group_class_batch_exam_subject_id`, `exam_group_student_id`, `attendence`, `get_marks`, `note`, `is_active`, `created_at`, `updated_at`) VALUES
(31, 11, 4, NULL, 'present', 80.00, '', 0, '2025-04-03 03:02:24', NULL),
(32, 11, 5, NULL, 'present', 70.00, '', 0, '2025-04-03 03:02:37', NULL),
(33, 11, 6, NULL, 'present', 96.00, '', 0, '2025-04-03 03:02:49', NULL),
(34, 11, 7, NULL, 'present', 69.00, '', 0, '2025-04-03 03:03:01', NULL),
(35, 11, 8, NULL, 'present', 70.00, '', 0, '2025-04-03 03:03:25', NULL),
(36, 11, 9, NULL, 'present', 70.00, '', 0, '2025-04-03 03:03:36', NULL),
(37, 12, 11, NULL, 'present', 80.00, '', 0, '2025-04-03 03:11:13', NULL),
(38, 12, 10, NULL, 'present', 70.00, '', 0, '2025-04-03 03:09:56', NULL),
(39, 12, 12, NULL, 'present', 59.00, '', 0, '2025-04-03 03:10:08', NULL),
(40, 12, 13, NULL, 'present', 89.00, '', 0, '2025-04-03 03:10:28', NULL),
(41, 12, 14, NULL, 'present', 75.00, '', 0, '2025-04-03 03:10:42', NULL),
(42, 12, 15, NULL, 'present', 60.00, '', 0, '2025-04-03 03:10:53', NULL),
(43, 13, 16, NULL, 'present', 50.00, '', 0, '2025-04-03 13:21:13', NULL),
(44, 14, 16, NULL, 'present', 50.00, '', 0, '2025-04-03 13:21:13', NULL),
(45, 15, 16, NULL, 'present', 83.00, '', 0, '2025-04-03 13:21:13', NULL),
(46, 13, 17, NULL, 'present', 89.00, '', 0, '2025-04-03 13:21:27', NULL),
(47, 14, 17, NULL, 'present', 67.00, '', 0, '2025-04-03 13:21:27', NULL),
(48, 15, 17, NULL, 'present', 37.00, '', 0, '2025-04-03 13:21:27', NULL),
(49, 13, 18, NULL, 'present', 63.00, '', 0, '2025-04-03 13:21:43', NULL),
(50, 14, 18, NULL, 'present', 36.00, '', 0, '2025-04-03 13:21:43', NULL),
(51, 15, 18, NULL, 'present', 57.00, '', 0, '2025-04-03 13:21:43', NULL),
(52, 13, 19, NULL, 'present', 75.00, '', 0, '2025-04-03 13:21:57', NULL),
(53, 14, 19, NULL, 'present', 73.00, '', 0, '2025-04-03 13:21:57', NULL),
(54, 15, 19, NULL, 'present', 72.00, '', 0, '2025-04-03 13:21:57', NULL),
(55, 13, 20, NULL, 'present', 79.00, '', 0, '2025-04-03 13:22:39', NULL),
(56, 14, 20, NULL, 'present', 78.00, '', 0, '2025-04-03 13:22:39', NULL),
(57, 15, 20, NULL, 'present', 77.00, '', 0, '2025-04-03 13:22:39', NULL),
(58, 13, 21, NULL, 'present', 89.00, '', 0, '2025-04-03 13:23:01', NULL),
(59, 14, 21, NULL, 'present', 67.00, '', 0, '2025-04-03 13:23:01', NULL),
(60, 15, 21, NULL, 'present', 49.00, '', 0, '2025-04-03 13:23:01', NULL),
(61, 18, 4, NULL, 'present', 93.00, '', 0, '2025-04-08 17:01:25', NULL),
(62, 16, 4, NULL, 'present', 75.00, '', 0, '2025-04-08 17:01:25', NULL),
(63, 17, 4, NULL, 'present', 69.00, '', 0, '2025-04-08 17:01:25', NULL),
(64, 18, 5, NULL, 'present', 93.00, '', 0, '2025-04-08 17:01:50', NULL),
(65, 16, 5, NULL, 'present', 83.00, '', 0, '2025-04-08 17:01:50', NULL),
(66, 17, 5, NULL, 'present', 81.00, '', 0, '2025-04-08 17:01:50', NULL),
(67, 18, 6, NULL, 'present', 74.00, '', 0, '2025-04-08 17:02:14', NULL),
(68, 16, 6, NULL, 'present', 75.00, '', 0, '2025-04-08 17:02:14', NULL),
(69, 17, 6, NULL, 'present', 72.00, '', 0, '2025-04-08 17:02:14', NULL),
(70, 18, 7, NULL, 'present', 92.00, '', 0, '2025-04-08 17:02:50', NULL),
(71, 16, 7, NULL, 'present', 79.00, '', 0, '2025-04-08 17:02:50', NULL),
(72, 17, 7, NULL, 'present', 83.00, '', 0, '2025-04-08 17:02:50', NULL),
(73, 18, 8, NULL, 'present', 80.00, '', 0, '2025-04-08 17:03:20', NULL),
(74, 16, 8, NULL, 'present', 59.00, '', 0, '2025-04-08 17:03:20', NULL),
(75, 17, 8, NULL, 'present', 69.00, '', 0, '2025-04-08 17:03:20', NULL),
(76, 18, 9, NULL, 'present', 92.00, '', 0, '2025-04-08 17:03:39', NULL),
(77, 16, 9, NULL, 'present', 81.00, '', 0, '2025-04-08 17:03:39', NULL),
(78, 17, 9, NULL, 'present', 83.00, '', 0, '2025-04-08 17:03:39', NULL),
(79, 21, 11, NULL, 'present', 93.00, '', 0, '2025-04-08 17:07:14', NULL),
(80, 19, 11, NULL, 'present', 80.00, '', 0, '2025-04-08 17:07:14', NULL),
(81, 20, 11, NULL, 'present', 79.00, '', 0, '2025-04-08 17:07:14', NULL),
(82, 21, 10, NULL, 'present', 91.00, '', 0, '2025-04-08 17:07:29', NULL),
(83, 19, 10, NULL, 'present', 89.00, '', 0, '2025-04-08 17:07:29', NULL),
(84, 20, 10, NULL, 'present', 83.00, '', 0, '2025-04-08 17:07:29', NULL),
(85, 21, 12, NULL, 'present', 79.00, '', 0, '2025-04-08 17:07:46', NULL),
(86, 19, 12, NULL, 'present', 83.00, '', 0, '2025-04-08 17:07:46', NULL),
(87, 20, 12, NULL, 'present', 82.00, '', 0, '2025-04-08 17:07:46', NULL),
(88, 21, 13, NULL, 'present', 92.00, '', 0, '2025-04-08 17:09:57', NULL),
(89, 19, 13, NULL, 'present', 83.00, '', 0, '2025-04-08 17:08:04', NULL),
(90, 20, 13, NULL, 'present', 82.00, '', 0, '2025-04-08 17:08:04', NULL),
(91, 21, 14, NULL, 'present', 83.00, '', 0, '2025-04-08 17:08:26', NULL),
(92, 19, 14, NULL, 'present', 78.00, '', 0, '2025-04-08 17:08:26', NULL),
(93, 20, 14, NULL, 'present', 81.00, '', 0, '2025-04-08 17:08:26', NULL),
(94, 21, 15, NULL, 'present', 92.00, '', 0, '2025-04-08 17:08:51', NULL),
(95, 19, 15, NULL, 'present', 94.00, '', 0, '2025-04-08 17:08:51', NULL),
(96, 20, 15, NULL, 'present', 78.00, '', 0, '2025-04-08 17:08:51', NULL);

-- --------------------------------------------------------

--
-- Table structure for table `exam_group_students`
--

CREATE TABLE `exam_group_students` (
  `id` int(11) NOT NULL,
  `exam_group_id` int(11) DEFAULT NULL,
  `student_id` int(11) DEFAULT NULL,
  `student_session_id` int(11) DEFAULT NULL,
  `is_active` int(11) DEFAULT 0,
  `created_at` timestamp NOT NULL DEFAULT current_timestamp() ON UPDATE current_timestamp(),
  `updated_at` date DEFAULT NULL
) ENGINE=InnoDB DEFAULT CHARSET=utf8 COLLATE=utf8_general_ci;

-- --------------------------------------------------------

--
-- Table structure for table `exam_schedules`
--

CREATE TABLE `exam_schedules` (
  `id` int(11) NOT NULL,
  `session_id` int(11) NOT NULL,
  `exam_id` int(11) DEFAULT NULL,
  `teacher_subject_id` int(11) DEFAULT NULL,
  `date_of_exam` date DEFAULT NULL,
  `start_to` varchar(50) DEFAULT NULL,
  `end_from` varchar(50) DEFAULT NULL,
  `room_no` varchar(50) DEFAULT NULL,
  `full_marks` int(11) DEFAULT NULL,
  `passing_marks` int(11) DEFAULT NULL,
  `note` text DEFAULT NULL,
  `is_active` varchar(255) DEFAULT 'no',
  `created_at` timestamp NOT NULL DEFAULT current_timestamp() ON UPDATE current_timestamp(),
  `updated_at` date DEFAULT NULL
) ENGINE=InnoDB DEFAULT CHARSET=utf8 COLLATE=utf8_general_ci;

-- --------------------------------------------------------

--
-- Table structure for table `expenses`
--

CREATE TABLE `expenses` (
  `id` int(11) NOT NULL,
  `exp_head_id` int(11) DEFAULT NULL,
  `name` varchar(50) DEFAULT NULL,
  `invoice_no` varchar(200) DEFAULT NULL,
  `date` date DEFAULT NULL,
  `amount` float(10,2) DEFAULT NULL,
  `documents` varchar(255) DEFAULT NULL,
  `note` text DEFAULT NULL,
  `is_active` varchar(255) DEFAULT 'yes',
  `is_deleted` varchar(255) DEFAULT 'no',
  `created_at` timestamp NOT NULL DEFAULT current_timestamp() ON UPDATE current_timestamp(),
  `updated_at` date DEFAULT NULL
) ENGINE=InnoDB DEFAULT CHARSET=utf8 COLLATE=utf8_general_ci;

--
-- Dumping data for table `expenses`
--

INSERT INTO `expenses` (`id`, `exp_head_id`, `name`, `invoice_no`, `date`, `amount`, `documents`, `note`, `is_active`, `is_deleted`, `created_at`, `updated_at`) VALUES
(12, 9, 'Invigilator salary', '83476843', '2025-04-17', 10000.00, NULL, '', 'yes', 'no', '2025-04-29 09:37:35', NULL),
(13, 10, 'Teacher Salaries', '9043784378', '2025-04-29', 100000.00, NULL, '', 'yes', 'no', '2025-04-29 09:38:14', NULL),
(14, 11, 'Bus fuel', '94389437643', '2025-04-16', 5000.00, NULL, '', 'yes', 'no', '2025-04-29 09:39:18', NULL);

-- --------------------------------------------------------

--
-- Table structure for table `expense_category`
--

CREATE TABLE `expense_category` (
  `id` int(11) NOT NULL,
  `category` varchar(255) DEFAULT NULL,
  `description` varchar(255) DEFAULT NULL,
  `is_active` tinyint(4) DEFAULT 1,
  `is_deleted` tinyint(4) DEFAULT 0,
  `created_at` datetime DEFAULT current_timestamp(),
  `updated_at` datetime DEFAULT NULL ON UPDATE current_timestamp()
) ENGINE=InnoDB DEFAULT CHARSET=utf8mb4 COLLATE=utf8mb4_general_ci;

--
-- Dumping data for table `expense_category`
--

INSERT INTO `expense_category` (`id`, `category`, `description`, `is_active`, `is_deleted`, `created_at`, `updated_at`) VALUES
(5, 'Examination', '', 1, 0, '2025-04-29 09:33:14', NULL),
(6, 'Salaries', '', 1, 0, '2025-04-29 09:33:28', NULL),
(7, 'Transportation', '', 1, 0, '2025-04-29 09:33:41', NULL);

-- --------------------------------------------------------

--
-- Table structure for table `expense_head`
--

CREATE TABLE `expense_head` (
  `id` int(11) NOT NULL,
  `exp_category` varchar(50) DEFAULT NULL,
  `description` text DEFAULT NULL,
  `is_active` varchar(255) DEFAULT 'yes',
  `is_deleted` varchar(255) DEFAULT 'no',
  `expense_category_id` int(11) DEFAULT NULL,
  `created_at` timestamp NOT NULL DEFAULT current_timestamp() ON UPDATE current_timestamp(),
  `updated_at` date DEFAULT NULL
) ENGINE=InnoDB DEFAULT CHARSET=utf8 COLLATE=utf8_general_ci;

--
-- Dumping data for table `expense_head`
--

INSERT INTO `expense_head` (`id`, `exp_category`, `description`, `is_active`, `is_deleted`, `expense_category_id`, `created_at`, `updated_at`) VALUES
(9, 'Exams', '', 'yes', 'no', 5, '2025-04-29 09:35:07', NULL),
(10, 'Staff Salaries', '', 'yes', 'no', 6, '2025-04-29 09:35:54', NULL),
(11, 'Bus Expenses', '', 'yes', 'no', 7, '2025-04-29 09:38:49', NULL);

-- --------------------------------------------------------

--
-- Table structure for table `feemasters`
--

CREATE TABLE `feemasters` (
  `id` int(11) NOT NULL,
  `session_id` int(11) DEFAULT NULL,
  `feetype_id` int(11) NOT NULL,
  `class_id` int(11) DEFAULT NULL,
  `amount` float(10,2) DEFAULT NULL,
  `description` text DEFAULT NULL,
  `is_active` varchar(255) DEFAULT 'no',
  `created_at` timestamp NOT NULL DEFAULT current_timestamp() ON UPDATE current_timestamp(),
  `updated_at` date DEFAULT NULL
) ENGINE=InnoDB DEFAULT CHARSET=utf8 COLLATE=utf8_general_ci;

-- --------------------------------------------------------

--
-- Table structure for table `fees_discounts`
--

CREATE TABLE `fees_discounts` (
  `id` int(11) NOT NULL,
  `session_id` int(11) DEFAULT NULL,
  `name` varchar(100) DEFAULT NULL,
  `code` varchar(100) DEFAULT NULL,
  `type` varchar(20) DEFAULT NULL,
  `percentage` float(10,2) DEFAULT NULL,
  `amount` decimal(10,2) DEFAULT NULL,
  `description` text DEFAULT NULL,
  `is_active` varchar(10) NOT NULL DEFAULT 'no',
  `created_at` timestamp NOT NULL DEFAULT current_timestamp() ON UPDATE current_timestamp()
) ENGINE=InnoDB DEFAULT CHARSET=utf8 COLLATE=utf8_general_ci;

--
-- Dumping data for table `fees_discounts`
--

INSERT INTO `fees_discounts` (`id`, `session_id`, `name`, `code`, `type`, `percentage`, `amount`, `description`, `is_active`, `created_at`) VALUES
(1, 20, 'Overall', '123', 'percentage', 5.00, 0.00, 'Overall Description', 'no', '2025-04-04 17:11:23');

-- --------------------------------------------------------

--
-- Table structure for table `fees_reminder`
--

CREATE TABLE `fees_reminder` (
  `id` int(11) NOT NULL,
  `reminder_type` varchar(10) DEFAULT NULL,
  `day` int(11) DEFAULT NULL,
  `is_active` int(11) DEFAULT 0,
  `created_at` timestamp NOT NULL DEFAULT current_timestamp() ON UPDATE current_timestamp(),
  `updated_at` date DEFAULT NULL
) ENGINE=InnoDB DEFAULT CHARSET=utf8 COLLATE=utf8_general_ci;

--
-- Dumping data for table `fees_reminder`
--

INSERT INTO `fees_reminder` (`id`, `reminder_type`, `day`, `is_active`, `created_at`, `updated_at`) VALUES
(1, 'before', 2, 0, '2020-02-28 13:38:32', NULL),
(2, 'before', 5, 0, '2020-02-28 13:38:36', NULL),
(3, 'after', 2, 0, '2020-02-28 13:38:40', NULL),
(4, 'after', 5, 0, '2020-02-28 13:38:44', NULL);

-- --------------------------------------------------------

--
-- Table structure for table `feetype`
--

CREATE TABLE `feetype` (
  `id` int(11) NOT NULL,
  `is_system` int(11) NOT NULL DEFAULT 0,
  `feecategory_id` int(11) DEFAULT NULL,
  `type` varchar(50) DEFAULT NULL,
  `code` varchar(100) NOT NULL,
  `is_active` varchar(255) DEFAULT 'no',
  `description` text DEFAULT NULL,
  `created_at` timestamp NOT NULL DEFAULT current_timestamp() ON UPDATE current_timestamp(),
  `updated_at` date DEFAULT NULL
) ENGINE=InnoDB DEFAULT CHARSET=utf8 COLLATE=utf8_general_ci;

--
-- Dumping data for table `feetype`
--

INSERT INTO `feetype` (`id`, `is_system`, `feecategory_id`, `type`, `code`, `is_active`, `description`, `created_at`, `updated_at`) VALUES
(1, 0, NULL, 'Library Fees', '101', 'no', '', '2025-04-03 13:26:44', NULL),
(2, 0, NULL, 'Tution Fees', '102', 'no', '', '2025-04-03 13:26:54', NULL),
(3, 1, NULL, 'Previous Session Balance', 'Previous Session Balance', 'no', NULL, '2025-04-03 13:29:47', NULL),
(4, 0, NULL, 'Sport Fees', '103', 'no', 'Sport Fees Description', '2025-04-04 17:11:56', NULL);

-- --------------------------------------------------------

--
-- Table structure for table `fee_groups`
--

CREATE TABLE `fee_groups` (
  `id` int(11) NOT NULL,
  `name` varchar(200) DEFAULT NULL,
  `is_system` int(11) NOT NULL DEFAULT 0,
  `description` text DEFAULT NULL,
  `is_active` varchar(10) NOT NULL DEFAULT 'no',
  `created_at` timestamp NOT NULL DEFAULT current_timestamp() ON UPDATE current_timestamp()
) ENGINE=InnoDB DEFAULT CHARSET=utf8 COLLATE=utf8_general_ci;

--
-- Dumping data for table `fee_groups`
--

INSERT INTO `fee_groups` (`id`, `name`, `is_system`, `description`, `is_active`, `created_at`) VALUES
(1, 'Student Fees', 0, '', 'no', '2025-04-03 13:26:22'),
(2, 'Balance Master', 1, NULL, 'no', '2025-04-03 13:29:47'),
(3, 'January Student Fees', 0, '', 'no', '2025-04-05 03:01:37'),
(4, 'December Student Fees', 0, '', 'no', '2025-04-08 06:15:16');

-- --------------------------------------------------------

--
-- Table structure for table `fee_groups_feetype`
--

CREATE TABLE `fee_groups_feetype` (
  `id` int(11) NOT NULL,
  `fee_session_group_id` int(11) DEFAULT NULL,
  `fee_groups_id` int(11) DEFAULT NULL,
  `feetype_id` int(11) DEFAULT NULL,
  `session_id` int(11) DEFAULT NULL,
  `amount` decimal(10,2) DEFAULT NULL,
  `fine_type` varchar(50) NOT NULL DEFAULT 'none',
  `due_date` date DEFAULT NULL,
  `fine_percentage` float(10,2) NOT NULL DEFAULT 0.00,
  `fine_amount` float(10,2) NOT NULL DEFAULT 0.00,
  `is_active` varchar(10) NOT NULL DEFAULT 'no',
  `created_at` timestamp NOT NULL DEFAULT current_timestamp() ON UPDATE current_timestamp()
) ENGINE=InnoDB DEFAULT CHARSET=utf8 COLLATE=utf8_general_ci;

--
-- Dumping data for table `fee_groups_feetype`
--

INSERT INTO `fee_groups_feetype` (`id`, `fee_session_group_id`, `fee_groups_id`, `feetype_id`, `session_id`, `amount`, `fine_type`, `due_date`, `fine_percentage`, `fine_amount`, `is_active`, `created_at`) VALUES
(1, 1, 2, 3, 20, NULL, 'none', '2025-06-03', 0.00, 0.00, 'no', '2025-04-04 17:55:49'),
(5, 3, 1, 2, 20, 20001.00, 'none', '2025-02-28', 0.00, 0.00, 'no', '2025-04-08 09:16:55'),
(6, 3, 1, 1, 20, 5000.00, 'none', '2025-02-28', 0.00, 0.00, 'no', '2025-04-05 02:51:12'),
(7, 3, 1, 4, 20, 1000.00, 'none', '2025-02-28', 0.00, 0.00, 'no', '2025-04-05 02:52:44'),
(8, 4, 3, 1, 20, 500.00, 'none', '2025-01-30', 0.00, 0.00, 'no', '2025-04-05 03:02:12'),
(9, 4, 3, 2, 20, 10000.00, 'none', '2025-01-30', 0.00, 0.00, 'no', '2025-04-05 03:03:22'),
(10, 4, 3, 4, 20, 5000.00, 'none', '2025-01-30', 0.00, 0.00, 'no', '2025-04-05 03:03:48'),
(11, 5, 4, 1, 20, 1000.00, 'none', '2024-12-31', 0.00, 0.00, 'no', '2025-04-08 06:15:56'),
(12, 5, 4, 2, 20, 10000.00, 'none', '2024-12-30', 0.00, 0.00, 'no', '2025-04-08 06:17:28'),
(13, 5, 4, 4, 20, 5000.00, 'none', '2025-03-31', 0.00, 0.00, 'no', '2025-04-08 06:18:02');

-- --------------------------------------------------------

--
-- Table structure for table `fee_receipt_no`
--

CREATE TABLE `fee_receipt_no` (
  `id` int(11) NOT NULL,
  `payment` int(11) NOT NULL
) ENGINE=InnoDB DEFAULT CHARSET=utf8 COLLATE=utf8_general_ci;

-- --------------------------------------------------------

--
-- Table structure for table `fee_session_groups`
--

CREATE TABLE `fee_session_groups` (
  `id` int(11) NOT NULL,
  `fee_groups_id` int(11) DEFAULT NULL,
  `session_id` int(11) DEFAULT NULL,
  `is_active` varchar(10) NOT NULL DEFAULT 'no',
  `created_at` timestamp NOT NULL DEFAULT current_timestamp() ON UPDATE current_timestamp()
) ENGINE=InnoDB DEFAULT CHARSET=utf8 COLLATE=utf8_general_ci;

--
-- Dumping data for table `fee_session_groups`
--

INSERT INTO `fee_session_groups` (`id`, `fee_groups_id`, `session_id`, `is_active`, `created_at`) VALUES
(1, 2, 20, 'no', '2025-04-03 13:29:47'),
(3, 1, 20, 'no', '2025-04-05 02:48:59'),
(4, 3, 20, 'no', '2025-04-05 03:02:12'),
(5, 4, 20, 'no', '2025-04-08 06:15:56');

-- --------------------------------------------------------

--
-- Table structure for table `filetypes`
--

CREATE TABLE `filetypes` (
  `id` int(11) NOT NULL,
  `file_extension` text DEFAULT NULL,
  `file_mime` text DEFAULT NULL,
  `file_size` int(11) NOT NULL,
  `image_extension` text DEFAULT NULL,
  `image_mime` text DEFAULT NULL,
  `image_size` int(11) NOT NULL,
  `created_at` timestamp NOT NULL DEFAULT current_timestamp() ON UPDATE current_timestamp()
) ENGINE=InnoDB DEFAULT CHARSET=utf8 COLLATE=utf8_general_ci;

--
-- Dumping data for table `filetypes`
--

INSERT INTO `filetypes` (`id`, `file_extension`, `file_mime`, `file_size`, `image_extension`, `image_mime`, `image_size`, `created_at`) VALUES
(1, 'pdf, zip, jpg, jpeg, png, txt, 7z, gif, csv, docx, mp3, mp4, accdb, odt, ods, ppt, pptx, xlsx, wmv, jfif, apk, ppt, bmp, jpe, mdb, rar, xls, svg', 'application/pdf, image/zip, image/jpg, image/png, image/jpeg, text/plain, application/x-zip-compressed, application/zip, image/gif, text/csv, application/vnd.openxmlformats-officedocument.wordprocessingml.document, audio/mpeg, application/msaccess, application/vnd.oasis.opendocument.text, application/vnd.oasis.opendocument.spreadsheet, application/vnd.ms-powerpoint, application/vnd.openxmlformats-officedocument.presentationml.presentation, application/vnd.openxmlformats-officedocument.spreadsheetml.sheet, video/x-ms-wmv, video/mp4, image/jpeg, application/vnd.android.package-archive, application/x-msdownload, application/vnd.ms-powerpoint, image/bmp, image/jpeg, application/msaccess, application/vnd.ms-excel, image/svg+xml', 100048576, 'jfif, png, jpe, jpeg, jpg, bmp, gif, svg', 'image/jpeg, image/png, image/jpeg, image/jpeg, image/bmp, image/gif, image/x-ms-bmp, image/svg+xml', 10048576, '2021-01-30 13:03:03');

-- --------------------------------------------------------

--
-- Table structure for table `follow_up`
--

CREATE TABLE `follow_up` (
  `id` int(11) NOT NULL,
  `enquiry_id` int(11) NOT NULL,
  `date` date NOT NULL,
  `next_date` date NOT NULL,
  `response` text NOT NULL,
  `note` text NOT NULL,
  `followup_by` int(11) NOT NULL,
  `created_at` timestamp NOT NULL DEFAULT current_timestamp() ON UPDATE current_timestamp()
) ENGINE=InnoDB DEFAULT CHARSET=utf8 COLLATE=utf8_general_ci;

-- --------------------------------------------------------

--
-- Table structure for table `front_cms_media_gallery`
--

CREATE TABLE `front_cms_media_gallery` (
  `id` int(11) NOT NULL,
  `image` varchar(300) DEFAULT NULL,
  `thumb_path` varchar(300) DEFAULT NULL,
  `dir_path` varchar(300) DEFAULT NULL,
  `img_name` varchar(300) DEFAULT NULL,
  `thumb_name` varchar(300) DEFAULT NULL,
  `created_at` timestamp NOT NULL DEFAULT current_timestamp() ON UPDATE current_timestamp(),
  `file_type` varchar(100) NOT NULL,
  `file_size` varchar(100) NOT NULL,
  `vid_url` text NOT NULL,
  `vid_title` varchar(250) NOT NULL
) ENGINE=InnoDB DEFAULT CHARSET=utf8 COLLATE=utf8_general_ci;

-- --------------------------------------------------------

--
-- Table structure for table `front_cms_menus`
--

CREATE TABLE `front_cms_menus` (
  `id` int(11) NOT NULL,
  `menu` varchar(100) DEFAULT NULL,
  `slug` varchar(200) DEFAULT NULL,
  `description` text DEFAULT NULL,
  `open_new_tab` int(11) NOT NULL DEFAULT 0,
  `ext_url` text NOT NULL,
  `ext_url_link` text NOT NULL,
  `publish` int(11) NOT NULL DEFAULT 0,
  `content_type` varchar(10) NOT NULL DEFAULT 'manual',
  `is_active` varchar(10) DEFAULT 'no',
  `created_at` timestamp NOT NULL DEFAULT current_timestamp() ON UPDATE current_timestamp()
) ENGINE=InnoDB DEFAULT CHARSET=utf8 COLLATE=utf8_general_ci;

--
-- Dumping data for table `front_cms_menus`
--

INSERT INTO `front_cms_menus` (`id`, `menu`, `slug`, `description`, `open_new_tab`, `ext_url`, `ext_url_link`, `publish`, `content_type`, `is_active`, `created_at`) VALUES
(1, 'Main Menu', 'main-menu', 'Main menu', 0, '', '', 0, 'default', 'no', '2018-04-20 14:54:49'),
(2, 'Bottom Menu', 'bottom-menu', 'Bottom Menu', 0, '', '', 0, 'default', 'no', '2018-04-20 14:54:55');

-- --------------------------------------------------------

--
-- Table structure for table `front_cms_menu_items`
--

CREATE TABLE `front_cms_menu_items` (
  `id` int(11) NOT NULL,
  `menu_id` int(11) NOT NULL,
  `menu` varchar(100) DEFAULT NULL,
  `page_id` int(11) NOT NULL,
  `parent_id` int(11) NOT NULL,
  `ext_url` text DEFAULT NULL,
  `open_new_tab` int(11) DEFAULT 0,
  `ext_url_link` text DEFAULT NULL,
  `slug` varchar(200) DEFAULT NULL,
  `weight` int(11) DEFAULT NULL,
  `publish` int(11) NOT NULL DEFAULT 0,
  `description` text DEFAULT NULL,
  `is_active` varchar(10) DEFAULT 'no',
  `created_at` timestamp NOT NULL DEFAULT current_timestamp() ON UPDATE current_timestamp()
) ENGINE=InnoDB DEFAULT CHARSET=utf8 COLLATE=utf8_general_ci;

--
-- Dumping data for table `front_cms_menu_items`
--

INSERT INTO `front_cms_menu_items` (`id`, `menu_id`, `menu`, `page_id`, `parent_id`, `ext_url`, `open_new_tab`, `ext_url_link`, `slug`, `weight`, `publish`, `description`, `is_active`, `created_at`) VALUES
(1, 1, 'Home', 1, 0, NULL, NULL, NULL, 'home', 1, 0, NULL, 'no', '2019-12-02 22:11:50'),
(2, 1, 'Contact Us', 76, 0, NULL, NULL, NULL, 'contact-us', 4, 0, NULL, 'no', '2019-12-02 22:11:52'),
(3, 1, 'Complain', 2, 0, NULL, NULL, NULL, 'complain', 3, 0, NULL, 'no', '2019-12-02 22:11:52'),
(4, 1, 'Online Admission', 0, 0, '1', NULL, 'http://yourschoolurl.com/online_admission', 'admssion', 2, 0, NULL, 'no', '2019-12-21 15:33:00');

-- --------------------------------------------------------

--
-- Table structure for table `front_cms_pages`
--

CREATE TABLE `front_cms_pages` (
  `id` int(11) NOT NULL,
  `page_type` varchar(10) NOT NULL DEFAULT 'manual',
  `is_homepage` int(11) DEFAULT 0,
  `title` varchar(250) DEFAULT NULL,
  `url` varchar(250) DEFAULT NULL,
  `type` varchar(50) DEFAULT NULL,
  `slug` varchar(200) DEFAULT NULL,
  `meta_title` text DEFAULT NULL,
  `meta_description` text DEFAULT NULL,
  `meta_keyword` text DEFAULT NULL,
  `feature_image` varchar(200) NOT NULL,
  `description` longtext DEFAULT NULL,
  `publish_date` date DEFAULT NULL,
  `publish` int(11) DEFAULT 0,
  `sidebar` int(11) DEFAULT 0,
  `is_active` varchar(10) DEFAULT 'no',
  `created_at` timestamp NOT NULL DEFAULT current_timestamp() ON UPDATE current_timestamp()
) ENGINE=InnoDB DEFAULT CHARSET=utf8 COLLATE=utf8_general_ci;

--
-- Dumping data for table `front_cms_pages`
--

INSERT INTO `front_cms_pages` (`id`, `page_type`, `is_homepage`, `title`, `url`, `type`, `slug`, `meta_title`, `meta_description`, `meta_keyword`, `feature_image`, `description`, `publish_date`, `publish`, `sidebar`, `is_active`, `created_at`) VALUES
(1, 'default', 1, 'Home', 'page/home', 'page', 'home', '', '', '', '', '<p>home page</p>', '0000-00-00', 1, NULL, 'no', '2019-12-02 15:23:47'),
(2, 'default', 0, 'Complain', 'page/complain', 'page', 'complain', 'Complain form', '                                                                                                                                                                                    complain form                                                                                                                                                                                                                                ', 'complain form', '', '<p>[form-builder:complain]</p>', '0000-00-00', 1, NULL, 'no', '2019-11-13 10:16:36'),
(3, 'default', 0, '404 page', 'page/404-page', 'page', '404-page', '', '                                ', '', '', '<html>\r\n<head>\r\n <title></title>\r\n</head>\r\n<body>\r\n<p>404 page found</p>\r\n</body>\r\n</html>', '0000-00-00', 0, NULL, 'no', '2018-05-18 14:46:04'),
(4, 'default', 0, 'Contact us', 'page/contact-us', 'page', 'contact-us', '', '', '', '', '<section class=\"contact\">\r\n<div class=\"container\">\r\n<div class=\"row\">\r\n<h2 class=\"col-md-12 col-sm-12\">Send In Your Query</h2>\r\n\r\n<p>&nbsp;</p>\r\n\r\n<div class=\"col-md-12 col-sm-12\">[form-builder:contact_us]<!--./row--></div>\r\n<!--./col-md-12--></div>\r\n<!--./row--></div>\r\n<!--./container--></section>\r\n\r\n<div class=\"col-md-4 col-sm-4\">\r\n<div class=\"contact-item\"><img src=\"http://192.168.1.81/repos/smartschool/uploads/gallery/media/pin.svg\" />\r\n<h3>Our Location</h3>\r\n\r\n<p>350 Fifth Avenue, 34th floor New York NY 10118-3299 USA</p>\r\n</div>\r\n<!--./contact-item--></div>\r\n<!--./col-md-4-->\r\n\r\n<div class=\"col-md-4 col-sm-4\">\r\n<div class=\"contact-item\"><img src=\"http://192.168.1.81/repos/smartschool/uploads/gallery/media/phone.svg\" />\r\n<h3>CALL US</h3>\r\n\r\n<p>E-mail : info@abcschool.com</p>\r\n\r\n<p>Mobile : +91-9009987654</p>\r\n</div>\r\n<!--./contact-item--></div>\r\n<!--./col-md-4-->\r\n\r\n<div class=\"col-md-4 col-sm-4\">\r\n<div class=\"contact-item\"><img src=\"http://192.168.1.81/repos/smartschool/uploads/gallery/media/clock.svg\" />\r\n<h3>Working Hours</h3>\r\n\r\n<p>Mon-Fri : 9 am to 5 pm</p>\r\n\r\n<p>Sat : 9 am to 3 pm</p>\r\n</div>\r\n<!--./contact-item--></div>\r\n<!--./col-md-4-->\r\n\r\n<div class=\"col-md-12 col-sm-12\">\r\n<div class=\"mapWrapper fullwidth\"><iframe frameborder=\"0\" height=\"500\" marginheight=\"0\" marginwidth=\"0\" scrolling=\"no\" src=\"http://maps.google.com/maps?f=q&source=s_q&hl=EN&q=time+square&aq=&sll=40.716558,-73.931122&sspn=0.40438,1.056747&ie=UTF8&rq=1&ev=p&split=1&radius=33.22&hq=time+square&hnear=&ll=37.061753,-95.677185&spn=0.438347,0.769043&z=9&output=embed\" width=\"100%\"></iframe></div>\r\n</div>', '0000-00-00', 0, NULL, 'no', '2019-05-04 15:46:41');

-- --------------------------------------------------------

--
-- Table structure for table `front_cms_page_contents`
--

CREATE TABLE `front_cms_page_contents` (
  `id` int(11) NOT NULL,
  `page_id` int(11) DEFAULT NULL,
  `content_type` varchar(50) DEFAULT NULL,
  `created_at` timestamp NOT NULL DEFAULT current_timestamp() ON UPDATE current_timestamp()
) ENGINE=InnoDB DEFAULT CHARSET=utf8 COLLATE=utf8_general_ci;

-- --------------------------------------------------------

--
-- Table structure for table `front_cms_programs`
--

CREATE TABLE `front_cms_programs` (
  `id` int(11) NOT NULL,
  `type` varchar(50) DEFAULT NULL,
  `slug` varchar(255) DEFAULT NULL,
  `url` text DEFAULT NULL,
  `title` varchar(200) DEFAULT NULL,
  `date` date DEFAULT NULL,
  `event_start` date DEFAULT NULL,
  `event_end` date DEFAULT NULL,
  `event_venue` text DEFAULT NULL,
  `description` text DEFAULT NULL,
  `is_active` varchar(10) DEFAULT 'no',
  `created_at` timestamp NOT NULL DEFAULT current_timestamp() ON UPDATE current_timestamp(),
  `meta_title` text NOT NULL,
  `meta_description` text NOT NULL,
  `meta_keyword` text NOT NULL,
  `feature_image` text NOT NULL,
  `publish_date` date DEFAULT NULL,
  `publish` varchar(10) DEFAULT '0',
  `sidebar` int(11) DEFAULT 0
) ENGINE=InnoDB DEFAULT CHARSET=utf8 COLLATE=utf8_general_ci;

-- --------------------------------------------------------

--
-- Table structure for table `front_cms_program_photos`
--

CREATE TABLE `front_cms_program_photos` (
  `id` int(11) NOT NULL,
  `program_id` int(11) DEFAULT NULL,
  `media_gallery_id` int(11) NOT NULL,
  `created_at` timestamp NOT NULL DEFAULT current_timestamp() ON UPDATE current_timestamp()
) ENGINE=InnoDB DEFAULT CHARSET=utf8 COLLATE=utf8_general_ci;

-- --------------------------------------------------------

--
-- Table structure for table `front_cms_settings`
--

CREATE TABLE `front_cms_settings` (
  `id` int(11) NOT NULL,
  `theme` varchar(50) DEFAULT NULL,
  `is_active_rtl` int(11) DEFAULT 0,
  `is_active_front_cms` int(11) DEFAULT 0,
  `is_active_sidebar` int(11) DEFAULT 0,
  `logo` varchar(200) DEFAULT NULL,
  `contact_us_email` varchar(100) DEFAULT NULL,
  `complain_form_email` varchar(100) DEFAULT NULL,
  `sidebar_options` text NOT NULL,
  `whatsapp_url` varchar(255) NOT NULL,
  `fb_url` varchar(200) NOT NULL,
  `twitter_url` varchar(200) NOT NULL,
  `youtube_url` varchar(200) NOT NULL,
  `google_plus` varchar(200) NOT NULL,
  `instagram_url` varchar(200) NOT NULL,
  `pinterest_url` varchar(200) NOT NULL,
  `linkedin_url` varchar(200) NOT NULL,
  `google_analytics` text DEFAULT NULL,
  `footer_text` varchar(500) DEFAULT NULL,
  `cookie_consent` varchar(255) NOT NULL,
  `fav_icon` varchar(250) DEFAULT NULL,
  `created_at` timestamp NOT NULL DEFAULT current_timestamp() ON UPDATE current_timestamp()
) ENGINE=InnoDB DEFAULT CHARSET=utf8 COLLATE=utf8_general_ci;

--
-- Dumping data for table `front_cms_settings`
--

INSERT INTO `front_cms_settings` (`id`, `theme`, `is_active_rtl`, `is_active_front_cms`, `is_active_sidebar`, `logo`, `contact_us_email`, `complain_form_email`, `sidebar_options`, `whatsapp_url`, `fb_url`, `twitter_url`, `youtube_url`, `google_plus`, `instagram_url`, `pinterest_url`, `linkedin_url`, `google_analytics`, `footer_text`, `cookie_consent`, `fav_icon`, `created_at`) VALUES
(1, 'material_pink', NULL, NULL, NULL, './uploads/school_content/logo/1672900975-128524590063b6716fc26ed!front_logo-608ff44a5f8f07.35255544.png', '', '', '[]', '', '', '', '', '', '', '', '', '', '', '', './uploads/school_content/logo/1672900975-63781378463b6716fc2886!front_fav_icon-608ff44a5fdb33.94953981.png', '2023-01-05 06:42:55');

-- --------------------------------------------------------

--
-- Table structure for table `gateway_ins`
--

CREATE TABLE `gateway_ins` (
  `id` int(11) NOT NULL,
  `online_admission_id` int(11) DEFAULT NULL,
  `gateway_name` varchar(50) NOT NULL,
  `module_type` varchar(255) NOT NULL,
  `unique_id` varchar(255) NOT NULL,
  `parameter_details` mediumtext NOT NULL,
  `payment_status` varchar(255) NOT NULL,
  `created_at` timestamp NOT NULL DEFAULT current_timestamp() ON UPDATE current_timestamp()
) ENGINE=InnoDB DEFAULT CHARSET=utf8 COLLATE=utf8_general_ci;

-- --------------------------------------------------------

--
-- Table structure for table `gateway_ins_response`
--

CREATE TABLE `gateway_ins_response` (
  `id` int(11) NOT NULL,
  `gateway_ins_id` int(11) DEFAULT NULL,
  `posted_data` text DEFAULT NULL,
  `response` text DEFAULT NULL,
  `created_at` timestamp NOT NULL DEFAULT current_timestamp() ON UPDATE current_timestamp()
) ENGINE=InnoDB DEFAULT CHARSET=utf8 COLLATE=utf8_general_ci;

-- --------------------------------------------------------

--
-- Table structure for table `general_calls`
--

CREATE TABLE `general_calls` (
  `id` int(11) NOT NULL,
  `name` varchar(100) NOT NULL,
  `contact` varchar(12) NOT NULL,
  `date` date NOT NULL,
  `description` varchar(500) NOT NULL,
  `follow_up_date` date NOT NULL,
  `call_duration` varchar(50) NOT NULL,
  `note` text NOT NULL,
  `call_type` varchar(20) NOT NULL,
  `created_at` timestamp NOT NULL DEFAULT current_timestamp()
) ENGINE=InnoDB DEFAULT CHARSET=utf8 COLLATE=utf8_general_ci;

--
-- Dumping data for table `general_calls`
--

INSERT INTO `general_calls` (`id`, `name`, `contact`, `date`, `description`, `follow_up_date`, `call_duration`, `note`, `call_type`, `created_at`) VALUES
(1, 'Ram Kumar', '9864564645', '2025-03-12', '', '2025-03-17', '12', '', 'Incoming', '2025-04-03 11:29:28'),
(2, 'Pratap Singh', '4565446468', '2025-03-18', 'Admission Enq.', '2025-03-21', '15', '', 'Incoming', '2025-04-03 11:31:24'),
(3, 'Pratap Singh', '4565446468', '2025-03-21', 'Follow-up Call for Adm. Enq.', '2025-03-24', '5', 'He was busy, asked to call later', 'Outgoing', '2025-04-03 11:32:39');

-- --------------------------------------------------------

--
-- Table structure for table `grades`
--

CREATE TABLE `grades` (
  `id` int(11) NOT NULL,
  `exam_type` varchar(250) DEFAULT NULL,
  `name` varchar(100) DEFAULT NULL,
  `point` float(10,1) DEFAULT NULL,
  `mark_from` float(10,2) DEFAULT NULL,
  `mark_upto` float(10,2) DEFAULT NULL,
  `description` text DEFAULT NULL,
  `is_active` varchar(255) DEFAULT 'no',
  `created_at` timestamp NOT NULL DEFAULT current_timestamp() ON UPDATE current_timestamp(),
  `updated_at` date DEFAULT NULL
) ENGINE=InnoDB DEFAULT CHARSET=utf8 COLLATE=utf8_general_ci;

-- --------------------------------------------------------

--
-- Table structure for table `homework`
--

CREATE TABLE `homework` (
  `id` int(11) NOT NULL,
  `class_id` int(11) NOT NULL,
  `section_id` int(11) NOT NULL,
  `session_id` int(11) NOT NULL,
  `staff_id` int(11) NOT NULL,
  `subject_group_subject_id` int(11) DEFAULT NULL,
  `subject_id` int(11) DEFAULT NULL,
  `lesson_id` int(11) DEFAULT NULL,
  `topic_id` int(11) DEFAULT NULL,
  `auto_created` int(11) DEFAULT NULL,
  `is_active` int(11) DEFAULT 0,
  `homework_date` date NOT NULL,
  `submit_date` date NOT NULL,
  `marks` float(10,2) DEFAULT NULL,
  `description` text DEFAULT NULL,
  `create_date` date NOT NULL,
  `evaluation_date` date DEFAULT NULL,
  `document` varchar(200) DEFAULT NULL,
  `created_by` int(11) NOT NULL,
  `evaluated_by` int(11) DEFAULT NULL,
  `created_at` timestamp NULL DEFAULT current_timestamp()
) ENGINE=InnoDB DEFAULT CHARSET=utf8 COLLATE=utf8_general_ci;

--
-- Dumping data for table `homework`
--

INSERT INTO `homework` (`id`, `class_id`, `section_id`, `session_id`, `staff_id`, `subject_group_subject_id`, `subject_id`, `lesson_id`, `topic_id`, `auto_created`, `is_active`, `homework_date`, `submit_date`, `marks`, `description`, `create_date`, `evaluation_date`, `document`, `created_by`, `evaluated_by`, `created_at`) VALUES
(1, 1, 1, 20, 1, 4, NULL, NULL, NULL, NULL, 0, '2025-04-01', '2025-04-15', 100.00, 'Computer Science Homework', '2025-04-02', NULL, NULL, 1, NULL, '2025-04-02 11:23:42'),
(2, 1, 1, 20, 1, 3, NULL, NULL, NULL, NULL, 0, '2025-04-01', '2025-04-15', 100.00, 'Maths Homework', '2025-04-02', NULL, NULL, 1, NULL, '2025-04-02 11:25:23'),
(3, 1, 1, 20, 1, 2, NULL, NULL, NULL, NULL, 0, '2025-04-01', '2025-04-05', 100.00, 'Science Class 6 Description', '2025-04-09', '2025-04-08', NULL, 1, 1, '2025-04-09 00:44:46'),
(4, 1, 1, 20, 1, 5, NULL, NULL, NULL, NULL, 0, '2025-04-01', '2025-04-08', 100.00, 'Class 6th Social Studies Description', '2025-04-09', '2025-04-08', NULL, 1, 1, '2025-04-09 00:51:10'),
(5, 1, 1, 20, 1, 6, NULL, NULL, NULL, NULL, 0, '2025-04-18', '2025-04-18', 100.00, 'Home work for daily assessment(English handwriting)', '2025-04-18', NULL, NULL, 1, NULL, '2025-04-18 10:03:11'),
(6, 1, 1, 20, 1, 2, NULL, NULL, NULL, NULL, 0, '2025-04-20', '2025-04-20', 100.00, 'Matters and materials Homework', '2025-04-20', NULL, NULL, 1, NULL, '2025-04-20 02:24:34'),
(7, 1, 1, 20, 1, 2, NULL, NULL, NULL, NULL, 0, '2025-04-20', '2025-04-23', 100.00, 'Homework Description', '2025-04-20', NULL, NULL, 1, NULL, '2025-04-20 04:25:52'),
(8, 1, 1, 20, 1, 2, NULL, 9, 45, NULL, 0, '2025-04-21', '2025-04-24', 100.00, '<p>Class 6th </p><p>Lesson-Matters and Material </p><p>Topic-States of Matter</p>', '2025-04-21', NULL, NULL, 1, NULL, '2025-04-21 08:10:38'),
(9, 1, 1, 20, 1, 2, NULL, 9, 46, NULL, 0, '2025-04-21', '2025-04-24', 100.00, '<p>Science<br>lesson-Matter and Materials</p><p>Topic-Properties of different states of matter</p>', '2025-04-21', NULL, NULL, 1, NULL, '2025-04-21 08:12:14'),
(10, 1, 1, 20, 1, 1, NULL, 2, 4, NULL, 0, '2025-04-21', '2025-04-24', 100.00, '<p>Science<br>lesson-Hindi Vyankran</p><p>Topic-varnmala or uske prkar</p>', '2025-04-21', NULL, NULL, 1, NULL, '2025-04-21 08:15:44'),
(11, 1, 1, 20, 1, 1, NULL, 2, 5, NULL, 0, '2025-04-21', '2025-04-24', NULL, '<p>Science<br>lesson-Hindi Vyankran</p><p>Topic-sangya or uske prkar</p>', '2025-04-21', NULL, NULL, 1, NULL, '2025-04-21 08:16:52'),
(12, 1, 1, 20, 1, 3, NULL, 17, 98, NULL, 0, '2025-04-22', '2025-04-30', 100.00, '<b>Maths </b><br>lesson-Knowing our numbers<br>Topic-Comparing Large numbers', '2025-04-22', NULL, NULL, 1, NULL, '2025-04-22 04:26:46'),
(13, 1, 1, 20, 1, 2, NULL, 9, 49, 1, 0, '2025-04-23', '2025-04-23', 100.00, 'This is an autogenerated homework<br> The Topic <b><h4>Reversible and irreversible changes</h4></b> has been completed. Please revise all the concepts.', '2025-04-23', NULL, NULL, 1, NULL, '2025-04-23 12:44:54'),
(14, 1, 1, 20, 1, 2, NULL, 10, 50, 1, 0, '2025-04-29', '2025-04-29', 100.00, 'This is an autogenerated homework<br> The Topic <b><h4>Classification of living organisms</h4></b> has been completed. Please revise all the concepts.', '2025-04-29', NULL, NULL, 1, NULL, '2025-04-29 10:05:23'),
(15, 1, 1, 20, 1, 3, NULL, 17, 98, NULL, 1, '2025-04-30', '2025-04-30', 90.00, 'l-knwing our numbers<br>t-comparing large numbers', '2025-04-30', '2025-04-30', NULL, 1, 1, '2025-04-30 10:47:35'),
(16, 1, 1, 20, 1, 2, NULL, 16, 94, NULL, 0, '2025-04-30', '2025-04-30', 100.00, 'Description', '2025-04-30', NULL, NULL, 1, NULL, '2025-04-30 11:25:53');

-- --------------------------------------------------------

--
-- Table structure for table `homework_evaluation`
--

CREATE TABLE `homework_evaluation` (
  `id` int(11) NOT NULL,
  `homework_id` int(11) NOT NULL,
  `student_id` int(11) NOT NULL,
  `student_session_id` int(11) DEFAULT NULL,
  `marks` float(10,2) DEFAULT NULL,
  `note` varchar(255) NOT NULL,
  `date` date NOT NULL,
  `status` varchar(100) NOT NULL,
  `created_at` timestamp NOT NULL DEFAULT current_timestamp() ON UPDATE current_timestamp()
) ENGINE=InnoDB DEFAULT CHARSET=utf8 COLLATE=utf8_general_ci;

--
-- Dumping data for table `homework_evaluation`
--

INSERT INTO `homework_evaluation` (`id`, `homework_id`, `student_id`, `student_session_id`, `marks`, `note`, `date`, `status`, `created_at`) VALUES
(1, 3, 46, 46, 90.00, 'Good', '2025-04-08', 'Complete', '2025-04-09 00:56:48'),
(2, 4, 46, 46, 70.00, 'Good', '2025-04-08', 'Complete', '2025-04-09 00:57:22'),
(3, 15, 46, 46, 50.00, '', '2025-04-30', 'Complete', '2025-04-30 11:11:32');

-- --------------------------------------------------------

--
-- Table structure for table `hostel`
--

CREATE TABLE `hostel` (
  `id` int(11) NOT NULL,
  `hostel_name` varchar(100) DEFAULT NULL,
  `type` varchar(50) DEFAULT NULL,
  `address` text DEFAULT NULL,
  `intake` int(11) DEFAULT NULL,
  `description` text DEFAULT NULL,
  `is_active` varchar(255) DEFAULT 'no',
  `created_at` timestamp NOT NULL DEFAULT current_timestamp() ON UPDATE current_timestamp(),
  `updated_at` date DEFAULT NULL
) ENGINE=InnoDB DEFAULT CHARSET=utf8 COLLATE=utf8_general_ci;

--
-- Dumping data for table `hostel`
--

INSERT INTO `hostel` (`id`, `hostel_name`, `type`, `address`, `intake`, `description`, `is_active`, `created_at`, `updated_at`) VALUES
(1, 'Nehru', 'Boys', 'X-20 Karkardooma', 200, '', 'no', '2025-04-08 11:32:10', NULL),
(2, 'Tagrore', 'Boys', 'X-20 Karkardooma', 300, '', 'no', '2025-04-08 11:33:46', NULL);

-- --------------------------------------------------------

--
-- Table structure for table `hostel_rooms`
--

CREATE TABLE `hostel_rooms` (
  `id` int(11) NOT NULL,
  `hostel_id` int(11) DEFAULT NULL,
  `room_type_id` int(11) DEFAULT NULL,
  `room_no` varchar(200) DEFAULT NULL,
  `no_of_bed` int(11) DEFAULT NULL,
  `cost_per_bed` float(10,2) DEFAULT 0.00,
  `title` varchar(200) DEFAULT NULL,
  `description` text DEFAULT NULL,
  `created_at` timestamp NOT NULL DEFAULT current_timestamp() ON UPDATE current_timestamp()
) ENGINE=InnoDB DEFAULT CHARSET=utf8 COLLATE=utf8_general_ci;

--
-- Dumping data for table `hostel_rooms`
--

INSERT INTO `hostel_rooms` (`id`, `hostel_id`, `room_type_id`, `room_no`, `no_of_bed`, `cost_per_bed`, `title`, `description`, `created_at`) VALUES
(1, 1, 1, '101', 2, 1000.00, NULL, '', '2025-04-08 11:34:42'),
(2, 2, 2, '102', 3, 500.00, NULL, '', '2025-04-08 11:35:08');

-- --------------------------------------------------------

--
-- Table structure for table `id_card`
--

CREATE TABLE `id_card` (
  `id` int(11) NOT NULL,
  `title` varchar(100) NOT NULL,
  `school_name` varchar(100) NOT NULL,
  `school_address` varchar(500) NOT NULL,
  `background` varchar(100) NOT NULL,
  `logo` varchar(100) NOT NULL,
  `sign_image` varchar(100) NOT NULL,
  `enable_vertical_card` int(11) NOT NULL DEFAULT 0,
  `header_color` varchar(100) NOT NULL,
  `enable_admission_no` tinyint(1) NOT NULL COMMENT '0=disable,1=enable',
  `enable_student_name` tinyint(1) NOT NULL COMMENT '0=disable,1=enable',
  `enable_class` tinyint(1) NOT NULL COMMENT '0=disable,1=enable',
  `enable_fathers_name` tinyint(1) NOT NULL COMMENT '0=disable,1=enable',
  `enable_mothers_name` tinyint(1) NOT NULL COMMENT '0=disable,1=enable',
  `enable_address` tinyint(1) NOT NULL COMMENT '0=disable,1=enable',
  `enable_phone` tinyint(1) NOT NULL COMMENT '0=disable,1=enable',
  `enable_dob` tinyint(1) NOT NULL COMMENT '0=disable,1=enable',
  `enable_blood_group` tinyint(1) NOT NULL COMMENT '0=disable,1=enable',
  `enable_student_barcode` tinyint(4) NOT NULL DEFAULT 1 COMMENT '0=disable,1=enable',
  `status` tinyint(1) NOT NULL COMMENT '0=disable,1=enable'
) ENGINE=InnoDB DEFAULT CHARSET=utf8 COLLATE=utf8_general_ci;

--
-- Dumping data for table `id_card`
--

INSERT INTO `id_card` (`id`, `title`, `school_name`, `school_address`, `background`, `logo`, `sign_image`, `enable_vertical_card`, `header_color`, `enable_admission_no`, `enable_student_name`, `enable_class`, `enable_fathers_name`, `enable_mothers_name`, `enable_address`, `enable_phone`, `enable_dob`, `enable_blood_group`, `enable_student_barcode`, `status`) VALUES
(1, 'Sample Student Identity Card Horizontal', 'Mount Carmel School', '110 Kings Street, CA  Phone: 456542 Email: mount@gmail.com', 'samplebackground12.png', 'samplelogo12.png', 'samplesign12.png', 0, '#595959', 1, 1, 1, 1, 0, 1, 1, 1, 1, 1, 1),
(2, 'Sample Student Identity Card Vertical', 'Mount Carmel School', '110 Kings Street, CA  Phone: 456542 Email: mount@gmail.com', 'samplebackground12.png', 'samplelogo12.png', 'samplesign12.png', 1, '#595959', 1, 1, 1, 1, 0, 1, 1, 1, 1, 1, 1);

-- --------------------------------------------------------

--
-- Table structure for table `income`
--

CREATE TABLE `income` (
  `id` int(11) NOT NULL,
  `income_head_id` int(11) DEFAULT NULL,
  `name` varchar(50) DEFAULT NULL,
  `invoice_no` varchar(200) DEFAULT NULL,
  `date` date DEFAULT NULL,
  `amount` float(10,2) DEFAULT 0.00,
  `note` text DEFAULT NULL,
  `is_active` varchar(255) DEFAULT 'yes',
  `documents` varchar(255) DEFAULT NULL,
  `is_deleted` varchar(255) DEFAULT 'no',
  `created_at` timestamp NOT NULL DEFAULT current_timestamp() ON UPDATE current_timestamp(),
  `updated_at` date DEFAULT NULL
) ENGINE=InnoDB DEFAULT CHARSET=utf8 COLLATE=utf8_general_ci;

--
-- Dumping data for table `income`
--

INSERT INTO `income` (`id`, `income_head_id`, `name`, `invoice_no`, `date`, `amount`, `note`, `is_active`, `documents`, `is_deleted`, `created_at`, `updated_at`) VALUES
(11, 10, 'Library Late Fees', '9486437423', '2025-04-16', 5000.00, '', 'yes', NULL, 'no', '2025-04-29 09:43:11', NULL),
(12, 11, 'April Student Fees', '943876437', '2025-04-24', 300000.00, '', 'yes', NULL, 'no', '2025-04-29 09:43:45', NULL),
(13, 12, 'Mess charges', '982474376', '2025-04-24', 300000.00, '', 'yes', NULL, 'no', '2025-04-29 09:44:23', NULL),
(14, 12, 'Hostel Room Rent', '943973476', '2025-02-14', 50000.00, '', 'yes', NULL, 'no', '2025-04-29 09:47:10', NULL);

-- --------------------------------------------------------

--
-- Table structure for table `income_category`
--

CREATE TABLE `income_category` (
  `id` int(11) NOT NULL,
  `category` varchar(255) DEFAULT NULL,
  `description` varchar(255) DEFAULT NULL,
  `is_active` tinyint(4) DEFAULT 1,
  `is_deleted` tinyint(4) DEFAULT 0,
  `created_at` datetime DEFAULT current_timestamp(),
  `updated_at` datetime DEFAULT NULL ON UPDATE current_timestamp()
) ENGINE=InnoDB DEFAULT CHARSET=utf8mb4 COLLATE=utf8mb4_general_ci;

--
-- Dumping data for table `income_category`
--

INSERT INTO `income_category` (`id`, `category`, `description`, `is_active`, `is_deleted`, `created_at`, `updated_at`) VALUES
(3, 'Academic', '', 1, 0, '2025-04-29 09:40:30', NULL),
(4, 'Infrastructe', '', 1, 0, '2025-04-29 09:40:53', NULL),
(5, 'Administration', '', 1, 0, '2025-04-29 09:41:07', NULL);

-- --------------------------------------------------------

--
-- Table structure for table `income_head`
--

CREATE TABLE `income_head` (
  `id` int(11) NOT NULL,
  `income_category` varchar(255) DEFAULT NULL,
  `description` varchar(255) DEFAULT NULL,
  `is_active` varchar(255) NOT NULL DEFAULT 'yes',
  `is_deleted` varchar(255) NOT NULL DEFAULT 'no',
  `income_category_id` int(11) DEFAULT NULL,
  `created_at` timestamp NOT NULL DEFAULT current_timestamp() ON UPDATE current_timestamp(),
  `updated_at` date DEFAULT NULL
) ENGINE=InnoDB DEFAULT CHARSET=utf8 COLLATE=utf8_general_ci;

--
-- Dumping data for table `income_head`
--

INSERT INTO `income_head` (`id`, `income_category`, `description`, `is_active`, `is_deleted`, `income_category_id`, `created_at`, `updated_at`) VALUES
(10, 'Fine Collection', '', 'yes', 'no', 5, '2025-04-29 09:42:01', NULL),
(11, 'Tution Fees', '', 'yes', 'no', 3, '2025-04-29 09:42:12', NULL),
(12, 'Hostel Fees', '', 'yes', 'no', 4, '2025-04-29 09:42:23', NULL);

-- --------------------------------------------------------

--
-- Table structure for table `item`
--

CREATE TABLE `item` (
  `id` int(11) NOT NULL,
  `item_category_id` int(11) DEFAULT NULL,
  `item_store_id` int(11) DEFAULT NULL,
  `item_supplier_id` int(11) DEFAULT NULL,
  `name` varchar(255) NOT NULL,
  `unit` varchar(100) NOT NULL,
  `item_photo` varchar(225) DEFAULT NULL,
  `description` text NOT NULL,
  `quantity` int(11) NOT NULL,
  `date` date DEFAULT NULL,
  `created_at` timestamp NOT NULL DEFAULT current_timestamp() ON UPDATE current_timestamp(),
  `updated_at` date DEFAULT NULL
) ENGINE=InnoDB DEFAULT CHARSET=utf8 COLLATE=utf8_general_ci;

--
-- Dumping data for table `item`
--

INSERT INTO `item` (`id`, `item_category_id`, `item_store_id`, `item_supplier_id`, `name`, `unit`, `item_photo`, `description`, `quantity`, `date`, `created_at`, `updated_at`) VALUES
(1, 1, NULL, NULL, 'Pen', '10', NULL, '', 0, NULL, '2025-04-08 10:34:04', NULL),
(2, 2, NULL, NULL, 'Dress', '10', NULL, '', 0, NULL, '2025-04-08 10:34:19', NULL);

-- --------------------------------------------------------

--
-- Table structure for table `item_category`
--

CREATE TABLE `item_category` (
  `id` int(11) NOT NULL,
  `item_category` varchar(255) NOT NULL,
  `is_active` varchar(255) NOT NULL DEFAULT 'yes',
  `description` varchar(255) NOT NULL,
  `created_at` timestamp NOT NULL DEFAULT current_timestamp() ON UPDATE current_timestamp(),
  `updated_at` date DEFAULT NULL
) ENGINE=InnoDB DEFAULT CHARSET=utf8 COLLATE=utf8_general_ci;

--
-- Dumping data for table `item_category`
--

INSERT INTO `item_category` (`id`, `item_category`, `is_active`, `description`, `created_at`, `updated_at`) VALUES
(1, 'Stationery', 'yes', 'Includes pens, pencils, erasers, notebooks, drawing sheets, and other writing or drawing materials', '2025-04-08 10:32:24', NULL),
(2, 'Uniforms', 'yes', 'School uniforms, belts, ties, socks, and house uniforms for students and staff', '2025-04-08 10:33:03', NULL);

-- --------------------------------------------------------

--
-- Table structure for table `item_issue`
--

CREATE TABLE `item_issue` (
  `id` int(11) NOT NULL,
  `issue_type` varchar(15) DEFAULT NULL,
  `issue_to` int(11) NOT NULL,
  `issue_by` int(11) DEFAULT NULL,
  `issue_date` date DEFAULT NULL,
  `return_date` date DEFAULT NULL,
  `item_category_id` int(11) DEFAULT NULL,
  `item_id` int(11) DEFAULT NULL,
  `quantity` int(11) NOT NULL,
  `note` text NOT NULL,
  `is_returned` int(11) NOT NULL DEFAULT 1,
  `created_at` timestamp NOT NULL DEFAULT current_timestamp() ON UPDATE current_timestamp(),
  `is_active` varchar(10) DEFAULT 'no'
) ENGINE=InnoDB DEFAULT CHARSET=utf8 COLLATE=utf8_general_ci;

--
-- Dumping data for table `item_issue`
--

INSERT INTO `item_issue` (`id`, `issue_type`, `issue_to`, `issue_by`, `issue_date`, `return_date`, `item_category_id`, `item_id`, `quantity`, `note`, `is_returned`, `created_at`, `is_active`) VALUES
(1, '2', 2, 2, '2025-04-08', '2025-04-08', 1, 1, 10, '', 1, '2025-04-08 10:39:15', 'no');

-- --------------------------------------------------------

--
-- Table structure for table `item_stock`
--

CREATE TABLE `item_stock` (
  `id` int(11) NOT NULL,
  `item_id` int(11) DEFAULT NULL,
  `supplier_id` int(11) DEFAULT NULL,
  `store_id` int(11) DEFAULT NULL,
  `symbol` varchar(10) NOT NULL DEFAULT '+',
  `quantity` int(11) DEFAULT NULL,
  `purchase_price` float(10,2) NOT NULL,
  `date` date NOT NULL,
  `attachment` varchar(250) DEFAULT NULL,
  `description` text NOT NULL,
  `is_active` varchar(10) DEFAULT 'yes',
  `created_at` timestamp NOT NULL DEFAULT current_timestamp() ON UPDATE current_timestamp()
) ENGINE=InnoDB DEFAULT CHARSET=utf8 COLLATE=utf8_general_ci;

--
-- Dumping data for table `item_stock`
--

INSERT INTO `item_stock` (`id`, `item_id`, `supplier_id`, `store_id`, `symbol`, `quantity`, `purchase_price`, `date`, `attachment`, `description`, `is_active`, `created_at`) VALUES
(1, 1, 1, 1, '+', 10, 1000.00, '2025-04-08', NULL, '', 'yes', '2025-04-08 10:38:26');

-- --------------------------------------------------------

--
-- Table structure for table `item_store`
--

CREATE TABLE `item_store` (
  `id` int(11) NOT NULL,
  `item_store` varchar(255) NOT NULL,
  `code` varchar(255) NOT NULL,
  `description` text NOT NULL,
  `created_at` timestamp NOT NULL DEFAULT current_timestamp()
) ENGINE=InnoDB DEFAULT CHARSET=utf8 COLLATE=utf8_general_ci;

--
-- Dumping data for table `item_store`
--

INSERT INTO `item_store` (`id`, `item_store`, `code`, `description`, `created_at`) VALUES
(1, 'Stationery Store', 'STS-001', 'Store for notebooks, pens, art materials and other stationery items', '2025-04-08 10:30:36'),
(2, 'Uniform Store', 'UNI-002', 'Contains school uniforms, ties, belts, and house T-shirts', '2025-04-08 10:31:12');

-- --------------------------------------------------------

--
-- Table structure for table `item_supplier`
--

CREATE TABLE `item_supplier` (
  `id` int(11) NOT NULL,
  `item_supplier` varchar(255) NOT NULL,
  `phone` varchar(255) NOT NULL,
  `email` varchar(255) NOT NULL,
  `address` varchar(255) NOT NULL,
  `contact_person_name` varchar(255) NOT NULL,
  `contact_person_phone` varchar(255) NOT NULL,
  `contact_person_email` varchar(255) NOT NULL,
  `description` text NOT NULL
) ENGINE=InnoDB DEFAULT CHARSET=utf8 COLLATE=utf8_general_ci;

--
-- Dumping data for table `item_supplier`
--

INSERT INTO `item_supplier` (`id`, `item_supplier`, `phone`, `email`, `address`, `contact_person_name`, `contact_person_phone`, `contact_person_email`, `description`) VALUES
(1, 'EduStation Supplies', '9876543210', 'contact@edustation.com', 'Sadar Bazar, New Delhi', 'Ramesh Tiwari', '9811122233', 'ramesh@edustation.com', 'Stationery and art supplies for schools'),
(2, 'SmartUniforms Pvt Ltd', '9823456789', 'sales@smartuniforms.in', 'Sector 62, Noida, Uttar Pradesh', 'Priya Malhotra', '9800112233', 'priya@smartuniforms.in', 'Uniforms and sportswear for students and staff');

-- --------------------------------------------------------

--
-- Table structure for table `languages`
--

CREATE TABLE `languages` (
  `id` int(11) NOT NULL,
  `language` varchar(50) DEFAULT NULL,
  `short_code` varchar(255) NOT NULL,
  `country_code` varchar(255) NOT NULL,
  `is_rtl` int(11) NOT NULL,
  `is_deleted` varchar(10) NOT NULL DEFAULT 'yes',
  `is_active` varchar(255) DEFAULT 'no',
  `created_at` timestamp NOT NULL DEFAULT current_timestamp() ON UPDATE current_timestamp(),
  `updated_at` date DEFAULT NULL
) ENGINE=InnoDB DEFAULT CHARSET=utf8 COLLATE=utf8_general_ci;

--
-- Dumping data for table `languages`
--

INSERT INTO `languages` (`id`, `language`, `short_code`, `country_code`, `is_rtl`, `is_deleted`, `is_active`, `created_at`, `updated_at`) VALUES
(1, 'Azerbaijan', 'az', 'az', 0, 'no', 'no', '2019-11-20 11:23:12', '0000-00-00'),
(2, 'Albanian', 'sq', 'al', 0, 'no', 'no', '2019-11-20 11:42:42', '0000-00-00'),
(3, 'Amharic', 'am', 'am', 0, 'no', 'no', '2019-11-20 11:24:23', '0000-00-00'),
(4, 'English', 'en', 'in', 0, 'no', 'no', '2024-08-29 15:49:09', '0000-00-00'),
(5, 'Arabic', 'ar', 'sa', 0, 'no', 'no', '2019-11-20 11:47:28', '0000-00-00'),
(7, 'Afrikaans', 'af', 'af', 0, 'no', 'no', '2019-11-20 11:24:23', '0000-00-00'),
(8, 'Basque', 'eu', 'es', 0, 'no', 'no', '2019-11-20 11:54:10', '0000-00-00'),
(11, 'Bengali', 'bn', 'in', 0, 'no', 'no', '2019-11-20 11:41:53', '0000-00-00'),
(13, 'Bosnian', 'bs', 'bs', 0, 'no', 'no', '2019-11-20 11:24:23', '0000-00-00'),
(14, 'Welsh', 'cy', 'cy', 0, 'no', 'no', '2019-11-20 11:24:23', '0000-00-00'),
(15, 'Hungarian', 'hu', 'hu', 0, 'no', 'no', '2019-11-20 11:24:23', '0000-00-00'),
(16, 'Vietnamese', 'vi', 'vi', 0, 'no', 'no', '2019-11-20 11:24:23', '0000-00-00'),
(17, 'Haitian', 'ht', 'ht', 0, 'no', 'no', '2021-01-23 07:09:32', '0000-00-00'),
(18, 'Galician', 'gl', 'gl', 0, 'no', 'no', '2019-11-20 11:24:23', '0000-00-00'),
(19, 'Dutch', 'nl', 'nl', 0, 'no', 'no', '2019-11-20 11:24:23', '0000-00-00'),
(21, 'Greek', 'el', 'gr', 0, 'no', 'no', '2019-11-20 12:12:08', '0000-00-00'),
(22, 'Georgian', 'ka', 'ge', 0, 'no', 'no', '2019-11-20 12:11:40', '0000-00-00'),
(23, 'Gujarati', 'gu', 'in', 0, 'no', 'no', '2019-11-20 11:39:16', '0000-00-00'),
(24, 'Danish', 'da', 'dk', 0, 'no', 'no', '2019-11-20 12:03:25', '0000-00-00'),
(25, 'Hebrew', 'he', 'il', 0, 'no', 'no', '2019-11-20 12:13:50', '0000-00-00'),
(26, 'Yiddish', 'yi', 'il', 0, 'no', 'no', '2019-11-20 12:25:33', '0000-00-00'),
(27, 'Indonesian', 'id', 'id', 0, 'no', 'no', '2019-11-20 11:24:23', '0000-00-00'),
(28, 'Irish', 'ga', 'ga', 0, 'no', 'no', '2019-11-20 11:24:23', '0000-00-00'),
(29, 'Italian', 'it', 'it', 0, 'no', 'no', '2019-11-20 11:24:23', '0000-00-00'),
(30, 'Icelandic', 'is', 'is', 0, 'no', 'no', '2019-11-20 11:24:23', '0000-00-00'),
(31, 'Spanish', 'es', 'es', 0, 'no', 'no', '2019-11-20 11:24:23', '0000-00-00'),
(33, 'Kannada', 'kn', 'kn', 0, 'no', 'no', '2019-11-20 11:24:23', '0000-00-00'),
(34, 'Catalan', 'ca', 'ca', 0, 'no', 'no', '2019-11-20 11:24:23', '0000-00-00'),
(36, 'Chinese', 'zh', 'cn', 0, 'no', 'no', '2019-11-20 12:01:48', '0000-00-00'),
(37, 'Korean', 'ko', 'kr', 0, 'no', 'no', '2019-11-20 12:19:09', '0000-00-00'),
(38, 'Xhosa', 'xh', 'ls', 0, 'no', 'no', '2019-11-20 12:24:39', '0000-00-00'),
(39, 'Latin', 'la', 'it', 0, 'no', 'no', '2021-01-23 07:09:32', '0000-00-00'),
(40, 'Latvian', 'lv', 'lv', 0, 'no', 'no', '2019-11-20 11:24:23', '0000-00-00'),
(41, 'Lithuanian', 'lt', 'lt', 0, 'no', 'no', '2019-11-20 11:24:23', '0000-00-00'),
(43, 'Malagasy', 'mg', 'mg', 0, 'no', 'no', '2019-11-20 11:24:23', '0000-00-00'),
(44, 'Malay', 'ms', 'ms', 0, 'no', 'no', '2019-11-20 11:24:23', '0000-00-00'),
(45, 'Malayalam', 'ml', 'ml', 0, 'no', 'no', '2019-11-20 11:24:23', '0000-00-00'),
(46, 'Maltese', 'mt', 'mt', 0, 'no', 'no', '2019-11-20 11:24:23', '0000-00-00'),
(47, 'Macedonian', 'mk', 'mk', 0, 'no', 'no', '2019-11-20 11:24:23', '0000-00-00'),
(48, 'Maori', 'mi', 'nz', 0, 'no', 'no', '2019-11-20 12:20:27', '0000-00-00'),
(49, 'Marathi', 'mr', 'in', 0, 'no', 'no', '2019-11-20 11:39:51', '0000-00-00'),
(51, 'Mongolian', 'mn', 'mn', 0, 'no', 'no', '2019-11-20 11:24:23', '0000-00-00'),
(52, 'German', 'de', 'de', 0, 'no', 'no', '2019-11-20 11:24:23', '0000-00-00'),
(53, 'Nepali', 'ne', 'ne', 0, 'no', 'no', '2019-11-20 11:24:23', '0000-00-00'),
(54, 'Norwegian', 'no', 'no', 0, 'no', 'no', '2019-11-20 11:24:23', '0000-00-00'),
(55, 'Punjabi', 'pa', 'in', 0, 'no', 'no', '2019-11-20 11:40:16', '0000-00-00'),
(57, 'Persian', 'fa', 'ir', 0, 'no', 'no', '2019-11-20 12:21:17', '0000-00-00'),
(59, 'Portuguese', 'pt', 'pt', 0, 'no', 'no', '2019-11-20 11:24:23', '0000-00-00'),
(60, 'Romanian', 'ro', 'ro', 0, 'no', 'no', '2019-11-20 11:24:23', '0000-00-00'),
(61, 'Russian', 'ru', 'ru', 0, 'no', 'no', '2019-11-20 11:24:23', '0000-00-00'),
(62, 'Cebuano', 'ceb', 'ph', 0, 'no', 'no', '2019-11-20 11:59:12', '0000-00-00'),
(64, 'Sinhala', 'si', 'lk ', 0, 'no', 'no', '2021-01-23 07:09:32', '0000-00-00'),
(65, 'Slovakian', 'sk', 'sk', 0, 'no', 'no', '2019-11-20 11:24:23', '0000-00-00'),
(66, 'Slovenian', 'sl', 'sl', 0, 'no', 'no', '2019-11-20 11:24:23', '0000-00-00'),
(67, 'Swahili', 'sw', 'ke', 0, 'no', 'no', '2019-11-20 12:21:57', '0000-00-00'),
(68, 'Sundanese', 'su', 'sd', 0, 'no', 'no', '2019-12-03 11:06:57', '0000-00-00'),
(70, 'Thai', 'th', 'th', 0, 'no', 'no', '2019-11-20 11:24:23', '0000-00-00'),
(71, 'Tagalog', 'tl', 'tl', 0, 'no', 'no', '2019-11-20 11:24:23', '0000-00-00'),
(72, 'Tamil', 'ta', 'in', 0, 'no', 'no', '2019-11-20 11:40:53', '0000-00-00'),
(74, 'Telugu', 'te', 'in', 0, 'no', 'no', '2019-11-20 11:41:15', '0000-00-00'),
(75, 'Turkish', 'tr', 'tr', 0, 'no', 'no', '2019-11-20 11:24:23', '0000-00-00'),
(77, 'Uzbek', 'uz', 'uz', 0, 'no', 'no', '2019-11-20 11:24:23', '0000-00-00'),
(79, 'Urdu', 'ur', 'pk', 0, 'no', 'no', '2019-11-20 12:23:57', '0000-00-00'),
(80, 'Finnish', 'fi', 'fi', 0, 'no', 'no', '2019-11-20 11:24:23', '0000-00-00'),
(81, 'French', 'fr', 'fr', 0, 'no', 'no', '2019-11-20 11:24:23', '0000-00-00'),
(82, 'Hindi', 'hi', 'in', 0, 'no', 'no', '2019-11-20 11:36:34', '0000-00-00'),
(84, 'Czech', 'cs', 'cz', 0, 'no', 'no', '2019-11-20 12:02:36', '0000-00-00'),
(85, 'Swedish', 'sv', 'sv', 0, 'no', 'no', '2019-11-20 11:24:23', '0000-00-00'),
(86, 'Scottish', 'gd', 'gd', 0, 'no', 'no', '2019-11-20 11:24:23', '0000-00-00'),
(87, 'Estonian', 'et', 'et', 0, 'no', 'no', '2019-11-20 11:24:23', '0000-00-00'),
(88, 'Esperanto', 'eo', 'br', 0, 'no', 'no', '2019-11-21 04:49:18', '0000-00-00'),
(89, 'Javanese', 'jv', 'id', 0, 'no', 'no', '2019-11-20 12:18:29', '0000-00-00'),
(90, 'Japanese', 'ja', 'jp', 0, 'no', 'no', '2019-11-20 12:14:39', '0000-00-00'),
(91, 'Polish', 'pl', 'pl', 0, 'no', 'no', '2020-06-15 03:25:27', '0000-00-00'),
(92, 'Kurdish', 'ku', 'iq', 0, 'no', 'no', '2020-12-21 00:15:31', '0000-00-00'),
(93, 'Lao', 'lo', 'la', 0, 'no', 'no', '2020-12-21 00:15:36', '0000-00-00'),
(94, 'Croatia', 'hr', 'hr', 0, 'no', 'no', '2022-06-07 11:48:21', '0000-00-00');

-- --------------------------------------------------------

--
-- Table structure for table `leave_types`
--

CREATE TABLE `leave_types` (
  `id` int(11) NOT NULL,
  `type` varchar(200) NOT NULL,
  `is_active` varchar(50) NOT NULL
) ENGINE=InnoDB DEFAULT CHARSET=utf8 COLLATE=utf8_general_ci;

--
-- Dumping data for table `leave_types`
--

INSERT INTO `leave_types` (`id`, `type`, `is_active`) VALUES
(1, 'Paid Leave', 'yes'),
(2, 'Sick Leave', 'yes'),
(3, 'Casual Leave', 'yes'),
(4, 'Maternity Leave', 'yes'),
(5, 'Leave without Pay', 'yes');

-- --------------------------------------------------------

--
-- Table structure for table `lesson`
--

CREATE TABLE `lesson` (
  `id` int(11) NOT NULL,
  `session_id` int(11) NOT NULL,
  `subject_group_subject_id` int(11) NOT NULL,
  `subject_group_class_sections_id` int(11) NOT NULL,
  `name` varchar(255) NOT NULL,
  `created_at` timestamp NOT NULL DEFAULT current_timestamp() ON UPDATE current_timestamp()
) ENGINE=InnoDB DEFAULT CHARSET=utf8 COLLATE=utf8_general_ci;

--
-- Dumping data for table `lesson`
--

INSERT INTO `lesson` (`id`, `session_id`, `subject_group_subject_id`, `subject_group_class_sections_id`, `name`, `created_at`) VALUES
(1, 20, 1, 1, 'साहित्य की दुनिया', '2025-03-24 08:37:46'),
(2, 20, 1, 1, 'हिंदी व्याकरण', '2025-03-24 08:37:46'),
(3, 20, 1, 1, 'कविता', '2025-03-24 08:37:46'),
(4, 20, 1, 1, 'कहानी', '2025-03-24 08:37:46'),
(5, 20, 1, 1, 'हिंदी साहित्य', '2025-03-24 08:37:46'),
(6, 20, 1, 1, 'संचार', '2025-03-24 08:37:46'),
(7, 20, 1, 1, 'रचनात्मक लेखन', '2025-03-24 08:37:46'),
(8, 20, 1, 1, 'संपादन', '2025-03-24 08:37:46'),
(9, 20, 2, 1, 'Matter and Materials', '2025-03-24 08:38:27'),
(10, 20, 2, 1, 'Living Organisms', '2025-03-24 08:38:27'),
(11, 20, 2, 1, 'Plant and Animal Life', '2025-03-24 08:38:27'),
(12, 20, 2, 1, 'Human Body', '2025-03-24 08:38:27'),
(13, 20, 2, 1, 'The Earth', '2025-03-24 08:38:28'),
(14, 20, 2, 1, 'Forces and Motion', '2025-03-24 08:38:28'),
(15, 20, 2, 1, 'Air and Water', '2025-03-24 08:38:28'),
(16, 20, 2, 1, 'Natural Resources', '2025-03-24 08:38:28'),
(17, 20, 3, 1, 'Knowing Our Numbers', '2025-03-24 08:45:56'),
(18, 20, 3, 1, 'Whole Numbers', '2025-03-24 08:45:56'),
(19, 20, 3, 1, 'Playing with Numbers', '2025-03-24 08:45:56'),
(20, 20, 3, 1, 'Basic Geometrical Ideas', '2025-03-24 08:45:56'),
(21, 20, 3, 1, 'Understanding Elementary Shapes', '2025-03-24 08:45:56'),
(22, 20, 3, 1, 'Integers', '2025-03-24 08:45:56'),
(23, 20, 3, 1, 'Fractions', '2025-03-24 08:45:56'),
(24, 20, 3, 1, 'Decimals', '2025-03-24 08:45:56'),
(25, 20, 3, 1, 'Data Handling', '2025-03-24 08:45:56'),
(26, 20, 3, 1, 'Mensuration', '2025-03-24 08:45:56'),
(27, 20, 3, 1, 'Algebra', '2025-03-24 08:45:56'),
(28, 20, 3, 1, 'Ratio and Proportion', '2025-03-24 08:45:56'),
(29, 20, 3, 1, 'Symmetry', '2025-03-24 08:45:56'),
(30, 20, 3, 1, 'Practical Geometry', '2025-03-24 08:45:56'),
(31, 20, 4, 1, 'Introduction to Computers', '2025-03-24 08:46:22'),
(32, 20, 4, 1, 'Computer Hardware', '2025-03-24 08:46:22'),
(33, 20, 4, 1, 'Operating Systems', '2025-03-24 08:46:22'),
(34, 20, 4, 1, 'Programming Languages', '2025-03-24 08:46:22'),
(35, 20, 4, 1, 'Basic Programming Concepts', '2025-03-24 08:46:22'),
(36, 20, 4, 1, 'Data Structures', '2025-03-24 08:46:22'),
(37, 20, 4, 1, 'Algorithms', '2025-03-24 08:46:22'),
(38, 20, 4, 1, 'Databases', '2025-03-24 08:46:22'),
(39, 20, 4, 1, 'Networking', '2025-03-24 08:46:22'),
(40, 20, 4, 1, 'Cybersecurity', '2025-03-24 08:46:22'),
(41, 20, 4, 1, 'Software Engineering', '2025-03-24 08:46:22'),
(42, 20, 5, 1, 'History', '2025-03-24 08:46:53'),
(43, 20, 5, 1, 'Geography', '2025-03-24 08:46:53'),
(44, 20, 5, 1, 'Civics', '2025-03-24 08:46:53'),
(45, 20, 5, 1, 'Economics', '2025-03-24 08:46:53'),
(46, 20, 2, 1, 'Food where does it come from', '2025-04-30 12:07:57');

-- --------------------------------------------------------

--
-- Table structure for table `lesson_plan_forum`
--

CREATE TABLE `lesson_plan_forum` (
  `id` int(11) NOT NULL,
  `subject_syllabus_id` int(11) NOT NULL,
  `type` varchar(20) NOT NULL COMMENT 'staff,student',
  `staff_id` int(11) DEFAULT NULL,
  `student_id` int(11) DEFAULT NULL,
  `message` text NOT NULL,
  `created_date` datetime DEFAULT NULL
) ENGINE=InnoDB DEFAULT CHARSET=utf8 COLLATE=utf8_general_ci;

-- --------------------------------------------------------

--
-- Table structure for table `lesson_topic_question_map`
--

CREATE TABLE `lesson_topic_question_map` (
  `id` int(11) NOT NULL,
  `q_id` int(11) DEFAULT NULL,
  `lesson_id` int(11) DEFAULT NULL,
  `topic_id` int(11) DEFAULT NULL,
  `session_id` int(11) DEFAULT NULL,
  `mapping_id` int(11) DEFAULT NULL,
  `created_at` datetime DEFAULT current_timestamp()
) ENGINE=InnoDB DEFAULT CHARSET=utf8mb4 COLLATE=utf8mb4_general_ci;

--
-- Dumping data for table `lesson_topic_question_map`
--

INSERT INTO `lesson_topic_question_map` (`id`, `q_id`, `lesson_id`, `topic_id`, `session_id`, `mapping_id`, `created_at`) VALUES
(50, 50, 9, 45, 20, NULL, '2025-03-24 23:30:35'),
(51, 51, 9, 45, 20, NULL, '2025-03-24 23:30:35'),
(52, 52, 9, 45, 20, NULL, '2025-03-24 23:30:35'),
(53, 53, 9, 45, 20, NULL, '2025-03-24 23:30:35'),
(54, 54, 9, 45, 20, NULL, '2025-03-24 23:30:35'),
(55, 55, 9, 45, 20, NULL, '2025-03-24 23:30:35'),
(56, 56, 9, 45, 20, NULL, '2025-03-24 23:30:35'),
(57, 57, 9, 46, 20, NULL, '2025-03-24 23:31:57'),
(58, 58, 9, 46, 20, NULL, '2025-03-24 23:31:57'),
(59, 59, 9, 46, 20, NULL, '2025-03-24 23:31:57'),
(60, 60, 9, 46, 20, NULL, '2025-03-24 23:31:57'),
(61, 61, 9, 47, 20, NULL, '2025-03-24 23:32:55'),
(62, 62, 9, 47, 20, NULL, '2025-03-24 23:32:55'),
(63, 63, 9, 47, 20, NULL, '2025-03-24 23:32:55'),
(64, 64, 9, 47, 20, NULL, '2025-03-24 23:32:55'),
(65, 65, 9, 47, 20, NULL, '2025-03-24 23:32:55'),
(66, 66, 9, 49, 20, NULL, '2025-03-24 23:33:44'),
(67, 67, 9, 49, 20, NULL, '2025-03-24 23:33:44'),
(68, 68, 9, 49, 20, NULL, '2025-03-24 23:33:44'),
(69, 69, 9, 49, 20, NULL, '2025-03-24 23:33:44'),
(70, 70, 9, 49, 20, NULL, '2025-03-24 23:33:44'),
(71, 71, 9, 49, 20, NULL, '2025-03-24 23:33:44'),
(72, 72, 9, 49, 20, NULL, '2025-03-24 23:33:44'),
(73, 73, 2, 4, 20, NULL, '2025-03-24 23:36:23'),
(74, 74, 2, 4, 20, NULL, '2025-03-24 23:36:23'),
(75, 75, 2, 4, 20, NULL, '2025-03-24 23:36:23'),
(76, 76, 2, 4, 20, NULL, '2025-03-24 23:36:23'),
(77, 77, 2, 4, 20, NULL, '2025-03-24 23:36:23'),
(78, 78, 2, 5, 20, NULL, '2025-03-24 23:37:11'),
(79, 79, 2, 5, 20, NULL, '2025-03-24 23:37:11'),
(80, 80, 2, 5, 20, NULL, '2025-03-24 23:37:11'),
(81, 81, 2, 5, 20, NULL, '2025-03-24 23:37:11'),
(82, 82, 2, 5, 20, NULL, '2025-03-24 23:37:11'),
(83, 83, 2, 5, 20, NULL, '2025-03-24 23:37:11'),
(84, 84, 2, 7, 20, NULL, '2025-03-24 23:37:55'),
(85, 85, 2, 7, 20, NULL, '2025-03-24 23:37:55'),
(86, 86, 2, 7, 20, NULL, '2025-03-24 23:37:55'),
(87, 87, 2, 7, 20, NULL, '2025-03-24 23:37:55'),
(88, 88, 2, 7, 20, NULL, '2025-03-24 23:37:55'),
(89, 89, 2, 7, 20, NULL, '2025-03-24 23:37:55'),
(90, 90, 2, 7, 20, NULL, '2025-03-24 23:37:55'),
(91, 91, 2, 7, 20, NULL, '2025-03-24 23:37:55'),
(92, 92, 2, 7, 20, NULL, '2025-03-24 23:37:55'),
(93, 93, 17, 98, 20, NULL, '2025-03-24 23:41:25'),
(94, 94, 17, 98, 20, NULL, '2025-03-24 23:41:25'),
(95, 95, 17, 98, 20, NULL, '2025-03-24 23:41:25'),
(96, 96, 17, 98, 20, NULL, '2025-03-24 23:41:25'),
(97, 97, 17, 98, 20, NULL, '2025-03-24 23:41:25'),
(98, 98, 17, 98, 20, NULL, '2025-03-24 23:46:31'),
(99, 99, 17, 98, 20, NULL, '2025-03-24 23:46:31'),
(100, 100, 17, 98, 20, NULL, '2025-03-24 23:46:31'),
(101, 101, 17, 98, 20, NULL, '2025-03-24 23:46:31'),
(102, 102, 17, 98, 20, NULL, '2025-03-24 23:46:31'),
(103, 103, 42, 184, 20, NULL, '2025-03-24 23:52:59'),
(104, 104, 42, 184, 20, NULL, '2025-03-24 23:52:59'),
(105, 105, 42, 184, 20, NULL, '2025-03-24 23:52:59'),
(106, 106, 42, 184, 20, NULL, '2025-03-24 23:52:59'),
(107, 107, 42, 184, 20, NULL, '2025-03-24 23:52:59'),
(108, 108, 43, 192, 20, NULL, '2025-03-24 23:54:13'),
(109, 109, 43, 192, 20, NULL, '2025-03-24 23:54:13'),
(110, 110, 43, 192, 20, NULL, '2025-03-24 23:54:13'),
(111, 111, 43, 192, 20, NULL, '2025-03-24 23:54:13'),
(112, 112, 43, 192, 20, NULL, '2025-03-24 23:54:13'),
(113, 113, 44, 205, 20, NULL, '2025-03-24 23:55:50'),
(114, 114, 44, 205, 20, NULL, '2025-03-24 23:55:50'),
(115, 115, 44, 205, 20, NULL, '2025-03-24 23:55:50'),
(116, 116, 44, 205, 20, NULL, '2025-03-24 23:55:50'),
(117, 117, 44, 205, 20, NULL, '2025-03-24 23:55:50'),
(118, 118, 32, 146, 20, NULL, '2025-03-26 05:34:10'),
(119, 119, 32, 146, 20, NULL, '2025-03-26 05:34:10'),
(120, 120, 32, 146, 20, NULL, '2025-03-26 05:34:10'),
(121, 121, 32, 146, 20, NULL, '2025-03-26 05:34:10'),
(122, 122, 44, 207, 20, NULL, '2025-05-06 10:07:57'),
(123, 123, 9, 46, 20, NULL, '2025-05-06 12:16:51'),
(124, 124, 9, 47, 20, NULL, '2025-05-06 12:19:06'),
(125, 125, 10, 50, 20, NULL, '2025-05-06 12:20:46'),
(126, 126, 10, 51, 20, NULL, '2025-05-06 12:22:33'),
(127, 127, 10, 52, 20, NULL, '2025-05-06 12:25:04'),
(128, 128, 11, 57, 20, NULL, '2025-05-06 12:26:53'),
(129, 129, 11, 59, 20, NULL, '2025-05-06 12:28:21'),
(130, 130, 11, 58, 20, NULL, '2025-05-06 12:32:00');

-- --------------------------------------------------------

--
-- Table structure for table `libarary_members`
--

CREATE TABLE `libarary_members` (
  `id` int(11) NOT NULL,
  `library_card_no` varchar(50) DEFAULT NULL,
  `member_type` varchar(50) DEFAULT NULL,
  `member_id` int(11) DEFAULT NULL,
  `is_active` varchar(10) NOT NULL DEFAULT 'no',
  `created_at` timestamp NOT NULL DEFAULT current_timestamp() ON UPDATE current_timestamp()
) ENGINE=InnoDB DEFAULT CHARSET=utf8 COLLATE=utf8_general_ci;

--
-- Dumping data for table `libarary_members`
--

INSERT INTO `libarary_members` (`id`, `library_card_no`, `member_type`, `member_id`, `is_active`, `created_at`) VALUES
(1, '100', 'student', 41, 'no', '2025-04-08 18:01:35'),
(2, '102', 'student', 46, 'no', '2025-04-08 18:01:56'),
(3, '201', 'teacher', 2, 'no', '2025-04-08 18:02:13');

-- --------------------------------------------------------

--
-- Table structure for table `logs`
--

CREATE TABLE `logs` (
  `id` int(11) NOT NULL,
  `message` text DEFAULT NULL,
  `record_id` text DEFAULT NULL,
  `user_id` int(11) DEFAULT NULL,
  `action` varchar(50) DEFAULT NULL,
  `ip_address` varchar(50) DEFAULT NULL,
  `platform` varchar(50) DEFAULT NULL,
  `agent` varchar(50) DEFAULT NULL,
  `time` timestamp NOT NULL DEFAULT current_timestamp(),
  `created_at` date DEFAULT NULL
) ENGINE=InnoDB DEFAULT CHARSET=utf8 COLLATE=utf8_general_ci;

--
-- Dumping data for table `logs`
--

INSERT INTO `logs` (`id`, `message`, `record_id`, `user_id`, `action`, `ip_address`, `platform`, `agent`, `time`, `created_at`) VALUES
(1, 'Record updated On settings id 1', '1', 1, 'Update', '::1', 'Mac OS X', 'Chrome 127.0.0.0', '2024-08-29 13:50:05', NULL),
(2, 'Record updated On settings id 1', '1', 1, 'Update', '::1', 'Mac OS X', 'Chrome 127.0.0.0', '2024-08-29 13:55:01', NULL),
(3, 'Record updated On settings id 1', '1', 1, 'Update', '::1', 'Mac OS X', 'Chrome 127.0.0.0', '2024-08-29 19:26:57', NULL),
(4, 'Record updated On settings id 1', '1', 1, 'Update', '::1', 'Mac OS X', 'Chrome 127.0.0.0', '2024-08-29 19:27:51', NULL),
(5, 'Record updated On settings id 1', '1', 1, 'Update', '::1', 'Mac OS X', 'Chrome 127.0.0.0', '2024-08-29 19:28:11', NULL),
(6, 'Record updated On settings id 1', '1', 1, 'Update', '::1', 'Mac OS X', 'Chrome 127.0.0.0', '2024-08-29 19:28:29', NULL),
(7, 'Record updated On settings id 1', '1', 1, 'Update', '::1', 'Mac OS X', 'Chrome 127.0.0.0', '2024-08-29 19:28:38', NULL),
(8, 'Record updated On settings id 1', '1', 1, 'Update', '::1', 'Mac OS X', 'Chrome 127.0.0.0', '2024-08-29 19:28:57', NULL),
(9, 'Record updated On settings id 1', '1', 1, 'Update', '::1', 'Mac OS X', 'Chrome 127.0.0.0', '2024-08-29 19:42:59', NULL),
(10, 'Record updated On settings id 1', '1', 1, 'Update', '::1', 'Mac OS X', 'Chrome 127.0.0.0', '2024-08-29 19:43:09', NULL),
(11, 'Record updated On settings id 1', '1', 1, 'Update', '172.31.36.15', 'Windows 10', 'Chrome 134.0.0.0', '2025-03-24 11:17:05', NULL),
(12, 'Record updated On settings id 1', '1', 1, 'Update', '172.31.36.15', 'Windows 10', 'Chrome 134.0.0.0', '2025-03-24 11:17:19', NULL),
(13, 'Record updated On settings id 1', '1', 1, 'Update', '172.31.9.184', 'Windows 10', 'Chrome 134.0.0.0', '2025-03-24 11:21:21', NULL),
(14, 'New Record inserted On sections id 1', '1', 1, 'Insert', '172.31.36.15', 'Windows 10', 'Chrome 134.0.0.0', '2025-03-24 13:14:47', NULL),
(15, 'New Record inserted On sections id 2', '2', 1, 'Insert', '172.31.36.15', 'Windows 10', 'Chrome 134.0.0.0', '2025-03-24 13:14:53', NULL),
(16, 'New Record inserted On sections id 3', '3', 1, 'Insert', '172.31.36.15', 'Windows 10', 'Chrome 134.0.0.0', '2025-03-24 13:15:01', NULL),
(17, 'Record updated On sections id 3', '3', 1, 'Update', '172.31.36.15', 'Windows 10', 'Chrome 134.0.0.0', '2025-03-24 13:15:09', NULL),
(18, 'New Record inserted On subject groups id 1', '1', 1, 'Insert', '172.31.9.184', 'Windows 10', 'Chrome 134.0.0.0', '2025-03-24 13:15:38', NULL),
(19, 'New Record inserted On subjects id 1', '1', 1, 'Insert', '172.31.36.15', 'Windows 10', 'Chrome 134.0.0.0', '2025-03-24 13:17:57', NULL),
(20, 'New Record inserted On subjects id 2', '2', 1, 'Insert', '172.31.36.15', 'Windows 10', 'Chrome 134.0.0.0', '2025-03-24 13:18:08', NULL),
(21, 'New Record inserted On subjects id 3', '3', 1, 'Insert', '172.31.36.15', 'Windows 10', 'Chrome 134.0.0.0', '2025-03-24 13:18:28', NULL),
(22, 'New Record inserted On subjects id 4', '4', 1, 'Insert', '172.31.9.184', 'Windows 10', 'Chrome 134.0.0.0', '2025-03-24 13:18:47', NULL),
(23, 'New Record inserted On subjects id 5', '5', 1, 'Insert', '172.31.9.184', 'Windows 10', 'Chrome 134.0.0.0', '2025-03-24 13:19:02', NULL),
(24, 'New Record inserted On subjects id 6', '6', 1, 'Insert', '172.31.9.184', 'Windows 10', 'Chrome 134.0.0.0', '2025-03-24 13:52:52', NULL),
(25, 'New Record inserted On subject groups id 1', '1', 1, 'Insert', '172.31.36.15', 'Windows 10', 'Chrome 134.0.0.0', '2025-03-24 13:53:40', NULL),
(26, 'New Record inserted On students id 1', '1', 1, 'Insert', '172.31.36.15', 'Windows 10', 'Chrome 134.0.0.0', '2025-03-24 14:03:54', NULL),
(27, 'New Record inserted On  student session id 1', '1', 1, 'Insert', '172.31.36.15', 'Windows 10', 'Chrome 134.0.0.0', '2025-03-24 14:03:54', NULL),
(28, 'New Record inserted On users id 1', '1', 1, 'Insert', '172.31.36.15', 'Windows 10', 'Chrome 134.0.0.0', '2025-03-24 14:03:54', NULL),
(29, 'New Record inserted On users id 2', '2', 1, 'Insert', '172.31.36.15', 'Windows 10', 'Chrome 134.0.0.0', '2025-03-24 14:03:54', NULL),
(30, 'Record updated On students id 1', '1', 1, 'Update', '172.31.36.15', 'Windows 10', 'Chrome 134.0.0.0', '2025-03-24 14:03:54', NULL),
(31, 'New Record inserted On students id 2', '2', 1, 'Insert', '172.31.36.15', 'Windows 10', 'Chrome 134.0.0.0', '2025-03-24 14:03:54', NULL),
(32, 'New Record inserted On  student session id 2', '2', 1, 'Insert', '172.31.36.15', 'Windows 10', 'Chrome 134.0.0.0', '2025-03-24 14:03:54', NULL),
(33, 'New Record inserted On users id 3', '3', 1, 'Insert', '172.31.36.15', 'Windows 10', 'Chrome 134.0.0.0', '2025-03-24 14:03:54', NULL),
(34, 'New Record inserted On users id 4', '4', 1, 'Insert', '172.31.36.15', 'Windows 10', 'Chrome 134.0.0.0', '2025-03-24 14:03:54', NULL),
(35, 'Record updated On students id 2', '2', 1, 'Update', '172.31.36.15', 'Windows 10', 'Chrome 134.0.0.0', '2025-03-24 14:03:54', NULL),
(36, 'New Record inserted On students id 3', '3', 1, 'Insert', '172.31.36.15', 'Windows 10', 'Chrome 134.0.0.0', '2025-03-24 14:03:54', NULL),
(37, 'New Record inserted On  student session id 3', '3', 1, 'Insert', '172.31.36.15', 'Windows 10', 'Chrome 134.0.0.0', '2025-03-24 14:03:54', NULL),
(38, 'New Record inserted On users id 5', '5', 1, 'Insert', '172.31.36.15', 'Windows 10', 'Chrome 134.0.0.0', '2025-03-24 14:03:54', NULL),
(39, 'New Record inserted On users id 6', '6', 1, 'Insert', '172.31.36.15', 'Windows 10', 'Chrome 134.0.0.0', '2025-03-24 14:03:54', NULL),
(40, 'Record updated On students id 3', '3', 1, 'Update', '172.31.36.15', 'Windows 10', 'Chrome 134.0.0.0', '2025-03-24 14:03:54', NULL),
(41, 'New Record inserted On students id 4', '4', 1, 'Insert', '172.31.36.15', 'Windows 10', 'Chrome 134.0.0.0', '2025-03-24 14:03:54', NULL),
(42, 'New Record inserted On  student session id 4', '4', 1, 'Insert', '172.31.36.15', 'Windows 10', 'Chrome 134.0.0.0', '2025-03-24 14:03:54', NULL),
(43, 'New Record inserted On users id 7', '7', 1, 'Insert', '172.31.36.15', 'Windows 10', 'Chrome 134.0.0.0', '2025-03-24 14:03:54', NULL),
(44, 'New Record inserted On users id 8', '8', 1, 'Insert', '172.31.36.15', 'Windows 10', 'Chrome 134.0.0.0', '2025-03-24 14:03:54', NULL),
(45, 'Record updated On students id 4', '4', 1, 'Update', '172.31.36.15', 'Windows 10', 'Chrome 134.0.0.0', '2025-03-24 14:03:54', NULL),
(46, 'New Record inserted On students id 5', '5', 1, 'Insert', '172.31.36.15', 'Windows 10', 'Chrome 134.0.0.0', '2025-03-24 14:03:54', NULL),
(47, 'New Record inserted On  student session id 5', '5', 1, 'Insert', '172.31.36.15', 'Windows 10', 'Chrome 134.0.0.0', '2025-03-24 14:03:54', NULL),
(48, 'New Record inserted On users id 9', '9', 1, 'Insert', '172.31.36.15', 'Windows 10', 'Chrome 134.0.0.0', '2025-03-24 14:03:54', NULL),
(49, 'New Record inserted On users id 10', '10', 1, 'Insert', '172.31.36.15', 'Windows 10', 'Chrome 134.0.0.0', '2025-03-24 14:03:54', NULL),
(50, 'Record updated On students id 5', '5', 1, 'Update', '172.31.36.15', 'Windows 10', 'Chrome 134.0.0.0', '2025-03-24 14:03:54', NULL),
(51, 'New Record inserted On students id 6', '6', 1, 'Insert', '172.31.36.15', 'Windows 10', 'Chrome 134.0.0.0', '2025-03-24 14:03:54', NULL),
(52, 'New Record inserted On  student session id 6', '6', 1, 'Insert', '172.31.36.15', 'Windows 10', 'Chrome 134.0.0.0', '2025-03-24 14:03:54', NULL),
(53, 'New Record inserted On users id 11', '11', 1, 'Insert', '172.31.36.15', 'Windows 10', 'Chrome 134.0.0.0', '2025-03-24 14:03:54', NULL),
(54, 'New Record inserted On users id 12', '12', 1, 'Insert', '172.31.36.15', 'Windows 10', 'Chrome 134.0.0.0', '2025-03-24 14:03:54', NULL),
(55, 'Record updated On students id 6', '6', 1, 'Update', '172.31.36.15', 'Windows 10', 'Chrome 134.0.0.0', '2025-03-24 14:03:54', NULL),
(56, 'New Record inserted On students id 7', '7', 1, 'Insert', '172.31.36.15', 'Windows 10', 'Chrome 134.0.0.0', '2025-03-24 14:03:54', NULL),
(57, 'New Record inserted On  student session id 7', '7', 1, 'Insert', '172.31.36.15', 'Windows 10', 'Chrome 134.0.0.0', '2025-03-24 14:03:54', NULL),
(58, 'New Record inserted On users id 13', '13', 1, 'Insert', '172.31.36.15', 'Windows 10', 'Chrome 134.0.0.0', '2025-03-24 14:03:54', NULL),
(59, 'New Record inserted On users id 14', '14', 1, 'Insert', '172.31.36.15', 'Windows 10', 'Chrome 134.0.0.0', '2025-03-24 14:03:54', NULL),
(60, 'Record updated On students id 7', '7', 1, 'Update', '172.31.36.15', 'Windows 10', 'Chrome 134.0.0.0', '2025-03-24 14:03:54', NULL),
(61, 'New Record inserted On students id 8', '8', 1, 'Insert', '172.31.36.15', 'Windows 10', 'Chrome 134.0.0.0', '2025-03-24 14:03:54', NULL),
(62, 'New Record inserted On  student session id 8', '8', 1, 'Insert', '172.31.36.15', 'Windows 10', 'Chrome 134.0.0.0', '2025-03-24 14:03:54', NULL),
(63, 'New Record inserted On users id 15', '15', 1, 'Insert', '172.31.36.15', 'Windows 10', 'Chrome 134.0.0.0', '2025-03-24 14:03:54', NULL),
(64, 'New Record inserted On users id 16', '16', 1, 'Insert', '172.31.36.15', 'Windows 10', 'Chrome 134.0.0.0', '2025-03-24 14:03:54', NULL),
(65, 'Record updated On students id 8', '8', 1, 'Update', '172.31.36.15', 'Windows 10', 'Chrome 134.0.0.0', '2025-03-24 14:03:54', NULL),
(66, 'New Record inserted On students id 9', '9', 1, 'Insert', '172.31.36.15', 'Windows 10', 'Chrome 134.0.0.0', '2025-03-24 14:03:54', NULL),
(67, 'New Record inserted On  student session id 9', '9', 1, 'Insert', '172.31.36.15', 'Windows 10', 'Chrome 134.0.0.0', '2025-03-24 14:03:54', NULL),
(68, 'New Record inserted On users id 17', '17', 1, 'Insert', '172.31.36.15', 'Windows 10', 'Chrome 134.0.0.0', '2025-03-24 14:03:54', NULL),
(69, 'New Record inserted On users id 18', '18', 1, 'Insert', '172.31.36.15', 'Windows 10', 'Chrome 134.0.0.0', '2025-03-24 14:03:54', NULL),
(70, 'Record updated On students id 9', '9', 1, 'Update', '172.31.36.15', 'Windows 10', 'Chrome 134.0.0.0', '2025-03-24 14:03:54', NULL),
(71, 'New Record inserted On students id 10', '10', 1, 'Insert', '172.31.36.15', 'Windows 10', 'Chrome 134.0.0.0', '2025-03-24 14:03:54', NULL),
(72, 'New Record inserted On  student session id 10', '10', 1, 'Insert', '172.31.36.15', 'Windows 10', 'Chrome 134.0.0.0', '2025-03-24 14:03:54', NULL),
(73, 'New Record inserted On users id 19', '19', 1, 'Insert', '172.31.36.15', 'Windows 10', 'Chrome 134.0.0.0', '2025-03-24 14:03:54', NULL),
(74, 'New Record inserted On users id 20', '20', 1, 'Insert', '172.31.36.15', 'Windows 10', 'Chrome 134.0.0.0', '2025-03-24 14:03:54', NULL),
(75, 'Record updated On students id 10', '10', 1, 'Update', '172.31.36.15', 'Windows 10', 'Chrome 134.0.0.0', '2025-03-24 14:03:54', NULL),
(76, 'New Record inserted On students id 11', '11', 1, 'Insert', '172.31.36.15', 'Windows 10', 'Chrome 134.0.0.0', '2025-03-24 14:03:54', NULL),
(77, 'New Record inserted On  student session id 11', '11', 1, 'Insert', '172.31.36.15', 'Windows 10', 'Chrome 134.0.0.0', '2025-03-24 14:03:54', NULL),
(78, 'New Record inserted On users id 21', '21', 1, 'Insert', '172.31.36.15', 'Windows 10', 'Chrome 134.0.0.0', '2025-03-24 14:03:54', NULL),
(79, 'New Record inserted On users id 22', '22', 1, 'Insert', '172.31.36.15', 'Windows 10', 'Chrome 134.0.0.0', '2025-03-24 14:03:54', NULL),
(80, 'Record updated On students id 11', '11', 1, 'Update', '172.31.36.15', 'Windows 10', 'Chrome 134.0.0.0', '2025-03-24 14:03:54', NULL),
(81, 'New Record inserted On students id 12', '12', 1, 'Insert', '172.31.36.15', 'Windows 10', 'Chrome 134.0.0.0', '2025-03-24 14:03:54', NULL),
(82, 'New Record inserted On  student session id 12', '12', 1, 'Insert', '172.31.36.15', 'Windows 10', 'Chrome 134.0.0.0', '2025-03-24 14:03:54', NULL),
(83, 'New Record inserted On users id 23', '23', 1, 'Insert', '172.31.36.15', 'Windows 10', 'Chrome 134.0.0.0', '2025-03-24 14:03:54', NULL),
(84, 'New Record inserted On users id 24', '24', 1, 'Insert', '172.31.36.15', 'Windows 10', 'Chrome 134.0.0.0', '2025-03-24 14:03:54', NULL),
(85, 'Record updated On students id 12', '12', 1, 'Update', '172.31.36.15', 'Windows 10', 'Chrome 134.0.0.0', '2025-03-24 14:03:54', NULL),
(86, 'New Record inserted On students id 13', '13', 1, 'Insert', '172.31.36.15', 'Windows 10', 'Chrome 134.0.0.0', '2025-03-24 14:03:54', NULL),
(87, 'New Record inserted On  student session id 13', '13', 1, 'Insert', '172.31.36.15', 'Windows 10', 'Chrome 134.0.0.0', '2025-03-24 14:03:54', NULL),
(88, 'New Record inserted On users id 25', '25', 1, 'Insert', '172.31.36.15', 'Windows 10', 'Chrome 134.0.0.0', '2025-03-24 14:03:54', NULL),
(89, 'New Record inserted On users id 26', '26', 1, 'Insert', '172.31.36.15', 'Windows 10', 'Chrome 134.0.0.0', '2025-03-24 14:03:54', NULL),
(90, 'Record updated On students id 13', '13', 1, 'Update', '172.31.36.15', 'Windows 10', 'Chrome 134.0.0.0', '2025-03-24 14:03:54', NULL),
(91, 'New Record inserted On students id 14', '14', 1, 'Insert', '172.31.36.15', 'Windows 10', 'Chrome 134.0.0.0', '2025-03-24 14:03:54', NULL),
(92, 'New Record inserted On  student session id 14', '14', 1, 'Insert', '172.31.36.15', 'Windows 10', 'Chrome 134.0.0.0', '2025-03-24 14:03:54', NULL),
(93, 'New Record inserted On users id 27', '27', 1, 'Insert', '172.31.36.15', 'Windows 10', 'Chrome 134.0.0.0', '2025-03-24 14:03:54', NULL),
(94, 'New Record inserted On users id 28', '28', 1, 'Insert', '172.31.36.15', 'Windows 10', 'Chrome 134.0.0.0', '2025-03-24 14:03:54', NULL),
(95, 'Record updated On students id 14', '14', 1, 'Update', '172.31.36.15', 'Windows 10', 'Chrome 134.0.0.0', '2025-03-24 14:03:54', NULL),
(96, 'New Record inserted On students id 15', '15', 1, 'Insert', '172.31.36.15', 'Windows 10', 'Chrome 134.0.0.0', '2025-03-24 14:03:54', NULL),
(97, 'New Record inserted On  student session id 15', '15', 1, 'Insert', '172.31.36.15', 'Windows 10', 'Chrome 134.0.0.0', '2025-03-24 14:03:54', NULL),
(98, 'New Record inserted On users id 29', '29', 1, 'Insert', '172.31.36.15', 'Windows 10', 'Chrome 134.0.0.0', '2025-03-24 14:03:54', NULL),
(99, 'New Record inserted On users id 30', '30', 1, 'Insert', '172.31.36.15', 'Windows 10', 'Chrome 134.0.0.0', '2025-03-24 14:03:54', NULL),
(100, 'Record updated On students id 15', '15', 1, 'Update', '172.31.36.15', 'Windows 10', 'Chrome 134.0.0.0', '2025-03-24 14:03:54', NULL),
(101, 'New Record inserted On students id 16', '16', 1, 'Insert', '172.31.36.15', 'Windows 10', 'Chrome 134.0.0.0', '2025-03-24 14:03:54', NULL),
(102, 'New Record inserted On  student session id 16', '16', 1, 'Insert', '172.31.36.15', 'Windows 10', 'Chrome 134.0.0.0', '2025-03-24 14:03:54', NULL),
(103, 'New Record inserted On users id 31', '31', 1, 'Insert', '172.31.36.15', 'Windows 10', 'Chrome 134.0.0.0', '2025-03-24 14:03:55', NULL),
(104, 'New Record inserted On users id 32', '32', 1, 'Insert', '172.31.36.15', 'Windows 10', 'Chrome 134.0.0.0', '2025-03-24 14:03:55', NULL),
(105, 'Record updated On students id 16', '16', 1, 'Update', '172.31.36.15', 'Windows 10', 'Chrome 134.0.0.0', '2025-03-24 14:03:55', NULL),
(106, 'New Record inserted On students id 17', '17', 1, 'Insert', '172.31.36.15', 'Windows 10', 'Chrome 134.0.0.0', '2025-03-24 14:03:55', NULL),
(107, 'New Record inserted On  student session id 17', '17', 1, 'Insert', '172.31.36.15', 'Windows 10', 'Chrome 134.0.0.0', '2025-03-24 14:03:55', NULL),
(108, 'New Record inserted On users id 33', '33', 1, 'Insert', '172.31.36.15', 'Windows 10', 'Chrome 134.0.0.0', '2025-03-24 14:03:55', NULL),
(109, 'New Record inserted On users id 34', '34', 1, 'Insert', '172.31.36.15', 'Windows 10', 'Chrome 134.0.0.0', '2025-03-24 14:03:55', NULL),
(110, 'Record updated On students id 17', '17', 1, 'Update', '172.31.36.15', 'Windows 10', 'Chrome 134.0.0.0', '2025-03-24 14:03:55', NULL),
(111, 'New Record inserted On students id 18', '18', 1, 'Insert', '172.31.36.15', 'Windows 10', 'Chrome 134.0.0.0', '2025-03-24 14:03:55', NULL),
(112, 'New Record inserted On  student session id 18', '18', 1, 'Insert', '172.31.36.15', 'Windows 10', 'Chrome 134.0.0.0', '2025-03-24 14:03:55', NULL),
(113, 'New Record inserted On users id 35', '35', 1, 'Insert', '172.31.36.15', 'Windows 10', 'Chrome 134.0.0.0', '2025-03-24 14:03:55', NULL),
(114, 'New Record inserted On users id 36', '36', 1, 'Insert', '172.31.36.15', 'Windows 10', 'Chrome 134.0.0.0', '2025-03-24 14:03:55', NULL),
(115, 'Record updated On students id 18', '18', 1, 'Update', '172.31.36.15', 'Windows 10', 'Chrome 134.0.0.0', '2025-03-24 14:03:55', NULL),
(116, 'New Record inserted On students id 19', '19', 1, 'Insert', '172.31.36.15', 'Windows 10', 'Chrome 134.0.0.0', '2025-03-24 14:03:55', NULL),
(117, 'New Record inserted On  student session id 19', '19', 1, 'Insert', '172.31.36.15', 'Windows 10', 'Chrome 134.0.0.0', '2025-03-24 14:03:55', NULL),
(118, 'New Record inserted On users id 37', '37', 1, 'Insert', '172.31.36.15', 'Windows 10', 'Chrome 134.0.0.0', '2025-03-24 14:03:55', NULL),
(119, 'New Record inserted On users id 38', '38', 1, 'Insert', '172.31.36.15', 'Windows 10', 'Chrome 134.0.0.0', '2025-03-24 14:03:55', NULL),
(120, 'Record updated On students id 19', '19', 1, 'Update', '172.31.36.15', 'Windows 10', 'Chrome 134.0.0.0', '2025-03-24 14:03:55', NULL),
(121, 'New Record inserted On students id 20', '20', 1, 'Insert', '172.31.36.15', 'Windows 10', 'Chrome 134.0.0.0', '2025-03-24 14:03:55', NULL),
(122, 'New Record inserted On  student session id 20', '20', 1, 'Insert', '172.31.36.15', 'Windows 10', 'Chrome 134.0.0.0', '2025-03-24 14:03:55', NULL),
(123, 'New Record inserted On users id 39', '39', 1, 'Insert', '172.31.36.15', 'Windows 10', 'Chrome 134.0.0.0', '2025-03-24 14:03:55', NULL),
(124, 'New Record inserted On users id 40', '40', 1, 'Insert', '172.31.36.15', 'Windows 10', 'Chrome 134.0.0.0', '2025-03-24 14:03:55', NULL),
(125, 'Record updated On students id 20', '20', 1, 'Update', '172.31.36.15', 'Windows 10', 'Chrome 134.0.0.0', '2025-03-24 14:03:55', NULL),
(126, 'New Record inserted On students id 21', '21', 1, 'Insert', '172.31.36.15', 'Windows 10', 'Chrome 134.0.0.0', '2025-03-24 14:03:55', NULL),
(127, 'New Record inserted On  student session id 21', '21', 1, 'Insert', '172.31.36.15', 'Windows 10', 'Chrome 134.0.0.0', '2025-03-24 14:03:55', NULL),
(128, 'New Record inserted On users id 41', '41', 1, 'Insert', '172.31.36.15', 'Windows 10', 'Chrome 134.0.0.0', '2025-03-24 14:03:55', NULL),
(129, 'New Record inserted On users id 42', '42', 1, 'Insert', '172.31.36.15', 'Windows 10', 'Chrome 134.0.0.0', '2025-03-24 14:03:55', NULL),
(130, 'Record updated On students id 21', '21', 1, 'Update', '172.31.36.15', 'Windows 10', 'Chrome 134.0.0.0', '2025-03-24 14:03:55', NULL),
(131, 'New Record inserted On students id 22', '22', 1, 'Insert', '172.31.36.15', 'Windows 10', 'Chrome 134.0.0.0', '2025-03-24 14:03:55', NULL),
(132, 'New Record inserted On  student session id 22', '22', 1, 'Insert', '172.31.36.15', 'Windows 10', 'Chrome 134.0.0.0', '2025-03-24 14:03:55', NULL),
(133, 'New Record inserted On users id 43', '43', 1, 'Insert', '172.31.36.15', 'Windows 10', 'Chrome 134.0.0.0', '2025-03-24 14:03:55', NULL),
(134, 'New Record inserted On users id 44', '44', 1, 'Insert', '172.31.36.15', 'Windows 10', 'Chrome 134.0.0.0', '2025-03-24 14:03:55', NULL),
(135, 'Record updated On students id 22', '22', 1, 'Update', '172.31.36.15', 'Windows 10', 'Chrome 134.0.0.0', '2025-03-24 14:03:55', NULL),
(136, 'New Record inserted On students id 23', '23', 1, 'Insert', '172.31.36.15', 'Windows 10', 'Chrome 134.0.0.0', '2025-03-24 14:03:55', NULL),
(137, 'New Record inserted On  student session id 23', '23', 1, 'Insert', '172.31.36.15', 'Windows 10', 'Chrome 134.0.0.0', '2025-03-24 14:03:55', NULL),
(138, 'New Record inserted On users id 45', '45', 1, 'Insert', '172.31.36.15', 'Windows 10', 'Chrome 134.0.0.0', '2025-03-24 14:03:55', NULL),
(139, 'New Record inserted On users id 46', '46', 1, 'Insert', '172.31.36.15', 'Windows 10', 'Chrome 134.0.0.0', '2025-03-24 14:03:55', NULL),
(140, 'Record updated On students id 23', '23', 1, 'Update', '172.31.36.15', 'Windows 10', 'Chrome 134.0.0.0', '2025-03-24 14:03:55', NULL),
(141, 'New Record inserted On students id 24', '24', 1, 'Insert', '172.31.36.15', 'Windows 10', 'Chrome 134.0.0.0', '2025-03-24 14:03:55', NULL),
(142, 'New Record inserted On  student session id 24', '24', 1, 'Insert', '172.31.36.15', 'Windows 10', 'Chrome 134.0.0.0', '2025-03-24 14:03:55', NULL),
(143, 'New Record inserted On users id 47', '47', 1, 'Insert', '172.31.36.15', 'Windows 10', 'Chrome 134.0.0.0', '2025-03-24 14:03:55', NULL),
(144, 'New Record inserted On users id 48', '48', 1, 'Insert', '172.31.36.15', 'Windows 10', 'Chrome 134.0.0.0', '2025-03-24 14:03:55', NULL),
(145, 'Record updated On students id 24', '24', 1, 'Update', '172.31.36.15', 'Windows 10', 'Chrome 134.0.0.0', '2025-03-24 14:03:55', NULL),
(146, 'New Record inserted On students id 25', '25', 1, 'Insert', '172.31.36.15', 'Windows 10', 'Chrome 134.0.0.0', '2025-03-24 14:03:55', NULL),
(147, 'New Record inserted On  student session id 25', '25', 1, 'Insert', '172.31.36.15', 'Windows 10', 'Chrome 134.0.0.0', '2025-03-24 14:03:55', NULL),
(148, 'New Record inserted On users id 49', '49', 1, 'Insert', '172.31.36.15', 'Windows 10', 'Chrome 134.0.0.0', '2025-03-24 14:03:55', NULL),
(149, 'New Record inserted On users id 50', '50', 1, 'Insert', '172.31.36.15', 'Windows 10', 'Chrome 134.0.0.0', '2025-03-24 14:03:55', NULL),
(150, 'Record updated On students id 25', '25', 1, 'Update', '172.31.36.15', 'Windows 10', 'Chrome 134.0.0.0', '2025-03-24 14:03:55', NULL),
(151, 'New Record inserted On students id 26', '26', 1, 'Insert', '172.31.36.15', 'Windows 10', 'Chrome 134.0.0.0', '2025-03-24 14:03:55', NULL),
(152, 'New Record inserted On  student session id 26', '26', 1, 'Insert', '172.31.36.15', 'Windows 10', 'Chrome 134.0.0.0', '2025-03-24 14:03:55', NULL),
(153, 'New Record inserted On users id 51', '51', 1, 'Insert', '172.31.36.15', 'Windows 10', 'Chrome 134.0.0.0', '2025-03-24 14:03:55', NULL),
(154, 'New Record inserted On users id 52', '52', 1, 'Insert', '172.31.36.15', 'Windows 10', 'Chrome 134.0.0.0', '2025-03-24 14:03:55', NULL),
(155, 'Record updated On students id 26', '26', 1, 'Update', '172.31.36.15', 'Windows 10', 'Chrome 134.0.0.0', '2025-03-24 14:03:55', NULL),
(156, 'New Record inserted On students id 27', '27', 1, 'Insert', '172.31.36.15', 'Windows 10', 'Chrome 134.0.0.0', '2025-03-24 14:03:55', NULL),
(157, 'New Record inserted On  student session id 27', '27', 1, 'Insert', '172.31.36.15', 'Windows 10', 'Chrome 134.0.0.0', '2025-03-24 14:03:55', NULL),
(158, 'New Record inserted On users id 53', '53', 1, 'Insert', '172.31.36.15', 'Windows 10', 'Chrome 134.0.0.0', '2025-03-24 14:03:55', NULL),
(159, 'New Record inserted On users id 54', '54', 1, 'Insert', '172.31.36.15', 'Windows 10', 'Chrome 134.0.0.0', '2025-03-24 14:03:55', NULL),
(160, 'Record updated On students id 27', '27', 1, 'Update', '172.31.36.15', 'Windows 10', 'Chrome 134.0.0.0', '2025-03-24 14:03:55', NULL),
(161, 'New Record inserted On students id 28', '28', 1, 'Insert', '172.31.36.15', 'Windows 10', 'Chrome 134.0.0.0', '2025-03-24 14:03:55', NULL),
(162, 'New Record inserted On  student session id 28', '28', 1, 'Insert', '172.31.36.15', 'Windows 10', 'Chrome 134.0.0.0', '2025-03-24 14:03:55', NULL),
(163, 'New Record inserted On users id 55', '55', 1, 'Insert', '172.31.36.15', 'Windows 10', 'Chrome 134.0.0.0', '2025-03-24 14:03:55', NULL),
(164, 'New Record inserted On users id 56', '56', 1, 'Insert', '172.31.36.15', 'Windows 10', 'Chrome 134.0.0.0', '2025-03-24 14:03:55', NULL),
(165, 'Record updated On students id 28', '28', 1, 'Update', '172.31.36.15', 'Windows 10', 'Chrome 134.0.0.0', '2025-03-24 14:03:55', NULL),
(166, 'New Record inserted On students id 29', '29', 1, 'Insert', '172.31.36.15', 'Windows 10', 'Chrome 134.0.0.0', '2025-03-24 14:03:55', NULL),
(167, 'New Record inserted On  student session id 29', '29', 1, 'Insert', '172.31.36.15', 'Windows 10', 'Chrome 134.0.0.0', '2025-03-24 14:03:55', NULL),
(168, 'New Record inserted On users id 57', '57', 1, 'Insert', '172.31.36.15', 'Windows 10', 'Chrome 134.0.0.0', '2025-03-24 14:03:55', NULL),
(169, 'New Record inserted On users id 58', '58', 1, 'Insert', '172.31.36.15', 'Windows 10', 'Chrome 134.0.0.0', '2025-03-24 14:03:55', NULL),
(170, 'Record updated On students id 29', '29', 1, 'Update', '172.31.36.15', 'Windows 10', 'Chrome 134.0.0.0', '2025-03-24 14:03:55', NULL),
(171, 'New Record inserted On students id 30', '30', 1, 'Insert', '172.31.36.15', 'Windows 10', 'Chrome 134.0.0.0', '2025-03-24 14:03:55', NULL),
(172, 'New Record inserted On  student session id 30', '30', 1, 'Insert', '172.31.36.15', 'Windows 10', 'Chrome 134.0.0.0', '2025-03-24 14:03:55', NULL),
(173, 'New Record inserted On users id 59', '59', 1, 'Insert', '172.31.36.15', 'Windows 10', 'Chrome 134.0.0.0', '2025-03-24 14:03:55', NULL),
(174, 'New Record inserted On users id 60', '60', 1, 'Insert', '172.31.36.15', 'Windows 10', 'Chrome 134.0.0.0', '2025-03-24 14:03:55', NULL),
(175, 'Record updated On students id 30', '30', 1, 'Update', '172.31.36.15', 'Windows 10', 'Chrome 134.0.0.0', '2025-03-24 14:03:55', NULL),
(176, 'New Record inserted On students id 31', '31', 1, 'Insert', '172.31.36.15', 'Windows 10', 'Chrome 134.0.0.0', '2025-03-24 14:03:55', NULL),
(177, 'New Record inserted On  student session id 31', '31', 1, 'Insert', '172.31.36.15', 'Windows 10', 'Chrome 134.0.0.0', '2025-03-24 14:03:55', NULL),
(178, 'New Record inserted On users id 61', '61', 1, 'Insert', '172.31.36.15', 'Windows 10', 'Chrome 134.0.0.0', '2025-03-24 14:03:55', NULL),
(179, 'New Record inserted On users id 62', '62', 1, 'Insert', '172.31.36.15', 'Windows 10', 'Chrome 134.0.0.0', '2025-03-24 14:03:56', NULL),
(180, 'Record updated On students id 31', '31', 1, 'Update', '172.31.36.15', 'Windows 10', 'Chrome 134.0.0.0', '2025-03-24 14:03:56', NULL),
(181, 'New Record inserted On students id 32', '32', 1, 'Insert', '172.31.36.15', 'Windows 10', 'Chrome 134.0.0.0', '2025-03-24 14:03:56', NULL),
(182, 'New Record inserted On  student session id 32', '32', 1, 'Insert', '172.31.36.15', 'Windows 10', 'Chrome 134.0.0.0', '2025-03-24 14:03:56', NULL),
(183, 'New Record inserted On users id 63', '63', 1, 'Insert', '172.31.36.15', 'Windows 10', 'Chrome 134.0.0.0', '2025-03-24 14:03:56', NULL),
(184, 'New Record inserted On users id 64', '64', 1, 'Insert', '172.31.36.15', 'Windows 10', 'Chrome 134.0.0.0', '2025-03-24 14:03:56', NULL),
(185, 'Record updated On students id 32', '32', 1, 'Update', '172.31.36.15', 'Windows 10', 'Chrome 134.0.0.0', '2025-03-24 14:03:56', NULL),
(186, 'New Record inserted On students id 33', '33', 1, 'Insert', '172.31.36.15', 'Windows 10', 'Chrome 134.0.0.0', '2025-03-24 14:03:56', NULL),
(187, 'New Record inserted On  student session id 33', '33', 1, 'Insert', '172.31.36.15', 'Windows 10', 'Chrome 134.0.0.0', '2025-03-24 14:03:56', NULL),
(188, 'New Record inserted On users id 65', '65', 1, 'Insert', '172.31.36.15', 'Windows 10', 'Chrome 134.0.0.0', '2025-03-24 14:03:56', NULL),
(189, 'New Record inserted On users id 66', '66', 1, 'Insert', '172.31.36.15', 'Windows 10', 'Chrome 134.0.0.0', '2025-03-24 14:03:56', NULL),
(190, 'Record updated On students id 33', '33', 1, 'Update', '172.31.36.15', 'Windows 10', 'Chrome 134.0.0.0', '2025-03-24 14:03:56', NULL),
(191, 'New Record inserted On students id 34', '34', 1, 'Insert', '172.31.36.15', 'Windows 10', 'Chrome 134.0.0.0', '2025-03-24 14:03:56', NULL),
(192, 'New Record inserted On  student session id 34', '34', 1, 'Insert', '172.31.36.15', 'Windows 10', 'Chrome 134.0.0.0', '2025-03-24 14:03:56', NULL),
(193, 'New Record inserted On users id 67', '67', 1, 'Insert', '172.31.36.15', 'Windows 10', 'Chrome 134.0.0.0', '2025-03-24 14:03:56', NULL),
(194, 'New Record inserted On users id 68', '68', 1, 'Insert', '172.31.36.15', 'Windows 10', 'Chrome 134.0.0.0', '2025-03-24 14:03:56', NULL),
(195, 'Record updated On students id 34', '34', 1, 'Update', '172.31.36.15', 'Windows 10', 'Chrome 134.0.0.0', '2025-03-24 14:03:56', NULL),
(196, 'New Record inserted On students id 35', '35', 1, 'Insert', '172.31.36.15', 'Windows 10', 'Chrome 134.0.0.0', '2025-03-24 14:03:56', NULL),
(197, 'New Record inserted On  student session id 35', '35', 1, 'Insert', '172.31.36.15', 'Windows 10', 'Chrome 134.0.0.0', '2025-03-24 14:03:56', NULL),
(198, 'New Record inserted On users id 69', '69', 1, 'Insert', '172.31.36.15', 'Windows 10', 'Chrome 134.0.0.0', '2025-03-24 14:03:56', NULL),
(199, 'New Record inserted On users id 70', '70', 1, 'Insert', '172.31.36.15', 'Windows 10', 'Chrome 134.0.0.0', '2025-03-24 14:03:56', NULL),
(200, 'Record updated On students id 35', '35', 1, 'Update', '172.31.36.15', 'Windows 10', 'Chrome 134.0.0.0', '2025-03-24 14:03:56', NULL),
(201, 'New Record inserted On students id 36', '36', 1, 'Insert', '172.31.36.15', 'Windows 10', 'Chrome 134.0.0.0', '2025-03-24 14:03:56', NULL),
(202, 'New Record inserted On  student session id 36', '36', 1, 'Insert', '172.31.36.15', 'Windows 10', 'Chrome 134.0.0.0', '2025-03-24 14:03:56', NULL),
(203, 'New Record inserted On users id 71', '71', 1, 'Insert', '172.31.36.15', 'Windows 10', 'Chrome 134.0.0.0', '2025-03-24 14:03:56', NULL),
(204, 'New Record inserted On users id 72', '72', 1, 'Insert', '172.31.36.15', 'Windows 10', 'Chrome 134.0.0.0', '2025-03-24 14:03:56', NULL),
(205, 'Record updated On students id 36', '36', 1, 'Update', '172.31.36.15', 'Windows 10', 'Chrome 134.0.0.0', '2025-03-24 14:03:56', NULL),
(206, 'New Record inserted On students id 37', '37', 1, 'Insert', '172.31.36.15', 'Windows 10', 'Chrome 134.0.0.0', '2025-03-24 14:03:56', NULL),
(207, 'New Record inserted On  student session id 37', '37', 1, 'Insert', '172.31.36.15', 'Windows 10', 'Chrome 134.0.0.0', '2025-03-24 14:03:56', NULL),
(208, 'New Record inserted On users id 73', '73', 1, 'Insert', '172.31.36.15', 'Windows 10', 'Chrome 134.0.0.0', '2025-03-24 14:03:56', NULL),
(209, 'New Record inserted On users id 74', '74', 1, 'Insert', '172.31.36.15', 'Windows 10', 'Chrome 134.0.0.0', '2025-03-24 14:03:56', NULL),
(210, 'Record updated On students id 37', '37', 1, 'Update', '172.31.36.15', 'Windows 10', 'Chrome 134.0.0.0', '2025-03-24 14:03:56', NULL),
(211, 'New Record inserted On students id 38', '38', 1, 'Insert', '172.31.36.15', 'Windows 10', 'Chrome 134.0.0.0', '2025-03-24 14:03:56', NULL),
(212, 'New Record inserted On  student session id 38', '38', 1, 'Insert', '172.31.36.15', 'Windows 10', 'Chrome 134.0.0.0', '2025-03-24 14:03:56', NULL),
(213, 'New Record inserted On users id 75', '75', 1, 'Insert', '172.31.36.15', 'Windows 10', 'Chrome 134.0.0.0', '2025-03-24 14:03:56', NULL),
(214, 'New Record inserted On users id 76', '76', 1, 'Insert', '172.31.36.15', 'Windows 10', 'Chrome 134.0.0.0', '2025-03-24 14:03:56', NULL),
(215, 'Record updated On students id 38', '38', 1, 'Update', '172.31.36.15', 'Windows 10', 'Chrome 134.0.0.0', '2025-03-24 14:03:56', NULL),
(216, 'New Record inserted On students id 39', '39', 1, 'Insert', '172.31.36.15', 'Windows 10', 'Chrome 134.0.0.0', '2025-03-24 14:03:56', NULL),
(217, 'New Record inserted On  student session id 39', '39', 1, 'Insert', '172.31.36.15', 'Windows 10', 'Chrome 134.0.0.0', '2025-03-24 14:03:56', NULL),
(218, 'New Record inserted On users id 77', '77', 1, 'Insert', '172.31.36.15', 'Windows 10', 'Chrome 134.0.0.0', '2025-03-24 14:03:56', NULL),
(219, 'New Record inserted On users id 78', '78', 1, 'Insert', '172.31.36.15', 'Windows 10', 'Chrome 134.0.0.0', '2025-03-24 14:03:56', NULL),
(220, 'Record updated On students id 39', '39', 1, 'Update', '172.31.36.15', 'Windows 10', 'Chrome 134.0.0.0', '2025-03-24 14:03:56', NULL),
(221, 'New Record inserted On students id 40', '40', 1, 'Insert', '172.31.36.15', 'Windows 10', 'Chrome 134.0.0.0', '2025-03-24 14:03:56', NULL),
(222, 'New Record inserted On  student session id 40', '40', 1, 'Insert', '172.31.36.15', 'Windows 10', 'Chrome 134.0.0.0', '2025-03-24 14:03:56', NULL),
(223, 'New Record inserted On users id 79', '79', 1, 'Insert', '172.31.36.15', 'Windows 10', 'Chrome 134.0.0.0', '2025-03-24 14:03:56', NULL),
(224, 'New Record inserted On users id 80', '80', 1, 'Insert', '172.31.36.15', 'Windows 10', 'Chrome 134.0.0.0', '2025-03-24 14:03:56', NULL),
(225, 'Record updated On students id 40', '40', 1, 'Update', '172.31.36.15', 'Windows 10', 'Chrome 134.0.0.0', '2025-03-24 14:03:56', NULL),
(226, 'New Record inserted On lesson id 1', '1', 1, 'Insert', '172.31.9.184', 'Windows 10', 'Chrome 134.0.0.0', '2025-03-24 14:07:46', NULL),
(227, 'New Record inserted On topic id 1', '1', 1, 'Insert', '172.31.9.184', 'Windows 10', 'Chrome 134.0.0.0', '2025-03-24 14:07:46', NULL),
(228, 'New Record inserted On topic id 2', '2', 1, 'Insert', '172.31.9.184', 'Windows 10', 'Chrome 134.0.0.0', '2025-03-24 14:07:46', NULL),
(229, 'New Record inserted On topic id 3', '3', 1, 'Insert', '172.31.9.184', 'Windows 10', 'Chrome 134.0.0.0', '2025-03-24 14:07:46', NULL),
(230, 'New Record inserted On lesson id 2', '2', 1, 'Insert', '172.31.9.184', 'Windows 10', 'Chrome 134.0.0.0', '2025-03-24 14:07:46', NULL),
(231, 'New Record inserted On topic id 4', '4', 1, 'Insert', '172.31.9.184', 'Windows 10', 'Chrome 134.0.0.0', '2025-03-24 14:07:46', NULL),
(232, 'New Record inserted On topic id 5', '5', 1, 'Insert', '172.31.9.184', 'Windows 10', 'Chrome 134.0.0.0', '2025-03-24 14:07:46', NULL),
(233, 'New Record inserted On topic id 6', '6', 1, 'Insert', '172.31.9.184', 'Windows 10', 'Chrome 134.0.0.0', '2025-03-24 14:07:46', NULL),
(234, 'New Record inserted On topic id 7', '7', 1, 'Insert', '172.31.9.184', 'Windows 10', 'Chrome 134.0.0.0', '2025-03-24 14:07:46', NULL),
(235, 'New Record inserted On topic id 8', '8', 1, 'Insert', '172.31.9.184', 'Windows 10', 'Chrome 134.0.0.0', '2025-03-24 14:07:46', NULL),
(236, 'New Record inserted On topic id 9', '9', 1, 'Insert', '172.31.9.184', 'Windows 10', 'Chrome 134.0.0.0', '2025-03-24 14:07:46', NULL),
(237, 'New Record inserted On topic id 10', '10', 1, 'Insert', '172.31.9.184', 'Windows 10', 'Chrome 134.0.0.0', '2025-03-24 14:07:46', NULL),
(238, 'New Record inserted On topic id 11', '11', 1, 'Insert', '172.31.9.184', 'Windows 10', 'Chrome 134.0.0.0', '2025-03-24 14:07:46', NULL),
(239, 'New Record inserted On topic id 12', '12', 1, 'Insert', '172.31.9.184', 'Windows 10', 'Chrome 134.0.0.0', '2025-03-24 14:07:46', NULL),
(240, 'New Record inserted On topic id 13', '13', 1, 'Insert', '172.31.9.184', 'Windows 10', 'Chrome 134.0.0.0', '2025-03-24 14:07:46', NULL),
(241, 'New Record inserted On topic id 14', '14', 1, 'Insert', '172.31.9.184', 'Windows 10', 'Chrome 134.0.0.0', '2025-03-24 14:07:46', NULL),
(242, 'New Record inserted On topic id 15', '15', 1, 'Insert', '172.31.9.184', 'Windows 10', 'Chrome 134.0.0.0', '2025-03-24 14:07:46', NULL),
(243, 'New Record inserted On lesson id 3', '3', 1, 'Insert', '172.31.9.184', 'Windows 10', 'Chrome 134.0.0.0', '2025-03-24 14:07:46', NULL),
(244, 'New Record inserted On topic id 16', '16', 1, 'Insert', '172.31.9.184', 'Windows 10', 'Chrome 134.0.0.0', '2025-03-24 14:07:46', NULL),
(245, 'New Record inserted On topic id 17', '17', 1, 'Insert', '172.31.9.184', 'Windows 10', 'Chrome 134.0.0.0', '2025-03-24 14:07:46', NULL),
(246, 'New Record inserted On topic id 18', '18', 1, 'Insert', '172.31.9.184', 'Windows 10', 'Chrome 134.0.0.0', '2025-03-24 14:07:46', NULL),
(247, 'New Record inserted On topic id 19', '19', 1, 'Insert', '172.31.9.184', 'Windows 10', 'Chrome 134.0.0.0', '2025-03-24 14:07:46', NULL),
(248, 'New Record inserted On topic id 20', '20', 1, 'Insert', '172.31.9.184', 'Windows 10', 'Chrome 134.0.0.0', '2025-03-24 14:07:46', NULL),
(249, 'New Record inserted On lesson id 4', '4', 1, 'Insert', '172.31.9.184', 'Windows 10', 'Chrome 134.0.0.0', '2025-03-24 14:07:46', NULL),
(250, 'New Record inserted On topic id 21', '21', 1, 'Insert', '172.31.9.184', 'Windows 10', 'Chrome 134.0.0.0', '2025-03-24 14:07:46', NULL),
(251, 'New Record inserted On topic id 22', '22', 1, 'Insert', '172.31.9.184', 'Windows 10', 'Chrome 134.0.0.0', '2025-03-24 14:07:46', NULL),
(252, 'New Record inserted On topic id 23', '23', 1, 'Insert', '172.31.9.184', 'Windows 10', 'Chrome 134.0.0.0', '2025-03-24 14:07:46', NULL),
(253, 'New Record inserted On topic id 24', '24', 1, 'Insert', '172.31.9.184', 'Windows 10', 'Chrome 134.0.0.0', '2025-03-24 14:07:46', NULL),
(254, 'New Record inserted On topic id 25', '25', 1, 'Insert', '172.31.9.184', 'Windows 10', 'Chrome 134.0.0.0', '2025-03-24 14:07:46', NULL),
(255, 'New Record inserted On topic id 26', '26', 1, 'Insert', '172.31.9.184', 'Windows 10', 'Chrome 134.0.0.0', '2025-03-24 14:07:46', NULL),
(256, 'New Record inserted On lesson id 5', '5', 1, 'Insert', '172.31.9.184', 'Windows 10', 'Chrome 134.0.0.0', '2025-03-24 14:07:46', NULL),
(257, 'New Record inserted On topic id 27', '27', 1, 'Insert', '172.31.9.184', 'Windows 10', 'Chrome 134.0.0.0', '2025-03-24 14:07:46', NULL),
(258, 'New Record inserted On topic id 28', '28', 1, 'Insert', '172.31.9.184', 'Windows 10', 'Chrome 134.0.0.0', '2025-03-24 14:07:46', NULL),
(259, 'New Record inserted On topic id 29', '29', 1, 'Insert', '172.31.9.184', 'Windows 10', 'Chrome 134.0.0.0', '2025-03-24 14:07:46', NULL),
(260, 'New Record inserted On topic id 30', '30', 1, 'Insert', '172.31.9.184', 'Windows 10', 'Chrome 134.0.0.0', '2025-03-24 14:07:46', NULL),
(261, 'New Record inserted On topic id 31', '31', 1, 'Insert', '172.31.9.184', 'Windows 10', 'Chrome 134.0.0.0', '2025-03-24 14:07:46', NULL),
(262, 'New Record inserted On lesson id 6', '6', 1, 'Insert', '172.31.9.184', 'Windows 10', 'Chrome 134.0.0.0', '2025-03-24 14:07:46', NULL),
(263, 'New Record inserted On topic id 32', '32', 1, 'Insert', '172.31.9.184', 'Windows 10', 'Chrome 134.0.0.0', '2025-03-24 14:07:46', NULL),
(264, 'New Record inserted On topic id 33', '33', 1, 'Insert', '172.31.9.184', 'Windows 10', 'Chrome 134.0.0.0', '2025-03-24 14:07:46', NULL),
(265, 'New Record inserted On topic id 34', '34', 1, 'Insert', '172.31.9.184', 'Windows 10', 'Chrome 134.0.0.0', '2025-03-24 14:07:46', NULL),
(266, 'New Record inserted On topic id 35', '35', 1, 'Insert', '172.31.9.184', 'Windows 10', 'Chrome 134.0.0.0', '2025-03-24 14:07:46', NULL),
(267, 'New Record inserted On topic id 36', '36', 1, 'Insert', '172.31.9.184', 'Windows 10', 'Chrome 134.0.0.0', '2025-03-24 14:07:46', NULL),
(268, 'New Record inserted On topic id 37', '37', 1, 'Insert', '172.31.9.184', 'Windows 10', 'Chrome 134.0.0.0', '2025-03-24 14:07:46', NULL),
(269, 'New Record inserted On lesson id 7', '7', 1, 'Insert', '172.31.9.184', 'Windows 10', 'Chrome 134.0.0.0', '2025-03-24 14:07:46', NULL),
(270, 'New Record inserted On topic id 38', '38', 1, 'Insert', '172.31.9.184', 'Windows 10', 'Chrome 134.0.0.0', '2025-03-24 14:07:46', NULL),
(271, 'New Record inserted On topic id 39', '39', 1, 'Insert', '172.31.9.184', 'Windows 10', 'Chrome 134.0.0.0', '2025-03-24 14:07:46', NULL),
(272, 'New Record inserted On topic id 40', '40', 1, 'Insert', '172.31.9.184', 'Windows 10', 'Chrome 134.0.0.0', '2025-03-24 14:07:46', NULL),
(273, 'New Record inserted On topic id 41', '41', 1, 'Insert', '172.31.9.184', 'Windows 10', 'Chrome 134.0.0.0', '2025-03-24 14:07:46', NULL),
(274, 'New Record inserted On lesson id 8', '8', 1, 'Insert', '172.31.9.184', 'Windows 10', 'Chrome 134.0.0.0', '2025-03-24 14:07:46', NULL),
(275, 'New Record inserted On topic id 42', '42', 1, 'Insert', '172.31.9.184', 'Windows 10', 'Chrome 134.0.0.0', '2025-03-24 14:07:46', NULL),
(276, 'New Record inserted On topic id 43', '43', 1, 'Insert', '172.31.9.184', 'Windows 10', 'Chrome 134.0.0.0', '2025-03-24 14:07:46', NULL),
(277, 'New Record inserted On topic id 44', '44', 1, 'Insert', '172.31.9.184', 'Windows 10', 'Chrome 134.0.0.0', '2025-03-24 14:07:46', NULL),
(278, 'New Record inserted On lesson id 9', '9', 1, 'Insert', '172.31.36.15', 'Windows 10', 'Chrome 134.0.0.0', '2025-03-24 14:08:27', NULL),
(279, 'New Record inserted On topic id 45', '45', 1, 'Insert', '172.31.36.15', 'Windows 10', 'Chrome 134.0.0.0', '2025-03-24 14:08:27', NULL),
(280, 'New Record inserted On topic id 46', '46', 1, 'Insert', '172.31.36.15', 'Windows 10', 'Chrome 134.0.0.0', '2025-03-24 14:08:27', NULL),
(281, 'New Record inserted On topic id 47', '47', 1, 'Insert', '172.31.36.15', 'Windows 10', 'Chrome 134.0.0.0', '2025-03-24 14:08:27', NULL),
(282, 'New Record inserted On topic id 48', '48', 1, 'Insert', '172.31.36.15', 'Windows 10', 'Chrome 134.0.0.0', '2025-03-24 14:08:27', NULL),
(283, 'New Record inserted On topic id 49', '49', 1, 'Insert', '172.31.36.15', 'Windows 10', 'Chrome 134.0.0.0', '2025-03-24 14:08:27', NULL),
(284, 'New Record inserted On lesson id 10', '10', 1, 'Insert', '172.31.36.15', 'Windows 10', 'Chrome 134.0.0.0', '2025-03-24 14:08:27', NULL),
(285, 'New Record inserted On topic id 50', '50', 1, 'Insert', '172.31.36.15', 'Windows 10', 'Chrome 134.0.0.0', '2025-03-24 14:08:27', NULL),
(286, 'New Record inserted On topic id 51', '51', 1, 'Insert', '172.31.36.15', 'Windows 10', 'Chrome 134.0.0.0', '2025-03-24 14:08:27', NULL),
(287, 'New Record inserted On topic id 52', '52', 1, 'Insert', '172.31.36.15', 'Windows 10', 'Chrome 134.0.0.0', '2025-03-24 14:08:27', NULL),
(288, 'New Record inserted On topic id 53', '53', 1, 'Insert', '172.31.36.15', 'Windows 10', 'Chrome 134.0.0.0', '2025-03-24 14:08:27', NULL),
(289, 'New Record inserted On topic id 54', '54', 1, 'Insert', '172.31.36.15', 'Windows 10', 'Chrome 134.0.0.0', '2025-03-24 14:08:27', NULL),
(290, 'New Record inserted On topic id 55', '55', 1, 'Insert', '172.31.36.15', 'Windows 10', 'Chrome 134.0.0.0', '2025-03-24 14:08:27', NULL),
(291, 'New Record inserted On topic id 56', '56', 1, 'Insert', '172.31.36.15', 'Windows 10', 'Chrome 134.0.0.0', '2025-03-24 14:08:27', NULL),
(292, 'New Record inserted On lesson id 11', '11', 1, 'Insert', '172.31.36.15', 'Windows 10', 'Chrome 134.0.0.0', '2025-03-24 14:08:27', NULL),
(293, 'New Record inserted On topic id 57', '57', 1, 'Insert', '172.31.36.15', 'Windows 10', 'Chrome 134.0.0.0', '2025-03-24 14:08:27', NULL),
(294, 'New Record inserted On topic id 58', '58', 1, 'Insert', '172.31.36.15', 'Windows 10', 'Chrome 134.0.0.0', '2025-03-24 14:08:27', NULL),
(295, 'New Record inserted On topic id 59', '59', 1, 'Insert', '172.31.36.15', 'Windows 10', 'Chrome 134.0.0.0', '2025-03-24 14:08:27', NULL),
(296, 'New Record inserted On topic id 60', '60', 1, 'Insert', '172.31.36.15', 'Windows 10', 'Chrome 134.0.0.0', '2025-03-24 14:08:27', NULL),
(297, 'New Record inserted On lesson id 12', '12', 1, 'Insert', '172.31.36.15', 'Windows 10', 'Chrome 134.0.0.0', '2025-03-24 14:08:27', NULL),
(298, 'New Record inserted On topic id 61', '61', 1, 'Insert', '172.31.36.15', 'Windows 10', 'Chrome 134.0.0.0', '2025-03-24 14:08:28', NULL),
(299, 'New Record inserted On topic id 62', '62', 1, 'Insert', '172.31.36.15', 'Windows 10', 'Chrome 134.0.0.0', '2025-03-24 14:08:28', NULL),
(300, 'New Record inserted On topic id 63', '63', 1, 'Insert', '172.31.36.15', 'Windows 10', 'Chrome 134.0.0.0', '2025-03-24 14:08:28', NULL),
(301, 'New Record inserted On topic id 64', '64', 1, 'Insert', '172.31.36.15', 'Windows 10', 'Chrome 134.0.0.0', '2025-03-24 14:08:28', NULL),
(302, 'New Record inserted On topic id 65', '65', 1, 'Insert', '172.31.36.15', 'Windows 10', 'Chrome 134.0.0.0', '2025-03-24 14:08:28', NULL),
(303, 'New Record inserted On topic id 66', '66', 1, 'Insert', '172.31.36.15', 'Windows 10', 'Chrome 134.0.0.0', '2025-03-24 14:08:28', NULL),
(304, 'New Record inserted On topic id 67', '67', 1, 'Insert', '172.31.36.15', 'Windows 10', 'Chrome 134.0.0.0', '2025-03-24 14:08:28', NULL),
(305, 'New Record inserted On topic id 68', '68', 1, 'Insert', '172.31.36.15', 'Windows 10', 'Chrome 134.0.0.0', '2025-03-24 14:08:28', NULL),
(306, 'New Record inserted On topic id 69', '69', 1, 'Insert', '172.31.36.15', 'Windows 10', 'Chrome 134.0.0.0', '2025-03-24 14:08:28', NULL),
(307, 'New Record inserted On lesson id 13', '13', 1, 'Insert', '172.31.36.15', 'Windows 10', 'Chrome 134.0.0.0', '2025-03-24 14:08:28', NULL),
(308, 'New Record inserted On topic id 70', '70', 1, 'Insert', '172.31.36.15', 'Windows 10', 'Chrome 134.0.0.0', '2025-03-24 14:08:28', NULL),
(309, 'New Record inserted On topic id 71', '71', 1, 'Insert', '172.31.36.15', 'Windows 10', 'Chrome 134.0.0.0', '2025-03-24 14:08:28', NULL),
(310, 'New Record inserted On topic id 72', '72', 1, 'Insert', '172.31.36.15', 'Windows 10', 'Chrome 134.0.0.0', '2025-03-24 14:08:28', NULL),
(311, 'New Record inserted On topic id 73', '73', 1, 'Insert', '172.31.36.15', 'Windows 10', 'Chrome 134.0.0.0', '2025-03-24 14:08:28', NULL),
(312, 'New Record inserted On topic id 74', '74', 1, 'Insert', '172.31.36.15', 'Windows 10', 'Chrome 134.0.0.0', '2025-03-24 14:08:28', NULL),
(313, 'New Record inserted On topic id 75', '75', 1, 'Insert', '172.31.36.15', 'Windows 10', 'Chrome 134.0.0.0', '2025-03-24 14:08:28', NULL),
(314, 'New Record inserted On topic id 76', '76', 1, 'Insert', '172.31.36.15', 'Windows 10', 'Chrome 134.0.0.0', '2025-03-24 14:08:28', NULL),
(315, 'New Record inserted On topic id 77', '77', 1, 'Insert', '172.31.36.15', 'Windows 10', 'Chrome 134.0.0.0', '2025-03-24 14:08:28', NULL),
(316, 'New Record inserted On topic id 78', '78', 1, 'Insert', '172.31.36.15', 'Windows 10', 'Chrome 134.0.0.0', '2025-03-24 14:08:28', NULL),
(317, 'New Record inserted On topic id 79', '79', 1, 'Insert', '172.31.36.15', 'Windows 10', 'Chrome 134.0.0.0', '2025-03-24 14:08:28', NULL),
(318, 'New Record inserted On lesson id 14', '14', 1, 'Insert', '172.31.36.15', 'Windows 10', 'Chrome 134.0.0.0', '2025-03-24 14:08:28', NULL),
(319, 'New Record inserted On topic id 80', '80', 1, 'Insert', '172.31.36.15', 'Windows 10', 'Chrome 134.0.0.0', '2025-03-24 14:08:28', NULL),
(320, 'New Record inserted On topic id 81', '81', 1, 'Insert', '172.31.36.15', 'Windows 10', 'Chrome 134.0.0.0', '2025-03-24 14:08:28', NULL),
(321, 'New Record inserted On topic id 82', '82', 1, 'Insert', '172.31.36.15', 'Windows 10', 'Chrome 134.0.0.0', '2025-03-24 14:08:28', NULL),
(322, 'New Record inserted On topic id 83', '83', 1, 'Insert', '172.31.36.15', 'Windows 10', 'Chrome 134.0.0.0', '2025-03-24 14:08:28', NULL),
(323, 'New Record inserted On topic id 84', '84', 1, 'Insert', '172.31.36.15', 'Windows 10', 'Chrome 134.0.0.0', '2025-03-24 14:08:28', NULL),
(324, 'New Record inserted On topic id 85', '85', 1, 'Insert', '172.31.36.15', 'Windows 10', 'Chrome 134.0.0.0', '2025-03-24 14:08:28', NULL),
(325, 'New Record inserted On topic id 86', '86', 1, 'Insert', '172.31.36.15', 'Windows 10', 'Chrome 134.0.0.0', '2025-03-24 14:08:28', NULL),
(326, 'New Record inserted On lesson id 15', '15', 1, 'Insert', '172.31.36.15', 'Windows 10', 'Chrome 134.0.0.0', '2025-03-24 14:08:28', NULL),
(327, 'New Record inserted On topic id 87', '87', 1, 'Insert', '172.31.36.15', 'Windows 10', 'Chrome 134.0.0.0', '2025-03-24 14:08:28', NULL),
(328, 'New Record inserted On topic id 88', '88', 1, 'Insert', '172.31.36.15', 'Windows 10', 'Chrome 134.0.0.0', '2025-03-24 14:08:28', NULL),
(329, 'New Record inserted On topic id 89', '89', 1, 'Insert', '172.31.36.15', 'Windows 10', 'Chrome 134.0.0.0', '2025-03-24 14:08:28', NULL),
(330, 'New Record inserted On topic id 90', '90', 1, 'Insert', '172.31.36.15', 'Windows 10', 'Chrome 134.0.0.0', '2025-03-24 14:08:28', NULL),
(331, 'New Record inserted On topic id 91', '91', 1, 'Insert', '172.31.36.15', 'Windows 10', 'Chrome 134.0.0.0', '2025-03-24 14:08:28', NULL),
(332, 'New Record inserted On topic id 92', '92', 1, 'Insert', '172.31.36.15', 'Windows 10', 'Chrome 134.0.0.0', '2025-03-24 14:08:28', NULL),
(333, 'New Record inserted On topic id 93', '93', 1, 'Insert', '172.31.36.15', 'Windows 10', 'Chrome 134.0.0.0', '2025-03-24 14:08:28', NULL),
(334, 'New Record inserted On lesson id 16', '16', 1, 'Insert', '172.31.36.15', 'Windows 10', 'Chrome 134.0.0.0', '2025-03-24 14:08:28', NULL),
(335, 'New Record inserted On topic id 94', '94', 1, 'Insert', '172.31.36.15', 'Windows 10', 'Chrome 134.0.0.0', '2025-03-24 14:08:28', NULL),
(336, 'New Record inserted On topic id 95', '95', 1, 'Insert', '172.31.36.15', 'Windows 10', 'Chrome 134.0.0.0', '2025-03-24 14:08:28', NULL),
(337, 'New Record inserted On topic id 96', '96', 1, 'Insert', '172.31.36.15', 'Windows 10', 'Chrome 134.0.0.0', '2025-03-24 14:08:28', NULL),
(338, 'New Record inserted On topic id 97', '97', 1, 'Insert', '172.31.36.15', 'Windows 10', 'Chrome 134.0.0.0', '2025-03-24 14:08:28', NULL),
(339, 'New Record inserted On lesson id 17', '17', 1, 'Insert', '172.31.36.15', 'Windows 10', 'Chrome 134.0.0.0', '2025-03-24 14:15:56', NULL),
(340, 'New Record inserted On topic id 98', '98', 1, 'Insert', '172.31.36.15', 'Windows 10', 'Chrome 134.0.0.0', '2025-03-24 14:15:56', NULL),
(341, 'New Record inserted On topic id 99', '99', 1, 'Insert', '172.31.36.15', 'Windows 10', 'Chrome 134.0.0.0', '2025-03-24 14:15:56', NULL),
(342, 'New Record inserted On topic id 100', '100', 1, 'Insert', '172.31.36.15', 'Windows 10', 'Chrome 134.0.0.0', '2025-03-24 14:15:56', NULL),
(343, 'New Record inserted On topic id 101', '101', 1, 'Insert', '172.31.36.15', 'Windows 10', 'Chrome 134.0.0.0', '2025-03-24 14:15:56', NULL),
(344, 'New Record inserted On lesson id 18', '18', 1, 'Insert', '172.31.36.15', 'Windows 10', 'Chrome 134.0.0.0', '2025-03-24 14:15:56', NULL),
(345, 'New Record inserted On topic id 102', '102', 1, 'Insert', '172.31.36.15', 'Windows 10', 'Chrome 134.0.0.0', '2025-03-24 14:15:56', NULL),
(346, 'New Record inserted On topic id 103', '103', 1, 'Insert', '172.31.36.15', 'Windows 10', 'Chrome 134.0.0.0', '2025-03-24 14:15:56', NULL),
(347, 'New Record inserted On topic id 104', '104', 1, 'Insert', '172.31.36.15', 'Windows 10', 'Chrome 134.0.0.0', '2025-03-24 14:15:56', NULL),
(348, 'New Record inserted On lesson id 19', '19', 1, 'Insert', '172.31.36.15', 'Windows 10', 'Chrome 134.0.0.0', '2025-03-24 14:15:56', NULL),
(349, 'New Record inserted On topic id 105', '105', 1, 'Insert', '172.31.36.15', 'Windows 10', 'Chrome 134.0.0.0', '2025-03-24 14:15:56', NULL),
(350, 'New Record inserted On topic id 106', '106', 1, 'Insert', '172.31.36.15', 'Windows 10', 'Chrome 134.0.0.0', '2025-03-24 14:15:56', NULL),
(351, 'New Record inserted On topic id 107', '107', 1, 'Insert', '172.31.36.15', 'Windows 10', 'Chrome 134.0.0.0', '2025-03-24 14:15:56', NULL),
(352, 'New Record inserted On topic id 108', '108', 1, 'Insert', '172.31.36.15', 'Windows 10', 'Chrome 134.0.0.0', '2025-03-24 14:15:56', NULL);
INSERT INTO `logs` (`id`, `message`, `record_id`, `user_id`, `action`, `ip_address`, `platform`, `agent`, `time`, `created_at`) VALUES
(353, 'New Record inserted On lesson id 20', '20', 1, 'Insert', '172.31.36.15', 'Windows 10', 'Chrome 134.0.0.0', '2025-03-24 14:15:56', NULL),
(354, 'New Record inserted On topic id 109', '109', 1, 'Insert', '172.31.36.15', 'Windows 10', 'Chrome 134.0.0.0', '2025-03-24 14:15:56', NULL),
(355, 'New Record inserted On topic id 110', '110', 1, 'Insert', '172.31.36.15', 'Windows 10', 'Chrome 134.0.0.0', '2025-03-24 14:15:56', NULL),
(356, 'New Record inserted On lesson id 21', '21', 1, 'Insert', '172.31.36.15', 'Windows 10', 'Chrome 134.0.0.0', '2025-03-24 14:15:56', NULL),
(357, 'New Record inserted On topic id 111', '111', 1, 'Insert', '172.31.36.15', 'Windows 10', 'Chrome 134.0.0.0', '2025-03-24 14:15:56', NULL),
(358, 'New Record inserted On topic id 112', '112', 1, 'Insert', '172.31.36.15', 'Windows 10', 'Chrome 134.0.0.0', '2025-03-24 14:15:56', NULL),
(359, 'New Record inserted On lesson id 22', '22', 1, 'Insert', '172.31.36.15', 'Windows 10', 'Chrome 134.0.0.0', '2025-03-24 14:15:56', NULL),
(360, 'New Record inserted On topic id 113', '113', 1, 'Insert', '172.31.36.15', 'Windows 10', 'Chrome 134.0.0.0', '2025-03-24 14:15:56', NULL),
(361, 'New Record inserted On topic id 114', '114', 1, 'Insert', '172.31.36.15', 'Windows 10', 'Chrome 134.0.0.0', '2025-03-24 14:15:56', NULL),
(362, 'New Record inserted On topic id 115', '115', 1, 'Insert', '172.31.36.15', 'Windows 10', 'Chrome 134.0.0.0', '2025-03-24 14:15:56', NULL),
(363, 'New Record inserted On lesson id 23', '23', 1, 'Insert', '172.31.36.15', 'Windows 10', 'Chrome 134.0.0.0', '2025-03-24 14:15:56', NULL),
(364, 'New Record inserted On topic id 116', '116', 1, 'Insert', '172.31.36.15', 'Windows 10', 'Chrome 134.0.0.0', '2025-03-24 14:15:56', NULL),
(365, 'New Record inserted On topic id 117', '117', 1, 'Insert', '172.31.36.15', 'Windows 10', 'Chrome 134.0.0.0', '2025-03-24 14:15:56', NULL),
(366, 'New Record inserted On topic id 118', '118', 1, 'Insert', '172.31.36.15', 'Windows 10', 'Chrome 134.0.0.0', '2025-03-24 14:15:56', NULL),
(367, 'New Record inserted On lesson id 24', '24', 1, 'Insert', '172.31.36.15', 'Windows 10', 'Chrome 134.0.0.0', '2025-03-24 14:15:56', NULL),
(368, 'New Record inserted On topic id 119', '119', 1, 'Insert', '172.31.36.15', 'Windows 10', 'Chrome 134.0.0.0', '2025-03-24 14:15:56', NULL),
(369, 'New Record inserted On topic id 120', '120', 1, 'Insert', '172.31.36.15', 'Windows 10', 'Chrome 134.0.0.0', '2025-03-24 14:15:56', NULL),
(370, 'New Record inserted On topic id 121', '121', 1, 'Insert', '172.31.36.15', 'Windows 10', 'Chrome 134.0.0.0', '2025-03-24 14:15:56', NULL),
(371, 'New Record inserted On topic id 122', '122', 1, 'Insert', '172.31.36.15', 'Windows 10', 'Chrome 134.0.0.0', '2025-03-24 14:15:56', NULL),
(372, 'New Record inserted On lesson id 25', '25', 1, 'Insert', '172.31.36.15', 'Windows 10', 'Chrome 134.0.0.0', '2025-03-24 14:15:56', NULL),
(373, 'New Record inserted On topic id 123', '123', 1, 'Insert', '172.31.36.15', 'Windows 10', 'Chrome 134.0.0.0', '2025-03-24 14:15:56', NULL),
(374, 'New Record inserted On topic id 124', '124', 1, 'Insert', '172.31.36.15', 'Windows 10', 'Chrome 134.0.0.0', '2025-03-24 14:15:56', NULL),
(375, 'New Record inserted On topic id 125', '125', 1, 'Insert', '172.31.36.15', 'Windows 10', 'Chrome 134.0.0.0', '2025-03-24 14:15:56', NULL),
(376, 'New Record inserted On lesson id 26', '26', 1, 'Insert', '172.31.36.15', 'Windows 10', 'Chrome 134.0.0.0', '2025-03-24 14:15:56', NULL),
(377, 'New Record inserted On topic id 126', '126', 1, 'Insert', '172.31.36.15', 'Windows 10', 'Chrome 134.0.0.0', '2025-03-24 14:15:56', NULL),
(378, 'New Record inserted On topic id 127', '127', 1, 'Insert', '172.31.36.15', 'Windows 10', 'Chrome 134.0.0.0', '2025-03-24 14:15:56', NULL),
(379, 'New Record inserted On topic id 128', '128', 1, 'Insert', '172.31.36.15', 'Windows 10', 'Chrome 134.0.0.0', '2025-03-24 14:15:56', NULL),
(380, 'New Record inserted On lesson id 27', '27', 1, 'Insert', '172.31.36.15', 'Windows 10', 'Chrome 134.0.0.0', '2025-03-24 14:15:56', NULL),
(381, 'New Record inserted On topic id 129', '129', 1, 'Insert', '172.31.36.15', 'Windows 10', 'Chrome 134.0.0.0', '2025-03-24 14:15:56', NULL),
(382, 'New Record inserted On topic id 130', '130', 1, 'Insert', '172.31.36.15', 'Windows 10', 'Chrome 134.0.0.0', '2025-03-24 14:15:56', NULL),
(383, 'New Record inserted On topic id 131', '131', 1, 'Insert', '172.31.36.15', 'Windows 10', 'Chrome 134.0.0.0', '2025-03-24 14:15:56', NULL),
(384, 'New Record inserted On lesson id 28', '28', 1, 'Insert', '172.31.36.15', 'Windows 10', 'Chrome 134.0.0.0', '2025-03-24 14:15:56', NULL),
(385, 'New Record inserted On topic id 132', '132', 1, 'Insert', '172.31.36.15', 'Windows 10', 'Chrome 134.0.0.0', '2025-03-24 14:15:56', NULL),
(386, 'New Record inserted On topic id 133', '133', 1, 'Insert', '172.31.36.15', 'Windows 10', 'Chrome 134.0.0.0', '2025-03-24 14:15:56', NULL),
(387, 'New Record inserted On topic id 134', '134', 1, 'Insert', '172.31.36.15', 'Windows 10', 'Chrome 134.0.0.0', '2025-03-24 14:15:56', NULL),
(388, 'New Record inserted On lesson id 29', '29', 1, 'Insert', '172.31.36.15', 'Windows 10', 'Chrome 134.0.0.0', '2025-03-24 14:15:56', NULL),
(389, 'New Record inserted On topic id 135', '135', 1, 'Insert', '172.31.36.15', 'Windows 10', 'Chrome 134.0.0.0', '2025-03-24 14:15:56', NULL),
(390, 'New Record inserted On topic id 136', '136', 1, 'Insert', '172.31.36.15', 'Windows 10', 'Chrome 134.0.0.0', '2025-03-24 14:15:56', NULL),
(391, 'New Record inserted On topic id 137', '137', 1, 'Insert', '172.31.36.15', 'Windows 10', 'Chrome 134.0.0.0', '2025-03-24 14:15:56', NULL),
(392, 'New Record inserted On lesson id 30', '30', 1, 'Insert', '172.31.36.15', 'Windows 10', 'Chrome 134.0.0.0', '2025-03-24 14:15:56', NULL),
(393, 'New Record inserted On topic id 138', '138', 1, 'Insert', '172.31.36.15', 'Windows 10', 'Chrome 134.0.0.0', '2025-03-24 14:15:56', NULL),
(394, 'New Record inserted On topic id 139', '139', 1, 'Insert', '172.31.36.15', 'Windows 10', 'Chrome 134.0.0.0', '2025-03-24 14:15:56', NULL),
(395, 'New Record inserted On topic id 140', '140', 1, 'Insert', '172.31.36.15', 'Windows 10', 'Chrome 134.0.0.0', '2025-03-24 14:15:56', NULL),
(396, 'New Record inserted On topic id 141', '141', 1, 'Insert', '172.31.36.15', 'Windows 10', 'Chrome 134.0.0.0', '2025-03-24 14:15:56', NULL),
(397, 'New Record inserted On lesson id 31', '31', 1, 'Insert', '172.31.36.15', 'Windows 10', 'Chrome 134.0.0.0', '2025-03-24 14:16:22', NULL),
(398, 'New Record inserted On topic id 142', '142', 1, 'Insert', '172.31.36.15', 'Windows 10', 'Chrome 134.0.0.0', '2025-03-24 14:16:22', NULL),
(399, 'New Record inserted On topic id 143', '143', 1, 'Insert', '172.31.36.15', 'Windows 10', 'Chrome 134.0.0.0', '2025-03-24 14:16:22', NULL),
(400, 'New Record inserted On topic id 144', '144', 1, 'Insert', '172.31.36.15', 'Windows 10', 'Chrome 134.0.0.0', '2025-03-24 14:16:22', NULL),
(401, 'New Record inserted On topic id 145', '145', 1, 'Insert', '172.31.36.15', 'Windows 10', 'Chrome 134.0.0.0', '2025-03-24 14:16:22', NULL),
(402, 'New Record inserted On lesson id 32', '32', 1, 'Insert', '172.31.36.15', 'Windows 10', 'Chrome 134.0.0.0', '2025-03-24 14:16:22', NULL),
(403, 'New Record inserted On topic id 146', '146', 1, 'Insert', '172.31.36.15', 'Windows 10', 'Chrome 134.0.0.0', '2025-03-24 14:16:22', NULL),
(404, 'New Record inserted On topic id 147', '147', 1, 'Insert', '172.31.36.15', 'Windows 10', 'Chrome 134.0.0.0', '2025-03-24 14:16:22', NULL),
(405, 'New Record inserted On topic id 148', '148', 1, 'Insert', '172.31.36.15', 'Windows 10', 'Chrome 134.0.0.0', '2025-03-24 14:16:22', NULL),
(406, 'New Record inserted On topic id 149', '149', 1, 'Insert', '172.31.36.15', 'Windows 10', 'Chrome 134.0.0.0', '2025-03-24 14:16:22', NULL),
(407, 'New Record inserted On lesson id 33', '33', 1, 'Insert', '172.31.36.15', 'Windows 10', 'Chrome 134.0.0.0', '2025-03-24 14:16:22', NULL),
(408, 'New Record inserted On topic id 150', '150', 1, 'Insert', '172.31.36.15', 'Windows 10', 'Chrome 134.0.0.0', '2025-03-24 14:16:22', NULL),
(409, 'New Record inserted On topic id 151', '151', 1, 'Insert', '172.31.36.15', 'Windows 10', 'Chrome 134.0.0.0', '2025-03-24 14:16:22', NULL),
(410, 'New Record inserted On topic id 152', '152', 1, 'Insert', '172.31.36.15', 'Windows 10', 'Chrome 134.0.0.0', '2025-03-24 14:16:22', NULL),
(411, 'New Record inserted On topic id 153', '153', 1, 'Insert', '172.31.36.15', 'Windows 10', 'Chrome 134.0.0.0', '2025-03-24 14:16:22', NULL),
(412, 'New Record inserted On lesson id 34', '34', 1, 'Insert', '172.31.36.15', 'Windows 10', 'Chrome 134.0.0.0', '2025-03-24 14:16:22', NULL),
(413, 'New Record inserted On topic id 154', '154', 1, 'Insert', '172.31.36.15', 'Windows 10', 'Chrome 134.0.0.0', '2025-03-24 14:16:22', NULL),
(414, 'New Record inserted On topic id 155', '155', 1, 'Insert', '172.31.36.15', 'Windows 10', 'Chrome 134.0.0.0', '2025-03-24 14:16:22', NULL),
(415, 'New Record inserted On topic id 156', '156', 1, 'Insert', '172.31.36.15', 'Windows 10', 'Chrome 134.0.0.0', '2025-03-24 14:16:22', NULL),
(416, 'New Record inserted On topic id 157', '157', 1, 'Insert', '172.31.36.15', 'Windows 10', 'Chrome 134.0.0.0', '2025-03-24 14:16:22', NULL),
(417, 'New Record inserted On lesson id 35', '35', 1, 'Insert', '172.31.36.15', 'Windows 10', 'Chrome 134.0.0.0', '2025-03-24 14:16:22', NULL),
(418, 'New Record inserted On topic id 158', '158', 1, 'Insert', '172.31.36.15', 'Windows 10', 'Chrome 134.0.0.0', '2025-03-24 14:16:22', NULL),
(419, 'New Record inserted On topic id 159', '159', 1, 'Insert', '172.31.36.15', 'Windows 10', 'Chrome 134.0.0.0', '2025-03-24 14:16:22', NULL),
(420, 'New Record inserted On topic id 160', '160', 1, 'Insert', '172.31.36.15', 'Windows 10', 'Chrome 134.0.0.0', '2025-03-24 14:16:22', NULL),
(421, 'New Record inserted On lesson id 36', '36', 1, 'Insert', '172.31.36.15', 'Windows 10', 'Chrome 134.0.0.0', '2025-03-24 14:16:22', NULL),
(422, 'New Record inserted On topic id 161', '161', 1, 'Insert', '172.31.36.15', 'Windows 10', 'Chrome 134.0.0.0', '2025-03-24 14:16:22', NULL),
(423, 'New Record inserted On topic id 162', '162', 1, 'Insert', '172.31.36.15', 'Windows 10', 'Chrome 134.0.0.0', '2025-03-24 14:16:22', NULL),
(424, 'New Record inserted On topic id 163', '163', 1, 'Insert', '172.31.36.15', 'Windows 10', 'Chrome 134.0.0.0', '2025-03-24 14:16:22', NULL),
(425, 'New Record inserted On topic id 164', '164', 1, 'Insert', '172.31.36.15', 'Windows 10', 'Chrome 134.0.0.0', '2025-03-24 14:16:22', NULL),
(426, 'New Record inserted On lesson id 37', '37', 1, 'Insert', '172.31.36.15', 'Windows 10', 'Chrome 134.0.0.0', '2025-03-24 14:16:22', NULL),
(427, 'New Record inserted On topic id 165', '165', 1, 'Insert', '172.31.36.15', 'Windows 10', 'Chrome 134.0.0.0', '2025-03-24 14:16:22', NULL),
(428, 'New Record inserted On topic id 166', '166', 1, 'Insert', '172.31.36.15', 'Windows 10', 'Chrome 134.0.0.0', '2025-03-24 14:16:22', NULL),
(429, 'New Record inserted On topic id 167', '167', 1, 'Insert', '172.31.36.15', 'Windows 10', 'Chrome 134.0.0.0', '2025-03-24 14:16:22', NULL),
(430, 'New Record inserted On topic id 168', '168', 1, 'Insert', '172.31.36.15', 'Windows 10', 'Chrome 134.0.0.0', '2025-03-24 14:16:22', NULL),
(431, 'New Record inserted On lesson id 38', '38', 1, 'Insert', '172.31.36.15', 'Windows 10', 'Chrome 134.0.0.0', '2025-03-24 14:16:22', NULL),
(432, 'New Record inserted On topic id 169', '169', 1, 'Insert', '172.31.36.15', 'Windows 10', 'Chrome 134.0.0.0', '2025-03-24 14:16:22', NULL),
(433, 'New Record inserted On topic id 170', '170', 1, 'Insert', '172.31.36.15', 'Windows 10', 'Chrome 134.0.0.0', '2025-03-24 14:16:22', NULL),
(434, 'New Record inserted On topic id 171', '171', 1, 'Insert', '172.31.36.15', 'Windows 10', 'Chrome 134.0.0.0', '2025-03-24 14:16:22', NULL),
(435, 'New Record inserted On topic id 172', '172', 1, 'Insert', '172.31.36.15', 'Windows 10', 'Chrome 134.0.0.0', '2025-03-24 14:16:22', NULL),
(436, 'New Record inserted On lesson id 39', '39', 1, 'Insert', '172.31.36.15', 'Windows 10', 'Chrome 134.0.0.0', '2025-03-24 14:16:22', NULL),
(437, 'New Record inserted On topic id 173', '173', 1, 'Insert', '172.31.36.15', 'Windows 10', 'Chrome 134.0.0.0', '2025-03-24 14:16:22', NULL),
(438, 'New Record inserted On topic id 174', '174', 1, 'Insert', '172.31.36.15', 'Windows 10', 'Chrome 134.0.0.0', '2025-03-24 14:16:22', NULL),
(439, 'New Record inserted On topic id 175', '175', 1, 'Insert', '172.31.36.15', 'Windows 10', 'Chrome 134.0.0.0', '2025-03-24 14:16:22', NULL),
(440, 'New Record inserted On lesson id 40', '40', 1, 'Insert', '172.31.36.15', 'Windows 10', 'Chrome 134.0.0.0', '2025-03-24 14:16:22', NULL),
(441, 'New Record inserted On topic id 176', '176', 1, 'Insert', '172.31.36.15', 'Windows 10', 'Chrome 134.0.0.0', '2025-03-24 14:16:22', NULL),
(442, 'New Record inserted On topic id 177', '177', 1, 'Insert', '172.31.36.15', 'Windows 10', 'Chrome 134.0.0.0', '2025-03-24 14:16:22', NULL),
(443, 'New Record inserted On topic id 178', '178', 1, 'Insert', '172.31.36.15', 'Windows 10', 'Chrome 134.0.0.0', '2025-03-24 14:16:22', NULL),
(444, 'New Record inserted On topic id 179', '179', 1, 'Insert', '172.31.36.15', 'Windows 10', 'Chrome 134.0.0.0', '2025-03-24 14:16:22', NULL),
(445, 'New Record inserted On lesson id 41', '41', 1, 'Insert', '172.31.36.15', 'Windows 10', 'Chrome 134.0.0.0', '2025-03-24 14:16:22', NULL),
(446, 'New Record inserted On topic id 180', '180', 1, 'Insert', '172.31.36.15', 'Windows 10', 'Chrome 134.0.0.0', '2025-03-24 14:16:22', NULL),
(447, 'New Record inserted On topic id 181', '181', 1, 'Insert', '172.31.36.15', 'Windows 10', 'Chrome 134.0.0.0', '2025-03-24 14:16:22', NULL),
(448, 'New Record inserted On topic id 182', '182', 1, 'Insert', '172.31.36.15', 'Windows 10', 'Chrome 134.0.0.0', '2025-03-24 14:16:22', NULL),
(449, 'New Record inserted On topic id 183', '183', 1, 'Insert', '172.31.36.15', 'Windows 10', 'Chrome 134.0.0.0', '2025-03-24 14:16:22', NULL),
(450, 'New Record inserted On lesson id 42', '42', 1, 'Insert', '172.31.36.15', 'Windows 10', 'Chrome 134.0.0.0', '2025-03-24 14:16:53', NULL),
(451, 'New Record inserted On topic id 184', '184', 1, 'Insert', '172.31.36.15', 'Windows 10', 'Chrome 134.0.0.0', '2025-03-24 14:16:53', NULL),
(452, 'New Record inserted On topic id 185', '185', 1, 'Insert', '172.31.36.15', 'Windows 10', 'Chrome 134.0.0.0', '2025-03-24 14:16:53', NULL),
(453, 'New Record inserted On topic id 186', '186', 1, 'Insert', '172.31.36.15', 'Windows 10', 'Chrome 134.0.0.0', '2025-03-24 14:16:53', NULL),
(454, 'New Record inserted On topic id 187', '187', 1, 'Insert', '172.31.36.15', 'Windows 10', 'Chrome 134.0.0.0', '2025-03-24 14:16:53', NULL),
(455, 'New Record inserted On topic id 188', '188', 1, 'Insert', '172.31.36.15', 'Windows 10', 'Chrome 134.0.0.0', '2025-03-24 14:16:53', NULL),
(456, 'New Record inserted On topic id 189', '189', 1, 'Insert', '172.31.36.15', 'Windows 10', 'Chrome 134.0.0.0', '2025-03-24 14:16:53', NULL),
(457, 'New Record inserted On topic id 190', '190', 1, 'Insert', '172.31.36.15', 'Windows 10', 'Chrome 134.0.0.0', '2025-03-24 14:16:53', NULL),
(458, 'New Record inserted On topic id 191', '191', 1, 'Insert', '172.31.36.15', 'Windows 10', 'Chrome 134.0.0.0', '2025-03-24 14:16:53', NULL),
(459, 'New Record inserted On lesson id 43', '43', 1, 'Insert', '172.31.36.15', 'Windows 10', 'Chrome 134.0.0.0', '2025-03-24 14:16:53', NULL),
(460, 'New Record inserted On topic id 192', '192', 1, 'Insert', '172.31.36.15', 'Windows 10', 'Chrome 134.0.0.0', '2025-03-24 14:16:53', NULL),
(461, 'New Record inserted On topic id 193', '193', 1, 'Insert', '172.31.36.15', 'Windows 10', 'Chrome 134.0.0.0', '2025-03-24 14:16:53', NULL),
(462, 'New Record inserted On topic id 194', '194', 1, 'Insert', '172.31.36.15', 'Windows 10', 'Chrome 134.0.0.0', '2025-03-24 14:16:53', NULL),
(463, 'New Record inserted On topic id 195', '195', 1, 'Insert', '172.31.36.15', 'Windows 10', 'Chrome 134.0.0.0', '2025-03-24 14:16:53', NULL),
(464, 'New Record inserted On topic id 196', '196', 1, 'Insert', '172.31.36.15', 'Windows 10', 'Chrome 134.0.0.0', '2025-03-24 14:16:53', NULL),
(465, 'New Record inserted On topic id 197', '197', 1, 'Insert', '172.31.36.15', 'Windows 10', 'Chrome 134.0.0.0', '2025-03-24 14:16:53', NULL),
(466, 'New Record inserted On topic id 198', '198', 1, 'Insert', '172.31.36.15', 'Windows 10', 'Chrome 134.0.0.0', '2025-03-24 14:16:53', NULL),
(467, 'New Record inserted On topic id 199', '199', 1, 'Insert', '172.31.36.15', 'Windows 10', 'Chrome 134.0.0.0', '2025-03-24 14:16:53', NULL),
(468, 'New Record inserted On topic id 200', '200', 1, 'Insert', '172.31.36.15', 'Windows 10', 'Chrome 134.0.0.0', '2025-03-24 14:16:53', NULL),
(469, 'New Record inserted On topic id 201', '201', 1, 'Insert', '172.31.36.15', 'Windows 10', 'Chrome 134.0.0.0', '2025-03-24 14:16:53', NULL),
(470, 'New Record inserted On topic id 202', '202', 1, 'Insert', '172.31.36.15', 'Windows 10', 'Chrome 134.0.0.0', '2025-03-24 14:16:53', NULL),
(471, 'New Record inserted On topic id 203', '203', 1, 'Insert', '172.31.36.15', 'Windows 10', 'Chrome 134.0.0.0', '2025-03-24 14:16:53', NULL),
(472, 'New Record inserted On topic id 204', '204', 1, 'Insert', '172.31.36.15', 'Windows 10', 'Chrome 134.0.0.0', '2025-03-24 14:16:53', NULL),
(473, 'New Record inserted On lesson id 44', '44', 1, 'Insert', '172.31.36.15', 'Windows 10', 'Chrome 134.0.0.0', '2025-03-24 14:16:53', NULL),
(474, 'New Record inserted On topic id 205', '205', 1, 'Insert', '172.31.36.15', 'Windows 10', 'Chrome 134.0.0.0', '2025-03-24 14:16:53', NULL),
(475, 'New Record inserted On topic id 206', '206', 1, 'Insert', '172.31.36.15', 'Windows 10', 'Chrome 134.0.0.0', '2025-03-24 14:16:53', NULL),
(476, 'New Record inserted On topic id 207', '207', 1, 'Insert', '172.31.36.15', 'Windows 10', 'Chrome 134.0.0.0', '2025-03-24 14:16:53', NULL),
(477, 'New Record inserted On topic id 208', '208', 1, 'Insert', '172.31.36.15', 'Windows 10', 'Chrome 134.0.0.0', '2025-03-24 14:16:53', NULL),
(478, 'New Record inserted On topic id 209', '209', 1, 'Insert', '172.31.36.15', 'Windows 10', 'Chrome 134.0.0.0', '2025-03-24 14:16:53', NULL),
(479, 'New Record inserted On topic id 210', '210', 1, 'Insert', '172.31.36.15', 'Windows 10', 'Chrome 134.0.0.0', '2025-03-24 14:16:53', NULL),
(480, 'New Record inserted On topic id 211', '211', 1, 'Insert', '172.31.36.15', 'Windows 10', 'Chrome 134.0.0.0', '2025-03-24 14:16:53', NULL),
(481, 'New Record inserted On topic id 212', '212', 1, 'Insert', '172.31.36.15', 'Windows 10', 'Chrome 134.0.0.0', '2025-03-24 14:16:53', NULL),
(482, 'New Record inserted On topic id 213', '213', 1, 'Insert', '172.31.36.15', 'Windows 10', 'Chrome 134.0.0.0', '2025-03-24 14:16:53', NULL),
(483, 'New Record inserted On topic id 214', '214', 1, 'Insert', '172.31.36.15', 'Windows 10', 'Chrome 134.0.0.0', '2025-03-24 14:16:53', NULL),
(484, 'New Record inserted On lesson id 45', '45', 1, 'Insert', '172.31.36.15', 'Windows 10', 'Chrome 134.0.0.0', '2025-03-24 14:16:53', NULL),
(485, 'New Record inserted On topic id 215', '215', 1, 'Insert', '172.31.36.15', 'Windows 10', 'Chrome 134.0.0.0', '2025-03-24 14:16:53', NULL),
(486, 'New Record inserted On topic id 216', '216', 1, 'Insert', '172.31.36.15', 'Windows 10', 'Chrome 134.0.0.0', '2025-03-24 14:16:53', NULL),
(487, 'New Record inserted On topic id 217', '217', 1, 'Insert', '172.31.36.15', 'Windows 10', 'Chrome 134.0.0.0', '2025-03-24 14:16:53', NULL),
(488, 'New Record inserted On topic id 218', '218', 1, 'Insert', '172.31.36.15', 'Windows 10', 'Chrome 134.0.0.0', '2025-03-24 14:16:53', NULL),
(489, 'New Record inserted On topic id 219', '219', 1, 'Insert', '172.31.36.15', 'Windows 10', 'Chrome 134.0.0.0', '2025-03-24 14:16:53', NULL),
(490, 'New Record inserted On topic id 220', '220', 1, 'Insert', '172.31.36.15', 'Windows 10', 'Chrome 134.0.0.0', '2025-03-24 14:16:53', NULL),
(491, 'New Record inserted On topic id 221', '221', 1, 'Insert', '172.31.36.15', 'Windows 10', 'Chrome 134.0.0.0', '2025-03-24 14:16:53', NULL),
(492, 'New Record inserted On topic id 222', '222', 1, 'Insert', '172.31.36.15', 'Windows 10', 'Chrome 134.0.0.0', '2025-03-24 14:16:53', NULL),
(493, 'New Record inserted On topic id 223', '223', 1, 'Insert', '172.31.36.15', 'Windows 10', 'Chrome 134.0.0.0', '2025-03-24 14:16:53', NULL),
(494, 'New Record inserted On  online exam id 1', '1', 1, 'Insert', '172.31.9.184', 'Windows 10', 'Chrome 134.0.0.0', '2025-03-24 14:23:00', NULL),
(495, 'New Record inserted On  online exam id 2', '2', 1, 'Insert', '172.31.9.184', 'Windows 10', 'Chrome 134.0.0.0', '2025-03-24 14:24:55', NULL),
(496, 'New Record inserted On students id 41', '41', 1, 'Insert', '172.31.9.184', 'Windows 10', 'Chrome 134.0.0.0', '2025-03-24 21:56:25', NULL),
(497, 'New Record inserted On  student session id 41', '41', 1, 'Insert', '172.31.9.184', 'Windows 10', 'Chrome 134.0.0.0', '2025-03-24 21:56:25', NULL),
(498, 'New Record inserted On users id 81', '81', 1, 'Insert', '172.31.9.184', 'Windows 10', 'Chrome 134.0.0.0', '2025-03-24 21:56:25', NULL),
(499, 'New Record inserted On users id 82', '82', 1, 'Insert', '172.31.9.184', 'Windows 10', 'Chrome 134.0.0.0', '2025-03-24 21:56:25', NULL),
(500, 'Record updated On students id 41', '41', 1, 'Update', '172.31.9.184', 'Windows 10', 'Chrome 134.0.0.0', '2025-03-24 21:56:25', NULL),
(501, 'New Record inserted On students id 42', '42', 1, 'Insert', '172.31.9.184', 'Windows 10', 'Chrome 134.0.0.0', '2025-03-24 21:56:25', NULL),
(502, 'New Record inserted On  student session id 42', '42', 1, 'Insert', '172.31.9.184', 'Windows 10', 'Chrome 134.0.0.0', '2025-03-24 21:56:25', NULL),
(503, 'New Record inserted On users id 83', '83', 1, 'Insert', '172.31.9.184', 'Windows 10', 'Chrome 134.0.0.0', '2025-03-24 21:56:25', NULL),
(504, 'New Record inserted On users id 84', '84', 1, 'Insert', '172.31.9.184', 'Windows 10', 'Chrome 134.0.0.0', '2025-03-24 21:56:25', NULL),
(505, 'Record updated On students id 42', '42', 1, 'Update', '172.31.9.184', 'Windows 10', 'Chrome 134.0.0.0', '2025-03-24 21:56:25', NULL),
(506, 'New Record inserted On students id 43', '43', 1, 'Insert', '172.31.9.184', 'Windows 10', 'Chrome 134.0.0.0', '2025-03-24 21:56:25', NULL),
(507, 'New Record inserted On  student session id 43', '43', 1, 'Insert', '172.31.9.184', 'Windows 10', 'Chrome 134.0.0.0', '2025-03-24 21:56:25', NULL),
(508, 'New Record inserted On users id 85', '85', 1, 'Insert', '172.31.9.184', 'Windows 10', 'Chrome 134.0.0.0', '2025-03-24 21:56:25', NULL),
(509, 'New Record inserted On users id 86', '86', 1, 'Insert', '172.31.9.184', 'Windows 10', 'Chrome 134.0.0.0', '2025-03-24 21:56:25', NULL),
(510, 'Record updated On students id 43', '43', 1, 'Update', '172.31.9.184', 'Windows 10', 'Chrome 134.0.0.0', '2025-03-24 21:56:25', NULL),
(511, 'New Record inserted On students id 44', '44', 1, 'Insert', '172.31.9.184', 'Windows 10', 'Chrome 134.0.0.0', '2025-03-24 21:56:25', NULL),
(512, 'New Record inserted On  student session id 44', '44', 1, 'Insert', '172.31.9.184', 'Windows 10', 'Chrome 134.0.0.0', '2025-03-24 21:56:25', NULL),
(513, 'New Record inserted On users id 87', '87', 1, 'Insert', '172.31.9.184', 'Windows 10', 'Chrome 134.0.0.0', '2025-03-24 21:56:25', NULL),
(514, 'New Record inserted On users id 88', '88', 1, 'Insert', '172.31.9.184', 'Windows 10', 'Chrome 134.0.0.0', '2025-03-24 21:56:25', NULL),
(515, 'Record updated On students id 44', '44', 1, 'Update', '172.31.9.184', 'Windows 10', 'Chrome 134.0.0.0', '2025-03-24 21:56:25', NULL),
(516, 'New Record inserted On students id 45', '45', 1, 'Insert', '172.31.9.184', 'Windows 10', 'Chrome 134.0.0.0', '2025-03-24 21:56:25', NULL),
(517, 'New Record inserted On  student session id 45', '45', 1, 'Insert', '172.31.9.184', 'Windows 10', 'Chrome 134.0.0.0', '2025-03-24 21:56:25', NULL),
(518, 'New Record inserted On users id 89', '89', 1, 'Insert', '172.31.9.184', 'Windows 10', 'Chrome 134.0.0.0', '2025-03-24 21:56:25', NULL),
(519, 'New Record inserted On users id 90', '90', 1, 'Insert', '172.31.9.184', 'Windows 10', 'Chrome 134.0.0.0', '2025-03-24 21:56:25', NULL),
(520, 'Record updated On students id 45', '45', 1, 'Update', '172.31.9.184', 'Windows 10', 'Chrome 134.0.0.0', '2025-03-24 21:56:25', NULL),
(521, 'New Record inserted On students id 46', '46', 1, 'Insert', '172.31.9.184', 'Windows 10', 'Chrome 134.0.0.0', '2025-03-24 21:56:25', NULL),
(522, 'New Record inserted On  student session id 46', '46', 1, 'Insert', '172.31.9.184', 'Windows 10', 'Chrome 134.0.0.0', '2025-03-24 21:56:25', NULL),
(523, 'New Record inserted On users id 91', '91', 1, 'Insert', '172.31.9.184', 'Windows 10', 'Chrome 134.0.0.0', '2025-03-24 21:56:25', NULL),
(524, 'New Record inserted On users id 92', '92', 1, 'Insert', '172.31.9.184', 'Windows 10', 'Chrome 134.0.0.0', '2025-03-24 21:56:25', NULL),
(525, 'Record updated On students id 46', '46', 1, 'Update', '172.31.9.184', 'Windows 10', 'Chrome 134.0.0.0', '2025-03-24 21:56:25', NULL),
(526, 'New Record inserted On students id 47', '47', 1, 'Insert', '172.31.9.184', 'Windows 10', 'Chrome 134.0.0.0', '2025-03-24 21:56:25', NULL),
(527, 'New Record inserted On  student session id 47', '47', 1, 'Insert', '172.31.9.184', 'Windows 10', 'Chrome 134.0.0.0', '2025-03-24 21:56:25', NULL),
(528, 'New Record inserted On users id 93', '93', 1, 'Insert', '172.31.9.184', 'Windows 10', 'Chrome 134.0.0.0', '2025-03-24 21:56:25', NULL),
(529, 'New Record inserted On users id 94', '94', 1, 'Insert', '172.31.9.184', 'Windows 10', 'Chrome 134.0.0.0', '2025-03-24 21:56:25', NULL),
(530, 'Record updated On students id 47', '47', 1, 'Update', '172.31.9.184', 'Windows 10', 'Chrome 134.0.0.0', '2025-03-24 21:56:25', NULL),
(531, 'New Record inserted On students id 48', '48', 1, 'Insert', '172.31.9.184', 'Windows 10', 'Chrome 134.0.0.0', '2025-03-24 21:56:25', NULL),
(532, 'New Record inserted On  student session id 48', '48', 1, 'Insert', '172.31.9.184', 'Windows 10', 'Chrome 134.0.0.0', '2025-03-24 21:56:25', NULL),
(533, 'New Record inserted On users id 95', '95', 1, 'Insert', '172.31.9.184', 'Windows 10', 'Chrome 134.0.0.0', '2025-03-24 21:56:25', NULL),
(534, 'New Record inserted On users id 96', '96', 1, 'Insert', '172.31.9.184', 'Windows 10', 'Chrome 134.0.0.0', '2025-03-24 21:56:25', NULL),
(535, 'Record updated On students id 48', '48', 1, 'Update', '172.31.9.184', 'Windows 10', 'Chrome 134.0.0.0', '2025-03-24 21:56:25', NULL),
(536, 'New Record inserted On students id 49', '49', 1, 'Insert', '172.31.9.184', 'Windows 10', 'Chrome 134.0.0.0', '2025-03-24 21:56:25', NULL),
(537, 'New Record inserted On  student session id 49', '49', 1, 'Insert', '172.31.9.184', 'Windows 10', 'Chrome 134.0.0.0', '2025-03-24 21:56:25', NULL),
(538, 'New Record inserted On users id 97', '97', 1, 'Insert', '172.31.9.184', 'Windows 10', 'Chrome 134.0.0.0', '2025-03-24 21:56:25', NULL),
(539, 'New Record inserted On users id 98', '98', 1, 'Insert', '172.31.9.184', 'Windows 10', 'Chrome 134.0.0.0', '2025-03-24 21:56:25', NULL),
(540, 'Record updated On students id 49', '49', 1, 'Update', '172.31.9.184', 'Windows 10', 'Chrome 134.0.0.0', '2025-03-24 21:56:25', NULL),
(541, 'New Record inserted On students id 50', '50', 1, 'Insert', '172.31.9.184', 'Windows 10', 'Chrome 134.0.0.0', '2025-03-24 21:56:25', NULL),
(542, 'New Record inserted On  student session id 50', '50', 1, 'Insert', '172.31.9.184', 'Windows 10', 'Chrome 134.0.0.0', '2025-03-24 21:56:25', NULL),
(543, 'New Record inserted On users id 99', '99', 1, 'Insert', '172.31.9.184', 'Windows 10', 'Chrome 134.0.0.0', '2025-03-24 21:56:25', NULL),
(544, 'New Record inserted On users id 100', '100', 1, 'Insert', '172.31.9.184', 'Windows 10', 'Chrome 134.0.0.0', '2025-03-24 21:56:25', NULL),
(545, 'Record updated On students id 50', '50', 1, 'Update', '172.31.9.184', 'Windows 10', 'Chrome 134.0.0.0', '2025-03-24 21:56:25', NULL),
(546, 'New Record inserted On students id 51', '51', 1, 'Insert', '172.31.9.184', 'Windows 10', 'Chrome 134.0.0.0', '2025-03-24 21:56:25', NULL),
(547, 'New Record inserted On  student session id 51', '51', 1, 'Insert', '172.31.9.184', 'Windows 10', 'Chrome 134.0.0.0', '2025-03-24 21:56:25', NULL),
(548, 'New Record inserted On users id 101', '101', 1, 'Insert', '172.31.9.184', 'Windows 10', 'Chrome 134.0.0.0', '2025-03-24 21:56:25', NULL),
(549, 'New Record inserted On users id 102', '102', 1, 'Insert', '172.31.9.184', 'Windows 10', 'Chrome 134.0.0.0', '2025-03-24 21:56:26', NULL),
(550, 'Record updated On students id 51', '51', 1, 'Update', '172.31.9.184', 'Windows 10', 'Chrome 134.0.0.0', '2025-03-24 21:56:26', NULL),
(551, 'New Record inserted On students id 52', '52', 1, 'Insert', '172.31.9.184', 'Windows 10', 'Chrome 134.0.0.0', '2025-03-24 21:56:26', NULL),
(552, 'New Record inserted On  student session id 52', '52', 1, 'Insert', '172.31.9.184', 'Windows 10', 'Chrome 134.0.0.0', '2025-03-24 21:56:26', NULL),
(553, 'New Record inserted On users id 103', '103', 1, 'Insert', '172.31.9.184', 'Windows 10', 'Chrome 134.0.0.0', '2025-03-24 21:56:26', NULL),
(554, 'New Record inserted On users id 104', '104', 1, 'Insert', '172.31.9.184', 'Windows 10', 'Chrome 134.0.0.0', '2025-03-24 21:56:26', NULL),
(555, 'Record updated On students id 52', '52', 1, 'Update', '172.31.9.184', 'Windows 10', 'Chrome 134.0.0.0', '2025-03-24 21:56:26', NULL),
(556, 'New Record inserted On students id 53', '53', 1, 'Insert', '172.31.9.184', 'Windows 10', 'Chrome 134.0.0.0', '2025-03-24 21:56:26', NULL),
(557, 'New Record inserted On  student session id 53', '53', 1, 'Insert', '172.31.9.184', 'Windows 10', 'Chrome 134.0.0.0', '2025-03-24 21:56:26', NULL),
(558, 'New Record inserted On users id 105', '105', 1, 'Insert', '172.31.9.184', 'Windows 10', 'Chrome 134.0.0.0', '2025-03-24 21:56:26', NULL),
(559, 'New Record inserted On users id 106', '106', 1, 'Insert', '172.31.9.184', 'Windows 10', 'Chrome 134.0.0.0', '2025-03-24 21:56:26', NULL),
(560, 'Record updated On students id 53', '53', 1, 'Update', '172.31.9.184', 'Windows 10', 'Chrome 134.0.0.0', '2025-03-24 21:56:26', NULL),
(561, 'New Record inserted On students id 54', '54', 1, 'Insert', '172.31.9.184', 'Windows 10', 'Chrome 134.0.0.0', '2025-03-24 21:56:26', NULL),
(562, 'New Record inserted On  student session id 54', '54', 1, 'Insert', '172.31.9.184', 'Windows 10', 'Chrome 134.0.0.0', '2025-03-24 21:56:26', NULL),
(563, 'New Record inserted On users id 107', '107', 1, 'Insert', '172.31.9.184', 'Windows 10', 'Chrome 134.0.0.0', '2025-03-24 21:56:26', NULL),
(564, 'New Record inserted On users id 108', '108', 1, 'Insert', '172.31.9.184', 'Windows 10', 'Chrome 134.0.0.0', '2025-03-24 21:56:26', NULL),
(565, 'Record updated On students id 54', '54', 1, 'Update', '172.31.9.184', 'Windows 10', 'Chrome 134.0.0.0', '2025-03-24 21:56:26', NULL),
(566, 'New Record inserted On students id 55', '55', 1, 'Insert', '172.31.9.184', 'Windows 10', 'Chrome 134.0.0.0', '2025-03-24 21:56:26', NULL),
(567, 'New Record inserted On  student session id 55', '55', 1, 'Insert', '172.31.9.184', 'Windows 10', 'Chrome 134.0.0.0', '2025-03-24 21:56:26', NULL),
(568, 'New Record inserted On users id 109', '109', 1, 'Insert', '172.31.9.184', 'Windows 10', 'Chrome 134.0.0.0', '2025-03-24 21:56:26', NULL),
(569, 'New Record inserted On users id 110', '110', 1, 'Insert', '172.31.9.184', 'Windows 10', 'Chrome 134.0.0.0', '2025-03-24 21:56:26', NULL),
(570, 'Record updated On students id 55', '55', 1, 'Update', '172.31.9.184', 'Windows 10', 'Chrome 134.0.0.0', '2025-03-24 21:56:26', NULL),
(571, 'New Record inserted On students id 56', '56', 1, 'Insert', '172.31.9.184', 'Windows 10', 'Chrome 134.0.0.0', '2025-03-24 21:56:26', NULL),
(572, 'New Record inserted On  student session id 56', '56', 1, 'Insert', '172.31.9.184', 'Windows 10', 'Chrome 134.0.0.0', '2025-03-24 21:56:26', NULL),
(573, 'New Record inserted On users id 111', '111', 1, 'Insert', '172.31.9.184', 'Windows 10', 'Chrome 134.0.0.0', '2025-03-24 21:56:26', NULL),
(574, 'New Record inserted On users id 112', '112', 1, 'Insert', '172.31.9.184', 'Windows 10', 'Chrome 134.0.0.0', '2025-03-24 21:56:26', NULL),
(575, 'Record updated On students id 56', '56', 1, 'Update', '172.31.9.184', 'Windows 10', 'Chrome 134.0.0.0', '2025-03-24 21:56:26', NULL),
(576, 'New Record inserted On students id 57', '57', 1, 'Insert', '172.31.9.184', 'Windows 10', 'Chrome 134.0.0.0', '2025-03-24 21:56:26', NULL),
(577, 'New Record inserted On  student session id 57', '57', 1, 'Insert', '172.31.9.184', 'Windows 10', 'Chrome 134.0.0.0', '2025-03-24 21:56:26', NULL),
(578, 'New Record inserted On users id 113', '113', 1, 'Insert', '172.31.9.184', 'Windows 10', 'Chrome 134.0.0.0', '2025-03-24 21:56:26', NULL),
(579, 'New Record inserted On users id 114', '114', 1, 'Insert', '172.31.9.184', 'Windows 10', 'Chrome 134.0.0.0', '2025-03-24 21:56:26', NULL),
(580, 'Record updated On students id 57', '57', 1, 'Update', '172.31.9.184', 'Windows 10', 'Chrome 134.0.0.0', '2025-03-24 21:56:26', NULL),
(581, 'New Record inserted On students id 58', '58', 1, 'Insert', '172.31.9.184', 'Windows 10', 'Chrome 134.0.0.0', '2025-03-24 21:56:26', NULL),
(582, 'New Record inserted On  student session id 58', '58', 1, 'Insert', '172.31.9.184', 'Windows 10', 'Chrome 134.0.0.0', '2025-03-24 21:56:26', NULL),
(583, 'New Record inserted On users id 115', '115', 1, 'Insert', '172.31.9.184', 'Windows 10', 'Chrome 134.0.0.0', '2025-03-24 21:56:26', NULL),
(584, 'New Record inserted On users id 116', '116', 1, 'Insert', '172.31.9.184', 'Windows 10', 'Chrome 134.0.0.0', '2025-03-24 21:56:26', NULL),
(585, 'Record updated On students id 58', '58', 1, 'Update', '172.31.9.184', 'Windows 10', 'Chrome 134.0.0.0', '2025-03-24 21:56:26', NULL),
(586, 'New Record inserted On students id 59', '59', 1, 'Insert', '172.31.9.184', 'Windows 10', 'Chrome 134.0.0.0', '2025-03-24 21:56:26', NULL),
(587, 'New Record inserted On  student session id 59', '59', 1, 'Insert', '172.31.9.184', 'Windows 10', 'Chrome 134.0.0.0', '2025-03-24 21:56:26', NULL),
(588, 'New Record inserted On users id 117', '117', 1, 'Insert', '172.31.9.184', 'Windows 10', 'Chrome 134.0.0.0', '2025-03-24 21:56:26', NULL),
(589, 'New Record inserted On users id 118', '118', 1, 'Insert', '172.31.9.184', 'Windows 10', 'Chrome 134.0.0.0', '2025-03-24 21:56:26', NULL),
(590, 'Record updated On students id 59', '59', 1, 'Update', '172.31.9.184', 'Windows 10', 'Chrome 134.0.0.0', '2025-03-24 21:56:26', NULL),
(591, 'New Record inserted On students id 60', '60', 1, 'Insert', '172.31.9.184', 'Windows 10', 'Chrome 134.0.0.0', '2025-03-24 21:56:26', NULL),
(592, 'New Record inserted On  student session id 60', '60', 1, 'Insert', '172.31.9.184', 'Windows 10', 'Chrome 134.0.0.0', '2025-03-24 21:56:26', NULL),
(593, 'New Record inserted On users id 119', '119', 1, 'Insert', '172.31.9.184', 'Windows 10', 'Chrome 134.0.0.0', '2025-03-24 21:56:26', NULL),
(594, 'New Record inserted On users id 120', '120', 1, 'Insert', '172.31.9.184', 'Windows 10', 'Chrome 134.0.0.0', '2025-03-24 21:56:26', NULL),
(595, 'Record updated On students id 60', '60', 1, 'Update', '172.31.9.184', 'Windows 10', 'Chrome 134.0.0.0', '2025-03-24 21:56:26', NULL),
(596, 'New Record inserted On students id 61', '61', 1, 'Insert', '172.31.9.184', 'Windows 10', 'Chrome 134.0.0.0', '2025-03-24 21:56:26', NULL),
(597, 'New Record inserted On  student session id 61', '61', 1, 'Insert', '172.31.9.184', 'Windows 10', 'Chrome 134.0.0.0', '2025-03-24 21:56:26', NULL),
(598, 'New Record inserted On users id 121', '121', 1, 'Insert', '172.31.9.184', 'Windows 10', 'Chrome 134.0.0.0', '2025-03-24 21:56:26', NULL),
(599, 'New Record inserted On users id 122', '122', 1, 'Insert', '172.31.9.184', 'Windows 10', 'Chrome 134.0.0.0', '2025-03-24 21:56:26', NULL),
(600, 'Record updated On students id 61', '61', 1, 'Update', '172.31.9.184', 'Windows 10', 'Chrome 134.0.0.0', '2025-03-24 21:56:26', NULL),
(601, 'New Record inserted On students id 62', '62', 1, 'Insert', '172.31.9.184', 'Windows 10', 'Chrome 134.0.0.0', '2025-03-24 21:56:26', NULL),
(602, 'New Record inserted On  student session id 62', '62', 1, 'Insert', '172.31.9.184', 'Windows 10', 'Chrome 134.0.0.0', '2025-03-24 21:56:26', NULL),
(603, 'New Record inserted On users id 123', '123', 1, 'Insert', '172.31.9.184', 'Windows 10', 'Chrome 134.0.0.0', '2025-03-24 21:56:26', NULL),
(604, 'New Record inserted On users id 124', '124', 1, 'Insert', '172.31.9.184', 'Windows 10', 'Chrome 134.0.0.0', '2025-03-24 21:56:26', NULL),
(605, 'Record updated On students id 62', '62', 1, 'Update', '172.31.9.184', 'Windows 10', 'Chrome 134.0.0.0', '2025-03-24 21:56:26', NULL),
(606, 'New Record inserted On students id 63', '63', 1, 'Insert', '172.31.9.184', 'Windows 10', 'Chrome 134.0.0.0', '2025-03-24 21:56:26', NULL),
(607, 'New Record inserted On  student session id 63', '63', 1, 'Insert', '172.31.9.184', 'Windows 10', 'Chrome 134.0.0.0', '2025-03-24 21:56:26', NULL),
(608, 'New Record inserted On users id 125', '125', 1, 'Insert', '172.31.9.184', 'Windows 10', 'Chrome 134.0.0.0', '2025-03-24 21:56:26', NULL),
(609, 'New Record inserted On users id 126', '126', 1, 'Insert', '172.31.9.184', 'Windows 10', 'Chrome 134.0.0.0', '2025-03-24 21:56:26', NULL),
(610, 'Record updated On students id 63', '63', 1, 'Update', '172.31.9.184', 'Windows 10', 'Chrome 134.0.0.0', '2025-03-24 21:56:26', NULL),
(611, 'New Record inserted On students id 64', '64', 1, 'Insert', '172.31.9.184', 'Windows 10', 'Chrome 134.0.0.0', '2025-03-24 21:56:26', NULL),
(612, 'New Record inserted On  student session id 64', '64', 1, 'Insert', '172.31.9.184', 'Windows 10', 'Chrome 134.0.0.0', '2025-03-24 21:56:26', NULL),
(613, 'New Record inserted On users id 127', '127', 1, 'Insert', '172.31.9.184', 'Windows 10', 'Chrome 134.0.0.0', '2025-03-24 21:56:26', NULL),
(614, 'New Record inserted On users id 128', '128', 1, 'Insert', '172.31.9.184', 'Windows 10', 'Chrome 134.0.0.0', '2025-03-24 21:56:26', NULL),
(615, 'Record updated On students id 64', '64', 1, 'Update', '172.31.9.184', 'Windows 10', 'Chrome 134.0.0.0', '2025-03-24 21:56:26', NULL),
(616, 'New Record inserted On students id 65', '65', 1, 'Insert', '172.31.9.184', 'Windows 10', 'Chrome 134.0.0.0', '2025-03-24 21:56:26', NULL),
(617, 'New Record inserted On  student session id 65', '65', 1, 'Insert', '172.31.9.184', 'Windows 10', 'Chrome 134.0.0.0', '2025-03-24 21:56:26', NULL),
(618, 'New Record inserted On users id 129', '129', 1, 'Insert', '172.31.9.184', 'Windows 10', 'Chrome 134.0.0.0', '2025-03-24 21:56:26', NULL),
(619, 'New Record inserted On users id 130', '130', 1, 'Insert', '172.31.9.184', 'Windows 10', 'Chrome 134.0.0.0', '2025-03-24 21:56:26', NULL),
(620, 'Record updated On students id 65', '65', 1, 'Update', '172.31.9.184', 'Windows 10', 'Chrome 134.0.0.0', '2025-03-24 21:56:26', NULL),
(621, 'New Record inserted On students id 66', '66', 1, 'Insert', '172.31.9.184', 'Windows 10', 'Chrome 134.0.0.0', '2025-03-24 21:56:26', NULL),
(622, 'New Record inserted On  student session id 66', '66', 1, 'Insert', '172.31.9.184', 'Windows 10', 'Chrome 134.0.0.0', '2025-03-24 21:56:26', NULL),
(623, 'New Record inserted On users id 131', '131', 1, 'Insert', '172.31.9.184', 'Windows 10', 'Chrome 134.0.0.0', '2025-03-24 21:56:26', NULL),
(624, 'New Record inserted On users id 132', '132', 1, 'Insert', '172.31.9.184', 'Windows 10', 'Chrome 134.0.0.0', '2025-03-24 21:56:26', NULL),
(625, 'Record updated On students id 66', '66', 1, 'Update', '172.31.9.184', 'Windows 10', 'Chrome 134.0.0.0', '2025-03-24 21:56:26', NULL),
(626, 'New Record inserted On students id 67', '67', 1, 'Insert', '172.31.9.184', 'Windows 10', 'Chrome 134.0.0.0', '2025-03-24 21:56:26', NULL),
(627, 'New Record inserted On  student session id 67', '67', 1, 'Insert', '172.31.9.184', 'Windows 10', 'Chrome 134.0.0.0', '2025-03-24 21:56:26', NULL),
(628, 'New Record inserted On users id 133', '133', 1, 'Insert', '172.31.9.184', 'Windows 10', 'Chrome 134.0.0.0', '2025-03-24 21:56:26', NULL),
(629, 'New Record inserted On users id 134', '134', 1, 'Insert', '172.31.9.184', 'Windows 10', 'Chrome 134.0.0.0', '2025-03-24 21:56:26', NULL),
(630, 'Record updated On students id 67', '67', 1, 'Update', '172.31.9.184', 'Windows 10', 'Chrome 134.0.0.0', '2025-03-24 21:56:27', NULL),
(631, 'New Record inserted On students id 68', '68', 1, 'Insert', '172.31.9.184', 'Windows 10', 'Chrome 134.0.0.0', '2025-03-24 21:56:27', NULL),
(632, 'New Record inserted On  student session id 68', '68', 1, 'Insert', '172.31.9.184', 'Windows 10', 'Chrome 134.0.0.0', '2025-03-24 21:56:27', NULL),
(633, 'New Record inserted On users id 135', '135', 1, 'Insert', '172.31.9.184', 'Windows 10', 'Chrome 134.0.0.0', '2025-03-24 21:56:27', NULL),
(634, 'New Record inserted On users id 136', '136', 1, 'Insert', '172.31.9.184', 'Windows 10', 'Chrome 134.0.0.0', '2025-03-24 21:56:27', NULL),
(635, 'Record updated On students id 68', '68', 1, 'Update', '172.31.9.184', 'Windows 10', 'Chrome 134.0.0.0', '2025-03-24 21:56:27', NULL),
(636, 'New Record inserted On students id 69', '69', 1, 'Insert', '172.31.9.184', 'Windows 10', 'Chrome 134.0.0.0', '2025-03-24 21:56:27', NULL),
(637, 'New Record inserted On  student session id 69', '69', 1, 'Insert', '172.31.9.184', 'Windows 10', 'Chrome 134.0.0.0', '2025-03-24 21:56:27', NULL),
(638, 'New Record inserted On users id 137', '137', 1, 'Insert', '172.31.9.184', 'Windows 10', 'Chrome 134.0.0.0', '2025-03-24 21:56:27', NULL),
(639, 'New Record inserted On users id 138', '138', 1, 'Insert', '172.31.9.184', 'Windows 10', 'Chrome 134.0.0.0', '2025-03-24 21:56:27', NULL),
(640, 'Record updated On students id 69', '69', 1, 'Update', '172.31.9.184', 'Windows 10', 'Chrome 134.0.0.0', '2025-03-24 21:56:27', NULL),
(641, 'New Record inserted On students id 70', '70', 1, 'Insert', '172.31.9.184', 'Windows 10', 'Chrome 134.0.0.0', '2025-03-24 21:56:27', NULL),
(642, 'New Record inserted On  student session id 70', '70', 1, 'Insert', '172.31.9.184', 'Windows 10', 'Chrome 134.0.0.0', '2025-03-24 21:56:27', NULL),
(643, 'New Record inserted On users id 139', '139', 1, 'Insert', '172.31.9.184', 'Windows 10', 'Chrome 134.0.0.0', '2025-03-24 21:56:27', NULL),
(644, 'New Record inserted On users id 140', '140', 1, 'Insert', '172.31.9.184', 'Windows 10', 'Chrome 134.0.0.0', '2025-03-24 21:56:27', NULL),
(645, 'Record updated On students id 70', '70', 1, 'Update', '172.31.9.184', 'Windows 10', 'Chrome 134.0.0.0', '2025-03-24 21:56:27', NULL),
(646, 'New Record inserted On students id 71', '71', 1, 'Insert', '172.31.9.184', 'Windows 10', 'Chrome 134.0.0.0', '2025-03-24 21:56:27', NULL),
(647, 'New Record inserted On  student session id 71', '71', 1, 'Insert', '172.31.9.184', 'Windows 10', 'Chrome 134.0.0.0', '2025-03-24 21:56:27', NULL),
(648, 'New Record inserted On users id 141', '141', 1, 'Insert', '172.31.9.184', 'Windows 10', 'Chrome 134.0.0.0', '2025-03-24 21:56:27', NULL),
(649, 'New Record inserted On users id 142', '142', 1, 'Insert', '172.31.9.184', 'Windows 10', 'Chrome 134.0.0.0', '2025-03-24 21:56:27', NULL),
(650, 'Record updated On students id 71', '71', 1, 'Update', '172.31.9.184', 'Windows 10', 'Chrome 134.0.0.0', '2025-03-24 21:56:27', NULL),
(651, 'New Record inserted On students id 72', '72', 1, 'Insert', '172.31.9.184', 'Windows 10', 'Chrome 134.0.0.0', '2025-03-24 21:56:27', NULL),
(652, 'New Record inserted On  student session id 72', '72', 1, 'Insert', '172.31.9.184', 'Windows 10', 'Chrome 134.0.0.0', '2025-03-24 21:56:27', NULL),
(653, 'New Record inserted On users id 143', '143', 1, 'Insert', '172.31.9.184', 'Windows 10', 'Chrome 134.0.0.0', '2025-03-24 21:56:27', NULL),
(654, 'New Record inserted On users id 144', '144', 1, 'Insert', '172.31.9.184', 'Windows 10', 'Chrome 134.0.0.0', '2025-03-24 21:56:27', NULL),
(655, 'Record updated On students id 72', '72', 1, 'Update', '172.31.9.184', 'Windows 10', 'Chrome 134.0.0.0', '2025-03-24 21:56:27', NULL),
(656, 'New Record inserted On students id 73', '73', 1, 'Insert', '172.31.9.184', 'Windows 10', 'Chrome 134.0.0.0', '2025-03-24 21:56:27', NULL),
(657, 'New Record inserted On  student session id 73', '73', 1, 'Insert', '172.31.9.184', 'Windows 10', 'Chrome 134.0.0.0', '2025-03-24 21:56:27', NULL),
(658, 'New Record inserted On users id 145', '145', 1, 'Insert', '172.31.9.184', 'Windows 10', 'Chrome 134.0.0.0', '2025-03-24 21:56:27', NULL),
(659, 'New Record inserted On users id 146', '146', 1, 'Insert', '172.31.9.184', 'Windows 10', 'Chrome 134.0.0.0', '2025-03-24 21:56:27', NULL),
(660, 'Record updated On students id 73', '73', 1, 'Update', '172.31.9.184', 'Windows 10', 'Chrome 134.0.0.0', '2025-03-24 21:56:27', NULL),
(661, 'New Record inserted On students id 74', '74', 1, 'Insert', '172.31.9.184', 'Windows 10', 'Chrome 134.0.0.0', '2025-03-24 21:56:27', NULL),
(662, 'New Record inserted On  student session id 74', '74', 1, 'Insert', '172.31.9.184', 'Windows 10', 'Chrome 134.0.0.0', '2025-03-24 21:56:27', NULL),
(663, 'New Record inserted On users id 147', '147', 1, 'Insert', '172.31.9.184', 'Windows 10', 'Chrome 134.0.0.0', '2025-03-24 21:56:27', NULL),
(664, 'New Record inserted On users id 148', '148', 1, 'Insert', '172.31.9.184', 'Windows 10', 'Chrome 134.0.0.0', '2025-03-24 21:56:27', NULL),
(665, 'Record updated On students id 74', '74', 1, 'Update', '172.31.9.184', 'Windows 10', 'Chrome 134.0.0.0', '2025-03-24 21:56:27', NULL),
(666, 'New Record inserted On students id 75', '75', 1, 'Insert', '172.31.9.184', 'Windows 10', 'Chrome 134.0.0.0', '2025-03-24 21:56:27', NULL),
(667, 'New Record inserted On  student session id 75', '75', 1, 'Insert', '172.31.9.184', 'Windows 10', 'Chrome 134.0.0.0', '2025-03-24 21:56:27', NULL),
(668, 'New Record inserted On users id 149', '149', 1, 'Insert', '172.31.9.184', 'Windows 10', 'Chrome 134.0.0.0', '2025-03-24 21:56:27', NULL),
(669, 'New Record inserted On users id 150', '150', 1, 'Insert', '172.31.9.184', 'Windows 10', 'Chrome 134.0.0.0', '2025-03-24 21:56:27', NULL),
(670, 'Record updated On students id 75', '75', 1, 'Update', '172.31.9.184', 'Windows 10', 'Chrome 134.0.0.0', '2025-03-24 21:56:27', NULL),
(671, 'New Record inserted On students id 76', '76', 1, 'Insert', '172.31.9.184', 'Windows 10', 'Chrome 134.0.0.0', '2025-03-24 21:56:27', NULL),
(672, 'New Record inserted On  student session id 76', '76', 1, 'Insert', '172.31.9.184', 'Windows 10', 'Chrome 134.0.0.0', '2025-03-24 21:56:27', NULL),
(673, 'New Record inserted On users id 151', '151', 1, 'Insert', '172.31.9.184', 'Windows 10', 'Chrome 134.0.0.0', '2025-03-24 21:56:27', NULL),
(674, 'New Record inserted On users id 152', '152', 1, 'Insert', '172.31.9.184', 'Windows 10', 'Chrome 134.0.0.0', '2025-03-24 21:56:27', NULL),
(675, 'Record updated On students id 76', '76', 1, 'Update', '172.31.9.184', 'Windows 10', 'Chrome 134.0.0.0', '2025-03-24 21:56:27', NULL),
(676, 'New Record inserted On students id 77', '77', 1, 'Insert', '172.31.9.184', 'Windows 10', 'Chrome 134.0.0.0', '2025-03-24 21:56:27', NULL),
(677, 'New Record inserted On  student session id 77', '77', 1, 'Insert', '172.31.9.184', 'Windows 10', 'Chrome 134.0.0.0', '2025-03-24 21:56:27', NULL),
(678, 'New Record inserted On users id 153', '153', 1, 'Insert', '172.31.9.184', 'Windows 10', 'Chrome 134.0.0.0', '2025-03-24 21:56:27', NULL),
(679, 'New Record inserted On users id 154', '154', 1, 'Insert', '172.31.9.184', 'Windows 10', 'Chrome 134.0.0.0', '2025-03-24 21:56:27', NULL),
(680, 'Record updated On students id 77', '77', 1, 'Update', '172.31.9.184', 'Windows 10', 'Chrome 134.0.0.0', '2025-03-24 21:56:27', NULL),
(681, 'New Record inserted On students id 78', '78', 1, 'Insert', '172.31.9.184', 'Windows 10', 'Chrome 134.0.0.0', '2025-03-24 21:56:27', NULL),
(682, 'New Record inserted On  student session id 78', '78', 1, 'Insert', '172.31.9.184', 'Windows 10', 'Chrome 134.0.0.0', '2025-03-24 21:56:27', NULL),
(683, 'New Record inserted On users id 155', '155', 1, 'Insert', '172.31.9.184', 'Windows 10', 'Chrome 134.0.0.0', '2025-03-24 21:56:27', NULL),
(684, 'New Record inserted On users id 156', '156', 1, 'Insert', '172.31.9.184', 'Windows 10', 'Chrome 134.0.0.0', '2025-03-24 21:56:27', NULL),
(685, 'Record updated On students id 78', '78', 1, 'Update', '172.31.9.184', 'Windows 10', 'Chrome 134.0.0.0', '2025-03-24 21:56:27', NULL),
(686, 'New Record inserted On students id 79', '79', 1, 'Insert', '172.31.9.184', 'Windows 10', 'Chrome 134.0.0.0', '2025-03-24 21:56:27', NULL),
(687, 'New Record inserted On  student session id 79', '79', 1, 'Insert', '172.31.9.184', 'Windows 10', 'Chrome 134.0.0.0', '2025-03-24 21:56:27', NULL),
(688, 'New Record inserted On users id 157', '157', 1, 'Insert', '172.31.9.184', 'Windows 10', 'Chrome 134.0.0.0', '2025-03-24 21:56:27', NULL),
(689, 'New Record inserted On users id 158', '158', 1, 'Insert', '172.31.9.184', 'Windows 10', 'Chrome 134.0.0.0', '2025-03-24 21:56:27', NULL),
(690, 'Record updated On students id 79', '79', 1, 'Update', '172.31.9.184', 'Windows 10', 'Chrome 134.0.0.0', '2025-03-24 21:56:27', NULL),
(691, 'New Record inserted On students id 80', '80', 1, 'Insert', '172.31.9.184', 'Windows 10', 'Chrome 134.0.0.0', '2025-03-24 21:56:27', NULL),
(692, 'New Record inserted On  student session id 80', '80', 1, 'Insert', '172.31.9.184', 'Windows 10', 'Chrome 134.0.0.0', '2025-03-24 21:56:27', NULL),
(693, 'New Record inserted On users id 159', '159', 1, 'Insert', '172.31.9.184', 'Windows 10', 'Chrome 134.0.0.0', '2025-03-24 21:56:27', NULL),
(694, 'New Record inserted On users id 160', '160', 1, 'Insert', '172.31.9.184', 'Windows 10', 'Chrome 134.0.0.0', '2025-03-24 21:56:27', NULL),
(695, 'Record updated On students id 80', '80', 1, 'Update', '172.31.9.184', 'Windows 10', 'Chrome 134.0.0.0', '2025-03-24 21:56:27', NULL),
(696, 'New Record inserted On students id 81', '81', 1, 'Insert', '172.31.9.184', 'Windows 10', 'Chrome 134.0.0.0', '2025-03-24 21:56:27', NULL),
(697, 'New Record inserted On  student session id 81', '81', 1, 'Insert', '172.31.9.184', 'Windows 10', 'Chrome 134.0.0.0', '2025-03-24 21:56:27', NULL),
(698, 'New Record inserted On users id 161', '161', 1, 'Insert', '172.31.9.184', 'Windows 10', 'Chrome 134.0.0.0', '2025-03-24 21:56:27', NULL),
(699, 'New Record inserted On users id 162', '162', 1, 'Insert', '172.31.9.184', 'Windows 10', 'Chrome 134.0.0.0', '2025-03-24 21:56:27', NULL);
INSERT INTO `logs` (`id`, `message`, `record_id`, `user_id`, `action`, `ip_address`, `platform`, `agent`, `time`, `created_at`) VALUES
(700, 'Record updated On students id 81', '81', 1, 'Update', '172.31.9.184', 'Windows 10', 'Chrome 134.0.0.0', '2025-03-24 21:56:27', NULL),
(701, 'New Record inserted On students id 82', '82', 1, 'Insert', '172.31.9.184', 'Windows 10', 'Chrome 134.0.0.0', '2025-03-24 21:56:27', NULL),
(702, 'New Record inserted On  student session id 82', '82', 1, 'Insert', '172.31.9.184', 'Windows 10', 'Chrome 134.0.0.0', '2025-03-24 21:56:27', NULL),
(703, 'New Record inserted On users id 163', '163', 1, 'Insert', '172.31.9.184', 'Windows 10', 'Chrome 134.0.0.0', '2025-03-24 21:56:27', NULL),
(704, 'New Record inserted On users id 164', '164', 1, 'Insert', '172.31.9.184', 'Windows 10', 'Chrome 134.0.0.0', '2025-03-24 21:56:27', NULL),
(705, 'Record updated On students id 82', '82', 1, 'Update', '172.31.9.184', 'Windows 10', 'Chrome 134.0.0.0', '2025-03-24 21:56:27', NULL),
(706, 'New Record inserted On students id 83', '83', 1, 'Insert', '172.31.9.184', 'Windows 10', 'Chrome 134.0.0.0', '2025-03-24 21:56:27', NULL),
(707, 'New Record inserted On  student session id 83', '83', 1, 'Insert', '172.31.9.184', 'Windows 10', 'Chrome 134.0.0.0', '2025-03-24 21:56:27', NULL),
(708, 'New Record inserted On users id 165', '165', 1, 'Insert', '172.31.9.184', 'Windows 10', 'Chrome 134.0.0.0', '2025-03-24 21:56:27', NULL),
(709, 'New Record inserted On users id 166', '166', 1, 'Insert', '172.31.9.184', 'Windows 10', 'Chrome 134.0.0.0', '2025-03-24 21:56:27', NULL),
(710, 'Record updated On students id 83', '83', 1, 'Update', '172.31.9.184', 'Windows 10', 'Chrome 134.0.0.0', '2025-03-24 21:56:28', NULL),
(711, 'New Record inserted On students id 84', '84', 1, 'Insert', '172.31.9.184', 'Windows 10', 'Chrome 134.0.0.0', '2025-03-24 21:56:28', NULL),
(712, 'New Record inserted On  student session id 84', '84', 1, 'Insert', '172.31.9.184', 'Windows 10', 'Chrome 134.0.0.0', '2025-03-24 21:56:28', NULL),
(713, 'New Record inserted On users id 167', '167', 1, 'Insert', '172.31.9.184', 'Windows 10', 'Chrome 134.0.0.0', '2025-03-24 21:56:28', NULL),
(714, 'New Record inserted On users id 168', '168', 1, 'Insert', '172.31.9.184', 'Windows 10', 'Chrome 134.0.0.0', '2025-03-24 21:56:28', NULL),
(715, 'Record updated On students id 84', '84', 1, 'Update', '172.31.9.184', 'Windows 10', 'Chrome 134.0.0.0', '2025-03-24 21:56:28', NULL),
(716, 'New Record inserted On students id 85', '85', 1, 'Insert', '172.31.9.184', 'Windows 10', 'Chrome 134.0.0.0', '2025-03-24 21:56:28', NULL),
(717, 'New Record inserted On  student session id 85', '85', 1, 'Insert', '172.31.9.184', 'Windows 10', 'Chrome 134.0.0.0', '2025-03-24 21:56:28', NULL),
(718, 'New Record inserted On users id 169', '169', 1, 'Insert', '172.31.9.184', 'Windows 10', 'Chrome 134.0.0.0', '2025-03-24 21:56:28', NULL),
(719, 'New Record inserted On users id 170', '170', 1, 'Insert', '172.31.9.184', 'Windows 10', 'Chrome 134.0.0.0', '2025-03-24 21:56:28', NULL),
(720, 'Record updated On students id 85', '85', 1, 'Update', '172.31.9.184', 'Windows 10', 'Chrome 134.0.0.0', '2025-03-24 21:56:28', NULL),
(721, 'New Record inserted On students id 86', '86', 1, 'Insert', '172.31.9.184', 'Windows 10', 'Chrome 134.0.0.0', '2025-03-24 21:56:28', NULL),
(722, 'New Record inserted On  student session id 86', '86', 1, 'Insert', '172.31.9.184', 'Windows 10', 'Chrome 134.0.0.0', '2025-03-24 21:56:28', NULL),
(723, 'New Record inserted On users id 171', '171', 1, 'Insert', '172.31.9.184', 'Windows 10', 'Chrome 134.0.0.0', '2025-03-24 21:56:28', NULL),
(724, 'New Record inserted On users id 172', '172', 1, 'Insert', '172.31.9.184', 'Windows 10', 'Chrome 134.0.0.0', '2025-03-24 21:56:28', NULL),
(725, 'Record updated On students id 86', '86', 1, 'Update', '172.31.9.184', 'Windows 10', 'Chrome 134.0.0.0', '2025-03-24 21:56:28', NULL),
(726, 'New Record inserted On students id 87', '87', 1, 'Insert', '172.31.9.184', 'Windows 10', 'Chrome 134.0.0.0', '2025-03-24 21:56:28', NULL),
(727, 'New Record inserted On  student session id 87', '87', 1, 'Insert', '172.31.9.184', 'Windows 10', 'Chrome 134.0.0.0', '2025-03-24 21:56:28', NULL),
(728, 'New Record inserted On users id 173', '173', 1, 'Insert', '172.31.9.184', 'Windows 10', 'Chrome 134.0.0.0', '2025-03-24 21:56:28', NULL),
(729, 'New Record inserted On users id 174', '174', 1, 'Insert', '172.31.9.184', 'Windows 10', 'Chrome 134.0.0.0', '2025-03-24 21:56:28', NULL),
(730, 'Record updated On students id 87', '87', 1, 'Update', '172.31.9.184', 'Windows 10', 'Chrome 134.0.0.0', '2025-03-24 21:56:28', NULL),
(731, 'New Record inserted On students id 88', '88', 1, 'Insert', '172.31.9.184', 'Windows 10', 'Chrome 134.0.0.0', '2025-03-24 21:56:28', NULL),
(732, 'New Record inserted On  student session id 88', '88', 1, 'Insert', '172.31.9.184', 'Windows 10', 'Chrome 134.0.0.0', '2025-03-24 21:56:28', NULL),
(733, 'New Record inserted On users id 175', '175', 1, 'Insert', '172.31.9.184', 'Windows 10', 'Chrome 134.0.0.0', '2025-03-24 21:56:28', NULL),
(734, 'New Record inserted On users id 176', '176', 1, 'Insert', '172.31.9.184', 'Windows 10', 'Chrome 134.0.0.0', '2025-03-24 21:56:28', NULL),
(735, 'Record updated On students id 88', '88', 1, 'Update', '172.31.9.184', 'Windows 10', 'Chrome 134.0.0.0', '2025-03-24 21:56:28', NULL),
(736, 'New Record inserted On students id 89', '89', 1, 'Insert', '172.31.9.184', 'Windows 10', 'Chrome 134.0.0.0', '2025-03-24 21:56:28', NULL),
(737, 'New Record inserted On  student session id 89', '89', 1, 'Insert', '172.31.9.184', 'Windows 10', 'Chrome 134.0.0.0', '2025-03-24 21:56:28', NULL),
(738, 'New Record inserted On users id 177', '177', 1, 'Insert', '172.31.9.184', 'Windows 10', 'Chrome 134.0.0.0', '2025-03-24 21:56:28', NULL),
(739, 'New Record inserted On users id 178', '178', 1, 'Insert', '172.31.9.184', 'Windows 10', 'Chrome 134.0.0.0', '2025-03-24 21:56:28', NULL),
(740, 'Record updated On students id 89', '89', 1, 'Update', '172.31.9.184', 'Windows 10', 'Chrome 134.0.0.0', '2025-03-24 21:56:28', NULL),
(741, 'New Record inserted On students id 90', '90', 1, 'Insert', '172.31.9.184', 'Windows 10', 'Chrome 134.0.0.0', '2025-03-24 21:56:28', NULL),
(742, 'New Record inserted On  student session id 90', '90', 1, 'Insert', '172.31.9.184', 'Windows 10', 'Chrome 134.0.0.0', '2025-03-24 21:56:28', NULL),
(743, 'New Record inserted On users id 179', '179', 1, 'Insert', '172.31.9.184', 'Windows 10', 'Chrome 134.0.0.0', '2025-03-24 21:56:28', NULL),
(744, 'New Record inserted On users id 180', '180', 1, 'Insert', '172.31.9.184', 'Windows 10', 'Chrome 134.0.0.0', '2025-03-24 21:56:28', NULL),
(745, 'Record updated On students id 90', '90', 1, 'Update', '172.31.9.184', 'Windows 10', 'Chrome 134.0.0.0', '2025-03-24 21:56:28', NULL),
(746, 'Inserted question with ID 1', '1', 1, 'Insert', '172.31.36.15', 'Windows 10', 'Chrome 134.0.0.0', '2025-03-25 04:40:44', NULL),
(747, 'Inserted question with ID 2', '2', 1, 'Insert', '172.31.36.15', 'Windows 10', 'Chrome 134.0.0.0', '2025-03-25 04:40:44', NULL),
(748, 'Inserted question with ID 3', '3', 1, 'Insert', '172.31.36.15', 'Windows 10', 'Chrome 134.0.0.0', '2025-03-25 04:40:44', NULL),
(749, 'Inserted question with ID 4', '4', 1, 'Insert', '172.31.36.15', 'Windows 10', 'Chrome 134.0.0.0', '2025-03-25 04:40:44', NULL),
(750, 'Inserted question with ID 5', '5', 1, 'Insert', '172.31.36.15', 'Windows 10', 'Chrome 134.0.0.0', '2025-03-25 04:40:44', NULL),
(751, 'Inserted question with ID 6', '6', 1, 'Insert', '172.31.36.15', 'Windows 10', 'Chrome 134.0.0.0', '2025-03-25 04:40:44', NULL),
(752, 'Inserted question with ID 7', '7', 1, 'Insert', '172.31.36.15', 'Windows 10', 'Chrome 134.0.0.0', '2025-03-25 04:40:44', NULL),
(753, 'Inserted question with ID 8', '8', 1, 'Insert', '172.31.36.15', 'Windows 10', 'Chrome 134.0.0.0', '2025-03-25 04:40:44', NULL),
(754, 'Inserted question with ID 9', '9', 1, 'Insert', '172.31.36.15', 'Windows 10', 'Chrome 134.0.0.0', '2025-03-25 04:40:44', NULL),
(755, 'Inserted question with ID 10', '10', 1, 'Insert', '172.31.36.15', 'Windows 10', 'Chrome 134.0.0.0', '2025-03-25 04:40:44', NULL),
(756, 'Inserted question with ID 11', '11', 1, 'Insert', '172.31.36.15', 'Windows 10', 'Chrome 134.0.0.0', '2025-03-25 04:40:44', NULL),
(757, 'Inserted question with ID 12', '12', 1, 'Insert', '172.31.36.15', 'Windows 10', 'Chrome 134.0.0.0', '2025-03-25 04:40:44', NULL),
(758, 'Inserted question with ID 13', '13', 1, 'Insert', '172.31.36.15', 'Windows 10', 'Chrome 134.0.0.0', '2025-03-25 04:40:44', NULL),
(759, 'Inserted question with ID 14', '14', 1, 'Insert', '172.31.36.15', 'Windows 10', 'Chrome 134.0.0.0', '2025-03-25 04:40:44', NULL),
(760, 'Inserted question with ID 15', '15', 1, 'Insert', '172.31.36.15', 'Windows 10', 'Chrome 134.0.0.0', '2025-03-25 04:40:44', NULL),
(761, 'Inserted question with ID 16', '16', 1, 'Insert', '172.31.36.15', 'Windows 10', 'Chrome 134.0.0.0', '2025-03-25 04:40:44', NULL),
(762, 'Inserted question with ID 17', '17', 1, 'Insert', '172.31.36.15', 'Windows 10', 'Chrome 134.0.0.0', '2025-03-25 04:40:44', NULL),
(763, 'Inserted question with ID 18', '18', 1, 'Insert', '172.31.36.15', 'Windows 10', 'Chrome 134.0.0.0', '2025-03-25 04:40:44', NULL),
(764, 'Inserted question with ID 19', '19', 1, 'Insert', '172.31.36.15', 'Windows 10', 'Chrome 134.0.0.0', '2025-03-25 04:40:44', NULL),
(765, 'Inserted question with ID 20', '20', 1, 'Insert', '172.31.36.15', 'Windows 10', 'Chrome 134.0.0.0', '2025-03-25 04:40:44', NULL),
(766, 'Inserted question with ID 21', '21', 1, 'Insert', '172.31.9.184', 'Windows 10', 'Chrome 134.0.0.0', '2025-03-25 04:46:08', NULL),
(767, 'Inserted question with ID 22', '22', 1, 'Insert', '172.31.9.184', 'Windows 10', 'Chrome 134.0.0.0', '2025-03-25 04:46:08', NULL),
(768, 'Inserted question with ID 23', '23', 1, 'Insert', '172.31.9.184', 'Windows 10', 'Chrome 134.0.0.0', '2025-03-25 04:46:08', NULL),
(769, 'Inserted question with ID 24', '24', 1, 'Insert', '172.31.9.184', 'Windows 10', 'Chrome 134.0.0.0', '2025-03-25 04:46:08', NULL),
(770, 'Inserted question with ID 25', '25', 1, 'Insert', '172.31.9.184', 'Windows 10', 'Chrome 134.0.0.0', '2025-03-25 04:46:08', NULL),
(771, 'Inserted question with ID 26', '26', 1, 'Insert', '172.31.9.184', 'Windows 10', 'Chrome 134.0.0.0', '2025-03-25 04:47:29', NULL),
(772, 'Inserted question with ID 27', '27', 1, 'Insert', '172.31.9.184', 'Windows 10', 'Chrome 134.0.0.0', '2025-03-25 04:47:29', NULL),
(773, 'Inserted question with ID 28', '28', 1, 'Insert', '172.31.9.184', 'Windows 10', 'Chrome 134.0.0.0', '2025-03-25 04:47:29', NULL),
(774, 'Inserted question with ID 29', '29', 1, 'Insert', '172.31.9.184', 'Windows 10', 'Chrome 134.0.0.0', '2025-03-25 04:47:29', NULL),
(775, 'Inserted question with ID 30', '30', 1, 'Insert', '172.31.9.184', 'Windows 10', 'Chrome 134.0.0.0', '2025-03-25 04:47:29', NULL),
(776, 'Inserted question with ID 31', '31', 1, 'Insert', '172.31.9.184', 'Windows 10', 'Chrome 134.0.0.0', '2025-03-25 04:48:44', NULL),
(777, 'Inserted question with ID 32', '32', 1, 'Insert', '172.31.9.184', 'Windows 10', 'Chrome 134.0.0.0', '2025-03-25 04:48:44', NULL),
(778, 'Inserted question with ID 33', '33', 1, 'Insert', '172.31.9.184', 'Windows 10', 'Chrome 134.0.0.0', '2025-03-25 04:48:44', NULL),
(779, 'Inserted question with ID 34', '34', 1, 'Insert', '172.31.9.184', 'Windows 10', 'Chrome 134.0.0.0', '2025-03-25 04:48:44', NULL),
(780, 'Inserted question with ID 35', '35', 1, 'Insert', '172.31.9.184', 'Windows 10', 'Chrome 134.0.0.0', '2025-03-25 04:48:44', NULL),
(781, 'Inserted question with ID 36', '36', 1, 'Insert', '172.31.9.184', 'Windows 10', 'Chrome 134.0.0.0', '2025-03-25 04:48:44', NULL),
(782, 'Inserted question with ID 37', '37', 1, 'Insert', '172.31.9.184', 'Windows 10', 'Chrome 134.0.0.0', '2025-03-25 04:48:44', NULL),
(783, 'Inserted question with ID 38', '38', 1, 'Insert', '172.31.9.184', 'Windows 10', 'Chrome 134.0.0.0', '2025-03-25 04:49:33', NULL),
(784, 'Inserted question with ID 39', '39', 1, 'Insert', '172.31.9.184', 'Windows 10', 'Chrome 134.0.0.0', '2025-03-25 04:49:33', NULL),
(785, 'Inserted question with ID 40', '40', 1, 'Insert', '172.31.9.184', 'Windows 10', 'Chrome 134.0.0.0', '2025-03-25 04:49:33', NULL),
(786, 'Inserted question with ID 41', '41', 1, 'Insert', '172.31.9.184', 'Windows 10', 'Chrome 134.0.0.0', '2025-03-25 04:49:33', NULL),
(787, 'Inserted question with ID 42', '42', 1, 'Insert', '172.31.9.184', 'Windows 10', 'Chrome 134.0.0.0', '2025-03-25 04:49:33', NULL),
(788, 'Inserted question with ID 43', '43', 1, 'Insert', '172.31.9.184', 'Windows 10', 'Chrome 134.0.0.0', '2025-03-25 04:49:33', NULL),
(789, 'Record updated On  questions id 28', '28', 1, 'Update', '172.31.9.184', 'Windows 10', 'Chrome 134.0.0.0', '2025-03-25 04:50:47', NULL),
(790, 'Inserted question with ID 44', '44', 1, 'Insert', '172.31.36.15', 'Windows 10', 'Chrome 134.0.0.0', '2025-03-25 04:56:26', NULL),
(791, 'Inserted question with ID 45', '45', 1, 'Insert', '172.31.36.15', 'Windows 10', 'Chrome 134.0.0.0', '2025-03-25 04:56:26', NULL),
(792, 'Inserted question with ID 46', '46', 1, 'Insert', '172.31.36.15', 'Windows 10', 'Chrome 134.0.0.0', '2025-03-25 04:56:26', NULL),
(793, 'Inserted question with ID 47', '47', 1, 'Insert', '172.31.36.15', 'Windows 10', 'Chrome 134.0.0.0', '2025-03-25 04:56:26', NULL),
(794, 'Inserted question with ID 48', '48', 1, 'Insert', '172.31.36.15', 'Windows 10', 'Chrome 134.0.0.0', '2025-03-25 04:56:26', NULL),
(795, 'Inserted question with ID 49', '49', 1, 'Insert', '172.31.36.15', 'Windows 10', 'Chrome 134.0.0.0', '2025-03-25 04:56:26', NULL),
(796, 'Inserted question with ID 50', '50', 1, 'Insert', '172.31.36.15', 'Windows 10', 'Chrome 134.0.0.0', '2025-03-25 05:00:35', NULL),
(797, 'Inserted question with ID 51', '51', 1, 'Insert', '172.31.36.15', 'Windows 10', 'Chrome 134.0.0.0', '2025-03-25 05:00:35', NULL),
(798, 'Inserted question with ID 52', '52', 1, 'Insert', '172.31.36.15', 'Windows 10', 'Chrome 134.0.0.0', '2025-03-25 05:00:35', NULL),
(799, 'Inserted question with ID 53', '53', 1, 'Insert', '172.31.36.15', 'Windows 10', 'Chrome 134.0.0.0', '2025-03-25 05:00:35', NULL),
(800, 'Inserted question with ID 54', '54', 1, 'Insert', '172.31.36.15', 'Windows 10', 'Chrome 134.0.0.0', '2025-03-25 05:00:35', NULL),
(801, 'Inserted question with ID 55', '55', 1, 'Insert', '172.31.36.15', 'Windows 10', 'Chrome 134.0.0.0', '2025-03-25 05:00:35', NULL),
(802, 'Inserted question with ID 56', '56', 1, 'Insert', '172.31.36.15', 'Windows 10', 'Chrome 134.0.0.0', '2025-03-25 05:00:35', NULL),
(803, 'Inserted question with ID 57', '57', 1, 'Insert', '172.31.36.15', 'Windows 10', 'Chrome 134.0.0.0', '2025-03-25 05:01:57', NULL),
(804, 'Inserted question with ID 58', '58', 1, 'Insert', '172.31.36.15', 'Windows 10', 'Chrome 134.0.0.0', '2025-03-25 05:01:57', NULL),
(805, 'Inserted question with ID 59', '59', 1, 'Insert', '172.31.36.15', 'Windows 10', 'Chrome 134.0.0.0', '2025-03-25 05:01:57', NULL),
(806, 'Inserted question with ID 60', '60', 1, 'Insert', '172.31.36.15', 'Windows 10', 'Chrome 134.0.0.0', '2025-03-25 05:01:57', NULL),
(807, 'Inserted question with ID 61', '61', 1, 'Insert', '172.31.36.15', 'Windows 10', 'Chrome 134.0.0.0', '2025-03-25 05:02:55', NULL),
(808, 'Inserted question with ID 62', '62', 1, 'Insert', '172.31.36.15', 'Windows 10', 'Chrome 134.0.0.0', '2025-03-25 05:02:55', NULL),
(809, 'Inserted question with ID 63', '63', 1, 'Insert', '172.31.36.15', 'Windows 10', 'Chrome 134.0.0.0', '2025-03-25 05:02:55', NULL),
(810, 'Inserted question with ID 64', '64', 1, 'Insert', '172.31.36.15', 'Windows 10', 'Chrome 134.0.0.0', '2025-03-25 05:02:55', NULL),
(811, 'Inserted question with ID 65', '65', 1, 'Insert', '172.31.36.15', 'Windows 10', 'Chrome 134.0.0.0', '2025-03-25 05:02:55', NULL),
(812, 'Inserted question with ID 66', '66', 1, 'Insert', '172.31.36.15', 'Windows 10', 'Chrome 134.0.0.0', '2025-03-25 05:03:44', NULL),
(813, 'Inserted question with ID 67', '67', 1, 'Insert', '172.31.36.15', 'Windows 10', 'Chrome 134.0.0.0', '2025-03-25 05:03:44', NULL),
(814, 'Inserted question with ID 68', '68', 1, 'Insert', '172.31.36.15', 'Windows 10', 'Chrome 134.0.0.0', '2025-03-25 05:03:44', NULL),
(815, 'Inserted question with ID 69', '69', 1, 'Insert', '172.31.36.15', 'Windows 10', 'Chrome 134.0.0.0', '2025-03-25 05:03:44', NULL),
(816, 'Inserted question with ID 70', '70', 1, 'Insert', '172.31.36.15', 'Windows 10', 'Chrome 134.0.0.0', '2025-03-25 05:03:44', NULL),
(817, 'Inserted question with ID 71', '71', 1, 'Insert', '172.31.36.15', 'Windows 10', 'Chrome 134.0.0.0', '2025-03-25 05:03:44', NULL),
(818, 'Inserted question with ID 72', '72', 1, 'Insert', '172.31.36.15', 'Windows 10', 'Chrome 134.0.0.0', '2025-03-25 05:03:44', NULL),
(819, 'Inserted question with ID 73', '73', 1, 'Insert', '172.31.36.15', 'Windows 10', 'Chrome 134.0.0.0', '2025-03-25 05:06:23', NULL),
(820, 'Inserted question with ID 74', '74', 1, 'Insert', '172.31.36.15', 'Windows 10', 'Chrome 134.0.0.0', '2025-03-25 05:06:23', NULL),
(821, 'Inserted question with ID 75', '75', 1, 'Insert', '172.31.36.15', 'Windows 10', 'Chrome 134.0.0.0', '2025-03-25 05:06:23', NULL),
(822, 'Inserted question with ID 76', '76', 1, 'Insert', '172.31.36.15', 'Windows 10', 'Chrome 134.0.0.0', '2025-03-25 05:06:23', NULL),
(823, 'Inserted question with ID 77', '77', 1, 'Insert', '172.31.36.15', 'Windows 10', 'Chrome 134.0.0.0', '2025-03-25 05:06:23', NULL),
(824, 'Inserted question with ID 78', '78', 1, 'Insert', '172.31.36.15', 'Windows 10', 'Chrome 134.0.0.0', '2025-03-25 05:07:11', NULL),
(825, 'Inserted question with ID 79', '79', 1, 'Insert', '172.31.36.15', 'Windows 10', 'Chrome 134.0.0.0', '2025-03-25 05:07:11', NULL),
(826, 'Inserted question with ID 80', '80', 1, 'Insert', '172.31.36.15', 'Windows 10', 'Chrome 134.0.0.0', '2025-03-25 05:07:11', NULL),
(827, 'Inserted question with ID 81', '81', 1, 'Insert', '172.31.36.15', 'Windows 10', 'Chrome 134.0.0.0', '2025-03-25 05:07:11', NULL),
(828, 'Inserted question with ID 82', '82', 1, 'Insert', '172.31.36.15', 'Windows 10', 'Chrome 134.0.0.0', '2025-03-25 05:07:11', NULL),
(829, 'Inserted question with ID 83', '83', 1, 'Insert', '172.31.36.15', 'Windows 10', 'Chrome 134.0.0.0', '2025-03-25 05:07:11', NULL),
(830, 'Inserted question with ID 84', '84', 1, 'Insert', '172.31.36.15', 'Windows 10', 'Chrome 134.0.0.0', '2025-03-25 05:07:55', NULL),
(831, 'Inserted question with ID 85', '85', 1, 'Insert', '172.31.36.15', 'Windows 10', 'Chrome 134.0.0.0', '2025-03-25 05:07:55', NULL),
(832, 'Inserted question with ID 86', '86', 1, 'Insert', '172.31.36.15', 'Windows 10', 'Chrome 134.0.0.0', '2025-03-25 05:07:55', NULL),
(833, 'Inserted question with ID 87', '87', 1, 'Insert', '172.31.36.15', 'Windows 10', 'Chrome 134.0.0.0', '2025-03-25 05:07:55', NULL),
(834, 'Inserted question with ID 88', '88', 1, 'Insert', '172.31.36.15', 'Windows 10', 'Chrome 134.0.0.0', '2025-03-25 05:07:55', NULL),
(835, 'Inserted question with ID 89', '89', 1, 'Insert', '172.31.36.15', 'Windows 10', 'Chrome 134.0.0.0', '2025-03-25 05:07:55', NULL),
(836, 'Inserted question with ID 90', '90', 1, 'Insert', '172.31.36.15', 'Windows 10', 'Chrome 134.0.0.0', '2025-03-25 05:07:55', NULL),
(837, 'Inserted question with ID 91', '91', 1, 'Insert', '172.31.36.15', 'Windows 10', 'Chrome 134.0.0.0', '2025-03-25 05:07:55', NULL),
(838, 'Inserted question with ID 92', '92', 1, 'Insert', '172.31.36.15', 'Windows 10', 'Chrome 134.0.0.0', '2025-03-25 05:07:55', NULL),
(839, 'Inserted question with ID 93', '93', 1, 'Insert', '172.31.36.15', 'Windows 10', 'Chrome 134.0.0.0', '2025-03-25 05:11:25', NULL),
(840, 'Inserted question with ID 94', '94', 1, 'Insert', '172.31.36.15', 'Windows 10', 'Chrome 134.0.0.0', '2025-03-25 05:11:25', NULL),
(841, 'Inserted question with ID 95', '95', 1, 'Insert', '172.31.36.15', 'Windows 10', 'Chrome 134.0.0.0', '2025-03-25 05:11:25', NULL),
(842, 'Inserted question with ID 96', '96', 1, 'Insert', '172.31.36.15', 'Windows 10', 'Chrome 134.0.0.0', '2025-03-25 05:11:25', NULL),
(843, 'Inserted question with ID 97', '97', 1, 'Insert', '172.31.36.15', 'Windows 10', 'Chrome 134.0.0.0', '2025-03-25 05:11:25', NULL),
(844, 'Inserted question with ID 98', '98', 1, 'Insert', '172.31.9.184', 'Windows 10', 'Chrome 134.0.0.0', '2025-03-25 05:16:31', NULL),
(845, 'Inserted question with ID 99', '99', 1, 'Insert', '172.31.9.184', 'Windows 10', 'Chrome 134.0.0.0', '2025-03-25 05:16:31', NULL),
(846, 'Inserted question with ID 100', '100', 1, 'Insert', '172.31.9.184', 'Windows 10', 'Chrome 134.0.0.0', '2025-03-25 05:16:31', NULL),
(847, 'Inserted question with ID 101', '101', 1, 'Insert', '172.31.9.184', 'Windows 10', 'Chrome 134.0.0.0', '2025-03-25 05:16:31', NULL),
(848, 'Inserted question with ID 102', '102', 1, 'Insert', '172.31.9.184', 'Windows 10', 'Chrome 134.0.0.0', '2025-03-25 05:16:31', NULL),
(849, 'Inserted question with ID 103', '103', 1, 'Insert', '172.31.9.184', 'Windows 10', 'Chrome 134.0.0.0', '2025-03-25 05:22:59', NULL),
(850, 'Inserted question with ID 104', '104', 1, 'Insert', '172.31.9.184', 'Windows 10', 'Chrome 134.0.0.0', '2025-03-25 05:22:59', NULL),
(851, 'Inserted question with ID 105', '105', 1, 'Insert', '172.31.9.184', 'Windows 10', 'Chrome 134.0.0.0', '2025-03-25 05:22:59', NULL),
(852, 'Inserted question with ID 106', '106', 1, 'Insert', '172.31.9.184', 'Windows 10', 'Chrome 134.0.0.0', '2025-03-25 05:22:59', NULL),
(853, 'Inserted question with ID 107', '107', 1, 'Insert', '172.31.9.184', 'Windows 10', 'Chrome 134.0.0.0', '2025-03-25 05:22:59', NULL),
(854, 'Inserted question with ID 108', '108', 1, 'Insert', '172.31.9.184', 'Windows 10', 'Chrome 134.0.0.0', '2025-03-25 05:24:13', NULL),
(855, 'Inserted question with ID 109', '109', 1, 'Insert', '172.31.9.184', 'Windows 10', 'Chrome 134.0.0.0', '2025-03-25 05:24:13', NULL),
(856, 'Inserted question with ID 110', '110', 1, 'Insert', '172.31.9.184', 'Windows 10', 'Chrome 134.0.0.0', '2025-03-25 05:24:13', NULL),
(857, 'Inserted question with ID 111', '111', 1, 'Insert', '172.31.9.184', 'Windows 10', 'Chrome 134.0.0.0', '2025-03-25 05:24:13', NULL),
(858, 'Inserted question with ID 112', '112', 1, 'Insert', '172.31.9.184', 'Windows 10', 'Chrome 134.0.0.0', '2025-03-25 05:24:13', NULL),
(859, 'Inserted question with ID 113', '113', 1, 'Insert', '172.31.9.184', 'Windows 10', 'Chrome 134.0.0.0', '2025-03-25 05:25:50', NULL),
(860, 'Inserted question with ID 114', '114', 1, 'Insert', '172.31.9.184', 'Windows 10', 'Chrome 134.0.0.0', '2025-03-25 05:25:50', NULL),
(861, 'Inserted question with ID 115', '115', 1, 'Insert', '172.31.9.184', 'Windows 10', 'Chrome 134.0.0.0', '2025-03-25 05:25:50', NULL),
(862, 'Inserted question with ID 116', '116', 1, 'Insert', '172.31.9.184', 'Windows 10', 'Chrome 134.0.0.0', '2025-03-25 05:25:50', NULL),
(863, 'Inserted question with ID 117', '117', 1, 'Insert', '172.31.9.184', 'Windows 10', 'Chrome 134.0.0.0', '2025-03-25 05:25:50', NULL),
(864, 'New Record inserted On  staff designation id 1', '1', 1, 'Insert', '172.31.9.184', 'Windows 10', 'Chrome 134.0.0.0', '2025-03-25 05:40:01', NULL),
(865, 'New Record inserted On department id 1', '1', 1, 'Insert', '172.31.9.184', 'Windows 10', 'Chrome 134.0.0.0', '2025-03-25 05:40:47', NULL),
(866, 'Record updated On staff id 2', '2', 1, 'Update', '172.31.36.15', 'Windows 10', 'Chrome 134.0.0.0', '2025-03-25 05:43:45', NULL),
(867, 'New Record inserted On  onlineexam questions id 1', '1', 1, 'Insert', '172.31.9.184', 'Windows 10', 'Chrome 134.0.0.0', '2025-03-25 05:46:37', NULL),
(868, 'New Record inserted On  onlineexam questions id 2', '2', 1, 'Insert', '172.31.9.184', 'Windows 10', 'Chrome 134.0.0.0', '2025-03-25 05:46:38', NULL),
(869, 'New Record inserted On  onlineexam questions id 3', '3', 1, 'Insert', '172.31.9.184', 'Windows 10', 'Chrome 134.0.0.0', '2025-03-25 05:46:40', NULL),
(870, 'New Record inserted On  onlineexam questions id 4', '4', 1, 'Insert', '172.31.9.184', 'Windows 10', 'Chrome 134.0.0.0', '2025-03-25 05:46:42', NULL),
(871, 'New Record inserted On  onlineexam questions id 5', '5', 1, 'Insert', '172.31.9.184', 'Windows 10', 'Chrome 134.0.0.0', '2025-03-25 05:46:44', NULL),
(872, 'New Record inserted On  onlineexam questions id 6', '6', 1, 'Insert', '172.31.9.184', 'Windows 10', 'Chrome 134.0.0.0', '2025-03-25 05:48:21', NULL),
(873, 'New Record inserted On  onlineexam questions id 7', '7', 1, 'Insert', '172.31.9.184', 'Windows 10', 'Chrome 134.0.0.0', '2025-03-25 05:48:24', NULL),
(874, 'New Record inserted On  onlineexam questions id 8', '8', 1, 'Insert', '172.31.9.184', 'Windows 10', 'Chrome 134.0.0.0', '2025-03-25 05:48:25', NULL),
(875, 'New Record inserted On  onlineexam questions id 9', '9', 1, 'Insert', '172.31.9.184', 'Windows 10', 'Chrome 134.0.0.0', '2025-03-25 05:48:27', NULL),
(876, 'New Record inserted On  onlineexam questions id 10', '10', 1, 'Insert', '172.31.9.184', 'Windows 10', 'Chrome 134.0.0.0', '2025-03-25 05:48:28', NULL),
(877, 'New Record inserted On  onlineexam questions id 11', '11', 1, 'Insert', '172.31.9.184', 'Windows 10', 'Chrome 134.0.0.0', '2025-03-25 05:50:21', NULL),
(878, 'New Record inserted On  onlineexam questions id 12', '12', 1, 'Insert', '172.31.9.184', 'Windows 10', 'Chrome 134.0.0.0', '2025-03-25 05:50:27', NULL),
(879, 'New Record inserted On  onlineexam questions id 13', '13', 1, 'Insert', '172.31.9.184', 'Windows 10', 'Chrome 134.0.0.0', '2025-03-25 05:50:28', NULL),
(880, 'New Record inserted On  onlineexam questions id 14', '14', 1, 'Insert', '172.31.9.184', 'Windows 10', 'Chrome 134.0.0.0', '2025-03-25 05:50:29', NULL),
(881, 'New Record inserted On  onlineexam questions id 15', '15', 1, 'Insert', '172.31.9.184', 'Windows 10', 'Chrome 134.0.0.0', '2025-03-25 05:50:31', NULL),
(882, 'New Record inserted On  onlineexam questions id 16', '16', 1, 'Insert', '172.31.9.184', 'Windows 10', 'Chrome 134.0.0.0', '2025-03-25 05:51:33', NULL),
(883, 'New Record inserted On  onlineexam questions id 17', '17', 1, 'Insert', '172.31.9.184', 'Windows 10', 'Chrome 134.0.0.0', '2025-03-25 05:51:37', NULL),
(884, 'New Record inserted On  onlineexam questions id 18', '18', 1, 'Insert', '172.31.9.184', 'Windows 10', 'Chrome 134.0.0.0', '2025-03-25 05:51:38', NULL),
(885, 'New Record inserted On  onlineexam questions id 19', '19', 1, 'Insert', '172.31.9.184', 'Windows 10', 'Chrome 134.0.0.0', '2025-03-25 05:51:42', NULL),
(886, 'New Record inserted On  onlineexam questions id 20', '20', 1, 'Insert', '172.31.9.184', 'Windows 10', 'Chrome 134.0.0.0', '2025-03-25 05:51:44', NULL),
(887, 'New Record inserted On  onlineexam questions id 21', '21', 1, 'Insert', '172.31.9.184', 'Windows 10', 'Chrome 134.0.0.0', '2025-03-25 05:52:26', NULL),
(888, 'New Record inserted On  onlineexam questions id 22', '22', 1, 'Insert', '172.31.9.184', 'Windows 10', 'Chrome 134.0.0.0', '2025-03-25 05:52:30', NULL),
(889, 'New Record inserted On  onlineexam questions id 23', '23', 1, 'Insert', '172.31.9.184', 'Windows 10', 'Chrome 134.0.0.0', '2025-03-25 05:52:32', NULL),
(890, 'New Record inserted On  onlineexam questions id 24', '24', 1, 'Insert', '172.31.9.184', 'Windows 10', 'Chrome 134.0.0.0', '2025-03-25 05:52:34', NULL),
(891, 'New Record inserted On  onlineexam questions id 25', '25', 1, 'Insert', '172.31.9.184', 'Windows 10', 'Chrome 134.0.0.0', '2025-03-25 05:52:35', NULL),
(892, 'New Record inserted On  onlineexam questions id 26', '26', 1, 'Insert', '172.31.9.184', 'Windows 10', 'Chrome 134.0.0.0', '2025-03-25 05:54:16', NULL),
(893, 'New Record inserted On  onlineexam questions id 27', '27', 1, 'Insert', '172.31.9.184', 'Windows 10', 'Chrome 134.0.0.0', '2025-03-25 05:54:18', NULL),
(894, 'New Record inserted On  onlineexam questions id 28', '28', 1, 'Insert', '172.31.9.184', 'Windows 10', 'Chrome 134.0.0.0', '2025-03-25 05:54:19', NULL),
(895, 'New Record inserted On  onlineexam questions id 29', '29', 1, 'Insert', '172.31.9.184', 'Windows 10', 'Chrome 134.0.0.0', '2025-03-25 05:54:22', NULL),
(896, 'New Record inserted On  onlineexam questions id 30', '30', 1, 'Insert', '172.31.9.184', 'Windows 10', 'Chrome 134.0.0.0', '2025-03-25 05:54:24', NULL),
(897, 'New Record inserted On  onlineexam questions id 31', '31', 1, 'Insert', '172.31.9.184', 'Windows 10', 'Chrome 134.0.0.0', '2025-03-25 05:59:04', NULL),
(898, 'New Record inserted On  onlineexam questions id 32', '32', 1, 'Insert', '172.31.9.184', 'Windows 10', 'Chrome 134.0.0.0', '2025-03-25 05:59:07', NULL),
(899, 'New Record inserted On  onlineexam questions id 33', '33', 1, 'Insert', '172.31.9.184', 'Windows 10', 'Chrome 134.0.0.0', '2025-03-25 05:59:08', NULL),
(900, 'New Record inserted On  onlineexam questions id 34', '34', 1, 'Insert', '172.31.9.184', 'Windows 10', 'Chrome 134.0.0.0', '2025-03-25 05:59:10', NULL),
(901, 'New Record inserted On  onlineexam questions id 35', '35', 1, 'Insert', '172.31.9.184', 'Windows 10', 'Chrome 134.0.0.0', '2025-03-25 05:59:12', NULL),
(902, 'New Record inserted On  onlineexam questions id 36', '36', 1, 'Insert', '172.31.9.184', 'Windows 10', 'Chrome 134.0.0.0', '2025-03-25 06:00:16', NULL),
(903, 'New Record inserted On  onlineexam questions id 37', '37', 1, 'Insert', '172.31.9.184', 'Windows 10', 'Chrome 134.0.0.0', '2025-03-25 06:00:19', NULL),
(904, 'New Record inserted On  onlineexam questions id 38', '38', 1, 'Insert', '172.31.9.184', 'Windows 10', 'Chrome 134.0.0.0', '2025-03-25 06:00:24', NULL),
(905, 'New Record inserted On  onlineexam questions id 39', '39', 1, 'Insert', '172.31.9.184', 'Windows 10', 'Chrome 134.0.0.0', '2025-03-25 06:00:26', NULL),
(906, 'New Record inserted On  onlineexam questions id 40', '40', 1, 'Insert', '172.31.9.184', 'Windows 10', 'Chrome 134.0.0.0', '2025-03-25 06:00:28', NULL),
(907, 'New Record inserted On  onlineexam questions id 41', '41', 1, 'Insert', '172.31.9.184', 'Windows 10', 'Chrome 134.0.0.0', '2025-03-25 06:00:32', NULL),
(908, 'New Record inserted On  onlineexam questions id 42', '42', 1, 'Insert', '172.31.9.184', 'Windows 10', 'Chrome 134.0.0.0', '2025-03-25 06:00:33', NULL),
(909, 'New Record inserted On  onlineexam questions id 43', '43', 1, 'Insert', '172.31.9.184', 'Windows 10', 'Chrome 134.0.0.0', '2025-03-25 06:01:43', NULL),
(910, 'New Record inserted On  onlineexam questions id 44', '44', 1, 'Insert', '172.31.9.184', 'Windows 10', 'Chrome 134.0.0.0', '2025-03-25 06:01:47', NULL),
(911, 'Record deleted On  onlineexam questions id 44', '44', 1, 'Delete', '172.31.9.184', 'Windows 10', 'Chrome 134.0.0.0', '2025-03-25 06:01:47', NULL),
(912, 'New Record inserted On  onlineexam questions id 45', '45', 1, 'Insert', '172.31.9.184', 'Windows 10', 'Chrome 134.0.0.0', '2025-03-25 06:01:47', NULL),
(913, 'New Record inserted On  onlineexam questions id 46', '46', 1, 'Insert', '172.31.9.184', 'Windows 10', 'Chrome 134.0.0.0', '2025-03-25 06:01:51', NULL),
(914, 'New Record inserted On  onlineexam questions id 47', '47', 1, 'Insert', '172.31.9.184', 'Windows 10', 'Chrome 134.0.0.0', '2025-03-25 06:01:53', NULL),
(915, 'New Record inserted On  onlineexam questions id 48', '48', 1, 'Insert', '172.31.9.184', 'Windows 10', 'Chrome 134.0.0.0', '2025-03-25 06:01:54', NULL),
(916, 'New Record inserted On  onlineexam questions id 49', '49', 1, 'Insert', '172.31.9.184', 'Windows 10', 'Chrome 134.0.0.0', '2025-03-25 06:03:29', NULL),
(917, 'New Record inserted On  onlineexam questions id 50', '50', 1, 'Insert', '172.31.9.184', 'Windows 10', 'Chrome 134.0.0.0', '2025-03-25 06:03:30', NULL),
(918, 'New Record inserted On  onlineexam questions id 51', '51', 1, 'Insert', '172.31.9.184', 'Windows 10', 'Chrome 134.0.0.0', '2025-03-25 06:03:31', NULL),
(919, 'New Record inserted On  onlineexam questions id 52', '52', 1, 'Insert', '172.31.9.184', 'Windows 10', 'Chrome 134.0.0.0', '2025-03-25 06:03:33', NULL),
(920, 'New Record inserted On  onlineexam questions id 53', '53', 1, 'Insert', '172.31.9.184', 'Windows 10', 'Chrome 134.0.0.0', '2025-03-25 06:03:34', NULL),
(921, 'New Record inserted On  onlineexam questions id 54', '54', 1, 'Insert', '172.31.9.184', 'Windows 10', 'Chrome 134.0.0.0', '2025-03-25 06:04:31', NULL),
(922, 'New Record inserted On  onlineexam questions id 55', '55', 1, 'Insert', '172.31.9.184', 'Windows 10', 'Chrome 134.0.0.0', '2025-03-25 06:04:32', NULL),
(923, 'New Record inserted On  onlineexam questions id 56', '56', 1, 'Insert', '172.31.9.184', 'Windows 10', 'Chrome 134.0.0.0', '2025-03-25 06:04:33', NULL),
(924, 'New Record inserted On  onlineexam questions id 57', '57', 1, 'Insert', '172.31.9.184', 'Windows 10', 'Chrome 134.0.0.0', '2025-03-25 06:04:35', NULL),
(925, 'New Record inserted On  onlineexam questions id 58', '58', 1, 'Insert', '172.31.9.184', 'Windows 10', 'Chrome 134.0.0.0', '2025-03-25 06:04:37', NULL),
(926, 'New Record inserted On  onlineexam questions id 59', '59', 1, 'Insert', '172.31.9.184', 'Windows 10', 'Chrome 134.0.0.0', '2025-03-25 06:04:46', NULL),
(927, 'New Record inserted On  onlineexam questions id 60', '60', 1, 'Insert', '172.31.9.184', 'Windows 10', 'Chrome 134.0.0.0', '2025-03-25 06:04:47', NULL),
(928, 'New Record inserted On  onlineexam questions id 61', '61', 1, 'Insert', '172.31.9.184', 'Windows 10', 'Chrome 134.0.0.0', '2025-03-25 06:04:50', NULL),
(929, 'New Record inserted On  onlineexam questions id 62', '62', 1, 'Insert', '172.31.9.184', 'Windows 10', 'Chrome 134.0.0.0', '2025-03-25 06:04:51', NULL),
(930, 'New Record inserted On  onlineexam questions id 63', '63', 1, 'Insert', '172.31.9.184', 'Windows 10', 'Chrome 134.0.0.0', '2025-03-25 06:04:52', NULL),
(931, 'New Record inserted On  onlineexam questions id 64', '64', 1, 'Insert', '172.31.9.184', 'Windows 10', 'Chrome 134.0.0.0', '2025-03-25 06:06:17', NULL),
(932, 'New Record inserted On  onlineexam questions id 65', '65', 1, 'Insert', '172.31.9.184', 'Windows 10', 'Chrome 134.0.0.0', '2025-03-25 06:06:18', NULL),
(933, 'New Record inserted On  onlineexam questions id 66', '66', 1, 'Insert', '172.31.9.184', 'Windows 10', 'Chrome 134.0.0.0', '2025-03-25 06:06:20', NULL),
(934, 'New Record inserted On  onlineexam questions id 67', '67', 1, 'Insert', '172.31.9.184', 'Windows 10', 'Chrome 134.0.0.0', '2025-03-25 06:06:24', NULL),
(935, 'New Record inserted On  onlineexam questions id 68', '68', 1, 'Insert', '172.31.9.184', 'Windows 10', 'Chrome 134.0.0.0', '2025-03-25 06:06:25', NULL),
(936, 'New Record inserted On  onlineexam questions id 69', '69', 1, 'Insert', '172.31.9.184', 'Windows 10', 'Chrome 134.0.0.0', '2025-03-25 06:06:57', NULL),
(937, 'New Record inserted On  onlineexam questions id 70', '70', 1, 'Insert', '172.31.9.184', 'Windows 10', 'Chrome 134.0.0.0', '2025-03-25 06:06:58', NULL),
(938, 'New Record inserted On  onlineexam questions id 71', '71', 1, 'Insert', '172.31.9.184', 'Windows 10', 'Chrome 134.0.0.0', '2025-03-25 06:07:00', NULL),
(939, 'New Record inserted On  onlineexam questions id 72', '72', 1, 'Insert', '172.31.9.184', 'Windows 10', 'Chrome 134.0.0.0', '2025-03-25 06:07:01', NULL),
(940, 'New Record inserted On  onlineexam questions id 73', '73', 1, 'Insert', '172.31.9.184', 'Windows 10', 'Chrome 134.0.0.0', '2025-03-25 06:07:03', NULL),
(941, 'New Record inserted On  onlineexam questions id 74', '74', 1, 'Insert', '172.31.9.184', 'Windows 10', 'Chrome 134.0.0.0', '2025-03-25 06:07:09', NULL),
(942, 'New Record inserted On  onlineexam questions id 75', '75', 1, 'Insert', '172.31.9.184', 'Windows 10', 'Chrome 134.0.0.0', '2025-03-25 06:07:10', NULL),
(943, 'New Record inserted On  onlineexam questions id 76', '76', 1, 'Insert', '172.31.9.184', 'Windows 10', 'Chrome 134.0.0.0', '2025-03-25 06:07:12', NULL),
(944, 'New Record inserted On  onlineexam questions id 77', '77', 1, 'Insert', '172.31.9.184', 'Windows 10', 'Chrome 134.0.0.0', '2025-03-25 06:07:13', NULL),
(945, 'New Record inserted On  onlineexam questions id 78', '78', 1, 'Insert', '172.31.9.184', 'Windows 10', 'Chrome 134.0.0.0', '2025-03-25 06:07:15', NULL),
(946, 'Record updated On  online exam id 18', '18', 1, 'Update', '172.31.9.184', 'Windows 10', 'Chrome 134.0.0.0', '2025-03-25 10:30:46', NULL),
(947, 'Record updated On  online exam id 18', '18', 1, 'Update', '172.31.9.184', 'Windows 10', 'Chrome 134.0.0.0', '2025-03-25 10:30:46', NULL),
(948, 'Record deleted On  online exam id 16', '16', 1, 'Delete', '172.31.9.184', 'Windows 10', 'Chrome 134.0.0.0', '2025-03-25 10:31:16', NULL),
(949, 'Record updated On  online exam id 15', '15', 1, 'Update', '172.31.36.15', 'Windows 10', 'Chrome 134.0.0.0', '2025-03-25 10:31:49', NULL),
(950, 'Record updated On  online exam id 15', '15', 1, 'Update', '172.31.36.15', 'Windows 10', 'Chrome 134.0.0.0', '2025-03-25 10:31:49', NULL),
(951, 'Record updated On  online exam id 11', '11', 1, 'Update', '172.31.36.15', 'Windows 10', 'Chrome 134.0.0.0', '2025-03-25 10:32:19', NULL),
(952, 'Record updated On  online exam id 11', '11', 1, 'Update', '172.31.36.15', 'Windows 10', 'Chrome 134.0.0.0', '2025-03-25 10:32:19', NULL),
(953, 'Record updated On  online exam id 12', '12', 1, 'Update', '172.31.36.15', 'Windows 10', 'Chrome 134.0.0.0', '2025-03-25 10:32:46', NULL),
(954, 'Record updated On  online exam id 12', '12', 1, 'Update', '172.31.36.15', 'Windows 10', 'Chrome 134.0.0.0', '2025-03-25 10:32:46', NULL),
(955, 'Record updated On  online exam id 13', '13', 1, 'Update', '172.31.9.184', 'Windows 10', 'Chrome 134.0.0.0', '2025-03-25 10:33:06', NULL),
(956, 'Record updated On  online exam id 13', '13', 1, 'Update', '172.31.9.184', 'Windows 10', 'Chrome 134.0.0.0', '2025-03-25 10:33:06', NULL),
(957, 'Record updated On  online exam id 18', '18', 1, 'Update', '172.31.9.184', 'Windows 10', 'Chrome 134.0.0.0', '2025-03-25 10:33:31', NULL),
(958, 'Record updated On  online exam id 12', '12', 1, 'Update', '172.31.36.15', 'Windows 10', 'Chrome 134.0.0.0', '2025-03-25 10:33:54', NULL),
(959, 'Record updated On  online exam id 15', '15', 1, 'Update', '172.31.36.15', 'Windows 10', 'Chrome 134.0.0.0', '2025-03-25 10:34:11', NULL),
(960, 'Record updated On  online exam id 13', '13', 1, 'Update', '172.31.36.15', 'Windows 10', 'Chrome 134.0.0.0', '2025-03-25 10:34:26', NULL),
(961, 'Record updated On  online exam id 2', '2', 1, 'Update', '172.31.36.15', 'Windows 10', 'Chrome 134.0.0.0', '2025-03-25 10:34:41', NULL),
(962, 'Record updated On  online exam id 2', '2', 1, 'Update', '172.31.36.15', 'Windows 10', 'Chrome 134.0.0.0', '2025-03-25 10:34:41', NULL),
(963, 'Record updated On  online exam id 1', '1', 1, 'Update', '172.31.9.184', 'Windows 10', 'Chrome 134.0.0.0', '2025-03-25 10:35:06', NULL),
(964, 'Record updated On  online exam id 1', '1', 1, 'Update', '172.31.9.184', 'Windows 10', 'Chrome 134.0.0.0', '2025-03-25 10:35:06', NULL),
(965, 'Record updated On  online exam id 1', '1', 1, 'Update', '172.31.9.184', 'Windows 10', 'Chrome 134.0.0.0', '2025-03-25 10:35:06', NULL),
(966, 'Record updated On  online exam id 5', '5', 1, 'Update', '172.31.9.184', 'Windows 10', 'Chrome 134.0.0.0', '2025-03-25 10:35:21', NULL),
(967, 'Record updated On  online exam id 5', '5', 1, 'Update', '172.31.9.184', 'Windows 10', 'Chrome 134.0.0.0', '2025-03-25 10:35:22', NULL),
(968, 'Record updated On  online exam id 14', '14', 1, 'Update', '172.31.9.184', 'Windows 10', 'Chrome 134.0.0.0', '2025-03-25 10:35:41', NULL),
(969, 'Record updated On  online exam id 14', '14', 1, 'Update', '172.31.9.184', 'Windows 10', 'Chrome 134.0.0.0', '2025-03-25 10:35:42', NULL),
(970, 'Record updated On  online exam id 6', '6', 1, 'Update', '172.31.9.184', 'Windows 10', 'Chrome 134.0.0.0', '2025-03-25 10:35:57', NULL),
(971, 'Record updated On  online exam id 6', '6', 1, 'Update', '172.31.9.184', 'Windows 10', 'Chrome 134.0.0.0', '2025-03-25 10:35:57', NULL),
(972, 'Record updated On  online exam id 17', '17', 1, 'Update', '172.31.36.15', 'Windows 10', 'Chrome 134.0.0.0', '2025-03-25 10:36:14', NULL),
(973, 'Record updated On  online exam id 17', '17', 1, 'Update', '172.31.36.15', 'Windows 10', 'Chrome 134.0.0.0', '2025-03-25 10:36:14', NULL),
(974, 'Record updated On  online exam id 10', '10', 1, 'Update', '172.31.36.15', 'Windows 10', 'Chrome 134.0.0.0', '2025-03-25 10:36:51', NULL),
(975, 'Record updated On  online exam id 10', '10', 1, 'Update', '172.31.36.15', 'Windows 10', 'Chrome 134.0.0.0', '2025-03-25 10:36:51', NULL),
(976, 'Record updated On  online exam id 11', '11', 1, 'Update', '172.31.36.15', 'Windows 10', 'Chrome 134.0.0.0', '2025-03-25 10:37:16', NULL),
(977, 'Record updated On  online exam id 7', '7', 1, 'Update', '172.31.36.15', 'Windows 10', 'Chrome 134.0.0.0', '2025-03-25 10:37:46', NULL),
(978, 'Record updated On  online exam id 7', '7', 1, 'Update', '172.31.36.15', 'Windows 10', 'Chrome 134.0.0.0', '2025-03-25 10:37:46', NULL),
(979, 'Record updated On  online exam id 8', '8', 1, 'Update', '172.31.36.15', 'Windows 10', 'Chrome 134.0.0.0', '2025-03-25 10:38:05', NULL),
(980, 'Record updated On  online exam id 8', '8', 1, 'Update', '172.31.36.15', 'Windows 10', 'Chrome 134.0.0.0', '2025-03-25 10:38:05', NULL),
(981, 'Record updated On  online exam id 9', '9', 1, 'Update', '172.31.36.15', 'Windows 10', 'Chrome 134.0.0.0', '2025-03-25 10:38:15', NULL),
(982, 'Record updated On  online exam id 9', '9', 1, 'Update', '172.31.36.15', 'Windows 10', 'Chrome 134.0.0.0', '2025-03-25 10:38:15', NULL),
(983, 'Record updated On  online exam id 3', '3', 1, 'Update', '172.31.9.184', 'Windows 10', 'Chrome 134.0.0.0', '2025-03-25 10:38:28', NULL),
(984, 'Record updated On  online exam id 3', '3', 1, 'Update', '172.31.9.184', 'Windows 10', 'Chrome 134.0.0.0', '2025-03-25 10:38:28', NULL),
(985, 'Record updated On  online exam id 4', '4', 1, 'Update', '172.31.9.184', 'Windows 10', 'Chrome 134.0.0.0', '2025-03-25 10:38:39', NULL),
(986, 'Record updated On  online exam id 4', '4', 1, 'Update', '172.31.9.184', 'Windows 10', 'Chrome 134.0.0.0', '2025-03-25 10:38:39', NULL),
(987, 'Record updated On  online exam id 9', '9', 1, 'Update', '172.31.9.184', 'Windows 10', 'Chrome 134.0.0.0', '2025-03-25 10:38:54', NULL),
(988, 'New Record inserted On class teacher id 1', '1', 1, 'Insert', '172.31.9.184', 'Windows 10', 'Chrome 134.0.0.0', '2025-03-25 10:53:03', NULL),
(989, 'New Record inserted On  online exam id 19', '19', 2, 'Insert', '172.31.9.184', 'Windows 10', 'Chrome 134.0.0.0', '2025-03-25 12:23:06', NULL),
(990, 'New Record inserted On  onlineexam questions id 79', '79', 2, 'Insert', '172.31.9.184', 'Windows 10', 'Chrome 134.0.0.0', '2025-03-25 12:24:31', NULL),
(991, 'New Record inserted On  onlineexam questions id 80', '80', 2, 'Insert', '172.31.9.184', 'Windows 10', 'Chrome 134.0.0.0', '2025-03-25 12:24:33', NULL),
(992, 'New Record inserted On  onlineexam questions id 81', '81', 2, 'Insert', '172.31.9.184', 'Windows 10', 'Chrome 134.0.0.0', '2025-03-25 12:24:35', NULL),
(993, 'New Record inserted On  onlineexam questions id 82', '82', 2, 'Insert', '172.31.9.184', 'Windows 10', 'Chrome 134.0.0.0', '2025-03-25 12:24:39', NULL),
(994, 'Record updated On  online exam id 19', '19', 2, 'Update', '172.31.36.15', 'Windows 10', 'Chrome 134.0.0.0', '2025-03-25 12:29:56', NULL),
(995, 'Record updated On  online exam id 19', '19', 2, 'Update', '172.31.36.15', 'Windows 10', 'Chrome 134.0.0.0', '2025-03-25 12:29:56', NULL),
(996, 'Record updated On  online exam id 10', '10', 2, 'Update', '172.31.36.15', 'Windows 10', 'Chrome 134.0.0.0', '2025-03-25 12:30:23', NULL),
(997, 'Record updated On  online exam id 3', '3', 2, 'Update', '172.31.36.15', 'Windows 10', 'Chrome 134.0.0.0', '2025-03-25 12:30:41', NULL),
(998, 'Record updated On  online exam id 4', '4', 2, 'Update', '172.31.36.15', 'Windows 10', 'Chrome 134.0.0.0', '2025-03-25 12:30:59', NULL),
(999, 'Record updated On  online exam id 7', '7', 2, 'Update', '172.31.36.15', 'Windows 10', 'Chrome 134.0.0.0', '2025-03-25 12:31:40', NULL),
(1000, 'New Record inserted On  online exam id 20', '20', 1, 'Insert', '172.31.9.184', 'Windows 10', 'Chrome 134.0.0.0', '2025-03-26 09:00:58', NULL),
(1001, 'Record updated On  online exam id 20', '20', 1, 'Update', '172.31.9.184', 'Windows 10', 'Chrome 134.0.0.0', '2025-03-26 09:01:47', NULL),
(1002, 'Record updated On  online exam id 20', '20', 1, 'Update', '172.31.9.184', 'Windows 10', 'Chrome 134.0.0.0', '2025-03-26 09:01:47', NULL),
(1003, 'New Record inserted On  online exam id 21', '21', 2, 'Insert', '172.31.36.15', 'Windows 10', 'Chrome 134.0.0.0', '2025-03-26 09:13:02', NULL),
(1004, 'New Record inserted On  online exam id 22', '22', 2, 'Insert', '172.31.36.15', 'Windows 10', 'Chrome 134.0.0.0', '2025-03-26 09:21:21', NULL),
(1005, 'Record updated On  online exam id 22', '22', 2, 'Update', '172.31.36.15', 'Windows 10', 'Chrome 134.0.0.0', '2025-03-26 09:22:13', NULL),
(1006, 'Record updated On  online exam id 22', '22', 2, 'Update', '172.31.36.15', 'Windows 10', 'Chrome 134.0.0.0', '2025-03-26 09:22:13', NULL),
(1007, 'Record updated On  online exam id 21', '21', 2, 'Update', '172.31.36.15', 'Windows 10', 'Chrome 134.0.0.0', '2025-03-26 09:23:06', NULL),
(1008, 'Record updated On  online exam id 21', '21', 2, 'Update', '172.31.36.15', 'Windows 10', 'Chrome 134.0.0.0', '2025-03-26 09:23:06', NULL),
(1009, 'New Record inserted On  online exam id 23', '23', 2, 'Insert', '172.31.9.184', 'Windows 10', 'Chrome 134.0.0.0', '2025-03-26 09:24:32', NULL),
(1010, 'New Record inserted On  online exam id 24', '24', 2, 'Insert', '172.31.36.15', 'Windows 10', 'Chrome 134.0.0.0', '2025-03-26 09:25:59', NULL),
(1011, 'New Record inserted On  online exam id 25', '25', 2, 'Insert', '172.31.9.184', 'Windows 10', 'Chrome 134.0.0.0', '2025-03-26 09:27:19', NULL),
(1012, 'New Record inserted On  online exam id 26', '26', 2, 'Insert', '172.31.9.184', 'Windows 10', 'Chrome 134.0.0.0', '2025-03-26 09:28:51', NULL),
(1013, 'New Record inserted On  online exam id 27', '27', 2, 'Insert', '172.31.9.184', 'Windows 10', 'Chrome 134.0.0.0', '2025-03-26 09:29:44', NULL),
(1014, 'New Record inserted On  online exam id 28', '28', 2, 'Insert', '172.31.9.184', 'Windows 10', 'Chrome 134.0.0.0', '2025-03-26 09:31:12', NULL),
(1015, 'New Record inserted On  online exam id 29', '29', 2, 'Insert', '172.31.9.184', 'Windows 10', 'Chrome 134.0.0.0', '2025-03-26 09:32:38', NULL),
(1016, 'Record updated On  online exam id 29', '29', 2, 'Update', '172.31.9.184', 'Windows 10', 'Chrome 134.0.0.0', '2025-03-26 09:33:47', NULL),
(1017, 'Record updated On  online exam id 29', '29', 2, 'Update', '172.31.9.184', 'Windows 10', 'Chrome 134.0.0.0', '2025-03-26 09:33:47', NULL),
(1018, 'New Record inserted On  online exam id 30', '30', 2, 'Insert', '172.31.9.184', 'Windows 10', 'Chrome 134.0.0.0', '2025-03-26 09:39:12', NULL),
(1019, 'New Record inserted On  online exam id 31', '31', 2, 'Insert', '172.31.9.184', 'Windows 10', 'Chrome 134.0.0.0', '2025-03-26 09:40:21', NULL),
(1020, 'New Record inserted On  online exam id 32', '32', 2, 'Insert', '172.31.36.15', 'Windows 10', 'Chrome 134.0.0.0', '2025-03-26 09:42:16', NULL),
(1021, 'New Record inserted On  online exam id 33', '33', 2, 'Insert', '172.31.36.15', 'Windows 10', 'Chrome 134.0.0.0', '2025-03-26 09:43:17', NULL),
(1022, 'New Record inserted On  online exam id 34', '34', 2, 'Insert', '172.31.36.15', 'Windows 10', 'Chrome 134.0.0.0', '2025-03-26 09:48:05', NULL),
(1023, 'New Record inserted On  online exam id 35', '35', 2, 'Insert', '172.31.36.15', 'Windows 10', 'Chrome 134.0.0.0', '2025-03-26 09:51:07', NULL),
(1024, 'New Record inserted On  online exam id 36', '36', 2, 'Insert', '172.31.9.184', 'Windows 10', 'Chrome 134.0.0.0', '2025-03-26 09:56:59', NULL),
(1025, 'New Record inserted On  online exam id 37', '37', 2, 'Insert', '172.31.9.184', 'Windows 10', 'Chrome 134.0.0.0', '2025-03-26 09:57:51', NULL),
(1026, 'New Record inserted On  online exam id 38', '38', 2, 'Insert', '172.31.9.184', 'Windows 10', 'Chrome 134.0.0.0', '2025-03-26 09:59:12', NULL),
(1027, 'Record updated On  online exam id 38', '38', 2, 'Update', '172.31.9.184', 'Windows 10', 'Chrome 134.0.0.0', '2025-03-26 10:00:50', NULL),
(1028, 'Record updated On  online exam id 38', '38', 2, 'Update', '172.31.9.184', 'Windows 10', 'Chrome 134.0.0.0', '2025-03-26 10:00:50', NULL),
(1029, 'New Record inserted On  online exam id 39', '39', 2, 'Insert', '172.31.9.184', 'Windows 10', 'Chrome 134.0.0.0', '2025-03-26 10:02:26', NULL),
(1030, 'New Record inserted On  online exam id 40', '40', 2, 'Insert', '172.31.9.184', 'Windows 10', 'Chrome 134.0.0.0', '2025-03-26 10:04:15', NULL),
(1031, 'New Record inserted On  online exam id 41', '41', 2, 'Insert', '172.31.9.184', 'Windows 10', 'Chrome 134.0.0.0', '2025-03-26 10:05:27', NULL),
(1032, 'New Record inserted On  online exam id 42', '42', 2, 'Insert', '172.31.9.184', 'Windows 10', 'Chrome 134.0.0.0', '2025-03-26 10:06:32', NULL),
(1033, 'New Record inserted On  online exam id 43', '43', 2, 'Insert', '172.31.36.15', 'Windows 10', 'Chrome 134.0.0.0', '2025-03-26 10:08:38', NULL),
(1034, 'New Record inserted On  online exam id 44', '44', 2, 'Insert', '172.31.9.184', 'Windows 10', 'Chrome 134.0.0.0', '2025-03-26 10:10:08', NULL),
(1035, 'New Record inserted On  online exam id 45', '45', 2, 'Insert', '172.31.9.184', 'Windows 10', 'Chrome 134.0.0.0', '2025-03-26 10:17:02', NULL),
(1036, 'Record updated On  online exam id 38', '38', 2, 'Update', '172.31.36.15', 'Windows 10', 'Chrome 134.0.0.0', '2025-03-26 10:20:02', NULL),
(1037, 'Record updated On  online exam id 29', '29', 2, 'Update', '172.31.36.15', 'Windows 10', 'Chrome 134.0.0.0', '2025-03-26 10:20:19', NULL),
(1038, 'Record updated On  online exam id 22', '22', 2, 'Update', '172.31.36.15', 'Windows 10', 'Chrome 134.0.0.0', '2025-03-26 10:20:41', NULL),
(1039, 'Record updated On  online exam id 21', '21', 2, 'Update', '172.31.36.15', 'Windows 10', 'Chrome 134.0.0.0', '2025-03-26 10:21:03', NULL),
(1040, 'Record updated On  online exam id 18', '18', 2, 'Update', '172.31.36.15', 'Windows 10', 'Chrome 134.0.0.0', '2025-03-26 10:22:11', NULL),
(1041, 'Record updated On  online exam id 20', '20', 2, 'Update', '172.31.36.15', 'Windows 10', 'Chrome 134.0.0.0', '2025-03-26 10:22:23', NULL),
(1042, 'Inserted question with ID 118', '118', 1, 'Insert', '172.31.9.184', 'Windows 10', 'Chrome 134.0.0.0', '2025-03-26 11:04:10', NULL),
(1043, 'Inserted question with ID 119', '119', 1, 'Insert', '172.31.9.184', 'Windows 10', 'Chrome 134.0.0.0', '2025-03-26 11:04:10', NULL),
(1044, 'Inserted question with ID 120', '120', 1, 'Insert', '172.31.9.184', 'Windows 10', 'Chrome 134.0.0.0', '2025-03-26 11:04:10', NULL),
(1045, 'Inserted question with ID 121', '121', 1, 'Insert', '172.31.9.184', 'Windows 10', 'Chrome 134.0.0.0', '2025-03-26 11:04:10', NULL);
INSERT INTO `logs` (`id`, `message`, `record_id`, `user_id`, `action`, `ip_address`, `platform`, `agent`, `time`, `created_at`) VALUES
(1046, 'New Record inserted On  onlineexam questions id 83', '83', 2, 'Insert', '172.31.36.15', 'Windows 10', 'Chrome 134.0.0.0', '2025-03-26 11:15:34', NULL),
(1047, 'New Record inserted On  onlineexam questions id 84', '84', 2, 'Insert', '172.31.36.15', 'Windows 10', 'Chrome 134.0.0.0', '2025-03-26 11:15:35', NULL),
(1048, 'New Record inserted On  onlineexam questions id 85', '85', 2, 'Insert', '172.31.36.15', 'Windows 10', 'Chrome 134.0.0.0', '2025-03-26 11:17:00', NULL),
(1049, 'New Record inserted On  onlineexam questions id 86', '86', 2, 'Insert', '172.31.36.15', 'Windows 10', 'Chrome 134.0.0.0', '2025-03-26 11:17:08', NULL),
(1050, 'New Record inserted On  onlineexam questions id 87', '87', 2, 'Insert', '172.31.36.15', 'Windows 10', 'Chrome 134.0.0.0', '2025-03-26 11:19:08', NULL),
(1051, 'New Record inserted On  onlineexam questions id 88', '88', 2, 'Insert', '172.31.36.15', 'Windows 10', 'Chrome 134.0.0.0', '2025-03-26 11:19:11', NULL),
(1052, 'New Record inserted On  onlineexam questions id 89', '89', 2, 'Insert', '172.31.9.184', 'Windows 10', 'Chrome 134.0.0.0', '2025-03-26 11:19:56', NULL),
(1053, 'New Record inserted On  onlineexam questions id 90', '90', 2, 'Insert', '172.31.9.184', 'Windows 10', 'Chrome 134.0.0.0', '2025-03-26 11:19:58', NULL),
(1054, 'New Record inserted On  onlineexam questions id 91', '91', 2, 'Insert', '172.31.9.184', 'Windows 10', 'Chrome 134.0.0.0', '2025-03-26 11:20:44', NULL),
(1055, 'New Record inserted On  onlineexam questions id 92', '92', 2, 'Insert', '172.31.9.184', 'Windows 10', 'Chrome 134.0.0.0', '2025-03-26 11:20:48', NULL),
(1056, 'New Record inserted On  onlineexam questions id 93', '93', 2, 'Insert', '172.31.9.184', 'Windows 10', 'Chrome 134.0.0.0', '2025-03-26 11:21:56', NULL),
(1057, 'New Record inserted On  onlineexam questions id 94', '94', 2, 'Insert', '172.31.9.184', 'Windows 10', 'Chrome 134.0.0.0', '2025-03-26 11:22:00', NULL),
(1058, 'New Record inserted On  onlineexam questions id 95', '95', 2, 'Insert', '172.31.9.184', 'Windows 10', 'Chrome 134.0.0.0', '2025-03-26 11:22:44', NULL),
(1059, 'New Record inserted On  onlineexam questions id 96', '96', 2, 'Insert', '172.31.9.184', 'Windows 10', 'Chrome 134.0.0.0', '2025-03-26 11:22:48', NULL),
(1060, 'New Record inserted On  onlineexam questions id 97', '97', 2, 'Insert', '172.31.9.184', 'Windows 10', 'Chrome 134.0.0.0', '2025-03-26 11:24:13', NULL),
(1061, 'New Record inserted On  onlineexam questions id 98', '98', 2, 'Insert', '172.31.9.184', 'Windows 10', 'Chrome 134.0.0.0', '2025-03-26 11:24:15', NULL),
(1062, 'New Record inserted On  onlineexam questions id 99', '99', 2, 'Insert', '172.31.9.184', 'Windows 10', 'Chrome 134.0.0.0', '2025-03-26 11:24:22', NULL),
(1063, 'New Record inserted On  onlineexam questions id 100', '100', 2, 'Insert', '172.31.9.184', 'Windows 10', 'Chrome 134.0.0.0', '2025-03-26 11:24:24', NULL),
(1064, 'Record deleted On  onlineexam questions id 99', '99', 2, 'Delete', '172.31.36.15', 'Windows 10', 'Chrome 134.0.0.0', '2025-03-26 11:24:51', NULL),
(1065, 'Record deleted On  onlineexam questions id 100', '100', 2, 'Delete', '172.31.36.15', 'Windows 10', 'Chrome 134.0.0.0', '2025-03-26 11:25:01', NULL),
(1066, 'New Record inserted On  onlineexam questions id 101', '101', 2, 'Insert', '172.31.36.15', 'Windows 10', 'Chrome 134.0.0.0', '2025-03-26 11:25:42', NULL),
(1067, 'New Record inserted On  onlineexam questions id 102', '102', 2, 'Insert', '172.31.36.15', 'Windows 10', 'Chrome 134.0.0.0', '2025-03-26 11:25:47', NULL),
(1068, 'New Record inserted On  onlineexam questions id 103', '103', 2, 'Insert', '172.31.36.15', 'Windows 10', 'Chrome 134.0.0.0', '2025-03-26 11:29:16', NULL),
(1069, 'New Record inserted On  onlineexam questions id 104', '104', 2, 'Insert', '172.31.36.15', 'Windows 10', 'Chrome 134.0.0.0', '2025-03-26 11:29:17', NULL),
(1070, 'New Record inserted On  onlineexam questions id 105', '105', 2, 'Insert', '172.31.9.184', 'Windows 10', 'Chrome 134.0.0.0', '2025-03-26 11:29:37', NULL),
(1071, 'Record deleted On  onlineexam questions id 105', '105', 2, 'Delete', '172.31.9.184', 'Windows 10', 'Chrome 134.0.0.0', '2025-03-26 11:29:38', NULL),
(1072, 'New Record inserted On  onlineexam questions id 106', '106', 2, 'Insert', '172.31.9.184', 'Windows 10', 'Chrome 134.0.0.0', '2025-03-26 11:29:50', NULL),
(1073, 'New Record inserted On  onlineexam questions id 107', '107', 2, 'Insert', '172.31.9.184', 'Windows 10', 'Chrome 134.0.0.0', '2025-03-26 11:29:54', NULL),
(1074, 'New Record inserted On  onlineexam questions id 108', '108', 2, 'Insert', '172.31.9.184', 'Windows 10', 'Chrome 134.0.0.0', '2025-03-26 11:30:54', NULL),
(1075, 'New Record inserted On  onlineexam questions id 109', '109', 2, 'Insert', '172.31.9.184', 'Windows 10', 'Chrome 134.0.0.0', '2025-03-26 11:30:55', NULL),
(1076, 'New Record inserted On  onlineexam questions id 110', '110', 2, 'Insert', '172.31.9.184', 'Windows 10', 'Chrome 134.0.0.0', '2025-03-26 11:31:21', NULL),
(1077, 'New Record inserted On  onlineexam questions id 111', '111', 2, 'Insert', '172.31.9.184', 'Windows 10', 'Chrome 134.0.0.0', '2025-03-26 11:31:29', NULL),
(1078, 'Record deleted On  onlineexam questions id 110', '110', 2, 'Delete', '172.31.9.184', 'Windows 10', 'Chrome 134.0.0.0', '2025-03-26 11:31:39', NULL),
(1079, 'Record deleted On  onlineexam questions id 111', '111', 2, 'Delete', '172.31.9.184', 'Windows 10', 'Chrome 134.0.0.0', '2025-03-26 11:31:40', NULL),
(1080, 'New Record inserted On  onlineexam questions id 112', '112', 2, 'Insert', '172.31.9.184', 'Windows 10', 'Chrome 134.0.0.0', '2025-03-26 11:32:04', NULL),
(1081, 'New Record inserted On  onlineexam questions id 113', '113', 2, 'Insert', '172.31.9.184', 'Windows 10', 'Chrome 134.0.0.0', '2025-03-26 11:32:05', NULL),
(1082, 'New Record inserted On  onlineexam questions id 114', '114', 2, 'Insert', '172.31.9.184', 'Windows 10', 'Chrome 134.0.0.0', '2025-03-26 11:32:47', NULL),
(1083, 'New Record inserted On  onlineexam questions id 115', '115', 2, 'Insert', '172.31.9.184', 'Windows 10', 'Chrome 134.0.0.0', '2025-03-26 11:32:52', NULL),
(1084, 'New Record inserted On  onlineexam questions id 116', '116', 2, 'Insert', '172.31.9.184', 'Windows 10', 'Chrome 134.0.0.0', '2025-03-26 11:33:54', NULL),
(1085, 'New Record inserted On  onlineexam questions id 117', '117', 2, 'Insert', '172.31.9.184', 'Windows 10', 'Chrome 134.0.0.0', '2025-03-26 11:33:55', NULL),
(1086, 'New Record inserted On  onlineexam questions id 118', '118', 2, 'Insert', '172.31.9.184', 'Windows 10', 'Chrome 134.0.0.0', '2025-03-26 11:34:35', NULL),
(1087, 'New Record inserted On  onlineexam questions id 119', '119', 2, 'Insert', '172.31.9.184', 'Windows 10', 'Chrome 134.0.0.0', '2025-03-26 11:34:39', NULL),
(1088, 'New Record inserted On  onlineexam questions id 120', '120', 2, 'Insert', '172.31.9.184', 'Windows 10', 'Chrome 134.0.0.0', '2025-03-26 11:34:44', NULL),
(1089, 'New Record inserted On  onlineexam questions id 121', '121', 2, 'Insert', '172.31.36.15', 'Windows 10', 'Chrome 134.0.0.0', '2025-03-26 11:35:21', NULL),
(1090, 'New Record inserted On  onlineexam questions id 122', '122', 2, 'Insert', '172.31.36.15', 'Windows 10', 'Chrome 134.0.0.0', '2025-03-26 11:35:22', NULL),
(1091, 'New Record inserted On  onlineexam questions id 123', '123', 2, 'Insert', '172.31.36.15', 'Windows 10', 'Chrome 134.0.0.0', '2025-03-26 11:36:28', NULL),
(1092, 'New Record inserted On  onlineexam questions id 124', '124', 2, 'Insert', '172.31.36.15', 'Windows 10', 'Chrome 134.0.0.0', '2025-03-26 11:36:33', NULL),
(1093, 'New Record inserted On  onlineexam questions id 125', '125', 2, 'Insert', '172.31.36.15', 'Windows 10', 'Chrome 134.0.0.0', '2025-03-26 11:37:17', NULL),
(1094, 'New Record inserted On  onlineexam questions id 126', '126', 2, 'Insert', '172.31.36.15', 'Windows 10', 'Chrome 134.0.0.0', '2025-03-26 11:37:19', NULL),
(1095, 'New Record inserted On  onlineexam questions id 127', '127', 2, 'Insert', '172.31.36.15', 'Windows 10', 'Chrome 134.0.0.0', '2025-03-26 11:38:21', NULL),
(1096, 'New Record inserted On  onlineexam questions id 128', '128', 2, 'Insert', '172.31.36.15', 'Windows 10', 'Chrome 134.0.0.0', '2025-03-26 11:38:34', NULL),
(1097, 'New Record inserted On  onlineexam questions id 129', '129', 2, 'Insert', '172.31.36.15', 'Windows 10', 'Chrome 134.0.0.0', '2025-03-26 11:39:36', NULL),
(1098, 'New Record inserted On  onlineexam questions id 130', '130', 2, 'Insert', '172.31.36.15', 'Windows 10', 'Chrome 134.0.0.0', '2025-03-26 11:39:40', NULL),
(1099, 'Record deleted On  onlineexam questions id 16', '16', 2, 'Delete', '172.31.36.15', 'Windows 10', 'Chrome 134.0.0.0', '2025-03-26 11:40:10', NULL),
(1100, 'Record deleted On  onlineexam questions id 17', '17', 2, 'Delete', '172.31.36.15', 'Windows 10', 'Chrome 134.0.0.0', '2025-03-26 11:40:11', NULL),
(1101, 'Record deleted On  onlineexam questions id 20', '20', 2, 'Delete', '172.31.36.15', 'Windows 10', 'Chrome 134.0.0.0', '2025-03-26 11:40:16', NULL),
(1102, 'Record deleted On  onlineexam questions id 19', '19', 2, 'Delete', '172.31.36.15', 'Windows 10', 'Chrome 134.0.0.0', '2025-03-26 11:40:17', NULL),
(1103, 'Record deleted On  onlineexam questions id 18', '18', 2, 'Delete', '172.31.36.15', 'Windows 10', 'Chrome 134.0.0.0', '2025-03-26 11:40:18', NULL),
(1104, 'New Record inserted On  onlineexam questions id 131', '131', 2, 'Insert', '172.31.36.15', 'Windows 10', 'Chrome 134.0.0.0', '2025-03-26 11:40:19', NULL),
(1105, 'Record deleted On  onlineexam questions id 131', '131', 2, 'Delete', '172.31.36.15', 'Windows 10', 'Chrome 134.0.0.0', '2025-03-26 11:40:21', NULL),
(1106, 'New Record inserted On  onlineexam questions id 132', '132', 2, 'Insert', '172.31.36.15', 'Windows 10', 'Chrome 134.0.0.0', '2025-03-26 11:40:31', NULL),
(1107, 'New Record inserted On  onlineexam questions id 133', '133', 2, 'Insert', '172.31.36.15', 'Windows 10', 'Chrome 134.0.0.0', '2025-03-26 11:40:33', NULL),
(1108, 'Record deleted On  onlineexam questions id 68', '68', 2, 'Delete', '172.31.9.184', 'Windows 10', 'Chrome 134.0.0.0', '2025-03-26 11:41:34', NULL),
(1109, 'Record deleted On  onlineexam questions id 67', '67', 2, 'Delete', '172.31.9.184', 'Windows 10', 'Chrome 134.0.0.0', '2025-03-26 11:41:35', NULL),
(1110, 'Record deleted On  onlineexam questions id 66', '66', 2, 'Delete', '172.31.9.184', 'Windows 10', 'Chrome 134.0.0.0', '2025-03-26 11:41:37', NULL),
(1111, 'New Record inserted On  onlineexam questions id 134', '134', 2, 'Insert', '172.31.9.184', 'Windows 10', 'Chrome 134.0.0.0', '2025-03-26 11:43:20', NULL),
(1112, 'New Record inserted On  onlineexam questions id 135', '135', 2, 'Insert', '172.31.9.184', 'Windows 10', 'Chrome 134.0.0.0', '2025-03-26 11:43:28', NULL),
(1113, 'New Record inserted On  onlineexam questions id 136', '136', 2, 'Insert', '172.31.36.15', 'Windows 10', 'Chrome 134.0.0.0', '2025-03-26 11:43:57', NULL),
(1114, 'New Record inserted On  onlineexam questions id 137', '137', 2, 'Insert', '172.31.36.15', 'Windows 10', 'Chrome 134.0.0.0', '2025-03-26 11:43:58', NULL),
(1115, 'New Record inserted On  onlineexam questions id 138', '138', 2, 'Insert', '172.31.36.15', 'Windows 10', 'Chrome 134.0.0.0', '2025-03-26 11:44:27', NULL),
(1116, 'New Record inserted On  onlineexam questions id 139', '139', 2, 'Insert', '172.31.36.15', 'Windows 10', 'Chrome 134.0.0.0', '2025-03-26 11:44:32', NULL),
(1117, 'New Record inserted On  onlineexam questions id 140', '140', 2, 'Insert', '172.31.36.15', 'Windows 10', 'Chrome 134.0.0.0', '2025-03-26 11:45:01', NULL),
(1118, 'New Record inserted On  onlineexam questions id 141', '141', 2, 'Insert', '172.31.36.15', 'Windows 10', 'Chrome 134.0.0.0', '2025-03-26 11:45:07', NULL),
(1119, 'New Record inserted On  onlineexam questions id 142', '142', 2, 'Insert', '172.31.36.15', 'Windows 10', 'Chrome 134.0.0.0', '2025-03-26 11:45:40', NULL),
(1120, 'New Record inserted On  onlineexam questions id 143', '143', 2, 'Insert', '172.31.36.15', 'Windows 10', 'Chrome 134.0.0.0', '2025-03-26 11:45:46', NULL),
(1121, 'Record deleted On  onlineexam questions id 69', '69', 2, 'Delete', '172.31.36.15', 'Windows 10', 'Chrome 134.0.0.0', '2025-03-26 11:47:47', NULL),
(1122, 'Record deleted On  onlineexam questions id 70', '70', 2, 'Delete', '172.31.36.15', 'Windows 10', 'Chrome 134.0.0.0', '2025-03-26 11:47:49', NULL),
(1123, 'Record deleted On  onlineexam questions id 77', '77', 2, 'Delete', '172.31.36.15', 'Windows 10', 'Chrome 134.0.0.0', '2025-03-26 11:47:55', NULL),
(1124, 'Record deleted On  onlineexam questions id 78', '78', 2, 'Delete', '172.31.36.15', 'Windows 10', 'Chrome 134.0.0.0', '2025-03-26 11:47:56', NULL),
(1125, 'Record deleted On  onlineexam questions id 73', '73', 2, 'Delete', '172.31.36.15', 'Windows 10', 'Chrome 134.0.0.0', '2025-03-26 11:47:57', NULL),
(1126, 'Record deleted On  onlineexam questions id 71', '71', 2, 'Delete', '172.31.36.15', 'Windows 10', 'Chrome 134.0.0.0', '2025-03-26 11:48:04', NULL),
(1127, 'Record deleted On  onlineexam questions id 72', '72', 2, 'Delete', '172.31.36.15', 'Windows 10', 'Chrome 134.0.0.0', '2025-03-26 11:48:07', NULL),
(1128, 'Record deleted On  onlineexam questions id 76', '76', 2, 'Delete', '172.31.36.15', 'Windows 10', 'Chrome 134.0.0.0', '2025-03-26 11:48:28', NULL),
(1129, 'Record deleted On  onlineexam questions id 75', '75', 2, 'Delete', '172.31.36.15', 'Windows 10', 'Chrome 134.0.0.0', '2025-03-26 11:48:32', NULL),
(1130, 'Record deleted On  onlineexam questions id 74', '74', 2, 'Delete', '172.31.36.15', 'Windows 10', 'Chrome 134.0.0.0', '2025-03-26 11:48:33', NULL),
(1131, 'New Record inserted On  onlineexam questions id 144', '144', 2, 'Insert', '172.31.36.15', 'Windows 10', 'Chrome 134.0.0.0', '2025-03-26 11:49:35', NULL),
(1132, 'New Record inserted On  onlineexam questions id 145', '145', 2, 'Insert', '172.31.36.15', 'Windows 10', 'Chrome 134.0.0.0', '2025-03-26 11:49:43', NULL),
(1133, 'Record updated On settings id 1', '1', 1, 'Update', '172.31.9.184', 'Windows 10', 'Chrome 134.0.0.0', '2025-03-26 14:18:28', NULL),
(1134, 'Record updated On settings id 1', '1', 1, 'Update', '172.31.36.15', 'Windows 10', 'Chrome 134.0.0.0', '2025-03-26 21:34:42', NULL),
(1135, 'Record updated On settings id 1', '1', 1, 'Update', '172.31.9.184', 'Windows 10', 'Chrome 134.0.0.0', '2025-03-26 22:41:35', NULL),
(1136, 'Record updated On settings id 1', '1', 1, 'Update', '172.31.9.184', 'Windows 10', 'Chrome 134.0.0.0', '2025-03-26 22:53:30', NULL),
(1137, 'Record updated On settings id 1', '1', 1, 'Update', '172.31.9.184', 'Windows 10', 'Chrome 134.0.0.0', '2025-03-26 23:59:36', NULL),
(1138, 'Record updated On settings id 1', '1', 1, 'Update', '172.31.9.184', 'Windows 10', 'Chrome 134.0.0.0', '2025-03-27 00:00:50', NULL),
(1139, 'New Record inserted On  income head   id 1', '1', 1, 'Insert', '172.31.9.184', 'Windows 10', 'Chrome 134.0.0.0', '2025-04-01 11:20:43', NULL),
(1140, 'New Record inserted On  income head   id 2', '2', 1, 'Insert', '172.31.36.15', 'Windows 10', 'Chrome 134.0.0.0', '2025-04-01 11:21:14', NULL),
(1141, 'New Record inserted On  Income   id 1', '1', 1, 'Insert', '172.31.36.15', 'Windows 10', 'Chrome 134.0.0.0', '2025-04-01 11:21:59', NULL),
(1142, 'New Record inserted On  Income   id 2', '2', 1, 'Insert', '172.31.9.184', 'Windows 10', 'Chrome 134.0.0.0', '2025-04-01 11:22:38', NULL),
(1143, 'New Record inserted On  expense head id 1', '1', 1, 'Insert', '172.31.9.184', 'Windows 10', 'Chrome 134.0.0.0', '2025-04-01 11:23:20', NULL),
(1144, 'New Record inserted On  expense head id 2', '2', 1, 'Insert', '172.31.36.15', 'Windows 10', 'Chrome 134.0.0.0', '2025-04-01 11:23:57', NULL),
(1145, 'New Record inserted On  expenses   id 1', '1', 1, 'Insert', '172.31.9.184', 'Windows 10', 'Chrome 134.0.0.0', '2025-04-01 11:24:36', NULL),
(1146, 'New Record inserted On  expenses   id 2', '2', 1, 'Insert', '172.31.9.184', 'Windows 10', 'Chrome 134.0.0.0', '2025-04-01 11:25:26', NULL),
(1147, 'New Record inserted On reference id 1', '1', 1, 'Insert', '172.31.9.184', 'Windows 10', 'Chrome 134.0.0.0', '2025-04-01 11:27:16', NULL),
(1148, 'New Record inserted On reference id 2', '2', 1, 'Insert', '172.31.9.184', 'Windows 10', 'Chrome 134.0.0.0', '2025-04-01 11:27:24', NULL),
(1149, 'New Record inserted On source id 1', '1', 1, 'Insert', '172.31.9.184', 'Windows 10', 'Chrome 134.0.0.0', '2025-04-01 11:27:37', NULL),
(1150, 'New Record inserted On source id 2', '2', 1, 'Insert', '172.31.9.184', 'Windows 10', 'Chrome 134.0.0.0', '2025-04-01 11:27:44', NULL),
(1151, 'New Record inserted On  complaint_type id 1', '1', 1, 'Insert', '172.31.9.184', 'Windows 10', 'Chrome 134.0.0.0', '2025-04-01 11:28:01', NULL),
(1152, 'New Record inserted On  complaint_type id 2', '2', 1, 'Insert', '172.31.9.184', 'Windows 10', 'Chrome 134.0.0.0', '2025-04-01 11:28:18', NULL),
(1153, 'New Record inserted On  enquiry id 1', '1', 1, 'Insert', '172.31.36.15', 'Windows 10', 'Chrome 134.0.0.0', '2025-04-01 11:42:58', NULL),
(1154, 'New Record inserted On  enquiry id 2', '2', 1, 'Insert', '172.31.36.15', 'Windows 10', 'Chrome 134.0.0.0', '2025-04-01 11:44:02', NULL),
(1155, 'New Record inserted On  enquiry id 3', '3', 1, 'Insert', '172.31.9.184', 'Windows 10', 'Chrome 134.0.0.0', '2025-04-01 11:45:05', NULL),
(1156, 'New Record inserted On  Complain id 1', '1', 1, 'Insert', '172.31.36.15', 'Windows 10', 'Chrome 134.0.0.0', '2025-04-01 11:48:39', NULL),
(1157, 'New Record inserted On  Complain id 2', '2', 1, 'Insert', '172.31.36.15', 'Windows 10', 'Chrome 134.0.0.0', '2025-04-01 11:49:19', NULL),
(1158, 'New Record inserted On  Complain id 3', '3', 1, 'Insert', '172.31.36.15', 'Windows 10', 'Chrome 134.0.0.0', '2025-04-01 11:52:20', NULL),
(1159, 'Record updated On Complaint id 1', '1', 1, 'Update', '172.31.9.184', 'Windows 10', 'Chrome 134.0.0.0', '2025-04-01 11:53:46', NULL),
(1160, 'New Record inserted On  enquiry id 4', '4', 1, 'Insert', '172.31.9.184', 'Windows 10', 'Chrome 134.0.0.0', '2025-04-01 12:03:10', NULL),
(1161, 'New Record inserted On source id 3', '3', 1, 'Insert', '172.31.9.184', 'Windows 10', 'Chrome 134.0.0.0', '2025-04-01 14:07:02', NULL),
(1162, 'New Record inserted On  enquiry id 5', '5', 1, 'Insert', '172.31.36.15', 'Windows 10', 'Chrome 134.0.0.0', '2025-04-01 14:08:42', NULL),
(1163, 'New Record inserted On  enquiry id 6', '6', 1, 'Insert', '172.31.36.15', 'Windows 10', 'Chrome 134.0.0.0', '2025-04-01 14:09:43', NULL),
(1164, 'New Record inserted On  enquiry id 7', '7', 1, 'Insert', '172.31.36.15', 'Windows 10', 'Chrome 134.0.0.0', '2025-04-01 14:10:48', NULL),
(1165, 'Record updated On  enquiry id 7', '7', 1, 'Update', '172.31.36.15', 'Windows 10', 'Chrome 134.0.0.0', '2025-04-01 14:11:15', NULL),
(1166, 'New Record inserted On  enquiry id 8', '8', 1, 'Insert', '172.31.36.15', 'Windows 10', 'Chrome 134.0.0.0', '2025-04-01 14:12:08', NULL),
(1167, 'New Record inserted On  enquiry id 9', '9', 1, 'Insert', '172.31.36.15', 'Windows 10', 'Chrome 134.0.0.0', '2025-04-01 14:12:56', NULL),
(1168, 'New Record inserted On  enquiry id 10', '10', 1, 'Insert', '172.31.36.15', 'Windows 10', 'Chrome 134.0.0.0', '2025-04-01 14:14:21', NULL),
(1169, 'New Record inserted On  enquiry id 11', '11', 1, 'Insert', '172.31.36.15', 'Windows 10', 'Chrome 134.0.0.0', '2025-04-01 14:15:21', NULL),
(1170, 'New Record inserted On  enquiry id 12', '12', 1, 'Insert', '172.31.36.15', 'Windows 10', 'Chrome 134.0.0.0', '2025-04-01 14:16:51', NULL),
(1171, 'New Record inserted On  enquiry id 13', '13', 1, 'Insert', '172.31.9.184', 'Windows 10', 'Chrome 134.0.0.0', '2025-04-01 14:18:22', NULL),
(1172, 'New Record inserted On  enquiry id 14', '14', 1, 'Insert', '172.31.9.184', 'Windows 10', 'Chrome 134.0.0.0', '2025-04-01 14:19:49', NULL),
(1173, 'New Record inserted On  enquiry id 15', '15', 1, 'Insert', '172.31.9.184', 'Windows 10', 'Chrome 134.0.0.0', '2025-04-01 14:21:10', NULL),
(1174, 'New Record inserted On  enquiry id 16', '16', 1, 'Insert', '172.31.9.184', 'Windows 10', 'Chrome 134.0.0.0', '2025-04-01 14:22:11', NULL),
(1175, 'New Record inserted On  enquiry id 17', '17', 1, 'Insert', '172.31.9.184', 'Windows 10', 'Chrome 134.0.0.0', '2025-04-01 14:23:17', NULL),
(1176, 'New Record inserted On  enquiry id 18', '18', 1, 'Insert', '172.31.9.184', 'Windows 10', 'Chrome 134.0.0.0', '2025-04-01 14:24:13', NULL),
(1177, 'New Record inserted On  enquiry id 19', '19', 1, 'Insert', '172.31.9.184', 'Windows 10', 'Chrome 134.0.0.0', '2025-04-01 14:25:10', NULL),
(1178, 'New Record inserted On  enquiry id 20', '20', 1, 'Insert', '172.31.9.184', 'Windows 10', 'Chrome 134.0.0.0', '2025-04-01 14:26:01', NULL),
(1179, 'New Record inserted On  enquiry id 21', '21', 1, 'Insert', '172.31.9.184', 'Windows 10', 'Chrome 134.0.0.0', '2025-04-01 14:27:18', NULL),
(1180, 'New Record inserted On  enquiry id 22', '22', 1, 'Insert', '172.31.9.184', 'Windows 10', 'Chrome 134.0.0.0', '2025-04-01 14:28:29', NULL),
(1181, 'New Record inserted On  enquiry id 23', '23', 1, 'Insert', '172.31.9.184', 'Windows 10', 'Chrome 134.0.0.0', '2025-04-01 14:29:27', NULL),
(1182, 'New Record inserted On  enquiry id 24', '24', 1, 'Insert', '172.31.9.184', 'Windows 10', 'Chrome 134.0.0.0', '2025-04-01 14:30:33', NULL),
(1183, 'New Record inserted On  enquiry id 25', '25', 1, 'Insert', '172.31.9.184', 'Windows 10', 'Chrome 134.0.0.0', '2025-04-01 14:39:12', NULL),
(1184, 'New Record inserted On  enquiry id 26', '26', 1, 'Insert', '172.31.36.15', 'Windows 10', 'Chrome 134.0.0.0', '2025-04-01 14:40:24', NULL),
(1185, 'New Record inserted On disable reason id 1', '1', 1, 'Insert', '172.31.9.184', 'Windows 10', 'Chrome 134.0.0.0', '2025-04-01 14:41:38', NULL),
(1186, 'Record updated On students id 83', '83', 1, 'Update', '172.31.36.15', 'Windows 10', 'Chrome 134.0.0.0', '2025-04-01 14:42:06', NULL),
(1187, 'Record updated On  enquiry id 26', '26', 1, 'Update', '172.31.36.15', 'Windows 10', 'Chrome 134.0.0.0', '2025-04-01 14:42:29', NULL),
(1188, 'Record updated On students id 53', '53', 1, 'Update', '172.31.36.15', 'Windows 10', 'Chrome 134.0.0.0', '2025-04-01 14:43:00', NULL),
(1189, 'New Record inserted On  enquiry id 27', '27', 1, 'Insert', '172.31.36.15', 'Windows 10', 'Chrome 134.0.0.0', '2025-04-01 14:43:24', NULL),
(1190, 'New Record inserted On  enquiry id 28', '28', 1, 'Insert', '172.31.36.15', 'Windows 10', 'Chrome 134.0.0.0', '2025-04-01 14:44:19', NULL),
(1191, 'New Record inserted On  enquiry id 29', '29', 1, 'Insert', '172.31.36.15', 'Windows 10', 'Chrome 134.0.0.0', '2025-04-01 14:45:31', NULL),
(1192, 'New Record inserted On  enquiry id 30', '30', 1, 'Insert', '172.31.36.15', 'Windows 10', 'Chrome 134.0.0.0', '2025-04-01 14:46:35', NULL),
(1193, 'New Record inserted On  enquiry id 31', '31', 1, 'Insert', '172.31.36.15', 'Windows 10', 'Chrome 134.0.0.0', '2025-04-01 14:47:33', NULL),
(1194, 'Record updated On  enquiry id 31', '31', 1, 'Update', '172.31.36.15', 'Windows 10', 'Chrome 134.0.0.0', '2025-04-01 14:47:59', NULL),
(1195, 'New Record inserted On  enquiry id 32', '32', 1, 'Insert', '172.31.9.184', 'Windows 10', 'Chrome 134.0.0.0', '2025-04-01 14:48:50', NULL),
(1196, 'New Record inserted On  enquiry id 33', '33', 1, 'Insert', '172.31.36.15', 'Windows 10', 'Chrome 134.0.0.0', '2025-04-01 14:49:40', NULL),
(1197, 'New Record inserted On  enquiry id 34', '34', 1, 'Insert', '172.31.36.15', 'Windows 10', 'Chrome 134.0.0.0', '2025-04-01 14:50:34', NULL),
(1198, 'New Record inserted On  enquiry id 35', '35', 1, 'Insert', '172.31.9.184', 'Windows 10', 'Chrome 134.0.0.0', '2025-04-01 14:51:35', NULL),
(1199, 'New Record inserted On  enquiry id 36', '36', 1, 'Insert', '172.31.9.184', 'Windows 10', 'Chrome 134.0.0.0', '2025-04-01 14:52:36', NULL),
(1200, 'New Record inserted On  enquiry id 37', '37', 1, 'Insert', '172.31.36.15', 'Windows 10', 'Chrome 134.0.0.0', '2025-04-01 14:53:17', NULL),
(1201, 'New Record inserted On  enquiry id 38', '38', 1, 'Insert', '172.31.9.184', 'Windows 10', 'Chrome 134.0.0.0', '2025-04-01 14:54:11', NULL),
(1202, 'New Record inserted On  enquiry id 39', '39', 1, 'Insert', '172.31.9.184', 'Windows 10', 'Chrome 134.0.0.0', '2025-04-01 14:55:02', NULL),
(1203, 'New Record inserted On  enquiry id 40', '40', 1, 'Insert', '172.31.9.184', 'Windows 10', 'Chrome 134.0.0.0', '2025-04-01 15:01:49', NULL),
(1204, 'New Record inserted On  enquiry id 41', '41', 1, 'Insert', '172.31.9.184', 'Windows 10', 'Chrome 134.0.0.0', '2025-04-01 15:02:51', NULL),
(1205, 'Record deleted On  enquiry id 41', '41', 1, 'Delete', '172.31.9.184', 'Windows 10', 'Chrome 134.0.0.0', '2025-04-01 15:04:37', NULL),
(1206, 'Record deleted On  enquiry id 28', '28', 1, 'Delete', '172.31.36.15', 'Windows 10', 'Chrome 134.0.0.0', '2025-04-01 15:06:51', NULL),
(1207, 'New Record inserted On  enquiry id 42', '42', 1, 'Insert', '172.31.9.184', 'Windows 10', 'Chrome 134.0.0.0', '2025-04-01 15:07:40', NULL),
(1208, 'Record deleted On  enquiry id 14', '14', 1, 'Delete', '172.31.9.184', 'Windows 10', 'Chrome 134.0.0.0', '2025-04-01 15:16:04', NULL),
(1209, 'New Record inserted On student behaviour id 1', '1', 1, 'Insert', '172.31.9.184', 'Windows 10', 'Chrome 134.0.0.0', '2025-04-01 16:54:19', NULL),
(1210, 'New Record inserted On student behaviour id 2', '2', 1, 'Insert', '172.31.9.184', 'Windows 10', 'Chrome 134.0.0.0', '2025-04-01 16:54:19', NULL),
(1211, 'Record deleted On student behaviour and student incidents where behaviour id and student incidents id 1', '1', 1, 'Delete', '172.31.9.184', 'Windows 10', 'Chrome 134.0.0.0', '2025-04-01 16:54:27', NULL),
(1212, 'New Record inserted On student behaviour id 3', '3', 1, 'Insert', '172.31.9.184', 'Windows 10', 'Chrome 134.0.0.0', '2025-04-01 16:55:44', NULL),
(1213, 'New Record inserted On student behaviour id 4', '4', 1, 'Insert', '172.31.9.184', 'Windows 10', 'Chrome 134.0.0.0', '2025-04-01 16:55:45', NULL),
(1214, 'Record deleted On student behaviour and student incidents where behaviour id and student incidents id 4', '4', 1, 'Delete', '172.31.9.184', 'Windows 10', 'Chrome 134.0.0.0', '2025-04-01 16:55:54', NULL),
(1215, 'New Record inserted On student behaviour id 5', '5', 1, 'Insert', '172.31.36.15', 'Windows 10', 'Chrome 134.0.0.0', '2025-04-01 16:57:28', NULL),
(1216, 'New Record inserted On student behaviour id 6', '6', 1, 'Insert', '172.31.9.184', 'Windows 10', 'Chrome 134.0.0.0', '2025-04-01 16:59:06', NULL),
(1217, 'New Record inserted On student incidents id 1', '1', 1, 'Insert', '172.31.9.184', 'Windows 10', 'Chrome 134.0.0.0', '2025-04-01 17:00:38', NULL),
(1218, 'New Record inserted On student incidents id 2', '2', 1, 'Insert', '172.31.9.184', 'Windows 10', 'Chrome 134.0.0.0', '2025-04-01 17:00:38', NULL),
(1219, 'New Record inserted On student incidents id 3', '3', 1, 'Insert', '172.31.9.184', 'Windows 10', 'Chrome 134.0.0.0', '2025-04-01 17:17:25', NULL),
(1220, 'New Record inserted On student incidents id 4', '4', 1, 'Insert', '172.31.9.184', 'Windows 10', 'Chrome 134.0.0.0', '2025-04-01 17:17:25', NULL),
(1221, 'New Record inserted On student incidents id 5', '5', 1, 'Insert', '172.31.9.184', 'Windows 10', 'Chrome 134.0.0.0', '2025-04-01 17:22:39', NULL),
(1222, 'New Record inserted On student incidents id 6', '6', 1, 'Insert', '172.31.9.184', 'Windows 10', 'Chrome 134.0.0.0', '2025-04-01 17:22:39', NULL),
(1223, 'New Record inserted On student incidents id 7', '7', 1, 'Insert', '172.31.9.184', 'Windows 10', 'Chrome 134.0.0.0', '2025-04-01 17:22:57', NULL),
(1224, 'New Record inserted On student incidents id 8', '8', 1, 'Insert', '172.31.9.184', 'Windows 10', 'Chrome 134.0.0.0', '2025-04-01 17:23:08', NULL),
(1225, 'New Record inserted On student incidents id 9', '9', 1, 'Insert', '172.31.9.184', 'Windows 10', 'Chrome 134.0.0.0', '2025-04-01 17:23:29', NULL),
(1226, 'New Record inserted On student incidents id 10', '10', 1, 'Insert', '172.31.9.184', 'Windows 10', 'Chrome 134.0.0.0', '2025-04-01 17:23:29', NULL),
(1227, 'Record deleted On student incidents id 9', '9', 1, 'Delete', '172.31.9.184', 'Windows 10', 'Chrome 134.0.0.0', '2025-04-01 17:23:58', NULL),
(1228, 'Record updated On  topic id 45', '45', 1, 'Update', '172.31.9.184', 'Mac OS X', 'Chrome 134.0.0.0', '2025-04-01 22:48:03', NULL),
(1229, 'New Record inserted On  subject timetable id 1', '1', 1, 'Insert', '172.31.36.15', 'Windows 10', 'Chrome 134.0.0.0', '2025-04-02 16:41:07', NULL),
(1230, 'New Record inserted On  subject timetable id 0', '0', 1, 'Insert', '172.31.36.15', 'Windows 10', 'Chrome 134.0.0.0', '2025-04-02 16:41:07', NULL),
(1231, 'New Record inserted On  subject timetable id -1', '-1', 1, 'Insert', '172.31.36.15', 'Windows 10', 'Chrome 134.0.0.0', '2025-04-02 16:41:07', NULL),
(1232, 'New Record inserted On  subject timetable id -2', '-2', 1, 'Insert', '172.31.36.15', 'Windows 10', 'Chrome 134.0.0.0', '2025-04-02 16:41:07', NULL),
(1233, 'New Record inserted On  subject timetable id -3', '-3', 1, 'Insert', '172.31.36.15', 'Windows 10', 'Chrome 134.0.0.0', '2025-04-02 16:41:07', NULL),
(1234, 'New Record inserted On  subject timetable id 6', '6', 1, 'Insert', '172.31.36.15', 'Windows 10', 'Chrome 134.0.0.0', '2025-04-02 16:42:24', NULL),
(1235, 'New Record inserted On  subject timetable id 5', '5', 1, 'Insert', '172.31.36.15', 'Windows 10', 'Chrome 134.0.0.0', '2025-04-02 16:42:24', NULL),
(1236, 'New Record inserted On  subject timetable id 4', '4', 1, 'Insert', '172.31.36.15', 'Windows 10', 'Chrome 134.0.0.0', '2025-04-02 16:42:24', NULL),
(1237, 'New Record inserted On  subject timetable id 3', '3', 1, 'Insert', '172.31.36.15', 'Windows 10', 'Chrome 134.0.0.0', '2025-04-02 16:42:24', NULL),
(1238, 'New Record inserted On  subject timetable id 2', '2', 1, 'Insert', '172.31.36.15', 'Windows 10', 'Chrome 134.0.0.0', '2025-04-02 16:42:24', NULL),
(1239, 'New Record inserted On  subject timetable id 11', '11', 1, 'Insert', '172.31.9.184', 'Windows 10', 'Chrome 134.0.0.0', '2025-04-02 16:43:39', NULL),
(1240, 'New Record inserted On  subject timetable id 10', '10', 1, 'Insert', '172.31.9.184', 'Windows 10', 'Chrome 134.0.0.0', '2025-04-02 16:43:39', NULL),
(1241, 'New Record inserted On  subject timetable id 9', '9', 1, 'Insert', '172.31.9.184', 'Windows 10', 'Chrome 134.0.0.0', '2025-04-02 16:43:39', NULL),
(1242, 'New Record inserted On  subject timetable id 8', '8', 1, 'Insert', '172.31.9.184', 'Windows 10', 'Chrome 134.0.0.0', '2025-04-02 16:43:39', NULL),
(1243, 'New Record inserted On  subject timetable id 7', '7', 1, 'Insert', '172.31.9.184', 'Windows 10', 'Chrome 134.0.0.0', '2025-04-02 16:43:39', NULL),
(1244, 'New Record inserted On  subject timetable id 16', '16', 1, 'Insert', '172.31.9.184', 'Windows 10', 'Chrome 134.0.0.0', '2025-04-02 16:45:26', NULL),
(1245, 'New Record inserted On  subject timetable id 15', '15', 1, 'Insert', '172.31.9.184', 'Windows 10', 'Chrome 134.0.0.0', '2025-04-02 16:45:26', NULL),
(1246, 'New Record inserted On  subject timetable id 14', '14', 1, 'Insert', '172.31.9.184', 'Windows 10', 'Chrome 134.0.0.0', '2025-04-02 16:45:26', NULL),
(1247, 'New Record inserted On  subject timetable id 13', '13', 1, 'Insert', '172.31.9.184', 'Windows 10', 'Chrome 134.0.0.0', '2025-04-02 16:45:26', NULL),
(1248, 'New Record inserted On  subject timetable id 12', '12', 1, 'Insert', '172.31.9.184', 'Windows 10', 'Chrome 134.0.0.0', '2025-04-02 16:45:26', NULL),
(1249, 'New Record inserted On  subject timetable id 21', '21', 1, 'Insert', '172.31.9.184', 'Windows 10', 'Chrome 134.0.0.0', '2025-04-02 16:45:26', NULL),
(1250, 'New Record inserted On  subject timetable id 20', '20', 1, 'Insert', '172.31.9.184', 'Windows 10', 'Chrome 134.0.0.0', '2025-04-02 16:45:26', NULL),
(1251, 'New Record inserted On  subject timetable id 19', '19', 1, 'Insert', '172.31.9.184', 'Windows 10', 'Chrome 134.0.0.0', '2025-04-02 16:45:26', NULL),
(1252, 'New Record inserted On  subject timetable id 18', '18', 1, 'Insert', '172.31.9.184', 'Windows 10', 'Chrome 134.0.0.0', '2025-04-02 16:45:26', NULL),
(1253, 'New Record inserted On  subject timetable id 17', '17', 1, 'Insert', '172.31.9.184', 'Windows 10', 'Chrome 134.0.0.0', '2025-04-02 16:45:26', NULL),
(1254, 'New Record inserted On  subject timetable id 26', '26', 1, 'Insert', '172.31.9.184', 'Windows 10', 'Chrome 134.0.0.0', '2025-04-02 16:47:27', NULL),
(1255, 'New Record inserted On  subject timetable id 25', '25', 1, 'Insert', '172.31.9.184', 'Windows 10', 'Chrome 134.0.0.0', '2025-04-02 16:47:27', NULL),
(1256, 'New Record inserted On  subject timetable id 24', '24', 1, 'Insert', '172.31.9.184', 'Windows 10', 'Chrome 134.0.0.0', '2025-04-02 16:47:27', NULL),
(1257, 'New Record inserted On  subject timetable id 23', '23', 1, 'Insert', '172.31.9.184', 'Windows 10', 'Chrome 134.0.0.0', '2025-04-02 16:47:27', NULL),
(1258, 'New Record inserted On  subject timetable id 22', '22', 1, 'Insert', '172.31.9.184', 'Windows 10', 'Chrome 134.0.0.0', '2025-04-02 16:47:27', NULL),
(1259, 'New Record inserted On  subject timetable id 31', '31', 1, 'Insert', '172.31.9.184', 'Windows 10', 'Chrome 134.0.0.0', '2025-04-02 16:50:06', NULL),
(1260, 'New Record inserted On  subject timetable id 30', '30', 1, 'Insert', '172.31.9.184', 'Windows 10', 'Chrome 134.0.0.0', '2025-04-02 16:50:06', NULL),
(1261, 'New Record inserted On  subject timetable id 29', '29', 1, 'Insert', '172.31.9.184', 'Windows 10', 'Chrome 134.0.0.0', '2025-04-02 16:50:06', NULL),
(1262, 'New Record inserted On  subject timetable id 28', '28', 1, 'Insert', '172.31.9.184', 'Windows 10', 'Chrome 134.0.0.0', '2025-04-02 16:50:06', NULL),
(1263, 'New Record inserted On  subject timetable id 27', '27', 1, 'Insert', '172.31.9.184', 'Windows 10', 'Chrome 134.0.0.0', '2025-04-02 16:50:06', NULL),
(1264, 'New Record inserted On homework id 1', '1', 1, 'Insert', '172.31.9.184', 'Windows 10', 'Chrome 134.0.0.0', '2025-04-02 16:53:42', NULL),
(1265, 'New Record inserted On homework id 2', '2', 1, 'Insert', '172.31.9.184', 'Windows 10', 'Chrome 134.0.0.0', '2025-04-02 16:55:23', NULL),
(1266, 'New Record inserted On send notification id 1', '1', 1, 'Insert', '172.31.36.15', 'Windows 10', 'Chrome 134.0.0.0', '2025-04-02 16:59:45', NULL),
(1267, 'New Record inserted On send notification id 2', '2', 1, 'Insert', '172.31.36.15', 'Windows 10', 'Chrome 134.0.0.0', '2025-04-02 17:07:29', NULL),
(1268, 'Record updated On  topic id 1', '1', 1, 'Update', '172.31.9.184', 'Windows 10', 'Chrome 134.0.0.0', '2025-04-02 17:09:41', NULL),
(1269, 'Record updated On  topic id 2', '2', 1, 'Update', '172.31.9.184', 'Windows 10', 'Chrome 134.0.0.0', '2025-04-02 17:09:54', NULL),
(1270, 'Record updated On  topic id 3', '3', 1, 'Update', '172.31.9.184', 'Windows 10', 'Chrome 134.0.0.0', '2025-04-02 17:10:01', NULL),
(1271, 'Record updated On  topic id 46', '46', 1, 'Update', '172.31.9.184', 'Windows 10', 'Chrome 134.0.0.0', '2025-04-02 17:10:16', NULL),
(1272, 'Record updated On  topic id 46', '46', 1, 'Update', '172.31.9.184', 'Windows 10', 'Chrome 134.0.0.0', '2025-04-02 17:10:30', NULL),
(1273, 'Record updated On  topic id 46', '46', 1, 'Update', '172.31.9.184', 'Windows 10', 'Chrome 134.0.0.0', '2025-04-02 17:10:39', NULL),
(1274, 'Record updated On  topic id 47', '47', 1, 'Update', '172.31.9.184', 'Windows 10', 'Chrome 134.0.0.0', '2025-04-02 17:10:49', NULL),
(1275, 'Record updated On  topic id 45', '45', 1, 'Update', '172.31.9.184', 'Windows 10', 'Chrome 134.0.0.0', '2025-04-02 17:10:56', NULL),
(1276, 'Record updated On  topic id 45', '45', 1, 'Update', '172.31.9.184', 'Windows 10', 'Chrome 134.0.0.0', '2025-04-02 17:12:47', NULL),
(1277, 'Record updated On  topic id 98', '98', 1, 'Update', '172.31.36.15', 'Windows 10', 'Chrome 134.0.0.0', '2025-04-02 17:13:56', NULL),
(1278, 'Record updated On  topic id 99', '99', 1, 'Update', '172.31.36.15', 'Windows 10', 'Chrome 134.0.0.0', '2025-04-02 17:14:05', NULL),
(1279, 'Record updated On  topic id 100', '100', 1, 'Update', '172.31.36.15', 'Windows 10', 'Chrome 134.0.0.0', '2025-04-02 17:14:14', NULL),
(1280, 'Record updated On  topic id 101', '101', 1, 'Update', '172.31.36.15', 'Windows 10', 'Chrome 134.0.0.0', '2025-04-02 17:14:24', NULL),
(1281, 'New Record inserted On exam groups id 1', '1', 1, 'Insert', '172.31.36.15', 'Windows 10', 'Chrome 134.0.0.0', '2025-04-02 17:28:45', NULL),
(1282, 'New Record inserted On exam group exams name id 1', '1', 1, 'Insert', '172.31.36.15', 'Windows 10', 'Chrome 134.0.0.0', '2025-04-02 17:29:23', NULL),
(1283, 'Record updated On  exam group exams name id 1', '1', 1, 'Update', '172.31.9.184', 'Windows 10', 'Chrome 134.0.0.0', '2025-04-02 17:36:52', NULL),
(1284, 'Record updated On  exam group exams name id 1', '1', 1, 'Update', '172.31.36.15', 'Windows 10', 'Chrome 134.0.0.0', '2025-04-02 17:39:43', NULL),
(1285, 'Record updated On students id 46', '46', 1, 'Update', '172.31.9.184', 'Windows 10', 'Chrome 134.0.0.0', '2025-04-02 18:31:12', NULL),
(1286, 'Record updated On  student session id 46', '46', 1, 'Update', '172.31.9.184', 'Windows 10', 'Chrome 134.0.0.0', '2025-04-02 18:31:12', NULL),
(1287, 'New Record inserted On cbse terms id 1', '1', 1, 'Insert', '172.31.36.15', 'Windows 10', 'Chrome 134.0.0.0', '2025-04-02 18:56:14', NULL),
(1288, 'New Record inserted On cbse observation parameters id 1', '1', 1, 'Insert', '172.31.36.15', 'Windows 10', 'Chrome 134.0.0.0', '2025-04-02 19:02:25', NULL),
(1289, 'New Record inserted On cbse observation terms id 1', '1', 1, 'Insert', '172.31.36.15', 'Windows 10', 'Chrome 134.0.0.0', '2025-04-02 19:03:51', NULL),
(1290, 'New Record inserted On cbse exams id 1', '1', 1, 'Insert', '172.31.36.15', 'Windows 10', 'Chrome 134.0.0.0', '2025-04-02 19:03:55', NULL),
(1291, 'New Record inserted On cbse exam class sections id 1', '1', 1, 'Insert', '172.31.36.15', 'Windows 10', 'Chrome 134.0.0.0', '2025-04-02 19:03:55', NULL),
(1292, 'Record updated On cbse exams id 1', '1', 1, 'Update', '172.31.36.15', 'Windows 10', 'Chrome 134.0.0.0', '2025-04-02 19:16:53', NULL),
(1293, 'Record updated On cbse exam students id 1', '1', 1, 'Update', '172.31.36.15', 'Windows 10', 'Chrome 134.0.0.0', '2025-04-02 19:16:53', NULL),
(1294, 'Record updated On cbse exam students id 2', '2', 1, 'Update', '172.31.36.15', 'Windows 10', 'Chrome 134.0.0.0', '2025-04-02 19:16:53', NULL),
(1295, 'Record updated On cbse exam students id 3', '3', 1, 'Update', '172.31.36.15', 'Windows 10', 'Chrome 134.0.0.0', '2025-04-02 19:16:53', NULL),
(1296, 'Record updated On cbse exam students id 4', '4', 1, 'Update', '172.31.36.15', 'Windows 10', 'Chrome 134.0.0.0', '2025-04-02 19:16:53', NULL),
(1297, 'Record updated On cbse exam students id 5', '5', 1, 'Update', '172.31.36.15', 'Windows 10', 'Chrome 134.0.0.0', '2025-04-02 19:16:53', NULL),
(1298, 'Record updated On cbse exams id 1', '1', 1, 'Update', '172.31.36.15', 'Windows 10', 'Chrome 134.0.0.0', '2025-04-02 19:16:53', NULL),
(1299, 'Record updated On cbse exam students id 1', '1', 1, 'Update', '172.31.36.15', 'Windows 10', 'Chrome 134.0.0.0', '2025-04-02 19:16:53', NULL),
(1300, 'Record updated On cbse exam students id 2', '2', 1, 'Update', '172.31.36.15', 'Windows 10', 'Chrome 134.0.0.0', '2025-04-02 19:16:53', NULL),
(1301, 'Record updated On cbse exam students id 3', '3', 1, 'Update', '172.31.36.15', 'Windows 10', 'Chrome 134.0.0.0', '2025-04-02 19:16:53', NULL),
(1302, 'Record updated On cbse exam students id 4', '4', 1, 'Update', '172.31.36.15', 'Windows 10', 'Chrome 134.0.0.0', '2025-04-02 19:16:53', NULL),
(1303, 'Record updated On cbse exam students id 5', '5', 1, 'Update', '172.31.36.15', 'Windows 10', 'Chrome 134.0.0.0', '2025-04-02 19:16:53', NULL),
(1304, 'Record updated On cbse exams id 1', '1', 1, 'Update', '172.31.9.184', 'Windows 10', 'Chrome 134.0.0.0', '2025-04-02 19:19:39', NULL),
(1305, 'Record deleted On cbse exam class sections id 1', '1', 1, 'Delete', '172.31.9.184', 'Windows 10', 'Chrome 134.0.0.0', '2025-04-02 19:19:39', NULL),
(1306, 'New Record inserted On cbse exam class sections id 2', '2', 1, 'Insert', '172.31.9.184', 'Windows 10', 'Chrome 134.0.0.0', '2025-04-02 19:19:39', NULL),
(1307, 'Record updated On cbse exams id 1', '1', 1, 'Update', '172.31.9.184', 'Windows 10', 'Chrome 134.0.0.0', '2025-04-02 19:19:48', NULL),
(1308, 'Record deleted On cbse exam class sections id 1', '1', 1, 'Delete', '172.31.9.184', 'Windows 10', 'Chrome 134.0.0.0', '2025-04-02 19:19:48', NULL),
(1309, 'New Record inserted On cbse exam class sections id 3', '3', 1, 'Insert', '172.31.9.184', 'Windows 10', 'Chrome 134.0.0.0', '2025-04-02 19:19:48', NULL),
(1310, 'Record updated On cbse exams id 1', '1', 1, 'Update', '172.31.9.184', 'Windows 10', 'Chrome 134.0.0.0', '2025-04-02 19:20:07', NULL),
(1311, 'Record deleted On cbse exam class sections id 1', '1', 1, 'Delete', '172.31.9.184', 'Windows 10', 'Chrome 134.0.0.0', '2025-04-02 19:20:08', NULL),
(1312, 'New Record inserted On cbse exam class sections id 4', '4', 1, 'Insert', '172.31.9.184', 'Windows 10', 'Chrome 134.0.0.0', '2025-04-02 19:20:08', NULL),
(1313, 'Record updated On cbse exams id 1', '1', 1, 'Update', '172.31.9.184', 'Windows 10', 'Chrome 134.0.0.0', '2025-04-02 19:20:14', NULL),
(1314, 'Record deleted On cbse exam class sections id 1', '1', 1, 'Delete', '172.31.9.184', 'Windows 10', 'Chrome 134.0.0.0', '2025-04-02 19:20:14', NULL),
(1315, 'New Record inserted On cbse exam class sections id 5', '5', 1, 'Insert', '172.31.9.184', 'Windows 10', 'Chrome 134.0.0.0', '2025-04-02 19:20:14', NULL),
(1316, 'New Record inserted On exam groups id 2', '2', 1, 'Insert', '172.31.36.15', 'Mac OS X', 'Chrome 135.0.0.0', '2025-04-02 19:40:22', NULL),
(1317, 'New Record inserted On exam groups id 3', '3', 1, 'Insert', '172.31.36.15', 'Mac OS X', 'Chrome 135.0.0.0', '2025-04-02 19:40:38', NULL),
(1318, 'New Record inserted On exam groups id 4', '4', 1, 'Insert', '172.31.36.15', 'Mac OS X', 'Chrome 135.0.0.0', '2025-04-02 19:40:49', NULL),
(1319, 'New Record inserted On exam group exams name id 2', '2', 1, 'Insert', '172.31.36.15', 'Mac OS X', 'Chrome 135.0.0.0', '2025-04-02 19:41:43', NULL),
(1320, 'New Record inserted On exam group exams name id 3', '3', 1, 'Insert', '172.31.36.15', 'Mac OS X', 'Chrome 135.0.0.0', '2025-04-02 19:42:04', NULL),
(1321, 'Record updated On  exam groups id 2', '2', 1, 'Update', '172.31.36.15', 'Mac OS X', 'Chrome 135.0.0.0', '2025-04-02 19:57:27', NULL),
(1322, 'Record updated On  exam groups id 2', '2', 1, 'Update', '172.31.9.184', 'Mac OS X', 'Chrome 135.0.0.0', '2025-04-02 19:59:24', NULL),
(1323, 'Record updated On  exam groups id 3', '3', 1, 'Update', '172.31.9.184', 'Mac OS X', 'Chrome 135.0.0.0', '2025-04-02 19:59:32', NULL),
(1324, 'New Record inserted On exam groups id 5', '5', 1, 'Insert', '172.31.9.184', 'Mac OS X', 'Chrome 135.0.0.0', '2025-04-02 19:59:50', NULL),
(1325, 'Record updated On  exam groups id 4', '4', 1, 'Update', '172.31.9.184', 'Mac OS X', 'Chrome 135.0.0.0', '2025-04-02 20:00:22', NULL),
(1326, 'Record deleted On exam groups id 5', '5', 1, 'Delete', '172.31.9.184', 'Windows 10', 'Chrome 135.0.0.0', '2025-04-03 08:26:50', NULL),
(1327, 'Record deleted On exam groups id 4', '4', 1, 'Delete', '172.31.36.15', 'Windows 10', 'Chrome 135.0.0.0', '2025-04-03 08:27:00', NULL),
(1328, 'New Record inserted On exam groups id 6', '6', 1, 'Insert', '172.31.36.15', 'Windows 10', 'Chrome 135.0.0.0', '2025-04-03 08:27:25', NULL),
(1329, 'New Record inserted On exam groups id 7', '7', 1, 'Insert', '172.31.36.15', 'Windows 10', 'Chrome 135.0.0.0', '2025-04-03 08:27:48', NULL),
(1330, 'New Record inserted On exam groups id 8', '8', 1, 'Insert', '172.31.36.15', 'Windows 10', 'Chrome 135.0.0.0', '2025-04-03 08:28:08', NULL),
(1331, 'New Record inserted On exam groups id 9', '9', 1, 'Insert', '172.31.36.15', 'Windows 10', 'Chrome 135.0.0.0', '2025-04-03 08:28:40', NULL),
(1332, 'New Record inserted On exam group exams name id 4', '4', 1, 'Insert', '172.31.36.15', 'Windows 10', 'Chrome 135.0.0.0', '2025-04-03 08:36:22', NULL),
(1333, 'Record updated On  exam group exams name id 4', '4', 1, 'Update', '172.31.36.15', 'Windows 10', 'Chrome 135.0.0.0', '2025-04-03 08:42:12', NULL),
(1334, 'Record updated On  exam group exams name id 2', '2', 1, 'Update', '172.31.9.184', 'Windows 10', 'Chrome 135.0.0.0', '2025-04-03 08:42:55', NULL),
(1335, 'Record deleted On exam groups id 1', '1', 1, 'Delete', '172.31.9.184', 'Windows 10', 'Chrome 135.0.0.0', '2025-04-03 11:12:07', NULL),
(1336, 'Record updated On  expenses   id 2', '2', 1, 'Update', '172.31.9.184', 'Windows 10', 'Chrome 135.0.0.0', '2025-04-03 14:52:17', NULL),
(1337, 'Record updated On  expenses   id 1', '1', 1, 'Update', '172.31.36.15', 'Windows 10', 'Chrome 135.0.0.0', '2025-04-03 14:55:30', NULL),
(1338, 'Record updated On settings id 1', '1', 1, 'Update', '172.31.9.184', 'Mac OS X', 'Chrome 135.0.0.0', '2025-04-03 15:05:48', NULL),
(1339, 'New Record inserted On  enquiry id 43', '43', 1, 'Insert', '172.31.9.184', 'Mac OS X', 'Chrome 135.0.0.0', '2025-04-03 16:39:25', NULL),
(1340, 'New Record inserted On visitors purpose id 1', '1', 1, 'Insert', '172.31.36.15', 'Mac OS X', 'Chrome 135.0.0.0', '2025-04-03 16:46:41', NULL),
(1341, 'New Record inserted On visitors purpose id 2', '2', 1, 'Insert', '172.31.36.15', 'Mac OS X', 'Chrome 135.0.0.0', '2025-04-03 16:46:57', NULL),
(1342, 'New Record inserted On visitors purpose id 3', '3', 1, 'Insert', '172.31.36.15', 'Mac OS X', 'Chrome 135.0.0.0', '2025-04-03 16:47:10', NULL),
(1343, 'New Record inserted On visitors purpose id 4', '4', 1, 'Insert', '172.31.36.15', 'Mac OS X', 'Chrome 135.0.0.0', '2025-04-03 16:47:22', NULL),
(1344, 'New Record inserted On visitors purpose id 5', '5', 1, 'Insert', '172.31.36.15', 'Mac OS X', 'Chrome 135.0.0.0', '2025-04-03 16:47:36', NULL),
(1345, 'New Record inserted On  complaint_type id 3', '3', 1, 'Insert', '172.31.36.15', 'Mac OS X', 'Chrome 135.0.0.0', '2025-04-03 16:48:31', NULL),
(1346, 'New Record inserted On  complaint_type id 4', '4', 1, 'Insert', '172.31.36.15', 'Mac OS X', 'Chrome 135.0.0.0', '2025-04-03 16:49:13', NULL),
(1347, 'New Record inserted On  complaint_type id 5', '5', 1, 'Insert', '172.31.36.15', 'Mac OS X', 'Chrome 135.0.0.0', '2025-04-03 16:49:23', NULL),
(1348, 'Record deleted On  complaint_type  id 4', '4', 1, 'Delete', '172.31.36.15', 'Mac OS X', 'Chrome 135.0.0.0', '2025-04-03 16:49:40', NULL),
(1349, 'Record updated On  complaint_type  id 5', '5', 1, 'Update', '172.31.36.15', 'Mac OS X', 'Chrome 135.0.0.0', '2025-04-03 16:49:51', NULL),
(1350, 'New Record inserted On source id 4', '4', 1, 'Insert', '172.31.36.15', 'Mac OS X', 'Chrome 135.0.0.0', '2025-04-03 16:50:41', NULL),
(1351, 'Record updated On  source id 4', '4', 1, 'Update', '172.31.36.15', 'Mac OS X', 'Chrome 135.0.0.0', '2025-04-03 16:50:53', NULL),
(1352, 'New Record inserted On reference id 3', '3', 1, 'Insert', '172.31.9.184', 'Mac OS X', 'Chrome 135.0.0.0', '2025-04-03 16:53:18', NULL),
(1353, 'New Record inserted On reference id 4', '4', 1, 'Insert', '172.31.9.184', 'Mac OS X', 'Chrome 135.0.0.0', '2025-04-03 16:53:38', NULL),
(1354, 'New Record inserted On  visitors  id 1', '1', 1, 'Insert', '172.31.36.15', 'Mac OS X', 'Chrome 135.0.0.0', '2025-04-03 16:56:50', NULL),
(1355, 'New Record inserted On  visitors  id 2', '2', 1, 'Insert', '172.31.36.15', 'Mac OS X', 'Chrome 135.0.0.0', '2025-04-03 16:57:56', NULL),
(1356, 'New Record inserted On  Phone Call Log id 1', '1', 1, 'Insert', '172.31.36.15', 'Mac OS X', 'Chrome 135.0.0.0', '2025-04-03 16:59:28', NULL),
(1357, 'New Record inserted On  Phone Call Log id 2', '2', 1, 'Insert', '172.31.36.15', 'Mac OS X', 'Chrome 135.0.0.0', '2025-04-03 17:01:24', NULL),
(1358, 'New Record inserted On  Phone Call Log id 3', '3', 1, 'Insert', '172.31.9.184', 'Mac OS X', 'Chrome 135.0.0.0', '2025-04-03 17:02:39', NULL),
(1359, 'New Record inserted On  Admission Enquiry  Postal Dispatch id 1', '1', 1, 'Insert', '172.31.9.184', 'Mac OS X', 'Chrome 135.0.0.0', '2025-04-03 17:06:54', NULL),
(1360, 'New Record inserted On  Admission Enquiry  Postal Dispatch id 2', '2', 1, 'Insert', '172.31.9.184', 'Mac OS X', 'Chrome 135.0.0.0', '2025-04-03 17:09:22', NULL),
(1361, 'New Record inserted On  Admission Enquiry  Postal Receive id 3', '3', 1, 'Insert', '172.31.9.184', 'Mac OS X', 'Chrome 135.0.0.0', '2025-04-03 17:10:48', NULL),
(1362, 'New Record inserted On  Admission Enquiry  Postal Receive id 4', '4', 1, 'Insert', '172.31.36.15', 'Mac OS X', 'Chrome 135.0.0.0', '2025-04-03 17:11:53', NULL),
(1363, 'Record updated On students id 46', '46', 1, 'Update', '172.31.36.15', 'Windows 10', 'Chrome 135.0.0.0', '2025-04-03 17:43:23', NULL),
(1364, 'Record updated On  student session id 46', '46', 1, 'Update', '172.31.36.15', 'Windows 10', 'Chrome 135.0.0.0', '2025-04-03 17:43:23', NULL),
(1365, 'New Record inserted On school houses id 1', '1', 1, 'Insert', '172.31.9.184', 'Windows 10', 'Chrome 135.0.0.0', '2025-04-03 17:52:42', NULL),
(1366, 'New Record inserted On school houses id 2', '2', 1, 'Insert', '172.31.9.184', 'Windows 10', 'Chrome 135.0.0.0', '2025-04-03 17:52:51', NULL),
(1367, 'New Record inserted On school houses id 3', '3', 1, 'Insert', '172.31.9.184', 'Windows 10', 'Chrome 135.0.0.0', '2025-04-03 17:52:58', NULL),
(1368, 'Record updated On  school houses id 2', '2', 1, 'Update', '172.31.9.184', 'Windows 10', 'Chrome 135.0.0.0', '2025-04-03 17:53:09', NULL),
(1369, 'New Record inserted On school houses id 4', '4', 1, 'Insert', '172.31.9.184', 'Windows 10', 'Chrome 135.0.0.0', '2025-04-03 17:53:21', NULL),
(1370, 'Record updated On  school houses id 4', '4', 1, 'Update', '172.31.9.184', 'Windows 10', 'Chrome 135.0.0.0', '2025-04-03 17:53:44', NULL),
(1371, 'Record updated On students id 46', '46', 1, 'Update', '172.31.9.184', 'Windows 10', 'Chrome 135.0.0.0', '2025-04-03 17:54:30', NULL),
(1372, 'Record updated On  student session id 46', '46', 1, 'Update', '172.31.9.184', 'Windows 10', 'Chrome 135.0.0.0', '2025-04-03 17:54:30', NULL),
(1373, 'New Record inserted On exam group exams name id 5', '5', 1, 'Insert', '172.31.9.184', 'Windows 10', 'Chrome 135.0.0.0', '2025-04-03 18:45:37', NULL),
(1374, 'Record updated On staff id 3', '3', 1, 'Update', '172.31.9.184', 'Mac OS X', 'Chrome 135.0.0.0', '2025-04-03 18:46:54', NULL),
(1375, 'New Record inserted On  categories id 1', '1', 1, 'Insert', '172.31.36.15', 'Mac OS X', 'Chrome 135.0.0.0', '2025-04-03 18:55:34', NULL),
(1376, 'New Record inserted On  categories id 2', '2', 1, 'Insert', '172.31.36.15', 'Mac OS X', 'Chrome 135.0.0.0', '2025-04-03 18:55:40', NULL);
INSERT INTO `logs` (`id`, `message`, `record_id`, `user_id`, `action`, `ip_address`, `platform`, `agent`, `time`, `created_at`) VALUES
(1377, 'New Record inserted On  categories id 3', '3', 1, 'Insert', '172.31.36.15', 'Mac OS X', 'Chrome 135.0.0.0', '2025-04-03 18:55:55', NULL),
(1378, 'New Record inserted On  categories id 4', '4', 1, 'Insert', '172.31.36.15', 'Mac OS X', 'Chrome 135.0.0.0', '2025-04-03 18:56:07', NULL),
(1379, 'New Record inserted On  categories id 5', '5', 1, 'Insert', '172.31.36.15', 'Mac OS X', 'Chrome 135.0.0.0', '2025-04-03 18:56:14', NULL),
(1380, 'New Record inserted On  fee group id 1', '1', 1, 'Insert', '172.31.36.15', 'Windows 10', 'Chrome 135.0.0.0', '2025-04-03 18:56:22', NULL),
(1381, 'New Record inserted On  fee type id 1', '1', 1, 'Insert', '172.31.36.15', 'Windows 10', 'Chrome 135.0.0.0', '2025-04-03 18:56:44', NULL),
(1382, 'New Record inserted On  fee type id 2', '2', 1, 'Insert', '172.31.36.15', 'Windows 10', 'Chrome 135.0.0.0', '2025-04-03 18:56:54', NULL),
(1383, 'New Record inserted On disable reason id 2', '2', 1, 'Insert', '172.31.36.15', 'Mac OS X', 'Chrome 135.0.0.0', '2025-04-03 18:57:00', NULL),
(1384, 'New Record inserted On disable reason id 3', '3', 1, 'Insert', '172.31.36.15', 'Mac OS X', 'Chrome 135.0.0.0', '2025-04-03 18:57:41', NULL),
(1385, 'Record updated On student fees deposite id 1', '1', 1, 'Update', '172.31.36.15', 'Windows 10', 'Chrome 135.0.0.0', '2025-04-03 19:02:08', NULL),
(1386, 'Record updated On student fees deposite id 1', '1', 1, 'Update', '172.31.36.15', 'Windows 10', 'Chrome 135.0.0.0', '2025-04-03 19:02:08', NULL),
(1387, 'Record deleted On student fees deposite id 1', '1', 1, 'Delete', '172.31.36.15', 'Windows 10', 'Chrome 135.0.0.0', '2025-04-03 19:02:17', NULL),
(1388, 'New Record inserted On  fee groups feetype id 2', '2', 1, 'Insert', '172.31.36.15', 'Windows 10', 'Chrome 135.0.0.0', '2025-04-03 19:04:16', NULL),
(1389, 'New Record inserted On  fees discounts id 1', '1', 1, 'Insert', '172.31.36.15', 'Windows 10', 'Chrome 135.0.0.0', '2025-04-03 19:04:51', NULL),
(1390, 'New Record inserted On  expenses   id 3', '3', 1, 'Insert', '172.31.43.5', 'Windows 10', 'Chrome 135.0.0.0', '2025-04-04 12:30:11', NULL),
(1391, 'Record updated On  expenses   id 3', '3', 1, 'Update', '172.31.43.5', 'Windows 10', 'Chrome 135.0.0.0', '2025-04-04 12:33:45', NULL),
(1392, 'Record updated On students id 46', '46', 1, 'Update', '172.31.2.52', 'Windows 10', 'Chrome 135.0.0.0', '2025-04-04 13:17:21', NULL),
(1393, 'Record updated On  student session id 46', '46', 1, 'Update', '172.31.2.52', 'Windows 10', 'Chrome 135.0.0.0', '2025-04-04 13:17:21', NULL),
(1394, 'New Record inserted On  Complain id 4', '4', 1, 'Insert', '172.31.2.52', 'Windows 10', 'Chrome 135.0.0.0', '2025-04-04 13:31:03', NULL),
(1395, 'New Record inserted On  Complain id 5', '5', 1, 'Insert', '172.31.2.52', 'Windows 10', 'Chrome 135.0.0.0', '2025-04-04 13:32:02', NULL),
(1396, 'New Record inserted On  Complain id 6', '6', 1, 'Insert', '172.31.43.5', 'Windows 10', 'Chrome 135.0.0.0', '2025-04-04 13:32:59', NULL),
(1397, 'New Record inserted On  Complain id 7', '7', 1, 'Insert', '172.31.43.5', 'Windows 10', 'Chrome 135.0.0.0', '2025-04-04 13:33:48', NULL),
(1398, 'Record updated On Complaint id 7', '7', 1, 'Update', '172.31.43.5', 'Windows 10', 'Chrome 135.0.0.0', '2025-04-04 13:34:27', NULL),
(1399, 'New Record inserted On  Complain id 8', '8', 1, 'Insert', '172.31.43.5', 'Windows 10', 'Chrome 135.0.0.0', '2025-04-04 13:35:11', NULL),
(1400, 'New Record inserted On  Complain id 9', '9', 1, 'Insert', '172.31.43.5', 'Windows 10', 'Chrome 135.0.0.0', '2025-04-04 13:36:08', NULL),
(1401, 'New Record inserted On  Complain id 10', '10', 1, 'Insert', '172.31.2.52', 'Windows 10', 'Chrome 135.0.0.0', '2025-04-04 13:36:56', NULL),
(1402, 'New Record inserted On  Complain id 11', '11', 1, 'Insert', '172.31.2.52', 'Windows 10', 'Chrome 135.0.0.0', '2025-04-04 13:37:32', NULL),
(1403, 'New Record inserted On  Complain id 12', '12', 1, 'Insert', '172.31.43.5', 'Windows 10', 'Chrome 135.0.0.0', '2025-04-04 13:38:25', NULL),
(1404, 'Record updated On  complaint_type  id 1', '1', 1, 'Update', '172.31.2.52', 'Windows 10', 'Chrome 135.0.0.0', '2025-04-04 13:40:00', NULL),
(1405, 'Record updated On  complaint_type  id 2', '2', 1, 'Update', '172.31.2.52', 'Windows 10', 'Chrome 135.0.0.0', '2025-04-04 13:40:10', NULL),
(1406, 'Record updated On Complaint id 12', '12', 1, 'Update', '172.31.43.5', 'Windows 10', 'Chrome 135.0.0.0', '2025-04-04 13:40:51', NULL),
(1407, 'Record updated On Complaint id 12', '12', 1, 'Update', '172.31.43.5', 'Windows 10', 'Chrome 135.0.0.0', '2025-04-04 13:41:35', NULL),
(1408, 'Record updated On Complaint id 11', '11', 1, 'Update', '172.31.2.52', 'Windows 10', 'Chrome 135.0.0.0', '2025-04-04 13:42:06', NULL),
(1409, 'Record updated On Complaint id 10', '10', 1, 'Update', '172.31.2.52', 'Windows 10', 'Chrome 135.0.0.0', '2025-04-04 13:42:59', NULL),
(1410, 'Record updated On Complaint id 9', '9', 1, 'Update', '172.31.2.52', 'Windows 10', 'Chrome 135.0.0.0', '2025-04-04 13:43:30', NULL),
(1411, 'Record updated On Complaint id 9', '9', 1, 'Update', '172.31.2.52', 'Windows 10', 'Chrome 135.0.0.0', '2025-04-04 13:43:56', NULL),
(1412, 'Record updated On Complaint id 8', '8', 1, 'Update', '172.31.43.5', 'Windows 10', 'Chrome 135.0.0.0', '2025-04-04 13:44:40', NULL),
(1413, 'Record updated On Complaint id 8', '8', 1, 'Update', '172.31.43.5', 'Windows 10', 'Chrome 135.0.0.0', '2025-04-04 13:44:51', NULL),
(1414, 'Record updated On Complaint id 7', '7', 1, 'Update', '172.31.43.5', 'Windows 10', 'Chrome 135.0.0.0', '2025-04-04 13:45:24', NULL),
(1415, 'Record updated On Complaint id 6', '6', 1, 'Update', '172.31.2.52', 'Windows 10', 'Chrome 135.0.0.0', '2025-04-04 13:45:56', NULL),
(1416, 'Record updated On Complaint id 5', '5', 1, 'Update', '172.31.43.5', 'Windows 10', 'Chrome 135.0.0.0', '2025-04-04 13:47:12', NULL),
(1417, 'Record updated On Complaint id 4', '4', 1, 'Update', '172.31.43.5', 'Windows 10', 'Chrome 135.0.0.0', '2025-04-04 13:48:11', NULL),
(1418, 'Record updated On Complaint id 2', '2', 1, 'Update', '172.31.2.52', 'Windows 10', 'Chrome 135.0.0.0', '2025-04-04 13:48:53', NULL),
(1419, 'Record updated On Complaint id 4', '4', 1, 'Update', '172.31.2.52', 'Windows 10', 'Chrome 135.0.0.0', '2025-04-04 13:49:09', NULL),
(1420, 'Record updated On Complaint id 1', '1', 1, 'Update', '172.31.2.52', 'Windows 10', 'Chrome 135.0.0.0', '2025-04-04 13:49:23', NULL),
(1421, 'Record deleted On  expense head id 1', '1', 1, 'Delete', '172.31.2.52', 'Windows 10', 'Chrome 135.0.0.0', '2025-04-04 13:54:20', NULL),
(1422, 'Record deleted On  expense head id 2', '2', 1, 'Delete', '172.31.2.52', 'Windows 10', 'Chrome 135.0.0.0', '2025-04-04 13:54:24', NULL),
(1423, 'New Record inserted On  expense head id 3', '3', 1, 'Insert', '172.31.2.52', 'Windows 10', 'Chrome 135.0.0.0', '2025-04-04 13:54:30', NULL),
(1424, 'New Record inserted On  expense head id 4', '4', 1, 'Insert', '172.31.2.52', 'Windows 10', 'Chrome 135.0.0.0', '2025-04-04 13:54:39', NULL),
(1425, 'New Record inserted On  expense head id 5', '5', 1, 'Insert', '172.31.2.52', 'Windows 10', 'Chrome 135.0.0.0', '2025-04-04 13:54:50', NULL),
(1426, 'New Record inserted On  expense head id 6', '6', 1, 'Insert', '172.31.2.52', 'Windows 10', 'Chrome 135.0.0.0', '2025-04-04 13:55:00', NULL),
(1427, 'New Record inserted On  expense head id 7', '7', 1, 'Insert', '172.31.2.52', 'Windows 10', 'Chrome 135.0.0.0', '2025-04-04 13:55:09', NULL),
(1428, 'New Record inserted On  expenses   id 4', '4', 1, 'Insert', '172.31.2.52', 'Windows 10', 'Chrome 135.0.0.0', '2025-04-04 13:56:16', NULL),
(1429, 'Record updated On  expenses   id 4', '4', 1, 'Update', '172.31.2.52', 'Windows 10', 'Chrome 135.0.0.0', '2025-04-04 13:56:32', NULL),
(1430, 'New Record inserted On  expenses   id 5', '5', 1, 'Insert', '172.31.2.52', 'Windows 10', 'Chrome 135.0.0.0', '2025-04-04 13:57:06', NULL),
(1431, 'New Record inserted On  expenses   id 6', '6', 1, 'Insert', '172.31.43.5', 'Windows 10', 'Chrome 135.0.0.0', '2025-04-04 13:57:55', NULL),
(1432, 'New Record inserted On  expenses   id 7', '7', 1, 'Insert', '172.31.2.52', 'Windows 10', 'Chrome 135.0.0.0', '2025-04-04 13:58:51', NULL),
(1433, 'Record updated On  expenses   id 6', '6', 1, 'Update', '172.31.2.52', 'Windows 10', 'Chrome 135.0.0.0', '2025-04-04 13:59:07', NULL),
(1434, 'Record updated On  expenses   id 7', '7', 1, 'Update', '172.31.2.52', 'Windows 10', 'Chrome 135.0.0.0', '2025-04-04 13:59:22', NULL),
(1435, 'Record deleted On  expenses   id 6', '6', 1, 'Delete', '172.31.2.52', 'Windows 10', 'Chrome 135.0.0.0', '2025-04-04 14:00:20', NULL),
(1436, 'Record deleted On  Income   id 2', '2', 1, 'Delete', '172.31.43.5', 'Windows 10', 'Chrome 135.0.0.0', '2025-04-04 15:04:22', NULL),
(1437, 'Record deleted On  Income   id 1', '1', 1, 'Delete', '172.31.43.5', 'Windows 10', 'Chrome 135.0.0.0', '2025-04-04 15:04:28', NULL),
(1438, 'Record deleted On  income head   id 1', '1', 1, 'Delete', '172.31.43.5', 'Windows 10', 'Chrome 135.0.0.0', '2025-04-04 15:04:37', NULL),
(1439, 'Record deleted On  income head   id 2', '2', 1, 'Delete', '172.31.43.5', 'Windows 10', 'Chrome 135.0.0.0', '2025-04-04 15:04:42', NULL),
(1440, 'New Record inserted On  income head   id 3', '3', 1, 'Insert', '172.31.43.5', 'Windows 10', 'Chrome 135.0.0.0', '2025-04-04 15:05:02', NULL),
(1441, 'New Record inserted On  income head   id 4', '4', 1, 'Insert', '172.31.43.5', 'Windows 10', 'Chrome 135.0.0.0', '2025-04-04 15:05:12', NULL),
(1442, 'New Record inserted On  income head   id 5', '5', 1, 'Insert', '172.31.43.5', 'Windows 10', 'Chrome 135.0.0.0', '2025-04-04 15:05:22', NULL),
(1443, 'New Record inserted On  income head   id 6', '6', 1, 'Insert', '172.31.43.5', 'Windows 10', 'Chrome 135.0.0.0', '2025-04-04 15:05:32', NULL),
(1444, 'New Record inserted On  income head   id 7', '7', 1, 'Insert', '172.31.43.5', 'Windows 10', 'Chrome 135.0.0.0', '2025-04-04 15:06:06', NULL),
(1445, 'New Record inserted On  Income   id 3', '3', 1, 'Insert', '172.31.2.52', 'Windows 10', 'Chrome 135.0.0.0', '2025-04-04 15:07:37', NULL),
(1446, 'New Record inserted On  Income   id 4', '4', 1, 'Insert', '172.31.43.5', 'Windows 10', 'Chrome 135.0.0.0', '2025-04-04 15:08:37', NULL),
(1447, 'Record updated On  Income   id 4', '4', 1, 'Update', '172.31.43.5', 'Windows 10', 'Chrome 135.0.0.0', '2025-04-04 15:09:24', NULL),
(1448, 'New Record inserted On  Income   id 5', '5', 1, 'Insert', '172.31.43.5', 'Windows 10', 'Chrome 135.0.0.0', '2025-04-04 15:09:49', NULL),
(1449, 'New Record inserted On  Income   id 6', '6', 1, 'Insert', '172.31.43.5', 'Windows 10', 'Chrome 135.0.0.0', '2025-04-04 15:10:22', NULL),
(1450, 'Record updated On  Income   id 5', '5', 1, 'Update', '172.31.43.5', 'Windows 10', 'Chrome 135.0.0.0', '2025-04-04 15:10:47', NULL),
(1451, 'Record updated On  Income   id 3', '3', 1, 'Update', '172.31.43.5', 'Windows 10', 'Chrome 135.0.0.0', '2025-04-04 15:11:00', NULL),
(1452, 'Record deleted On  Income   id 6', '6', 1, 'Delete', '172.31.43.5', 'Windows 10', 'Chrome 135.0.0.0', '2025-04-04 15:13:26', NULL),
(1453, 'Record updated On  Income   id 3', '3', 1, 'Update', '172.31.43.5', 'Windows 10', 'Chrome 135.0.0.0', '2025-04-04 15:13:40', NULL),
(1454, 'Record updated On  Income   id 4', '4', 1, 'Update', '172.31.43.5', 'Windows 10', 'Chrome 135.0.0.0', '2025-04-04 15:13:56', NULL),
(1455, 'Record updated On  Income   id 5', '5', 1, 'Update', '172.31.43.5', 'Windows 10', 'Chrome 135.0.0.0', '2025-04-04 15:14:30', NULL),
(1456, 'Record deleted On school houses id 1', '1', 1, 'Delete', '172.31.2.52', 'Windows 10', 'Chrome 135.0.0.0', '2025-04-04 15:17:54', NULL),
(1457, 'Record deleted On school houses id 2', '2', 1, 'Delete', '172.31.2.52', 'Windows 10', 'Chrome 135.0.0.0', '2025-04-04 15:17:59', NULL),
(1458, 'Record deleted On school houses id 3', '3', 1, 'Delete', '172.31.2.52', 'Windows 10', 'Chrome 135.0.0.0', '2025-04-04 15:18:05', NULL),
(1459, 'Record deleted On school houses id 4', '4', 1, 'Delete', '172.31.2.52', 'Windows 10', 'Chrome 135.0.0.0', '2025-04-04 15:18:10', NULL),
(1460, 'New Record inserted On school houses id 5', '5', 1, 'Insert', '172.31.43.5', 'Windows 10', 'Chrome 135.0.0.0', '2025-04-04 15:18:17', NULL),
(1461, 'New Record inserted On school houses id 6', '6', 1, 'Insert', '172.31.43.5', 'Windows 10', 'Chrome 135.0.0.0', '2025-04-04 15:18:24', NULL),
(1462, 'New Record inserted On school houses id 7', '7', 1, 'Insert', '172.31.43.5', 'Windows 10', 'Chrome 135.0.0.0', '2025-04-04 15:18:39', NULL),
(1463, 'New Record inserted On school houses id 8', '8', 1, 'Insert', '172.31.43.5', 'Windows 10', 'Chrome 135.0.0.0', '2025-04-04 15:18:49', NULL),
(1464, 'New Record inserted On students id 91', '91', 1, 'Insert', '172.31.2.52', 'Windows 10', 'Chrome 135.0.0.0', '2025-04-04 15:34:54', NULL),
(1465, 'New Record inserted On  student session id 91', '91', 1, 'Insert', '172.31.2.52', 'Windows 10', 'Chrome 135.0.0.0', '2025-04-04 15:34:54', NULL),
(1466, 'New Record inserted On users id 181', '181', 1, 'Insert', '172.31.2.52', 'Windows 10', 'Chrome 135.0.0.0', '2025-04-04 15:34:54', NULL),
(1467, 'New Record inserted On users id 182', '182', 1, 'Insert', '172.31.2.52', 'Windows 10', 'Chrome 135.0.0.0', '2025-04-04 15:34:54', NULL),
(1468, 'Record updated On students id 91', '91', 1, 'Update', '172.31.2.52', 'Windows 10', 'Chrome 135.0.0.0', '2025-04-04 15:34:54', NULL),
(1469, 'New Record inserted On students id 92', '92', 1, 'Insert', '172.31.43.5', 'Windows 10', 'Chrome 135.0.0.0', '2025-04-04 17:01:10', NULL),
(1470, 'New Record inserted On  student session id 92', '92', 1, 'Insert', '172.31.43.5', 'Windows 10', 'Chrome 135.0.0.0', '2025-04-04 17:01:10', NULL),
(1471, 'New Record inserted On users id 183', '183', 1, 'Insert', '172.31.43.5', 'Windows 10', 'Chrome 135.0.0.0', '2025-04-04 17:01:10', NULL),
(1472, 'New Record inserted On users id 184', '184', 1, 'Insert', '172.31.43.5', 'Windows 10', 'Chrome 135.0.0.0', '2025-04-04 17:01:11', NULL),
(1473, 'Record updated On students id 92', '92', 1, 'Update', '172.31.43.5', 'Windows 10', 'Chrome 135.0.0.0', '2025-04-04 17:01:11', NULL),
(1474, 'New Record inserted On students id 93', '93', 1, 'Insert', '172.31.43.5', 'Windows 10', 'Chrome 135.0.0.0', '2025-04-04 17:01:11', NULL),
(1475, 'New Record inserted On  student session id 93', '93', 1, 'Insert', '172.31.43.5', 'Windows 10', 'Chrome 135.0.0.0', '2025-04-04 17:01:11', NULL),
(1476, 'New Record inserted On users id 185', '185', 1, 'Insert', '172.31.43.5', 'Windows 10', 'Chrome 135.0.0.0', '2025-04-04 17:01:11', NULL),
(1477, 'New Record inserted On users id 186', '186', 1, 'Insert', '172.31.43.5', 'Windows 10', 'Chrome 135.0.0.0', '2025-04-04 17:01:11', NULL),
(1478, 'Record updated On students id 93', '93', 1, 'Update', '172.31.43.5', 'Windows 10', 'Chrome 135.0.0.0', '2025-04-04 17:01:11', NULL),
(1479, 'New Record inserted On students id 94', '94', 1, 'Insert', '172.31.43.5', 'Windows 10', 'Chrome 135.0.0.0', '2025-04-04 17:01:11', NULL),
(1480, 'New Record inserted On  student session id 94', '94', 1, 'Insert', '172.31.43.5', 'Windows 10', 'Chrome 135.0.0.0', '2025-04-04 17:01:11', NULL),
(1481, 'New Record inserted On users id 187', '187', 1, 'Insert', '172.31.43.5', 'Windows 10', 'Chrome 135.0.0.0', '2025-04-04 17:01:11', NULL),
(1482, 'New Record inserted On users id 188', '188', 1, 'Insert', '172.31.43.5', 'Windows 10', 'Chrome 135.0.0.0', '2025-04-04 17:01:11', NULL),
(1483, 'Record updated On students id 94', '94', 1, 'Update', '172.31.43.5', 'Windows 10', 'Chrome 135.0.0.0', '2025-04-04 17:01:11', NULL),
(1484, 'New Record inserted On students id 95', '95', 1, 'Insert', '172.31.43.5', 'Windows 10', 'Chrome 135.0.0.0', '2025-04-04 17:04:06', NULL),
(1485, 'New Record inserted On  student session id 95', '95', 1, 'Insert', '172.31.43.5', 'Windows 10', 'Chrome 135.0.0.0', '2025-04-04 17:04:06', NULL),
(1486, 'New Record inserted On users id 189', '189', 1, 'Insert', '172.31.43.5', 'Windows 10', 'Chrome 135.0.0.0', '2025-04-04 17:04:06', NULL),
(1487, 'New Record inserted On users id 190', '190', 1, 'Insert', '172.31.43.5', 'Windows 10', 'Chrome 135.0.0.0', '2025-04-04 17:04:06', NULL),
(1488, 'Record updated On students id 95', '95', 1, 'Update', '172.31.43.5', 'Windows 10', 'Chrome 135.0.0.0', '2025-04-04 17:04:06', NULL),
(1489, 'New Record inserted On students id 96', '96', 1, 'Insert', '172.31.43.5', 'Windows 10', 'Chrome 135.0.0.0', '2025-04-04 17:04:06', NULL),
(1490, 'New Record inserted On  student session id 96', '96', 1, 'Insert', '172.31.43.5', 'Windows 10', 'Chrome 135.0.0.0', '2025-04-04 17:04:06', NULL),
(1491, 'New Record inserted On users id 191', '191', 1, 'Insert', '172.31.43.5', 'Windows 10', 'Chrome 135.0.0.0', '2025-04-04 17:04:06', NULL),
(1492, 'New Record inserted On users id 192', '192', 1, 'Insert', '172.31.43.5', 'Windows 10', 'Chrome 135.0.0.0', '2025-04-04 17:04:06', NULL),
(1493, 'Record updated On students id 96', '96', 1, 'Update', '172.31.43.5', 'Windows 10', 'Chrome 135.0.0.0', '2025-04-04 17:04:06', NULL),
(1494, 'New Record inserted On students id 97', '97', 1, 'Insert', '172.31.43.5', 'Windows 10', 'Chrome 135.0.0.0', '2025-04-04 17:04:06', NULL),
(1495, 'New Record inserted On  student session id 97', '97', 1, 'Insert', '172.31.43.5', 'Windows 10', 'Chrome 135.0.0.0', '2025-04-04 17:04:06', NULL),
(1496, 'New Record inserted On users id 193', '193', 1, 'Insert', '172.31.43.5', 'Windows 10', 'Chrome 135.0.0.0', '2025-04-04 17:04:06', NULL),
(1497, 'New Record inserted On users id 194', '194', 1, 'Insert', '172.31.43.5', 'Windows 10', 'Chrome 135.0.0.0', '2025-04-04 17:04:06', NULL),
(1498, 'Record updated On students id 97', '97', 1, 'Update', '172.31.43.5', 'Windows 10', 'Chrome 135.0.0.0', '2025-04-04 17:04:06', NULL),
(1499, 'New Record inserted On students id 98', '98', 1, 'Insert', '172.31.43.5', 'Windows 10', 'Chrome 135.0.0.0', '2025-04-04 17:04:06', NULL),
(1500, 'New Record inserted On  student session id 98', '98', 1, 'Insert', '172.31.43.5', 'Windows 10', 'Chrome 135.0.0.0', '2025-04-04 17:04:06', NULL),
(1501, 'New Record inserted On users id 195', '195', 1, 'Insert', '172.31.43.5', 'Windows 10', 'Chrome 135.0.0.0', '2025-04-04 17:04:06', NULL),
(1502, 'New Record inserted On users id 196', '196', 1, 'Insert', '172.31.43.5', 'Windows 10', 'Chrome 135.0.0.0', '2025-04-04 17:04:06', NULL),
(1503, 'Record updated On students id 98', '98', 1, 'Update', '172.31.43.5', 'Windows 10', 'Chrome 135.0.0.0', '2025-04-04 17:04:06', NULL),
(1504, 'New Record inserted On students id 99', '99', 1, 'Insert', '172.31.43.5', 'Windows 10', 'Chrome 135.0.0.0', '2025-04-04 17:04:06', NULL),
(1505, 'New Record inserted On  student session id 99', '99', 1, 'Insert', '172.31.43.5', 'Windows 10', 'Chrome 135.0.0.0', '2025-04-04 17:04:06', NULL),
(1506, 'New Record inserted On users id 197', '197', 1, 'Insert', '172.31.43.5', 'Windows 10', 'Chrome 135.0.0.0', '2025-04-04 17:04:06', NULL),
(1507, 'New Record inserted On users id 198', '198', 1, 'Insert', '172.31.43.5', 'Windows 10', 'Chrome 135.0.0.0', '2025-04-04 17:04:06', NULL),
(1508, 'Record updated On students id 99', '99', 1, 'Update', '172.31.43.5', 'Windows 10', 'Chrome 135.0.0.0', '2025-04-04 17:04:06', NULL),
(1509, 'New Record inserted On students id 100', '100', 1, 'Insert', '172.31.2.52', 'Windows 10', 'Chrome 135.0.0.0', '2025-04-04 17:08:05', NULL),
(1510, 'New Record inserted On  student session id 100', '100', 1, 'Insert', '172.31.2.52', 'Windows 10', 'Chrome 135.0.0.0', '2025-04-04 17:08:05', NULL),
(1511, 'New Record inserted On users id 199', '199', 1, 'Insert', '172.31.2.52', 'Windows 10', 'Chrome 135.0.0.0', '2025-04-04 17:08:05', NULL),
(1512, 'New Record inserted On users id 200', '200', 1, 'Insert', '172.31.2.52', 'Windows 10', 'Chrome 135.0.0.0', '2025-04-04 17:08:05', NULL),
(1513, 'Record updated On students id 100', '100', 1, 'Update', '172.31.2.52', 'Windows 10', 'Chrome 135.0.0.0', '2025-04-04 17:08:05', NULL),
(1514, 'New Record inserted On students id 101', '101', 1, 'Insert', '172.31.2.52', 'Windows 10', 'Chrome 135.0.0.0', '2025-04-04 17:08:06', NULL),
(1515, 'New Record inserted On  student session id 101', '101', 1, 'Insert', '172.31.2.52', 'Windows 10', 'Chrome 135.0.0.0', '2025-04-04 17:08:06', NULL),
(1516, 'New Record inserted On users id 201', '201', 1, 'Insert', '172.31.2.52', 'Windows 10', 'Chrome 135.0.0.0', '2025-04-04 17:08:06', NULL),
(1517, 'New Record inserted On users id 202', '202', 1, 'Insert', '172.31.2.52', 'Windows 10', 'Chrome 135.0.0.0', '2025-04-04 17:08:06', NULL),
(1518, 'Record updated On students id 101', '101', 1, 'Update', '172.31.2.52', 'Windows 10', 'Chrome 135.0.0.0', '2025-04-04 17:08:06', NULL),
(1519, 'New Record inserted On students id 102', '102', 1, 'Insert', '172.31.2.52', 'Windows 10', 'Chrome 135.0.0.0', '2025-04-04 17:08:06', NULL),
(1520, 'New Record inserted On  student session id 102', '102', 1, 'Insert', '172.31.2.52', 'Windows 10', 'Chrome 135.0.0.0', '2025-04-04 17:08:06', NULL),
(1521, 'New Record inserted On users id 203', '203', 1, 'Insert', '172.31.2.52', 'Windows 10', 'Chrome 135.0.0.0', '2025-04-04 17:08:06', NULL),
(1522, 'New Record inserted On users id 204', '204', 1, 'Insert', '172.31.2.52', 'Windows 10', 'Chrome 135.0.0.0', '2025-04-04 17:08:06', NULL),
(1523, 'Record updated On students id 102', '102', 1, 'Update', '172.31.2.52', 'Windows 10', 'Chrome 135.0.0.0', '2025-04-04 17:08:06', NULL),
(1524, 'New Record inserted On students id 103', '103', 1, 'Insert', '172.31.2.52', 'Windows 10', 'Chrome 135.0.0.0', '2025-04-04 17:08:06', NULL),
(1525, 'New Record inserted On  student session id 103', '103', 1, 'Insert', '172.31.2.52', 'Windows 10', 'Chrome 135.0.0.0', '2025-04-04 17:08:06', NULL),
(1526, 'New Record inserted On users id 205', '205', 1, 'Insert', '172.31.2.52', 'Windows 10', 'Chrome 135.0.0.0', '2025-04-04 17:08:06', NULL),
(1527, 'New Record inserted On users id 206', '206', 1, 'Insert', '172.31.2.52', 'Windows 10', 'Chrome 135.0.0.0', '2025-04-04 17:08:06', NULL),
(1528, 'Record updated On students id 103', '103', 1, 'Update', '172.31.2.52', 'Windows 10', 'Chrome 135.0.0.0', '2025-04-04 17:08:06', NULL),
(1529, 'New Record inserted On students id 104', '104', 1, 'Insert', '172.31.2.52', 'Windows 10', 'Chrome 135.0.0.0', '2025-04-04 17:08:06', NULL),
(1530, 'New Record inserted On  student session id 104', '104', 1, 'Insert', '172.31.2.52', 'Windows 10', 'Chrome 135.0.0.0', '2025-04-04 17:08:06', NULL),
(1531, 'New Record inserted On users id 207', '207', 1, 'Insert', '172.31.2.52', 'Windows 10', 'Chrome 135.0.0.0', '2025-04-04 17:08:06', NULL),
(1532, 'New Record inserted On users id 208', '208', 1, 'Insert', '172.31.2.52', 'Windows 10', 'Chrome 135.0.0.0', '2025-04-04 17:08:06', NULL),
(1533, 'Record updated On students id 104', '104', 1, 'Update', '172.31.2.52', 'Windows 10', 'Chrome 135.0.0.0', '2025-04-04 17:08:06', NULL),
(1534, 'New Record inserted On students id 105', '105', 1, 'Insert', '172.31.2.52', 'Windows 10', 'Chrome 135.0.0.0', '2025-04-04 17:08:06', NULL),
(1535, 'New Record inserted On  student session id 105', '105', 1, 'Insert', '172.31.2.52', 'Windows 10', 'Chrome 135.0.0.0', '2025-04-04 17:08:06', NULL),
(1536, 'New Record inserted On users id 209', '209', 1, 'Insert', '172.31.2.52', 'Windows 10', 'Chrome 135.0.0.0', '2025-04-04 17:08:06', NULL),
(1537, 'New Record inserted On users id 210', '210', 1, 'Insert', '172.31.2.52', 'Windows 10', 'Chrome 135.0.0.0', '2025-04-04 17:08:06', NULL),
(1538, 'Record updated On students id 105', '105', 1, 'Update', '172.31.2.52', 'Windows 10', 'Chrome 135.0.0.0', '2025-04-04 17:08:06', NULL),
(1539, 'New Record inserted On students id 106', '106', 1, 'Insert', '172.31.2.52', 'Windows 10', 'Chrome 135.0.0.0', '2025-04-04 17:08:06', NULL),
(1540, 'New Record inserted On  student session id 106', '106', 1, 'Insert', '172.31.2.52', 'Windows 10', 'Chrome 135.0.0.0', '2025-04-04 17:08:06', NULL),
(1541, 'New Record inserted On users id 211', '211', 1, 'Insert', '172.31.2.52', 'Windows 10', 'Chrome 135.0.0.0', '2025-04-04 17:08:06', NULL),
(1542, 'New Record inserted On users id 212', '212', 1, 'Insert', '172.31.2.52', 'Windows 10', 'Chrome 135.0.0.0', '2025-04-04 17:08:06', NULL),
(1543, 'Record updated On students id 106', '106', 1, 'Update', '172.31.2.52', 'Windows 10', 'Chrome 135.0.0.0', '2025-04-04 17:08:06', NULL),
(1544, 'New Record inserted On students id 107', '107', 1, 'Insert', '172.31.2.52', 'Windows 10', 'Chrome 135.0.0.0', '2025-04-04 17:08:06', NULL),
(1545, 'New Record inserted On  student session id 107', '107', 1, 'Insert', '172.31.2.52', 'Windows 10', 'Chrome 135.0.0.0', '2025-04-04 17:08:06', NULL),
(1546, 'New Record inserted On users id 213', '213', 1, 'Insert', '172.31.2.52', 'Windows 10', 'Chrome 135.0.0.0', '2025-04-04 17:08:06', NULL),
(1547, 'New Record inserted On users id 214', '214', 1, 'Insert', '172.31.2.52', 'Windows 10', 'Chrome 135.0.0.0', '2025-04-04 17:08:06', NULL),
(1548, 'Record updated On students id 107', '107', 1, 'Update', '172.31.2.52', 'Windows 10', 'Chrome 135.0.0.0', '2025-04-04 17:08:06', NULL),
(1549, 'New Record inserted On students id 108', '108', 1, 'Insert', '172.31.2.52', 'Windows 10', 'Chrome 135.0.0.0', '2025-04-04 17:08:06', NULL),
(1550, 'New Record inserted On  student session id 108', '108', 1, 'Insert', '172.31.2.52', 'Windows 10', 'Chrome 135.0.0.0', '2025-04-04 17:08:06', NULL),
(1551, 'New Record inserted On users id 215', '215', 1, 'Insert', '172.31.2.52', 'Windows 10', 'Chrome 135.0.0.0', '2025-04-04 17:08:06', NULL),
(1552, 'New Record inserted On users id 216', '216', 1, 'Insert', '172.31.2.52', 'Windows 10', 'Chrome 135.0.0.0', '2025-04-04 17:08:06', NULL),
(1553, 'Record updated On students id 108', '108', 1, 'Update', '172.31.2.52', 'Windows 10', 'Chrome 135.0.0.0', '2025-04-04 17:08:06', NULL),
(1554, 'Record updated On cbse terms id 1', '1', 1, 'Update', '172.31.43.5', 'Windows 10', 'Chrome 135.0.0.0', '2025-04-04 17:18:46', NULL),
(1555, 'New Record inserted On cbse observation parameters id 2', '2', 1, 'Insert', '172.31.43.5', 'Windows 10', 'Chrome 135.0.0.0', '2025-04-04 17:19:23', NULL),
(1556, 'New Record inserted On cbse observation parameters id 3', '3', 1, 'Insert', '172.31.43.5', 'Windows 10', 'Chrome 135.0.0.0', '2025-04-04 17:19:31', NULL),
(1557, 'Record updated On cbse exams id 1', '1', 1, 'Update', '172.31.2.52', 'Windows 10', 'Chrome 135.0.0.0', '2025-04-04 17:23:23', NULL),
(1558, 'Record deleted On cbse exam class sections id 1', '1', 1, 'Delete', '172.31.2.52', 'Windows 10', 'Chrome 135.0.0.0', '2025-04-04 17:23:23', NULL),
(1559, 'New Record inserted On cbse exam class sections id 6', '6', 1, 'Insert', '172.31.2.52', 'Windows 10', 'Chrome 135.0.0.0', '2025-04-04 17:23:23', NULL),
(1560, 'Record updated On cbse exams id 1', '1', 1, 'Update', '172.31.2.52', 'Windows 10', 'Chrome 135.0.0.0', '2025-04-04 17:23:47', NULL),
(1561, 'Record deleted On cbse exam class sections id 1', '1', 1, 'Delete', '172.31.2.52', 'Windows 10', 'Chrome 135.0.0.0', '2025-04-04 17:23:47', NULL),
(1562, 'New Record inserted On cbse exam class sections id 7', '7', 1, 'Insert', '172.31.2.52', 'Windows 10', 'Chrome 135.0.0.0', '2025-04-04 17:23:47', NULL),
(1563, 'New Record inserted On cbse exam class sections id 8', '8', 1, 'Insert', '172.31.2.52', 'Windows 10', 'Chrome 135.0.0.0', '2025-04-04 17:23:47', NULL),
(1564, 'New Record inserted On cbse exam class sections id 9', '9', 1, 'Insert', '172.31.2.52', 'Windows 10', 'Chrome 135.0.0.0', '2025-04-04 17:23:47', NULL),
(1565, 'Record updated On students id 46', '46', 1, 'Update', '172.31.43.5', 'Windows 10', 'Chrome 135.0.0.0', '2025-04-04 17:45:58', NULL),
(1566, 'Record updated On  student session id 46', '46', 1, 'Update', '172.31.43.5', 'Windows 10', 'Chrome 135.0.0.0', '2025-04-04 17:45:58', NULL),
(1567, 'Record updated On students id 48', '48', 1, 'Update', '172.31.43.5', 'Windows 10', 'Chrome 135.0.0.0', '2025-04-04 17:46:14', NULL),
(1568, 'Record updated On  student session id 48', '48', 1, 'Update', '172.31.43.5', 'Windows 10', 'Chrome 135.0.0.0', '2025-04-04 17:46:14', NULL),
(1569, 'Record updated On students id 50', '50', 1, 'Update', '172.31.43.5', 'Windows 10', 'Chrome 135.0.0.0', '2025-04-04 17:46:35', NULL),
(1570, 'Record updated On  student session id 50', '50', 1, 'Update', '172.31.43.5', 'Windows 10', 'Chrome 135.0.0.0', '2025-04-04 17:46:35', NULL),
(1571, 'Record updated On students id 46', '46', 1, 'Update', '172.31.43.5', 'Windows 10', 'Chrome 135.0.0.0', '2025-04-04 18:49:59', NULL),
(1572, 'Record updated On  student session id 46', '46', 1, 'Update', '172.31.43.5', 'Windows 10', 'Chrome 135.0.0.0', '2025-04-04 18:49:59', NULL),
(1573, 'Record updated On  enquiry id 43', '43', 1, 'Update', '172.31.43.5', 'Windows 10', 'Chrome 135.0.0.0', '2025-04-04 19:00:52', NULL),
(1574, 'New Record inserted On  enquiry id 44', '44', 1, 'Insert', '172.31.2.52', 'Windows 10', 'Chrome 135.0.0.0', '2025-04-04 19:18:33', NULL),
(1575, 'Record deleted On  enquiry id 44', '44', 1, 'Delete', '172.31.43.5', 'Windows 10', 'Chrome 135.0.0.0', '2025-04-04 19:24:48', NULL),
(1576, 'Record updated On  Income   id 5', '5', 1, 'Update', '172.31.2.52', 'Windows 10', 'Chrome 135.0.0.0', '2025-04-04 21:09:40', NULL),
(1577, 'Record updated On  Income   id 4', '4', 1, 'Update', '172.31.2.52', 'Windows 10', 'Chrome 135.0.0.0', '2025-04-04 21:09:58', NULL),
(1578, 'Record updated On  Income   id 3', '3', 1, 'Update', '172.31.2.52', 'Windows 10', 'Chrome 135.0.0.0', '2025-04-04 21:10:17', NULL),
(1579, 'Record updated On  expenses   id 7', '7', 1, 'Update', '172.31.2.52', 'Windows 10', 'Chrome 135.0.0.0', '2025-04-04 21:10:39', NULL),
(1580, 'Record updated On  expenses   id 5', '5', 1, 'Update', '172.31.2.52', 'Windows 10', 'Chrome 135.0.0.0', '2025-04-04 21:10:57', NULL),
(1581, 'Record updated On  expenses   id 4', '4', 1, 'Update', '172.31.2.52', 'Windows 10', 'Chrome 135.0.0.0', '2025-04-04 21:11:10', NULL),
(1582, 'Record updated On  fees discounts id 1', '1', 1, 'Update', '172.31.43.5', 'Windows 10', 'Chrome 135.0.0.0', '2025-04-04 22:41:23', NULL),
(1583, 'New Record inserted On  fee type id 4', '4', 1, 'Insert', '172.31.2.52', 'Windows 10', 'Chrome 135.0.0.0', '2025-04-04 22:41:56', NULL),
(1584, 'Record updated On  fee groups fee type id 2', '2', 1, 'Update', '172.31.2.52', 'Windows 10', 'Chrome 135.0.0.0', '2025-04-04 22:42:40', NULL),
(1585, 'New Record inserted On  fee groups feetype id 3', '3', 1, 'Insert', '172.31.2.52', 'Windows 10', 'Chrome 135.0.0.0', '2025-04-04 22:43:16', NULL),
(1586, 'New Record inserted On  fee groups feetype id 4', '4', 1, 'Insert', '172.31.43.5', 'Windows 10', 'Chrome 135.0.0.0', '2025-04-04 22:44:07', NULL),
(1587, 'New Record inserted On student fees master id 50', '50', 1, 'Insert', '172.31.43.5', 'Windows 10', 'Chrome 135.0.0.0', '2025-04-04 22:45:14', NULL),
(1588, 'New Record inserted On student fees master id 51', '51', 1, 'Insert', '172.31.43.5', 'Windows 10', 'Chrome 135.0.0.0', '2025-04-04 22:45:14', NULL),
(1589, 'New Record inserted On student fees master id 52', '52', 1, 'Insert', '172.31.43.5', 'Windows 10', 'Chrome 135.0.0.0', '2025-04-04 22:45:14', NULL),
(1590, 'New Record inserted On student fees master id 53', '53', 1, 'Insert', '172.31.43.5', 'Windows 10', 'Chrome 135.0.0.0', '2025-04-04 22:45:14', NULL),
(1591, 'New Record inserted On student fees master id 54', '54', 1, 'Insert', '172.31.43.5', 'Windows 10', 'Chrome 135.0.0.0', '2025-04-04 22:45:14', NULL),
(1592, 'Record updated On student fees deposite id 5', '5', 1, 'Update', '172.31.43.5', 'Windows 10', 'Chrome 135.0.0.0', '2025-04-04 22:50:50', NULL),
(1593, 'Record updated On student fees deposite id 5', '5', 1, 'Update', '172.31.43.5', 'Windows 10', 'Chrome 135.0.0.0', '2025-04-04 22:50:50', NULL),
(1594, 'Record updated On student fees deposite id 4', '4', 1, 'Update', '172.31.43.5', 'Windows 10', 'Chrome 135.0.0.0', '2025-04-04 22:51:01', NULL),
(1595, 'Record updated On student fees deposite id 4', '4', 1, 'Update', '172.31.43.5', 'Windows 10', 'Chrome 135.0.0.0', '2025-04-04 22:51:01', NULL),
(1596, 'Record updated On student fees deposite id 3', '3', 1, 'Update', '172.31.43.5', 'Windows 10', 'Chrome 135.0.0.0', '2025-04-04 22:51:18', NULL),
(1597, 'Record updated On student fees deposite id 3', '3', 1, 'Update', '172.31.43.5', 'Windows 10', 'Chrome 135.0.0.0', '2025-04-04 22:51:18', NULL),
(1598, 'Record deleted On student fees deposite id 2', '2', 1, 'Delete', '172.31.2.52', 'Windows 10', 'Chrome 135.0.0.0', '2025-04-04 23:27:03', NULL),
(1599, 'New Record inserted On student fees master id 71', '71', 1, 'Insert', '172.31.43.5', 'Windows 10', 'Chrome 135.0.0.0', '2025-04-05 08:16:53', NULL),
(1600, 'New Record inserted On student fees master id 72', '72', 1, 'Insert', '172.31.43.5', 'Windows 10', 'Chrome 135.0.0.0', '2025-04-05 08:16:53', NULL),
(1601, 'Record updated On  fee groups fee type id 4', '4', 1, 'Update', '172.31.43.5', 'Windows 10', 'Chrome 135.0.0.0', '2025-04-05 08:17:22', NULL),
(1602, 'Record deleted On fee session groups id 2', '2', 1, 'Delete', '172.31.43.5', 'Windows 10', 'Chrome 135.0.0.0', '2025-04-05 08:18:39', NULL),
(1603, 'New Record inserted On  fee groups feetype id 5', '5', 1, 'Insert', '172.31.43.5', 'Windows 10', 'Chrome 135.0.0.0', '2025-04-05 08:18:59', NULL),
(1604, 'Record updated On  fee groups fee type id 5', '5', 1, 'Update', '172.31.43.5', 'Windows 10', 'Chrome 135.0.0.0', '2025-04-05 08:20:13', NULL),
(1605, 'New Record inserted On  fee groups feetype id 6', '6', 1, 'Insert', '172.31.43.5', 'Windows 10', 'Chrome 135.0.0.0', '2025-04-05 08:21:12', NULL),
(1606, 'New Record inserted On  fee groups feetype id 7', '7', 1, 'Insert', '172.31.43.5', 'Windows 10', 'Chrome 135.0.0.0', '2025-04-05 08:22:27', NULL),
(1607, 'Record updated On  fee groups fee type id 7', '7', 1, 'Update', '172.31.43.5', 'Windows 10', 'Chrome 135.0.0.0', '2025-04-05 08:22:44', NULL),
(1608, 'New Record inserted On student fees master id 73', '73', 1, 'Insert', '172.31.43.5', 'Windows 10', 'Chrome 135.0.0.0', '2025-04-05 08:24:47', NULL),
(1609, 'New Record inserted On student fees master id 74', '74', 1, 'Insert', '172.31.43.5', 'Windows 10', 'Chrome 135.0.0.0', '2025-04-05 08:24:47', NULL),
(1610, 'New Record inserted On student fees master id 75', '75', 1, 'Insert', '172.31.43.5', 'Windows 10', 'Chrome 135.0.0.0', '2025-04-05 08:24:47', NULL),
(1611, 'New Record inserted On student fees master id 76', '76', 1, 'Insert', '172.31.43.5', 'Windows 10', 'Chrome 135.0.0.0', '2025-04-05 08:24:47', NULL),
(1612, 'New Record inserted On  fee group id 3', '3', 1, 'Insert', '172.31.2.52', 'Windows 10', 'Chrome 135.0.0.0', '2025-04-05 08:31:37', NULL),
(1613, 'New Record inserted On  fee groups feetype id 8', '8', 1, 'Insert', '172.31.2.52', 'Windows 10', 'Chrome 135.0.0.0', '2025-04-05 08:32:12', NULL),
(1614, 'Record updated On  fee groups fee type id 8', '8', 1, 'Update', '172.31.2.52', 'Windows 10', 'Chrome 135.0.0.0', '2025-04-05 08:32:55', NULL),
(1615, 'New Record inserted On  fee groups feetype id 9', '9', 1, 'Insert', '172.31.2.52', 'Windows 10', 'Chrome 135.0.0.0', '2025-04-05 08:33:22', NULL),
(1616, 'New Record inserted On  fee groups feetype id 10', '10', 1, 'Insert', '172.31.2.52', 'Windows 10', 'Chrome 135.0.0.0', '2025-04-05 08:33:48', NULL),
(1617, 'New Record inserted On student fees master id 77', '77', 1, 'Insert', '172.31.2.52', 'Windows 10', 'Chrome 135.0.0.0', '2025-04-05 08:34:25', NULL),
(1618, 'New Record inserted On student fees master id 78', '78', 1, 'Insert', '172.31.2.52', 'Windows 10', 'Chrome 135.0.0.0', '2025-04-05 08:34:25', NULL),
(1619, 'New Record inserted On student fees master id 79', '79', 1, 'Insert', '172.31.2.52', 'Windows 10', 'Chrome 135.0.0.0', '2025-04-05 08:34:25', NULL),
(1620, 'New Record inserted On student fees master id 80', '80', 1, 'Insert', '172.31.2.52', 'Windows 10', 'Chrome 135.0.0.0', '2025-04-05 08:34:25', NULL),
(1621, 'New Record inserted On  online exam id 46', '46', 2, 'Insert', '172.31.2.52', 'Windows 10', 'Chrome 135.0.0.0', '2025-04-05 08:49:35', NULL),
(1622, 'New Record inserted On  onlineexam questions id 146', '146', 2, 'Insert', '172.31.2.52', 'Windows 10', 'Chrome 135.0.0.0', '2025-04-05 08:51:24', NULL),
(1623, 'New Record inserted On  onlineexam questions id 147', '147', 2, 'Insert', '172.31.2.52', 'Windows 10', 'Chrome 135.0.0.0', '2025-04-05 08:51:25', NULL),
(1624, 'Record deleted On  onlineexam questions id 146', '146', 2, 'Delete', '172.31.2.52', 'Windows 10', 'Chrome 135.0.0.0', '2025-04-05 08:55:49', NULL),
(1625, 'Record deleted On  onlineexam questions id 147', '147', 2, 'Delete', '172.31.2.52', 'Windows 10', 'Chrome 135.0.0.0', '2025-04-05 08:55:51', NULL),
(1626, 'New Record inserted On  onlineexam questions id 148', '148', 2, 'Insert', '172.31.2.52', 'Windows 10', 'Chrome 135.0.0.0', '2025-04-05 08:56:25', NULL),
(1627, 'New Record inserted On  onlineexam questions id 149', '149', 2, 'Insert', '172.31.2.52', 'Windows 10', 'Chrome 135.0.0.0', '2025-04-05 08:56:30', NULL),
(1628, 'New Record inserted On  online exam id 47', '47', 2, 'Insert', '172.31.2.52', 'Windows 10', 'Chrome 135.0.0.0', '2025-04-05 09:14:45', NULL),
(1629, 'New Record inserted On  onlineexam questions id 150', '150', 2, 'Insert', '172.31.2.52', 'Windows 10', 'Chrome 135.0.0.0', '2025-04-05 09:16:30', NULL),
(1630, 'New Record inserted On  onlineexam questions id 151', '151', 2, 'Insert', '172.31.2.52', 'Windows 10', 'Chrome 135.0.0.0', '2025-04-05 09:16:42', NULL),
(1631, 'Record updated On  questions id 78', '78', 2, 'Update', '172.31.43.5', 'Windows 10', 'Chrome 135.0.0.0', '2025-04-05 09:17:55', NULL),
(1632, 'Record updated On  questions id 78', '78', 2, 'Update', '172.31.43.5', 'Windows 10', 'Chrome 135.0.0.0', '2025-04-05 09:20:12', NULL),
(1633, 'New Record inserted On  online exam id 48', '48', 1, 'Insert', '172.31.43.5', 'Windows 10', 'Chrome 135.0.0.0', '2025-04-05 09:26:36', NULL),
(1634, 'New Record inserted On  onlineexam questions id 152', '152', 2, 'Insert', '172.31.2.52', 'Windows 10', 'Chrome 135.0.0.0', '2025-04-05 09:29:30', NULL),
(1635, 'New Record inserted On  onlineexam questions id 153', '153', 2, 'Insert', '172.31.2.52', 'Windows 10', 'Chrome 135.0.0.0', '2025-04-05 09:29:31', NULL),
(1636, 'New Record inserted On  onlineexam questions id 154', '154', 2, 'Insert', '172.31.2.52', 'Windows 10', 'Chrome 135.0.0.0', '2025-04-05 09:29:57', NULL),
(1637, 'New Record inserted On  onlineexam questions id 155', '155', 2, 'Insert', '172.31.2.52', 'Windows 10', 'Chrome 135.0.0.0', '2025-04-05 09:29:59', NULL),
(1638, 'Record updated On  questions id 93', '93', 1, 'Update', '172.31.2.52', 'Windows 10', 'Chrome 135.0.0.0', '2025-04-05 09:35:26', NULL),
(1639, 'Record updated On  online exam id 48', '48', 2, 'Update', '172.31.2.52', 'Windows 10', 'Chrome 135.0.0.0', '2025-04-05 09:39:31', NULL),
(1640, 'Record updated On  online exam id 48', '48', 2, 'Update', '172.31.2.52', 'Windows 10', 'Chrome 135.0.0.0', '2025-04-05 09:39:31', NULL),
(1641, 'New Record inserted On  online exam id 49', '49', 2, 'Insert', '172.31.2.52', 'Windows 10', 'Chrome 135.0.0.0', '2025-04-05 09:57:29', NULL),
(1642, 'New Record inserted On  online exam id 50', '50', 2, 'Insert', '172.31.2.52', 'Windows 10', 'Chrome 135.0.0.0', '2025-04-05 09:58:22', NULL),
(1643, 'New Record inserted On  online exam id 51', '51', 2, 'Insert', '172.31.2.52', 'Windows 10', 'Chrome 135.0.0.0', '2025-04-05 09:59:15', NULL),
(1644, 'New Record inserted On  online exam id 52', '52', 2, 'Insert', '172.31.2.52', 'Windows 10', 'Chrome 135.0.0.0', '2025-04-05 10:01:43', NULL),
(1645, 'New Record inserted On  onlineexam questions id 156', '156', 2, 'Insert', '172.31.43.5', 'Windows 10', 'Chrome 135.0.0.0', '2025-04-05 10:02:59', NULL),
(1646, 'New Record inserted On  onlineexam questions id 157', '157', 2, 'Insert', '172.31.43.5', 'Windows 10', 'Chrome 135.0.0.0', '2025-04-05 10:03:07', NULL),
(1647, 'New Record inserted On  onlineexam questions id 158', '158', 2, 'Insert', '172.31.43.5', 'Windows 10', 'Chrome 135.0.0.0', '2025-04-05 10:03:50', NULL),
(1648, 'New Record inserted On  onlineexam questions id 159', '159', 2, 'Insert', '172.31.43.5', 'Windows 10', 'Chrome 135.0.0.0', '2025-04-05 10:04:02', NULL),
(1649, 'New Record inserted On  onlineexam questions id 160', '160', 2, 'Insert', '172.31.43.5', 'Windows 10', 'Chrome 135.0.0.0', '2025-04-05 10:05:24', NULL),
(1650, 'New Record inserted On  onlineexam questions id 161', '161', 2, 'Insert', '172.31.43.5', 'Windows 10', 'Chrome 135.0.0.0', '2025-04-05 10:05:39', NULL),
(1651, 'Record updated On  online exam id 52', '52', 2, 'Update', '172.31.43.5', 'Windows 10', 'Chrome 135.0.0.0', '2025-04-05 10:06:22', NULL),
(1652, 'Record updated On  online exam id 52', '52', 2, 'Update', '172.31.43.5', 'Windows 10', 'Chrome 135.0.0.0', '2025-04-05 10:06:22', NULL),
(1653, 'New Record inserted On  onlineexam questions id 162', '162', 2, 'Insert', '172.31.43.5', 'Windows 10', 'Chrome 135.0.0.0', '2025-04-05 10:08:00', NULL),
(1654, 'New Record inserted On  onlineexam questions id 163', '163', 2, 'Insert', '172.31.43.5', 'Windows 10', 'Chrome 135.0.0.0', '2025-04-05 10:08:01', NULL),
(1655, 'New Record inserted On  online exam id 53', '53', 2, 'Insert', '172.31.43.5', 'Windows 10', 'Chrome 135.0.0.0', '2025-04-05 10:34:31', NULL),
(1656, 'New Record inserted On  online exam id 54', '54', 2, 'Insert', '172.31.43.5', 'Windows 10', 'Chrome 135.0.0.0', '2025-04-05 10:35:38', NULL),
(1657, 'New Record inserted On  online exam id 55', '55', 2, 'Insert', '172.31.43.5', 'Windows 10', 'Chrome 135.0.0.0', '2025-04-05 10:36:23', NULL),
(1658, 'New Record inserted On  online exam id 56', '56', 2, 'Insert', '172.31.2.52', 'Windows 10', 'Chrome 135.0.0.0', '2025-04-05 10:37:25', NULL),
(1659, 'New Record inserted On  onlineexam questions id 164', '164', 2, 'Insert', '172.31.2.52', 'Windows 10', 'Chrome 135.0.0.0', '2025-04-05 10:38:14', NULL),
(1660, 'New Record inserted On  onlineexam questions id 165', '165', 2, 'Insert', '172.31.2.52', 'Windows 10', 'Chrome 135.0.0.0', '2025-04-05 10:38:18', NULL),
(1661, 'New Record inserted On  onlineexam questions id 166', '166', 2, 'Insert', '172.31.2.52', 'Windows 10', 'Chrome 135.0.0.0', '2025-04-05 10:39:56', NULL),
(1662, 'New Record inserted On  onlineexam questions id 167', '167', 2, 'Insert', '172.31.2.52', 'Windows 10', 'Chrome 135.0.0.0', '2025-04-05 10:40:14', NULL),
(1663, 'New Record inserted On  onlineexam questions id 168', '168', 2, 'Insert', '172.31.2.52', 'Windows 10', 'Chrome 135.0.0.0', '2025-04-05 10:41:01', NULL),
(1664, 'New Record inserted On  onlineexam questions id 169', '169', 2, 'Insert', '172.31.2.52', 'Windows 10', 'Chrome 135.0.0.0', '2025-04-05 10:41:04', NULL),
(1665, 'New Record inserted On  onlineexam questions id 170', '170', 2, 'Insert', '172.31.43.5', 'Windows 10', 'Chrome 135.0.0.0', '2025-04-05 10:43:22', NULL),
(1666, 'New Record inserted On  onlineexam questions id 171', '171', 2, 'Insert', '172.31.43.5', 'Windows 10', 'Chrome 135.0.0.0', '2025-04-05 10:43:24', NULL),
(1667, 'Record deleted On  online exam id 54', '54', 2, 'Delete', '172.31.2.52', 'Windows 10', 'Chrome 135.0.0.0', '2025-04-05 10:49:52', NULL),
(1668, 'New Record inserted On  online exam id 57', '57', 2, 'Insert', '172.31.2.52', 'Windows 10', 'Chrome 135.0.0.0', '2025-04-05 10:56:17', NULL),
(1669, 'New Record inserted On  onlineexam questions id 172', '172', 2, 'Insert', '172.31.43.5', 'Windows 10', 'Chrome 135.0.0.0', '2025-04-05 10:57:30', NULL),
(1670, 'New Record inserted On  onlineexam questions id 173', '173', 2, 'Insert', '172.31.43.5', 'Windows 10', 'Chrome 135.0.0.0', '2025-04-05 10:57:37', NULL),
(1671, 'Record deleted On  onlineexam questions id 172', '172', 2, 'Delete', '172.31.43.5', 'Windows 10', 'Chrome 135.0.0.0', '2025-04-05 10:59:12', NULL),
(1672, 'Record deleted On  onlineexam questions id 173', '173', 2, 'Delete', '172.31.43.5', 'Windows 10', 'Chrome 135.0.0.0', '2025-04-05 10:59:17', NULL),
(1673, 'New Record inserted On  onlineexam questions id 174', '174', 2, 'Insert', '172.31.43.5', 'Windows 10', 'Chrome 135.0.0.0', '2025-04-05 11:00:05', NULL),
(1674, 'New Record inserted On  onlineexam questions id 175', '175', 2, 'Insert', '172.31.43.5', 'Windows 10', 'Chrome 135.0.0.0', '2025-04-05 11:00:11', NULL),
(1675, 'Record deleted On  onlineexam questions id 175', '175', 2, 'Delete', '172.31.43.5', 'Windows 10', 'Chrome 135.0.0.0', '2025-04-05 11:00:11', NULL),
(1676, 'New Record inserted On  onlineexam questions id 176', '176', 2, 'Insert', '172.31.43.5', 'Windows 10', 'Chrome 135.0.0.0', '2025-04-05 11:00:13', NULL),
(1677, 'Record updated On  online exam id 57', '57', 2, 'Update', '172.31.43.5', 'Windows 10', 'Chrome 135.0.0.0', '2025-04-05 11:00:28', NULL),
(1678, 'Record updated On  online exam id 57', '57', 2, 'Update', '172.31.43.5', 'Windows 10', 'Chrome 135.0.0.0', '2025-04-05 11:00:28', NULL),
(1679, 'New Record inserted On  online exam id 58', '58', 2, 'Insert', '172.31.2.52', 'Windows 10', 'Chrome 135.0.0.0', '2025-04-05 11:23:08', NULL),
(1680, 'New Record inserted On  online exam id 59', '59', 2, 'Insert', '172.31.2.52', 'Windows 10', 'Chrome 135.0.0.0', '2025-04-05 11:23:55', NULL),
(1681, 'New Record inserted On  online exam id 60', '60', 2, 'Insert', '172.31.43.5', 'Windows 10', 'Chrome 135.0.0.0', '2025-04-05 11:24:38', NULL),
(1682, 'New Record inserted On  online exam id 61', '61', 2, 'Insert', '172.31.43.5', 'Windows 10', 'Chrome 135.0.0.0', '2025-04-05 11:25:26', NULL),
(1683, 'New Record inserted On  onlineexam questions id 177', '177', 2, 'Insert', '172.31.2.52', 'Windows 10', 'Chrome 135.0.0.0', '2025-04-05 11:27:09', NULL),
(1684, 'New Record inserted On  onlineexam questions id 178', '178', 2, 'Insert', '172.31.2.52', 'Windows 10', 'Chrome 135.0.0.0', '2025-04-05 11:27:11', NULL),
(1685, 'New Record inserted On  onlineexam questions id 179', '179', 2, 'Insert', '172.31.2.52', 'Windows 10', 'Chrome 135.0.0.0', '2025-04-05 11:29:27', NULL),
(1686, 'New Record inserted On  onlineexam questions id 180', '180', 2, 'Insert', '172.31.43.5', 'Windows 10', 'Chrome 135.0.0.0', '2025-04-05 11:29:45', NULL),
(1687, 'New Record inserted On  onlineexam questions id 181', '181', 2, 'Insert', '172.31.2.52', 'Windows 10', 'Chrome 135.0.0.0', '2025-04-05 11:30:54', NULL),
(1688, 'New Record inserted On  onlineexam questions id 182', '182', 2, 'Insert', '172.31.2.52', 'Windows 10', 'Chrome 135.0.0.0', '2025-04-05 11:31:21', NULL),
(1689, 'New Record inserted On  onlineexam questions id 183', '183', 2, 'Insert', '172.31.43.5', 'Windows 10', 'Chrome 135.0.0.0', '2025-04-05 11:32:22', NULL),
(1690, 'New Record inserted On  onlineexam questions id 184', '184', 2, 'Insert', '172.31.43.5', 'Windows 10', 'Chrome 135.0.0.0', '2025-04-05 11:32:25', NULL),
(1691, 'New Record inserted On  online exam id 62', '62', 2, 'Insert', '172.31.2.52', 'Windows 10', 'Chrome 135.0.0.0', '2025-04-05 11:42:18', NULL),
(1692, 'New Record inserted On  online exam id 63', '63', 2, 'Insert', '172.31.43.5', 'Windows 10', 'Chrome 135.0.0.0', '2025-04-05 11:44:08', NULL),
(1693, 'New Record inserted On  online exam id 64', '64', 2, 'Insert', '172.31.2.52', 'Windows 10', 'Chrome 135.0.0.0', '2025-04-05 11:45:35', NULL),
(1694, 'New Record inserted On  online exam id 65', '65', 2, 'Insert', '172.31.43.5', 'Windows 10', 'Chrome 135.0.0.0', '2025-04-05 11:47:04', NULL),
(1695, 'New Record inserted On  online exam id 66', '66', 2, 'Insert', '172.31.43.5', 'Windows 10', 'Chrome 135.0.0.0', '2025-04-05 11:49:12', NULL),
(1696, 'Record deleted On  online exam id 66', '66', 1, 'Delete', '172.31.43.5', 'Windows 10', 'Chrome 135.0.0.0', '2025-04-05 11:50:18', NULL),
(1697, 'Record updated On  online exam id 65', '65', 1, 'Update', '172.31.43.5', 'Windows 10', 'Chrome 135.0.0.0', '2025-04-05 11:50:39', NULL),
(1698, 'Record updated On  online exam id 65', '65', 1, 'Update', '172.31.43.5', 'Windows 10', 'Chrome 135.0.0.0', '2025-04-05 11:50:39', NULL),
(1699, 'New Record inserted On  online exam id 67', '67', 1, 'Insert', '172.31.2.52', 'Windows 10', 'Chrome 135.0.0.0', '2025-04-05 11:51:51', NULL),
(1700, 'New Record inserted On  online exam id 68', '68', 1, 'Insert', '172.31.2.52', 'Windows 10', 'Chrome 135.0.0.0', '2025-04-05 11:52:42', NULL),
(1701, 'Record updated On  online exam id 65', '65', 1, 'Update', '172.31.2.52', 'Windows 10', 'Chrome 135.0.0.0', '2025-04-05 11:53:51', NULL),
(1702, 'New Record inserted On  onlineexam questions id 185', '185', 1, 'Insert', '172.31.43.5', 'Windows 10', 'Chrome 135.0.0.0', '2025-04-05 11:57:45', NULL),
(1703, 'Record deleted On  onlineexam questions id 185', '185', 1, 'Delete', '172.31.43.5', 'Windows 10', 'Chrome 135.0.0.0', '2025-04-05 11:57:45', NULL),
(1704, 'New Record inserted On  onlineexam questions id 186', '186', 1, 'Insert', '172.31.43.5', 'Windows 10', 'Chrome 135.0.0.0', '2025-04-05 11:57:47', NULL),
(1705, 'New Record inserted On  onlineexam questions id 187', '187', 1, 'Insert', '172.31.43.5', 'Windows 10', 'Chrome 135.0.0.0', '2025-04-05 11:57:48', NULL),
(1706, 'New Record inserted On  onlineexam questions id 188', '188', 1, 'Insert', '172.31.2.52', 'Windows 10', 'Chrome 135.0.0.0', '2025-04-05 11:58:48', NULL),
(1707, 'New Record inserted On  onlineexam questions id 189', '189', 1, 'Insert', '172.31.2.52', 'Windows 10', 'Chrome 135.0.0.0', '2025-04-05 11:58:56', NULL),
(1708, 'New Record inserted On  onlineexam questions id 190', '190', 1, 'Insert', '172.31.43.5', 'Windows 10', 'Chrome 135.0.0.0', '2025-04-05 11:59:38', NULL),
(1709, 'New Record inserted On  onlineexam questions id 191', '191', 1, 'Insert', '172.31.43.5', 'Windows 10', 'Chrome 135.0.0.0', '2025-04-05 11:59:48', NULL),
(1710, 'New Record inserted On  onlineexam questions id 192', '192', 1, 'Insert', '172.31.43.5', 'Windows 10', 'Chrome 135.0.0.0', '2025-04-05 12:00:33', NULL),
(1711, 'New Record inserted On  onlineexam questions id 193', '193', 1, 'Insert', '172.31.2.52', 'Windows 10', 'Chrome 135.0.0.0', '2025-04-05 12:00:35', NULL),
(1712, 'Record updated On  online exam id 65', '65', 2, 'Update', '172.31.43.5', 'Windows 10', 'Chrome 135.0.0.0', '2025-04-05 12:03:56', NULL),
(1713, 'Record updated On  online exam id 67', '67', 2, 'Update', '172.31.43.5', 'Windows 10', 'Chrome 135.0.0.0', '2025-04-05 12:04:08', NULL),
(1714, 'Record updated On  online exam id 67', '67', 2, 'Update', '172.31.43.5', 'Windows 10', 'Chrome 135.0.0.0', '2025-04-05 12:04:08', NULL);
INSERT INTO `logs` (`id`, `message`, `record_id`, `user_id`, `action`, `ip_address`, `platform`, `agent`, `time`, `created_at`) VALUES
(1715, 'Record updated On  online exam id 68', '68', 2, 'Update', '172.31.43.5', 'Windows 10', 'Chrome 135.0.0.0', '2025-04-05 12:04:24', NULL),
(1716, 'Record updated On  online exam id 68', '68', 2, 'Update', '172.31.43.5', 'Windows 10', 'Chrome 135.0.0.0', '2025-04-05 12:04:24', NULL),
(1717, 'Record updated On  online exam id 67', '67', 2, 'Update', '172.31.43.5', 'Windows 10', 'Chrome 135.0.0.0', '2025-04-05 12:04:33', NULL),
(1718, 'Record updated On  online exam id 65', '65', 2, 'Update', '172.31.43.5', 'Windows 10', 'Chrome 135.0.0.0', '2025-04-05 12:04:42', NULL),
(1719, 'New Record inserted On  online exam id 69', '69', 2, 'Insert', '172.31.43.5', 'Windows 10', 'Chrome 135.0.0.0', '2025-04-05 12:25:15', NULL),
(1720, 'New Record inserted On  online exam id 70', '70', 2, 'Insert', '172.31.2.52', 'Windows 10', 'Chrome 135.0.0.0', '2025-04-05 12:26:25', NULL),
(1721, 'New Record inserted On  online exam id 71', '71', 2, 'Insert', '172.31.2.52', 'Windows 10', 'Chrome 135.0.0.0', '2025-04-05 12:28:36', NULL),
(1722, 'New Record inserted On  online exam id 72', '72', 2, 'Insert', '172.31.2.52', 'Windows 10', 'Chrome 135.0.0.0', '2025-04-05 12:29:55', NULL),
(1723, 'New Record inserted On  onlineexam questions id 194', '194', 2, 'Insert', '172.31.43.5', 'Windows 10', 'Chrome 135.0.0.0', '2025-04-05 12:33:16', NULL),
(1724, 'New Record inserted On  onlineexam questions id 195', '195', 2, 'Insert', '172.31.43.5', 'Windows 10', 'Chrome 135.0.0.0', '2025-04-05 12:33:18', NULL),
(1725, 'New Record inserted On  onlineexam questions id 196', '196', 2, 'Insert', '172.31.43.5', 'Windows 10', 'Chrome 135.0.0.0', '2025-04-05 12:33:49', NULL),
(1726, 'New Record inserted On  onlineexam questions id 197', '197', 2, 'Insert', '172.31.43.5', 'Windows 10', 'Chrome 135.0.0.0', '2025-04-05 12:33:51', NULL),
(1727, 'New Record inserted On  onlineexam questions id 198', '198', 2, 'Insert', '172.31.43.5', 'Windows 10', 'Chrome 135.0.0.0', '2025-04-05 12:34:27', NULL),
(1728, 'New Record inserted On  onlineexam questions id 199', '199', 2, 'Insert', '172.31.43.5', 'Windows 10', 'Chrome 135.0.0.0', '2025-04-05 12:34:34', NULL),
(1729, 'New Record inserted On  onlineexam questions id 200', '200', 2, 'Insert', '172.31.43.5', 'Windows 10', 'Chrome 135.0.0.0', '2025-04-05 12:35:07', NULL),
(1730, 'New Record inserted On  onlineexam questions id 201', '201', 2, 'Insert', '172.31.43.5', 'Windows 10', 'Chrome 135.0.0.0', '2025-04-05 12:35:08', NULL),
(1731, 'Record updated On  online exam id 72', '72', 2, 'Update', '172.31.43.5', 'Windows 10', 'Chrome 135.0.0.0', '2025-04-05 12:36:49', NULL),
(1732, 'Record updated On  online exam id 72', '72', 2, 'Update', '172.31.43.5', 'Windows 10', 'Chrome 135.0.0.0', '2025-04-05 12:36:49', NULL),
(1733, 'New Record inserted On  online exam id 73', '73', 2, 'Insert', '172.31.43.5', 'Windows 10', 'Chrome 135.0.0.0', '2025-04-05 12:38:09', NULL),
(1734, 'New Record inserted On  online exam id 74', '74', 2, 'Insert', '172.31.43.5', 'Windows 10', 'Chrome 135.0.0.0', '2025-04-05 12:39:03', NULL),
(1735, 'New Record inserted On  online exam id 75', '75', 2, 'Insert', '172.31.43.5', 'Windows 10', 'Chrome 135.0.0.0', '2025-04-05 12:39:49', NULL),
(1736, 'New Record inserted On  online exam id 76', '76', 2, 'Insert', '172.31.2.52', 'Windows 10', 'Chrome 135.0.0.0', '2025-04-05 12:41:54', NULL),
(1737, 'New Record inserted On  onlineexam questions id 202', '202', 2, 'Insert', '172.31.43.5', 'Windows 10', 'Chrome 135.0.0.0', '2025-04-05 12:46:47', NULL),
(1738, 'New Record inserted On  onlineexam questions id 203', '203', 2, 'Insert', '172.31.43.5', 'Windows 10', 'Chrome 135.0.0.0', '2025-04-05 12:46:48', NULL),
(1739, 'New Record inserted On  onlineexam questions id 204', '204', 2, 'Insert', '172.31.43.5', 'Windows 10', 'Chrome 135.0.0.0', '2025-04-05 12:48:41', NULL),
(1740, 'New Record inserted On  onlineexam questions id 205', '205', 2, 'Insert', '172.31.43.5', 'Windows 10', 'Chrome 135.0.0.0', '2025-04-05 12:48:42', NULL),
(1741, 'New Record inserted On  onlineexam questions id 206', '206', 2, 'Insert', '172.31.43.5', 'Windows 10', 'Chrome 135.0.0.0', '2025-04-05 12:49:20', NULL),
(1742, 'New Record inserted On  onlineexam questions id 207', '207', 2, 'Insert', '172.31.43.5', 'Windows 10', 'Chrome 135.0.0.0', '2025-04-05 12:49:27', NULL),
(1743, 'Record deleted On  onlineexam questions id 206', '206', 2, 'Delete', '172.31.43.5', 'Windows 10', 'Chrome 135.0.0.0', '2025-04-05 12:49:28', NULL),
(1744, 'New Record inserted On  onlineexam questions id 208', '208', 2, 'Insert', '172.31.43.5', 'Windows 10', 'Chrome 135.0.0.0', '2025-04-05 12:49:33', NULL),
(1745, 'New Record inserted On  onlineexam questions id 209', '209', 2, 'Insert', '172.31.43.5', 'Windows 10', 'Chrome 135.0.0.0', '2025-04-05 12:50:10', NULL),
(1746, 'New Record inserted On  onlineexam questions id 210', '210', 2, 'Insert', '172.31.43.5', 'Windows 10', 'Chrome 135.0.0.0', '2025-04-05 12:50:12', NULL),
(1747, 'New Record inserted On  online exam id 77', '77', 2, 'Insert', '172.31.2.52', 'Windows 10', 'Chrome 135.0.0.0', '2025-04-05 13:00:59', NULL),
(1748, 'New Record inserted On  online exam id 78', '78', 2, 'Insert', '172.31.2.52', 'Windows 10', 'Chrome 135.0.0.0', '2025-04-05 13:01:55', NULL),
(1749, 'New Record inserted On  online exam id 79', '79', 2, 'Insert', '172.31.43.5', 'Windows 10', 'Chrome 135.0.0.0', '2025-04-05 13:03:15', NULL),
(1750, 'New Record inserted On  online exam id 80', '80', 2, 'Insert', '172.31.43.5', 'Windows 10', 'Chrome 135.0.0.0', '2025-04-05 13:04:02', NULL),
(1751, 'New Record inserted On  onlineexam questions id 211', '211', 2, 'Insert', '172.31.43.5', 'Windows 10', 'Chrome 135.0.0.0', '2025-04-05 13:05:00', NULL),
(1752, 'New Record inserted On  onlineexam questions id 212', '212', 2, 'Insert', '172.31.43.5', 'Windows 10', 'Chrome 135.0.0.0', '2025-04-05 13:05:01', NULL),
(1753, 'New Record inserted On  onlineexam questions id 213', '213', 2, 'Insert', '172.31.2.52', 'Windows 10', 'Chrome 135.0.0.0', '2025-04-05 13:05:43', NULL),
(1754, 'New Record inserted On  onlineexam questions id 214', '214', 2, 'Insert', '172.31.2.52', 'Windows 10', 'Chrome 135.0.0.0', '2025-04-05 13:05:45', NULL),
(1755, 'New Record inserted On  onlineexam questions id 215', '215', 2, 'Insert', '172.31.2.52', 'Windows 10', 'Chrome 135.0.0.0', '2025-04-05 13:06:21', NULL),
(1756, 'New Record inserted On  onlineexam questions id 216', '216', 2, 'Insert', '172.31.2.52', 'Windows 10', 'Chrome 135.0.0.0', '2025-04-05 13:06:31', NULL),
(1757, 'New Record inserted On  onlineexam questions id 217', '217', 2, 'Insert', '172.31.2.52', 'Windows 10', 'Chrome 135.0.0.0', '2025-04-05 13:07:35', NULL),
(1758, 'New Record inserted On  onlineexam questions id 218', '218', 2, 'Insert', '172.31.2.52', 'Windows 10', 'Chrome 135.0.0.0', '2025-04-05 13:07:36', NULL),
(1759, 'New Record inserted On  online exam id 81', '81', 2, 'Insert', '172.31.43.5', 'Windows 10', 'Chrome 135.0.0.0', '2025-04-05 13:21:54', NULL),
(1760, 'New Record inserted On  online exam id 82', '82', 2, 'Insert', '172.31.43.5', 'Windows 10', 'Chrome 135.0.0.0', '2025-04-05 13:22:43', NULL),
(1761, 'New Record inserted On  online exam id 83', '83', 2, 'Insert', '172.31.43.5', 'Windows 10', 'Chrome 135.0.0.0', '2025-04-05 13:23:44', NULL),
(1762, 'New Record inserted On  online exam id 84', '84', 2, 'Insert', '172.31.43.5', 'Windows 10', 'Chrome 135.0.0.0', '2025-04-05 13:24:28', NULL),
(1763, 'New Record inserted On  onlineexam questions id 219', '219', 1, 'Insert', '172.31.2.52', 'Windows 10', 'Chrome 135.0.0.0', '2025-04-05 13:39:05', NULL),
(1764, 'Record deleted On  onlineexam questions id 219', '219', 1, 'Delete', '172.31.2.52', 'Windows 10', 'Chrome 135.0.0.0', '2025-04-05 13:39:11', NULL),
(1765, 'New Record inserted On  onlineexam questions id 220', '220', 1, 'Insert', '172.31.2.52', 'Windows 10', 'Chrome 135.0.0.0', '2025-04-05 13:39:25', NULL),
(1766, 'Record deleted On  onlineexam questions id 220', '220', 1, 'Delete', '172.31.2.52', 'Windows 10', 'Chrome 135.0.0.0', '2025-04-05 13:39:25', NULL),
(1767, 'New Record inserted On  onlineexam questions id 221', '221', 1, 'Insert', '172.31.2.52', 'Windows 10', 'Chrome 135.0.0.0', '2025-04-05 13:39:29', NULL),
(1768, 'New Record inserted On  onlineexam questions id 222', '222', 1, 'Insert', '172.31.2.52', 'Windows 10', 'Chrome 135.0.0.0', '2025-04-05 13:39:30', NULL),
(1769, 'New Record inserted On  onlineexam questions id 223', '223', 1, 'Insert', '172.31.2.52', 'Windows 10', 'Chrome 135.0.0.0', '2025-04-05 13:40:39', NULL),
(1770, 'New Record inserted On  onlineexam questions id 224', '224', 1, 'Insert', '172.31.2.52', 'Windows 10', 'Chrome 135.0.0.0', '2025-04-05 13:40:55', NULL),
(1771, 'New Record inserted On  onlineexam questions id 225', '225', 1, 'Insert', '172.31.2.52', 'Windows 10', 'Chrome 135.0.0.0', '2025-04-05 13:42:02', NULL),
(1772, 'Record deleted On  onlineexam questions id 225', '225', 1, 'Delete', '172.31.2.52', 'Windows 10', 'Chrome 135.0.0.0', '2025-04-05 13:42:03', NULL),
(1773, 'New Record inserted On  onlineexam questions id 226', '226', 1, 'Insert', '172.31.2.52', 'Windows 10', 'Chrome 135.0.0.0', '2025-04-05 13:42:43', NULL),
(1774, 'New Record inserted On  onlineexam questions id 227', '227', 1, 'Insert', '172.31.2.52', 'Windows 10', 'Chrome 135.0.0.0', '2025-04-05 13:42:45', NULL),
(1775, 'New Record inserted On  onlineexam questions id 228', '228', 1, 'Insert', '172.31.2.52', 'Windows 10', 'Chrome 135.0.0.0', '2025-04-05 13:43:53', NULL),
(1776, 'New Record inserted On  onlineexam questions id 229', '229', 1, 'Insert', '172.31.2.52', 'Windows 10', 'Chrome 135.0.0.0', '2025-04-05 13:43:55', NULL),
(1777, 'New Record inserted On  online exam id 85', '85', 1, 'Insert', '172.31.43.5', 'Windows 10', 'Chrome 135.0.0.0', '2025-04-05 13:49:48', NULL),
(1778, 'New Record inserted On  online exam id 86', '86', 1, 'Insert', '172.31.43.5', 'Windows 10', 'Chrome 135.0.0.0', '2025-04-05 13:50:51', NULL),
(1779, 'New Record inserted On  online exam id 87', '87', 1, 'Insert', '172.31.43.5', 'Windows 10', 'Chrome 135.0.0.0', '2025-04-05 13:51:45', NULL),
(1780, 'New Record inserted On  online exam id 88', '88', 1, 'Insert', '172.31.43.5', 'Windows 10', 'Chrome 135.0.0.0', '2025-04-05 13:52:30', NULL),
(1781, 'Record updated On  online exam id 85', '85', 2, 'Update', '172.31.43.5', 'Windows 10', 'Chrome 135.0.0.0', '2025-04-05 13:53:48', NULL),
(1782, 'Record updated On  online exam id 85', '85', 2, 'Update', '172.31.43.5', 'Windows 10', 'Chrome 135.0.0.0', '2025-04-05 13:53:48', NULL),
(1783, 'Record updated On  online exam id 86', '86', 2, 'Update', '172.31.43.5', 'Windows 10', 'Chrome 135.0.0.0', '2025-04-05 13:54:03', NULL),
(1784, 'Record updated On  online exam id 86', '86', 2, 'Update', '172.31.43.5', 'Windows 10', 'Chrome 135.0.0.0', '2025-04-05 13:54:03', NULL),
(1785, 'Record updated On  online exam id 87', '87', 2, 'Update', '172.31.43.5', 'Windows 10', 'Chrome 135.0.0.0', '2025-04-05 13:54:21', NULL),
(1786, 'Record updated On  online exam id 87', '87', 2, 'Update', '172.31.43.5', 'Windows 10', 'Chrome 135.0.0.0', '2025-04-05 13:54:21', NULL),
(1787, 'Record updated On  online exam id 88', '88', 2, 'Update', '172.31.43.5', 'Windows 10', 'Chrome 135.0.0.0', '2025-04-05 13:54:29', NULL),
(1788, 'Record updated On  online exam id 88', '88', 2, 'Update', '172.31.43.5', 'Windows 10', 'Chrome 135.0.0.0', '2025-04-05 13:54:29', NULL),
(1789, 'New Record inserted On  onlineexam questions id 230', '230', 2, 'Insert', '172.31.43.5', 'Windows 10', 'Chrome 135.0.0.0', '2025-04-05 13:55:04', NULL),
(1790, 'New Record inserted On  onlineexam questions id 231', '231', 2, 'Insert', '172.31.43.5', 'Windows 10', 'Chrome 135.0.0.0', '2025-04-05 13:55:06', NULL),
(1791, 'New Record inserted On  onlineexam questions id 232', '232', 2, 'Insert', '172.31.43.5', 'Windows 10', 'Chrome 135.0.0.0', '2025-04-05 13:57:04', NULL),
(1792, 'Record deleted On  onlineexam questions id 232', '232', 2, 'Delete', '172.31.43.5', 'Windows 10', 'Chrome 135.0.0.0', '2025-04-05 13:57:07', NULL),
(1793, 'New Record inserted On  onlineexam questions id 233', '233', 2, 'Insert', '172.31.2.52', 'Windows 10', 'Chrome 135.0.0.0', '2025-04-05 13:58:34', NULL),
(1794, 'New Record inserted On  onlineexam questions id 234', '234', 2, 'Insert', '172.31.2.52', 'Windows 10', 'Chrome 135.0.0.0', '2025-04-05 13:58:36', NULL),
(1795, 'New Record inserted On  onlineexam questions id 235', '235', 2, 'Insert', '172.31.2.52', 'Windows 10', 'Chrome 135.0.0.0', '2025-04-05 13:59:30', NULL),
(1796, 'New Record inserted On  onlineexam questions id 236', '236', 2, 'Insert', '172.31.2.52', 'Windows 10', 'Chrome 135.0.0.0', '2025-04-05 13:59:42', NULL),
(1797, 'New Record inserted On  onlineexam questions id 237', '237', 2, 'Insert', '172.31.43.5', 'Windows 10', 'Chrome 135.0.0.0', '2025-04-05 14:06:22', NULL),
(1798, 'New Record inserted On  onlineexam questions id 238', '238', 2, 'Insert', '172.31.43.5', 'Windows 10', 'Chrome 135.0.0.0', '2025-04-05 14:06:25', NULL),
(1799, 'Record deleted On  online exam id 88', '88', 2, 'Delete', '172.31.43.5', 'Windows 10', 'Chrome 135.0.0.0', '2025-04-05 14:14:43', NULL),
(1800, 'New Record inserted On  online exam id 89', '89', 1, 'Insert', '172.31.43.5', 'Windows 10', 'Chrome 135.0.0.0', '2025-04-05 14:39:09', NULL),
(1801, 'New Record inserted On  online exam id 90', '90', 1, 'Insert', '172.31.43.5', 'Windows 10', 'Chrome 135.0.0.0', '2025-04-05 14:39:59', NULL),
(1802, 'New Record inserted On  online exam id 91', '91', 1, 'Insert', '172.31.43.5', 'Windows 10', 'Chrome 135.0.0.0', '2025-04-05 14:41:14', NULL),
(1803, 'New Record inserted On  online exam id 92', '92', 1, 'Insert', '172.31.43.5', 'Windows 10', 'Chrome 135.0.0.0', '2025-04-05 14:42:02', NULL),
(1804, 'New Record inserted On  onlineexam questions id 239', '239', 1, 'Insert', '172.31.2.52', 'Windows 10', 'Chrome 135.0.0.0', '2025-04-05 14:43:30', NULL),
(1805, 'New Record inserted On  onlineexam questions id 240', '240', 1, 'Insert', '172.31.2.52', 'Windows 10', 'Chrome 135.0.0.0', '2025-04-05 14:43:32', NULL),
(1806, 'New Record inserted On  onlineexam questions id 241', '241', 1, 'Insert', '172.31.2.52', 'Windows 10', 'Chrome 135.0.0.0', '2025-04-05 14:44:27', NULL),
(1807, 'New Record inserted On  onlineexam questions id 242', '242', 1, 'Insert', '172.31.2.52', 'Windows 10', 'Chrome 135.0.0.0', '2025-04-05 14:44:29', NULL),
(1808, 'New Record inserted On  onlineexam questions id 243', '243', 1, 'Insert', '172.31.2.52', 'Windows 10', 'Chrome 135.0.0.0', '2025-04-05 14:46:03', NULL),
(1809, 'Record deleted On  onlineexam questions id 243', '243', 1, 'Delete', '172.31.2.52', 'Windows 10', 'Chrome 135.0.0.0', '2025-04-05 14:46:03', NULL),
(1810, 'New Record inserted On  onlineexam questions id 244', '244', 1, 'Insert', '172.31.2.52', 'Windows 10', 'Chrome 135.0.0.0', '2025-04-05 14:46:05', NULL),
(1811, 'New Record inserted On  onlineexam questions id 245', '245', 1, 'Insert', '172.31.2.52', 'Windows 10', 'Chrome 135.0.0.0', '2025-04-05 14:46:12', NULL),
(1812, 'New Record inserted On  onlineexam questions id 246', '246', 1, 'Insert', '172.31.2.52', 'Windows 10', 'Chrome 135.0.0.0', '2025-04-05 14:46:58', NULL),
(1813, 'New Record inserted On  onlineexam questions id 247', '247', 1, 'Insert', '172.31.2.52', 'Windows 10', 'Chrome 135.0.0.0', '2025-04-05 14:47:00', NULL),
(1814, 'Record updated On  online exam id 89', '89', 2, 'Update', '172.31.2.52', 'Windows 10', 'Chrome 135.0.0.0', '2025-04-05 14:53:23', NULL),
(1815, 'Record updated On  online exam id 89', '89', 2, 'Update', '172.31.2.52', 'Windows 10', 'Chrome 135.0.0.0', '2025-04-05 14:53:23', NULL),
(1816, 'Record updated On  online exam id 89', '89', 2, 'Update', '172.31.2.52', 'Windows 10', 'Chrome 135.0.0.0', '2025-04-05 14:53:36', NULL),
(1817, 'Record updated On  online exam id 90', '90', 2, 'Update', '172.31.2.52', 'Windows 10', 'Chrome 135.0.0.0', '2025-04-05 14:53:46', NULL),
(1818, 'Record updated On  online exam id 90', '90', 2, 'Update', '172.31.2.52', 'Windows 10', 'Chrome 135.0.0.0', '2025-04-05 14:53:46', NULL),
(1819, 'Record updated On  online exam id 91', '91', 2, 'Update', '172.31.2.52', 'Windows 10', 'Chrome 135.0.0.0', '2025-04-05 14:53:58', NULL),
(1820, 'Record updated On  online exam id 91', '91', 2, 'Update', '172.31.2.52', 'Windows 10', 'Chrome 135.0.0.0', '2025-04-05 14:53:58', NULL),
(1821, 'Record updated On  online exam id 92', '92', 2, 'Update', '172.31.2.52', 'Windows 10', 'Chrome 135.0.0.0', '2025-04-05 14:54:11', NULL),
(1822, 'Record updated On  online exam id 92', '92', 2, 'Update', '172.31.2.52', 'Windows 10', 'Chrome 135.0.0.0', '2025-04-05 14:54:12', NULL),
(1823, 'New Record inserted On  online exam id 93', '93', 2, 'Insert', '172.31.2.52', 'Windows 10', 'Chrome 135.0.0.0', '2025-04-05 14:55:14', NULL),
(1824, 'New Record inserted On  online exam id 94', '94', 2, 'Insert', '172.31.2.52', 'Windows 10', 'Chrome 135.0.0.0', '2025-04-05 14:56:02', NULL),
(1825, 'New Record inserted On  online exam id 95', '95', 2, 'Insert', '172.31.43.5', 'Windows 10', 'Chrome 135.0.0.0', '2025-04-05 14:57:29', NULL),
(1826, 'New Record inserted On  online exam id 96', '96', 2, 'Insert', '172.31.43.5', 'Windows 10', 'Chrome 135.0.0.0', '2025-04-05 14:58:18', NULL),
(1827, 'New Record inserted On  onlineexam questions id 248', '248', 2, 'Insert', '172.31.2.52', 'Windows 10', 'Chrome 135.0.0.0', '2025-04-05 15:00:13', NULL),
(1828, 'New Record inserted On  onlineexam questions id 249', '249', 2, 'Insert', '172.31.2.52', 'Windows 10', 'Chrome 135.0.0.0', '2025-04-05 15:00:15', NULL),
(1829, 'New Record inserted On  onlineexam questions id 250', '250', 2, 'Insert', '172.31.43.5', 'Windows 10', 'Chrome 135.0.0.0', '2025-04-05 15:01:43', NULL),
(1830, 'New Record inserted On  onlineexam questions id 251', '251', 2, 'Insert', '172.31.43.5', 'Windows 10', 'Chrome 135.0.0.0', '2025-04-05 15:01:44', NULL),
(1831, 'New Record inserted On  onlineexam questions id 252', '252', 2, 'Insert', '172.31.43.5', 'Windows 10', 'Chrome 135.0.0.0', '2025-04-05 15:03:26', NULL),
(1832, 'New Record inserted On  onlineexam questions id 253', '253', 2, 'Insert', '172.31.43.5', 'Windows 10', 'Chrome 135.0.0.0', '2025-04-05 15:03:32', NULL),
(1833, 'New Record inserted On  onlineexam questions id 254', '254', 2, 'Insert', '172.31.43.5', 'Windows 10', 'Chrome 135.0.0.0', '2025-04-05 15:04:24', NULL),
(1834, 'New Record inserted On  onlineexam questions id 255', '255', 2, 'Insert', '172.31.43.5', 'Windows 10', 'Chrome 135.0.0.0', '2025-04-05 15:04:38', NULL),
(1835, 'Record deleted On  onlineexam questions id 255', '255', 2, 'Delete', '172.31.43.5', 'Windows 10', 'Chrome 135.0.0.0', '2025-04-05 15:04:38', NULL),
(1836, 'New Record inserted On  onlineexam questions id 256', '256', 2, 'Insert', '172.31.43.5', 'Windows 10', 'Chrome 135.0.0.0', '2025-04-05 15:04:40', NULL),
(1837, 'New Record inserted On  online exam id 97', '97', 2, 'Insert', '172.31.43.5', 'Windows 10', 'Chrome 135.0.0.0', '2025-04-05 15:13:45', NULL),
(1838, 'New Record inserted On  online exam id 98', '98', 2, 'Insert', '172.31.43.5', 'Windows 10', 'Chrome 135.0.0.0', '2025-04-05 15:18:54', NULL),
(1839, 'New Record inserted On  online exam id 99', '99', 2, 'Insert', '172.31.43.5', 'Windows 10', 'Chrome 135.0.0.0', '2025-04-05 15:19:54', NULL),
(1840, 'New Record inserted On  online exam id 100', '100', 2, 'Insert', '172.31.43.5', 'Windows 10', 'Chrome 135.0.0.0', '2025-04-05 15:20:44', NULL),
(1841, 'New Record inserted On  onlineexam questions id 257', '257', 2, 'Insert', '172.31.43.5', 'Windows 10', 'Chrome 135.0.0.0', '2025-04-05 15:21:36', NULL),
(1842, 'Record deleted On  onlineexam questions id 257', '257', 2, 'Delete', '172.31.43.5', 'Windows 10', 'Chrome 135.0.0.0', '2025-04-05 15:21:37', NULL),
(1843, 'New Record inserted On  onlineexam questions id 258', '258', 2, 'Insert', '172.31.43.5', 'Windows 10', 'Chrome 135.0.0.0', '2025-04-05 15:21:38', NULL),
(1844, 'New Record inserted On  onlineexam questions id 259', '259', 2, 'Insert', '172.31.43.5', 'Windows 10', 'Chrome 135.0.0.0', '2025-04-05 15:21:39', NULL),
(1845, 'New Record inserted On  onlineexam questions id 260', '260', 2, 'Insert', '172.31.2.52', 'Windows 10', 'Chrome 135.0.0.0', '2025-04-05 15:22:31', NULL),
(1846, 'Record deleted On  onlineexam questions id 260', '260', 2, 'Delete', '172.31.2.52', 'Windows 10', 'Chrome 135.0.0.0', '2025-04-05 15:22:31', NULL),
(1847, 'New Record inserted On  onlineexam questions id 261', '261', 2, 'Insert', '172.31.2.52', 'Windows 10', 'Chrome 135.0.0.0', '2025-04-05 15:22:32', NULL),
(1848, 'New Record inserted On  onlineexam questions id 262', '262', 2, 'Insert', '172.31.2.52', 'Windows 10', 'Chrome 135.0.0.0', '2025-04-05 15:22:34', NULL),
(1849, 'New Record inserted On  onlineexam questions id 263', '263', 2, 'Insert', '172.31.2.52', 'Windows 10', 'Chrome 135.0.0.0', '2025-04-05 15:23:13', NULL),
(1850, 'Record deleted On  onlineexam questions id 263', '263', 2, 'Delete', '172.31.2.52', 'Windows 10', 'Chrome 135.0.0.0', '2025-04-05 15:23:13', NULL),
(1851, 'New Record inserted On  onlineexam questions id 264', '264', 2, 'Insert', '172.31.2.52', 'Windows 10', 'Chrome 135.0.0.0', '2025-04-05 15:23:15', NULL),
(1852, 'New Record inserted On  onlineexam questions id 265', '265', 2, 'Insert', '172.31.2.52', 'Windows 10', 'Chrome 135.0.0.0', '2025-04-05 15:23:21', NULL),
(1853, 'New Record inserted On  onlineexam questions id 266', '266', 2, 'Insert', '172.31.2.52', 'Windows 10', 'Chrome 135.0.0.0', '2025-04-05 15:23:56', NULL),
(1854, 'New Record inserted On  onlineexam questions id 267', '267', 2, 'Insert', '172.31.2.52', 'Windows 10', 'Chrome 135.0.0.0', '2025-04-05 15:23:57', NULL),
(1855, 'Record updated On  online exam id 100', '100', 2, 'Update', '172.31.43.5', 'Windows 10', 'Chrome 135.0.0.0', '2025-04-05 15:26:58', NULL),
(1856, 'Record updated On  online exam id 100', '100', 2, 'Update', '172.31.43.5', 'Windows 10', 'Chrome 135.0.0.0', '2025-04-05 15:26:58', NULL),
(1857, 'Record updated On  online exam id 97', '97', 2, 'Update', '172.31.43.5', 'Windows 10', 'Chrome 135.0.0.0', '2025-04-05 15:29:23', NULL),
(1858, 'Record updated On  online exam id 97', '97', 2, 'Update', '172.31.43.5', 'Windows 10', 'Chrome 135.0.0.0', '2025-04-05 15:29:23', NULL),
(1859, 'Record updated On  online exam id 97', '97', 2, 'Update', '172.31.43.5', 'Windows 10', 'Chrome 135.0.0.0', '2025-04-05 15:32:13', NULL),
(1860, 'New Record inserted On  online exam id 101', '101', 2, 'Insert', '172.31.2.52', 'Windows 10', 'Chrome 135.0.0.0', '2025-04-05 15:37:10', NULL),
(1861, 'New Record inserted On  onlineexam questions id 268', '268', 2, 'Insert', '172.31.2.52', 'Windows 10', 'Chrome 135.0.0.0', '2025-04-05 15:37:47', NULL),
(1862, 'New Record inserted On  onlineexam questions id 269', '269', 2, 'Insert', '172.31.2.52', 'Windows 10', 'Chrome 135.0.0.0', '2025-04-05 15:37:48', NULL),
(1863, 'Record updated On  online exam id 72', '72', 2, 'Update', '172.31.43.5', 'Windows 10', 'Chrome 135.0.0.0', '2025-04-05 15:41:35', NULL),
(1864, 'Record updated On  online exam id 68', '68', 2, 'Update', '172.31.2.52', 'Windows 10', 'Chrome 135.0.0.0', '2025-04-05 15:42:54', NULL),
(1865, 'Record updated On  online exam id 68', '68', 2, 'Update', '172.31.2.52', 'Windows 10', 'Chrome 135.0.0.0', '2025-04-05 15:44:11', NULL),
(1866, 'Record updated On  online exam id 57', '57', 2, 'Update', '172.31.43.5', 'Windows 10', 'Chrome 135.0.0.0', '2025-04-05 15:45:26', NULL),
(1867, 'Record updated On  online exam id 52', '52', 2, 'Update', '172.31.43.5', 'Windows 10', 'Chrome 135.0.0.0', '2025-04-05 15:46:57', NULL),
(1868, 'Record updated On  online exam id 48', '48', 2, 'Update', '172.31.43.5', 'Windows 10', 'Chrome 135.0.0.0', '2025-04-05 15:48:20', NULL),
(1869, 'New Record inserted On  online exam id 102', '102', 1, 'Insert', '172.31.2.52', 'Windows 10', 'Chrome 135.0.0.0', '2025-04-05 19:12:09', NULL),
(1870, 'New Record inserted On  online exam id 103', '103', 1, 'Insert', '172.31.2.52', 'Windows 10', 'Chrome 135.0.0.0', '2025-04-05 19:12:58', NULL),
(1871, 'New Record inserted On  online exam id 104', '104', 1, 'Insert', '172.31.2.52', 'Windows 10', 'Chrome 135.0.0.0', '2025-04-05 19:13:49', NULL),
(1872, 'New Record inserted On  online exam id 105', '105', 1, 'Insert', '172.31.2.52', 'Windows 10', 'Chrome 135.0.0.0', '2025-04-05 19:14:33', NULL),
(1873, 'Record updated On  online exam id 102', '102', 1, 'Update', '172.31.43.5', 'Windows 10', 'Chrome 135.0.0.0', '2025-04-05 19:15:31', NULL),
(1874, 'Record updated On  online exam id 102', '102', 1, 'Update', '172.31.43.5', 'Windows 10', 'Chrome 135.0.0.0', '2025-04-05 19:15:31', NULL),
(1875, 'Record updated On  online exam id 103', '103', 1, 'Update', '172.31.2.52', 'Windows 10', 'Chrome 135.0.0.0', '2025-04-05 19:15:46', NULL),
(1876, 'Record updated On  online exam id 103', '103', 1, 'Update', '172.31.2.52', 'Windows 10', 'Chrome 135.0.0.0', '2025-04-05 19:15:46', NULL),
(1877, 'New Record inserted On  onlineexam questions id 270', '270', 2, 'Insert', '172.31.2.52', 'Windows 10', 'Chrome 135.0.0.0', '2025-04-05 19:17:15', NULL),
(1878, 'New Record inserted On  onlineexam questions id 271', '271', 2, 'Insert', '172.31.2.52', 'Windows 10', 'Chrome 135.0.0.0', '2025-04-05 19:17:17', NULL),
(1879, 'New Record inserted On  onlineexam questions id 272', '272', 2, 'Insert', '172.31.2.52', 'Windows 10', 'Chrome 135.0.0.0', '2025-04-05 19:17:45', NULL),
(1880, 'New Record inserted On  onlineexam questions id 273', '273', 2, 'Insert', '172.31.2.52', 'Windows 10', 'Chrome 135.0.0.0', '2025-04-05 19:17:47', NULL),
(1881, 'New Record inserted On  onlineexam questions id 274', '274', 2, 'Insert', '172.31.2.52', 'Windows 10', 'Chrome 135.0.0.0', '2025-04-05 19:18:32', NULL),
(1882, 'New Record inserted On  onlineexam questions id 275', '275', 2, 'Insert', '172.31.2.52', 'Windows 10', 'Chrome 135.0.0.0', '2025-04-05 19:18:38', NULL),
(1883, 'New Record inserted On  onlineexam questions id 276', '276', 2, 'Insert', '172.31.2.52', 'Windows 10', 'Chrome 135.0.0.0', '2025-04-05 19:19:11', NULL),
(1884, 'New Record inserted On  onlineexam questions id 277', '277', 2, 'Insert', '172.31.2.52', 'Windows 10', 'Chrome 135.0.0.0', '2025-04-05 19:19:12', NULL),
(1885, 'Record updated On  online exam id 102', '102', 2, 'Update', '172.31.2.52', 'Windows 10', 'Chrome 135.0.0.0', '2025-04-05 19:26:08', NULL),
(1886, 'Record updated On  online exam id 103', '103', 2, 'Update', '172.31.2.52', 'Windows 10', 'Chrome 135.0.0.0', '2025-04-05 19:26:17', NULL),
(1887, 'Record updated On  online exam id 104', '104', 2, 'Update', '172.31.2.52', 'Windows 10', 'Chrome 135.0.0.0', '2025-04-05 19:26:25', NULL),
(1888, 'Record updated On  online exam id 104', '104', 2, 'Update', '172.31.2.52', 'Windows 10', 'Chrome 135.0.0.0', '2025-04-05 19:26:25', NULL),
(1889, 'Record updated On  online exam id 105', '105', 2, 'Update', '172.31.2.52', 'Windows 10', 'Chrome 135.0.0.0', '2025-04-05 19:26:34', NULL),
(1890, 'Record updated On  online exam id 105', '105', 2, 'Update', '172.31.2.52', 'Windows 10', 'Chrome 135.0.0.0', '2025-04-05 19:26:34', NULL),
(1891, 'Record updated On  online exam id 102', '102', 2, 'Update', '172.31.2.52', 'Windows 10', 'Chrome 135.0.0.0', '2025-04-05 19:28:03', NULL),
(1892, 'Record updated On  online exam id 103', '103', 2, 'Update', '172.31.2.52', 'Windows 10', 'Chrome 135.0.0.0', '2025-04-05 19:28:10', NULL),
(1893, 'Record updated On  online exam id 104', '104', 2, 'Update', '172.31.2.52', 'Windows 10', 'Chrome 135.0.0.0', '2025-04-05 19:28:16', NULL),
(1894, 'Record updated On  online exam id 105', '105', 2, 'Update', '172.31.43.5', 'Windows 10', 'Chrome 135.0.0.0', '2025-04-05 19:28:23', NULL),
(1895, 'New Record inserted On  online exam id 106', '106', 2, 'Insert', '172.31.43.5', 'Windows 10', 'Chrome 135.0.0.0', '2025-04-05 19:30:20', NULL),
(1896, 'New Record inserted On  online exam id 107', '107', 2, 'Insert', '172.31.43.5', 'Windows 10', 'Chrome 135.0.0.0', '2025-04-05 19:31:00', NULL),
(1897, 'New Record inserted On  online exam id 108', '108', 2, 'Insert', '172.31.43.5', 'Windows 10', 'Chrome 135.0.0.0', '2025-04-05 19:31:53', NULL),
(1898, 'New Record inserted On  online exam id 109', '109', 2, 'Insert', '172.31.43.5', 'Windows 10', 'Chrome 135.0.0.0', '2025-04-05 19:32:46', NULL),
(1899, 'New Record inserted On  onlineexam questions id 278', '278', 2, 'Insert', '172.31.43.5', 'Windows 10', 'Chrome 135.0.0.0', '2025-04-05 19:33:29', NULL),
(1900, 'New Record inserted On  onlineexam questions id 279', '279', 2, 'Insert', '172.31.43.5', 'Windows 10', 'Chrome 135.0.0.0', '2025-04-05 19:33:31', NULL),
(1901, 'New Record inserted On  onlineexam questions id 280', '280', 2, 'Insert', '172.31.43.5', 'Windows 10', 'Chrome 135.0.0.0', '2025-04-05 19:34:00', NULL),
(1902, 'New Record inserted On  onlineexam questions id 281', '281', 2, 'Insert', '172.31.43.5', 'Windows 10', 'Chrome 135.0.0.0', '2025-04-05 19:34:08', NULL),
(1903, 'New Record inserted On  onlineexam questions id 282', '282', 2, 'Insert', '172.31.43.5', 'Windows 10', 'Chrome 135.0.0.0', '2025-04-05 19:34:53', NULL),
(1904, 'New Record inserted On  onlineexam questions id 283', '283', 2, 'Insert', '172.31.43.5', 'Windows 10', 'Chrome 135.0.0.0', '2025-04-05 19:34:55', NULL),
(1905, 'New Record inserted On  onlineexam questions id 284', '284', 2, 'Insert', '172.31.43.5', 'Windows 10', 'Chrome 135.0.0.0', '2025-04-05 19:35:48', NULL),
(1906, 'New Record inserted On  onlineexam questions id 285', '285', 2, 'Insert', '172.31.43.5', 'Windows 10', 'Chrome 135.0.0.0', '2025-04-05 19:35:49', NULL),
(1907, 'Record deleted On  online exam id 109', '109', 2, 'Delete', '172.31.2.52', 'Windows 10', 'Chrome 135.0.0.0', '2025-04-05 19:43:02', NULL),
(1908, 'New Record inserted On  online exam id 110', '110', 2, 'Insert', '172.31.2.52', 'Windows 10', 'Chrome 135.0.0.0', '2025-04-05 19:45:54', NULL),
(1909, 'New Record inserted On  online exam id 111', '111', 2, 'Insert', '172.31.2.52', 'Windows 10', 'Chrome 135.0.0.0', '2025-04-05 19:46:38', NULL),
(1910, 'New Record inserted On  online exam id 112', '112', 2, 'Insert', '172.31.2.52', 'Windows 10', 'Chrome 135.0.0.0', '2025-04-05 19:47:16', NULL),
(1911, 'New Record inserted On  online exam id 113', '113', 2, 'Insert', '172.31.2.52', 'Windows 10', 'Chrome 135.0.0.0', '2025-04-05 19:49:17', NULL),
(1912, 'Record updated On  online exam id 110', '110', 2, 'Update', '172.31.2.52', 'Windows 10', 'Chrome 135.0.0.0', '2025-04-05 19:49:54', NULL),
(1913, 'Record updated On  online exam id 110', '110', 2, 'Update', '172.31.2.52', 'Windows 10', 'Chrome 135.0.0.0', '2025-04-05 19:49:54', NULL),
(1914, 'New Record inserted On  onlineexam questions id 286', '286', 2, 'Insert', '172.31.2.52', 'Windows 10', 'Chrome 135.0.0.0', '2025-04-05 19:50:48', NULL),
(1915, 'New Record inserted On  onlineexam questions id 287', '287', 2, 'Insert', '172.31.2.52', 'Windows 10', 'Chrome 135.0.0.0', '2025-04-05 19:50:50', NULL),
(1916, 'Record deleted On  onlineexam questions id 286', '286', 2, 'Delete', '172.31.2.52', 'Windows 10', 'Chrome 135.0.0.0', '2025-04-05 19:50:54', NULL),
(1917, 'Record deleted On  onlineexam questions id 287', '287', 2, 'Delete', '172.31.2.52', 'Windows 10', 'Chrome 135.0.0.0', '2025-04-05 19:50:56', NULL),
(1918, 'New Record inserted On  onlineexam questions id 288', '288', 2, 'Insert', '172.31.2.52', 'Windows 10', 'Chrome 135.0.0.0', '2025-04-05 19:51:02', NULL),
(1919, 'New Record inserted On  onlineexam questions id 289', '289', 2, 'Insert', '172.31.2.52', 'Windows 10', 'Chrome 135.0.0.0', '2025-04-05 19:51:02', NULL),
(1920, 'New Record inserted On  onlineexam questions id 290', '290', 2, 'Insert', '172.31.2.52', 'Windows 10', 'Chrome 135.0.0.0', '2025-04-05 19:51:38', NULL),
(1921, 'New Record inserted On  onlineexam questions id 291', '291', 2, 'Insert', '172.31.2.52', 'Windows 10', 'Chrome 135.0.0.0', '2025-04-05 19:51:40', NULL),
(1922, 'New Record inserted On  onlineexam questions id 292', '292', 2, 'Insert', '172.31.2.52', 'Windows 10', 'Chrome 135.0.0.0', '2025-04-05 19:52:02', NULL),
(1923, 'Record deleted On  onlineexam questions id 292', '292', 2, 'Delete', '172.31.2.52', 'Windows 10', 'Chrome 135.0.0.0', '2025-04-05 19:52:13', NULL),
(1924, 'New Record inserted On  onlineexam questions id 293', '293', 2, 'Insert', '172.31.2.52', 'Windows 10', 'Chrome 135.0.0.0', '2025-04-05 19:52:16', NULL),
(1925, 'New Record inserted On  onlineexam questions id 294', '294', 2, 'Insert', '172.31.2.52', 'Windows 10', 'Chrome 135.0.0.0', '2025-04-05 19:52:20', NULL),
(1926, 'New Record inserted On  onlineexam questions id 295', '295', 2, 'Insert', '172.31.43.5', 'Windows 10', 'Chrome 135.0.0.0', '2025-04-05 19:53:10', NULL),
(1927, 'New Record inserted On  onlineexam questions id 296', '296', 2, 'Insert', '172.31.43.5', 'Windows 10', 'Chrome 135.0.0.0', '2025-04-05 19:53:11', NULL),
(1928, 'New Record inserted On  online exam id 114', '114', 2, 'Insert', '172.31.2.52', 'Windows 10', 'Chrome 135.0.0.0', '2025-04-05 20:10:03', NULL),
(1929, 'New Record inserted On  online exam id 115', '115', 2, 'Insert', '172.31.2.52', 'Windows 10', 'Chrome 135.0.0.0', '2025-04-05 20:11:26', NULL),
(1930, 'Record updated On  online exam id 114', '114', 2, 'Update', '172.31.2.52', 'Windows 10', 'Chrome 135.0.0.0', '2025-04-05 20:12:01', NULL),
(1931, 'Record updated On  online exam id 114', '114', 2, 'Update', '172.31.2.52', 'Windows 10', 'Chrome 135.0.0.0', '2025-04-05 20:12:01', NULL),
(1932, 'New Record inserted On  online exam id 116', '116', 2, 'Insert', '172.31.43.5', 'Windows 10', 'Chrome 135.0.0.0', '2025-04-05 20:13:29', NULL),
(1933, 'New Record inserted On  online exam id 117', '117', 2, 'Insert', '172.31.43.5', 'Windows 10', 'Chrome 135.0.0.0', '2025-04-05 20:14:24', NULL),
(1934, 'New Record inserted On  onlineexam questions id 297', '297', 2, 'Insert', '172.31.2.52', 'Windows 10', 'Chrome 135.0.0.0', '2025-04-05 20:15:14', NULL),
(1935, 'Record deleted On  onlineexam questions id 297', '297', 2, 'Delete', '172.31.2.52', 'Windows 10', 'Chrome 135.0.0.0', '2025-04-05 20:15:14', NULL),
(1936, 'New Record inserted On  onlineexam questions id 298', '298', 2, 'Insert', '172.31.2.52', 'Windows 10', 'Chrome 135.0.0.0', '2025-04-05 20:15:15', NULL),
(1937, 'New Record inserted On  onlineexam questions id 299', '299', 2, 'Insert', '172.31.2.52', 'Windows 10', 'Chrome 135.0.0.0', '2025-04-05 20:15:25', NULL),
(1938, 'Record deleted On  onlineexam questions id 299', '299', 2, 'Delete', '172.31.2.52', 'Windows 10', 'Chrome 135.0.0.0', '2025-04-05 20:15:25', NULL),
(1939, 'New Record inserted On  onlineexam questions id 300', '300', 2, 'Insert', '172.31.2.52', 'Windows 10', 'Chrome 135.0.0.0', '2025-04-05 20:15:26', NULL),
(1940, 'Record deleted On  onlineexam questions id 300', '300', 2, 'Delete', '172.31.43.5', 'Windows 10', 'Chrome 135.0.0.0', '2025-04-05 20:16:02', NULL),
(1941, 'New Record inserted On  onlineexam questions id 301', '301', 2, 'Insert', '172.31.43.5', 'Windows 10', 'Chrome 135.0.0.0', '2025-04-05 20:16:17', NULL),
(1942, 'New Record inserted On  onlineexam questions id 302', '302', 2, 'Insert', '172.31.43.5', 'Windows 10', 'Chrome 135.0.0.0', '2025-04-05 20:19:55', NULL),
(1943, 'New Record inserted On  onlineexam questions id 303', '303', 2, 'Insert', '172.31.43.5', 'Windows 10', 'Chrome 135.0.0.0', '2025-04-05 20:19:56', NULL),
(1944, 'New Record inserted On  onlineexam questions id 304', '304', 2, 'Insert', '172.31.2.52', 'Windows 10', 'Chrome 135.0.0.0', '2025-04-05 20:20:53', NULL),
(1945, 'New Record inserted On  onlineexam questions id 305', '305', 2, 'Insert', '172.31.2.52', 'Windows 10', 'Chrome 135.0.0.0', '2025-04-05 20:20:55', NULL),
(1946, 'New Record inserted On  onlineexam questions id 306', '306', 2, 'Insert', '172.31.43.5', 'Windows 10', 'Chrome 135.0.0.0', '2025-04-05 20:21:50', NULL),
(1947, 'New Record inserted On  onlineexam questions id 307', '307', 2, 'Insert', '172.31.43.5', 'Windows 10', 'Chrome 135.0.0.0', '2025-04-05 20:21:52', NULL),
(1948, 'Record deleted On  online exam id 114', '114', 2, 'Delete', '172.31.2.52', 'Windows 10', 'Chrome 135.0.0.0', '2025-04-05 20:29:17', NULL),
(1949, 'New Record inserted On  online exam id 118', '118', 2, 'Insert', '172.31.43.5', 'Windows 10', 'Chrome 135.0.0.0', '2025-04-05 20:36:02', NULL),
(1950, 'Record deleted On  online exam id 118', '118', 2, 'Delete', '172.31.2.52', 'Windows 10', 'Chrome 135.0.0.0', '2025-04-05 21:29:27', NULL),
(1951, 'New Record inserted On  online exam id 119', '119', 2, 'Insert', '172.31.43.5', 'Windows 10', 'Chrome 135.0.0.0', '2025-04-05 21:35:02', NULL),
(1952, 'New Record inserted On  onlineexam questions id 308', '308', 2, 'Insert', '172.31.2.52', 'Windows 10', 'Chrome 135.0.0.0', '2025-04-05 21:41:12', NULL),
(1953, 'New Record inserted On  onlineexam questions id 309', '309', 2, 'Insert', '172.31.2.52', 'Windows 10', 'Chrome 135.0.0.0', '2025-04-05 21:41:14', NULL),
(1954, 'Record deleted On  onlineexam questions id 309', '309', 2, 'Delete', '172.31.43.5', 'Windows 10', 'Chrome 135.0.0.0', '2025-04-05 21:42:31', NULL),
(1955, 'Record deleted On  onlineexam questions id 308', '308', 2, 'Delete', '172.31.43.5', 'Windows 10', 'Chrome 135.0.0.0', '2025-04-05 21:42:33', NULL),
(1956, 'New Record inserted On  onlineexam questions id 310', '310', 2, 'Insert', '172.31.43.5', 'Windows 10', 'Chrome 135.0.0.0', '2025-04-05 21:42:46', NULL),
(1957, 'New Record inserted On  onlineexam questions id 311', '311', 2, 'Insert', '172.31.43.5', 'Windows 10', 'Chrome 135.0.0.0', '2025-04-05 21:42:48', NULL),
(1958, 'New Record inserted On  enquiry id 45', '45', 1, 'Insert', '172.31.2.52', 'Windows 10', 'Chrome 135.0.0.0', '2025-04-07 11:46:06', NULL),
(1959, 'New Record inserted On  categories id 6', '6', 1, 'Insert', '172.31.2.52', 'Windows 10', 'Chrome 135.0.0.0', '2025-04-08 11:34:46', NULL),
(1960, 'Record updated On  categories id 6', '6', 1, 'Update', '172.31.2.52', 'Windows 10', 'Chrome 135.0.0.0', '2025-04-08 11:34:59', NULL),
(1961, 'Record deleted On categories id 6', '6', 1, 'Delete', '172.31.2.52', 'Windows 10', 'Chrome 135.0.0.0', '2025-04-08 11:35:10', NULL),
(1962, 'New Record inserted On disable reason id 4', '4', 1, 'Insert', '172.31.2.52', 'Windows 10', 'Chrome 135.0.0.0', '2025-04-08 11:35:58', NULL),
(1963, 'Record updated On  disable reason id 4', '4', 1, 'Update', '172.31.2.52', 'Windows 10', 'Chrome 135.0.0.0', '2025-04-08 11:36:11', NULL),
(1964, 'Record deleted On  disable reason id 4', '4', 1, 'Delete', '172.31.2.52', 'Windows 10', 'Chrome 135.0.0.0', '2025-04-08 11:36:19', NULL),
(1965, 'New Record inserted On  fee group id 4', '4', 1, 'Insert', '172.31.43.5', 'Windows 10', 'Chrome 135.0.0.0', '2025-04-08 11:45:16', NULL),
(1966, 'New Record inserted On  fee groups feetype id 11', '11', 1, 'Insert', '172.31.2.52', 'Windows 10', 'Chrome 135.0.0.0', '2025-04-08 11:45:56', NULL),
(1967, 'New Record inserted On  fee groups feetype id 12', '12', 1, 'Insert', '172.31.2.52', 'Windows 10', 'Chrome 135.0.0.0', '2025-04-08 11:47:28', NULL),
(1968, 'New Record inserted On  fee groups feetype id 13', '13', 1, 'Insert', '172.31.2.52', 'Windows 10', 'Chrome 135.0.0.0', '2025-04-08 11:48:02', NULL),
(1969, 'New Record inserted On student fees master id 81', '81', 1, 'Insert', '172.31.43.5', 'Windows 10', 'Chrome 135.0.0.0', '2025-04-08 11:48:44', NULL),
(1970, 'New Record inserted On student fees master id 82', '82', 1, 'Insert', '172.31.43.5', 'Windows 10', 'Chrome 135.0.0.0', '2025-04-08 11:48:44', NULL),
(1971, 'New Record inserted On student fees master id 83', '83', 1, 'Insert', '172.31.43.5', 'Windows 10', 'Chrome 135.0.0.0', '2025-04-08 11:48:44', NULL),
(1972, 'New Record inserted On student fees master id 84', '84', 1, 'Insert', '172.31.43.5', 'Windows 10', 'Chrome 135.0.0.0', '2025-04-08 11:48:44', NULL),
(1973, 'New Record inserted On student fees master id 85', '85', 1, 'Insert', '172.31.43.5', 'Windows 10', 'Chrome 135.0.0.0', '2025-04-08 11:48:44', NULL),
(1974, 'Record updated On student fees deposite id 29', '29', 1, 'Update', '172.31.43.5', 'Windows 10', 'Chrome 135.0.0.0', '2025-04-08 11:51:07', NULL),
(1975, 'Record updated On student fees deposite id 29', '29', 1, 'Update', '172.31.43.5', 'Windows 10', 'Chrome 135.0.0.0', '2025-04-08 11:51:07', NULL),
(1976, 'Record updated On student fees deposite id 28', '28', 1, 'Update', '172.31.2.52', 'Windows 10', 'Chrome 135.0.0.0', '2025-04-08 11:51:23', NULL),
(1977, 'Record updated On student fees deposite id 28', '28', 1, 'Update', '172.31.2.52', 'Windows 10', 'Chrome 135.0.0.0', '2025-04-08 11:51:23', NULL),
(1978, 'Record updated On student fees deposite id 27', '27', 1, 'Update', '172.31.2.52', 'Windows 10', 'Chrome 135.0.0.0', '2025-04-08 11:51:35', NULL),
(1979, 'Record updated On student fees deposite id 27', '27', 1, 'Update', '172.31.2.52', 'Windows 10', 'Chrome 135.0.0.0', '2025-04-08 11:51:36', NULL),
(1980, 'New Record inserted On  Income   id 7', '7', 1, 'Insert', '172.31.43.5', 'Windows 10', 'Chrome 135.0.0.0', '2025-04-08 12:08:58', NULL),
(1981, 'New Record inserted On  Income   id 8', '8', 1, 'Insert', '172.31.43.5', 'Windows 10', 'Chrome 135.0.0.0', '2025-04-08 12:09:47', NULL),
(1982, 'New Record inserted On  Income   id 9', '9', 1, 'Insert', '172.31.43.5', 'Windows 10', 'Chrome 135.0.0.0', '2025-04-08 12:10:43', NULL),
(1983, 'New Record inserted On  expenses   id 8', '8', 1, 'Insert', '172.31.43.5', 'Windows 10', 'Chrome 135.0.0.0', '2025-04-08 12:19:41', NULL),
(1984, 'New Record inserted On  expenses   id 9', '9', 1, 'Insert', '172.31.43.5', 'Windows 10', 'Chrome 135.0.0.0', '2025-04-08 12:20:10', NULL),
(1985, 'New Record inserted On  expenses   id 10', '10', 1, 'Insert', '172.31.2.52', 'Windows 10', 'Chrome 135.0.0.0', '2025-04-08 12:21:09', NULL),
(1986, 'Record updated On  expenses   id 8', '8', 1, 'Update', '172.31.2.52', 'Windows 10', 'Chrome 135.0.0.0', '2025-04-08 12:22:28', NULL),
(1987, 'New Record inserted On student apply leave id 1', '1', 1, 'Insert', '172.31.2.52', 'Windows 10', 'Chrome 135.0.0.0', '2025-04-08 12:30:09', NULL),
(1988, 'Record updated On  student apply leave id 1', '1', 1, 'Update', '172.31.2.52', 'Windows 10', 'Chrome 135.0.0.0', '2025-04-08 12:30:24', NULL),
(1989, 'New Record inserted On staff attendance id 1', '1', 1, 'Insert', '172.31.2.52', 'Windows 10', 'Chrome 135.0.0.0', '2025-04-08 13:04:35', NULL),
(1990, 'New Record inserted On staff attendance id 2', '2', 1, 'Insert', '172.31.2.52', 'Windows 10', 'Chrome 135.0.0.0', '2025-04-08 13:05:50', NULL),
(1991, 'New Record inserted On Staff Payslip id 1', '1', 1, 'Insert', '172.31.43.5', 'Windows 10', 'Chrome 135.0.0.0', '2025-04-08 13:07:00', NULL),
(1992, 'New Record inserted On payslip allowance id 1', '1', 1, 'Insert', '172.31.43.5', 'Windows 10', 'Chrome 135.0.0.0', '2025-04-08 13:07:00', NULL),
(1993, 'New Record inserted On payslip allowance id 2', '2', 1, 'Insert', '172.31.43.5', 'Windows 10', 'Chrome 135.0.0.0', '2025-04-08 13:07:00', NULL),
(1994, 'Record updated On staff payslip id 1', '1', 1, 'Update', '172.31.43.5', 'Windows 10', 'Chrome 135.0.0.0', '2025-04-08 13:07:33', NULL),
(1995, 'New Record inserted On leave types id 1', '1', 1, 'Insert', '172.31.2.52', 'Windows 10', 'Chrome 135.0.0.0', '2025-04-08 13:11:34', NULL),
(1996, 'New Record inserted On leave types id 2', '2', 1, 'Insert', '172.31.2.52', 'Windows 10', 'Chrome 135.0.0.0', '2025-04-08 13:11:47', NULL),
(1997, 'Record updated On leave types id 2', '2', 1, 'Update', '172.31.43.5', 'Windows 10', 'Chrome 135.0.0.0', '2025-04-08 13:11:59', NULL),
(1998, 'New Record inserted On leave types id 3', '3', 1, 'Insert', '172.31.43.5', 'Windows 10', 'Chrome 135.0.0.0', '2025-04-08 13:12:19', NULL),
(1999, 'New Record inserted On leave types id 4', '4', 1, 'Insert', '172.31.43.5', 'Windows 10', 'Chrome 135.0.0.0', '2025-04-08 13:12:26', NULL),
(2000, 'New Record inserted On  staff designation id 2', '2', 1, 'Insert', '172.31.2.52', 'Windows 10', 'Chrome 135.0.0.0', '2025-04-08 13:35:42', NULL),
(2001, 'New Record inserted On department id 2', '2', 1, 'Insert', '172.31.2.52', 'Windows 10', 'Chrome 135.0.0.0', '2025-04-08 13:36:09', NULL),
(2002, 'New Record inserted On department id 3', '3', 1, 'Insert', '172.31.2.52', 'Windows 10', 'Chrome 135.0.0.0', '2025-04-08 13:36:32', NULL),
(2003, 'Record deleted On department id 2', '2', 1, 'Delete', '172.31.2.52', 'Windows 10', 'Chrome 135.0.0.0', '2025-04-08 13:37:00', NULL),
(2004, 'New Record inserted On email template id 1', '1', 1, 'Insert', '172.31.43.5', 'Windows 10', 'Chrome 135.0.0.0', '2025-04-08 13:40:41', NULL),
(2005, 'Record updated On  fee groups fee type id 5', '5', 1, 'Update', '172.31.2.52', 'Windows 10', 'Chrome 135.0.0.0', '2025-04-08 14:46:55', NULL),
(2006, 'New Record inserted On item supplier id 1', '1', 1, 'Insert', '172.31.43.5', 'Windows 10', 'Chrome 135.0.0.0', '2025-04-08 15:51:48', NULL),
(2007, 'New Record inserted On item supplier id 2', '2', 1, 'Insert', '172.31.43.5', 'Windows 10', 'Chrome 135.0.0.0', '2025-04-08 15:53:49', NULL),
(2008, 'New Record inserted On  content_types id 1', '1', 1, 'Insert', '172.31.2.52', 'Windows 10', 'Chrome 135.0.0.0', '2025-04-08 15:55:43', NULL),
(2009, 'New Record inserted On  upload_contents id 1', '1', 1, 'Insert', '172.31.43.5', 'Windows 10', 'Chrome 135.0.0.0', '2025-04-08 15:56:08', NULL),
(2010, 'New Record inserted On item store id 1', '1', 1, 'Insert', '172.31.2.52', 'Windows 10', 'Chrome 135.0.0.0', '2025-04-08 16:00:36', NULL),
(2011, 'New Record inserted On item store id 2', '2', 1, 'Insert', '172.31.2.52', 'Windows 10', 'Chrome 135.0.0.0', '2025-04-08 16:01:12', NULL),
(2012, 'New Record inserted On item category id 1', '1', 1, 'Insert', '172.31.2.52', 'Windows 10', 'Chrome 135.0.0.0', '2025-04-08 16:02:24', NULL),
(2013, 'New Record inserted On item category id 2', '2', 1, 'Insert', '172.31.2.52', 'Windows 10', 'Chrome 135.0.0.0', '2025-04-08 16:03:03', NULL),
(2014, 'New Record inserted On item id 1', '1', 1, 'Insert', '172.31.2.52', 'Windows 10', 'Chrome 135.0.0.0', '2025-04-08 16:04:04', NULL),
(2015, 'New Record inserted On item id 2', '2', 1, 'Insert', '172.31.2.52', 'Windows 10', 'Chrome 135.0.0.0', '2025-04-08 16:04:19', NULL),
(2016, 'New Record inserted On item stock id 1', '1', 1, 'Insert', '172.31.43.5', 'Windows 10', 'Chrome 135.0.0.0', '2025-04-08 16:07:31', NULL),
(2017, 'Record updated On  item stock id 1', '1', 1, 'Update', '172.31.43.5', 'Windows 10', 'Chrome 135.0.0.0', '2025-04-08 16:07:52', NULL),
(2018, 'Record updated On  item stock id 1', '1', 1, 'Update', '172.31.43.5', 'Windows 10', 'Chrome 135.0.0.0', '2025-04-08 16:08:09', NULL),
(2019, 'Record updated On  item stock id 1', '1', 1, 'Update', '172.31.43.5', 'Windows 10', 'Chrome 135.0.0.0', '2025-04-08 16:08:26', NULL),
(2020, 'New Record inserted On item issue id 1', '1', 1, 'Insert', '172.31.2.52', 'Windows 10', 'Chrome 135.0.0.0', '2025-04-08 16:09:15', NULL),
(2021, 'New Record inserted On transport route id 1', '1', 1, 'Insert', '172.31.2.52', 'Windows 10', 'Chrome 135.0.0.0', '2025-04-08 16:37:58', NULL),
(2022, 'Record updated On  transport route id 1', '1', 1, 'Update', '172.31.2.52', 'Windows 10', 'Chrome 135.0.0.0', '2025-04-08 16:39:08', NULL),
(2023, 'New Record inserted On transport route id 2', '2', 1, 'Insert', '172.31.2.52', 'Windows 10', 'Chrome 135.0.0.0', '2025-04-08 16:39:34', NULL),
(2024, 'New Record inserted On transport route id 3', '3', 1, 'Insert', '172.31.2.52', 'Windows 10', 'Chrome 135.0.0.0', '2025-04-08 16:40:04', NULL),
(2025, 'New Record inserted On transport route id 1', '1', 1, 'Insert', '172.31.2.52', 'Windows 10', 'Chrome 135.0.0.0', '2025-04-08 16:40:53', NULL),
(2026, 'New Record inserted On transport route id 2', '2', 1, 'Insert', '172.31.43.5', 'Windows 10', 'Chrome 135.0.0.0', '2025-04-08 16:41:19', NULL),
(2027, 'New Record inserted On vehicles id 1', '1', 1, 'Insert', '172.31.43.5', 'Windows 10', 'Chrome 135.0.0.0', '2025-04-08 16:45:25', NULL),
(2028, 'New Record inserted On vehicle routes id 1', '1', 1, 'Insert', '172.31.43.5', 'Windows 10', 'Chrome 135.0.0.0', '2025-04-08 16:45:59', NULL),
(2029, 'New Record inserted On transport route id 1', '1', 1, 'Insert', '172.31.43.5', 'Windows 10', 'Chrome 135.0.0.0', '2025-04-08 16:46:32', NULL),
(2030, 'New Record inserted On hostel id 1', '1', 1, 'Insert', '172.31.43.5', 'Windows 10', 'Chrome 135.0.0.0', '2025-04-08 17:02:10', NULL),
(2031, 'New Record inserted On hostel id 2', '2', 1, 'Insert', '172.31.43.5', 'Windows 10', 'Chrome 135.0.0.0', '2025-04-08 17:02:22', NULL),
(2032, 'Record updated On  hostel id 2', '2', 1, 'Update', '172.31.43.5', 'Windows 10', 'Chrome 135.0.0.0', '2025-04-08 17:03:22', NULL),
(2033, 'Record updated On  hostel id 2', '2', 1, 'Update', '172.31.43.5', 'Windows 10', 'Chrome 135.0.0.0', '2025-04-08 17:03:46', NULL),
(2034, 'New Record inserted On room types id 1', '1', 1, 'Insert', '172.31.43.5', 'Windows 10', 'Chrome 135.0.0.0', '2025-04-08 17:04:00', NULL),
(2035, 'New Record inserted On room types id 2', '2', 1, 'Insert', '172.31.43.5', 'Windows 10', 'Chrome 135.0.0.0', '2025-04-08 17:04:10', NULL),
(2036, 'New Record inserted On hostel rooms id 1', '1', 1, 'Insert', '172.31.43.5', 'Windows 10', 'Chrome 135.0.0.0', '2025-04-08 17:04:42', NULL),
(2037, 'New Record inserted On hostel rooms id 2', '2', 1, 'Insert', '172.31.43.5', 'Windows 10', 'Chrome 135.0.0.0', '2025-04-08 17:05:08', NULL),
(2038, 'New Record inserted On exam group exams name id 6', '6', 1, 'Insert', '172.31.2.52', 'Windows 10', 'Chrome 135.0.0.0', '2025-04-08 17:06:28', NULL),
(2039, 'Record updated On  enquiry id 31', '31', 1, 'Update', '172.31.43.5', 'Mac OS X', 'Chrome 135.0.0.0', '2025-04-08 21:25:18', NULL),
(2040, 'Record updated On  enquiry id 29', '29', 1, 'Update', '172.31.43.5', 'Mac OS X', 'Chrome 135.0.0.0', '2025-04-08 21:26:44', NULL),
(2041, 'Record updated On  enquiry id 27', '27', 1, 'Update', '172.31.43.5', 'Mac OS X', 'Chrome 135.0.0.0', '2025-04-08 21:27:06', NULL),
(2042, 'Record updated On  enquiry id 26', '26', 1, 'Update', '172.31.43.5', 'Mac OS X', 'Chrome 135.0.0.0', '2025-04-08 21:27:49', NULL),
(2043, 'Record updated On  enquiry id 19', '19', 1, 'Update', '172.31.43.5', 'Mac OS X', 'Chrome 135.0.0.0', '2025-04-08 21:28:01', NULL);
INSERT INTO `logs` (`id`, `message`, `record_id`, `user_id`, `action`, `ip_address`, `platform`, `agent`, `time`, `created_at`) VALUES
(2044, 'Record updated On Behaviour Settings id 1', '1', 1, 'Update', '172.31.2.52', 'Mac OS X', 'Chrome 135.0.0.0', '2025-04-08 22:38:00', NULL),
(2045, 'New Record inserted On roles id 8', '8', 1, 'Insert', '172.31.2.52', 'Mac OS X', 'Chrome 135.0.0.0', '2025-04-08 23:13:16', NULL),
(2046, 'Record updated On leave types id 1', '1', 1, 'Update', '172.31.2.52', 'Mac OS X', 'Chrome 135.0.0.0', '2025-04-08 23:19:37', NULL),
(2047, 'Record updated On leave types id 2', '2', 1, 'Update', '172.31.2.52', 'Mac OS X', 'Chrome 135.0.0.0', '2025-04-08 23:19:48', NULL),
(2048, 'Record updated On leave types id 3', '3', 1, 'Update', '172.31.2.52', 'Mac OS X', 'Chrome 135.0.0.0', '2025-04-08 23:20:04', NULL),
(2049, 'Record updated On leave types id 3', '3', 1, 'Update', '172.31.2.52', 'Mac OS X', 'Chrome 135.0.0.0', '2025-04-08 23:20:19', NULL),
(2050, 'Record updated On leave types id 4', '4', 1, 'Update', '172.31.2.52', 'Mac OS X', 'Chrome 135.0.0.0', '2025-04-08 23:20:34', NULL),
(2051, 'New Record inserted On leave types id 5', '5', 1, 'Insert', '172.31.2.52', 'Mac OS X', 'Chrome 135.0.0.0', '2025-04-08 23:20:44', NULL),
(2052, 'Record updated On staff id 2', '2', 1, 'Update', '172.31.2.52', 'Mac OS X', 'Chrome 135.0.0.0', '2025-04-08 23:21:22', NULL),
(2053, 'Record updated On staff id 2', '2', 1, 'Update', '172.31.2.52', 'Mac OS X', 'Chrome 135.0.0.0', '2025-04-08 23:21:22', NULL),
(2054, 'Record updated On department id 1', '1', 1, 'Update', '172.31.43.5', 'Mac OS X', 'Chrome 135.0.0.0', '2025-04-08 23:25:21', NULL),
(2055, 'Record updated On department id 3', '3', 1, 'Update', '172.31.43.5', 'Mac OS X', 'Chrome 135.0.0.0', '2025-04-08 23:25:32', NULL),
(2056, 'New Record inserted On department id 4', '4', 1, 'Insert', '172.31.43.5', 'Mac OS X', 'Chrome 135.0.0.0', '2025-04-08 23:25:40', NULL),
(2057, 'New Record inserted On department id 5', '5', 1, 'Insert', '172.31.43.5', 'Mac OS X', 'Chrome 135.0.0.0', '2025-04-08 23:26:06', NULL),
(2058, 'New Record inserted On department id 6', '6', 1, 'Insert', '172.31.43.5', 'Mac OS X', 'Chrome 135.0.0.0', '2025-04-08 23:26:19', NULL),
(2059, 'New Record inserted On department id 7', '7', 1, 'Insert', '172.31.43.5', 'Mac OS X', 'Chrome 135.0.0.0', '2025-04-08 23:26:42', NULL),
(2060, 'New Record inserted On  staff designation id 3', '3', 1, 'Insert', '172.31.43.5', 'Mac OS X', 'Chrome 135.0.0.0', '2025-04-08 23:27:02', NULL),
(2061, 'Record updated On  staff designation id 1', '1', 1, 'Update', '172.31.43.5', 'Mac OS X', 'Chrome 135.0.0.0', '2025-04-08 23:27:19', NULL),
(2062, 'Record updated On  staff designation id 2', '2', 1, 'Update', '172.31.43.5', 'Mac OS X', 'Chrome 135.0.0.0', '2025-04-08 23:27:40', NULL),
(2063, 'Record updated On  staff designation id 3', '3', 1, 'Update', '172.31.43.5', 'Mac OS X', 'Chrome 135.0.0.0', '2025-04-08 23:28:27', NULL),
(2064, 'New Record inserted On books id 1', '1', 1, 'Insert', '172.31.2.52', 'Windows 10', 'Chrome 135.0.0.0', '2025-04-08 23:30:14', NULL),
(2065, 'New Record inserted On books id 2', '2', 1, 'Insert', '172.31.43.5', 'Windows 10', 'Chrome 135.0.0.0', '2025-04-08 23:30:35', NULL),
(2066, 'Record updated On books id 2', '2', 1, 'Update', '172.31.43.5', 'Windows 10', 'Chrome 135.0.0.0', '2025-04-08 23:30:50', NULL),
(2067, 'Record updated On books id 1', '1', 1, 'Update', '172.31.43.5', 'Windows 10', 'Chrome 135.0.0.0', '2025-04-08 23:31:00', NULL),
(2068, 'New Record inserted On libarary members id 1', '1', 1, 'Insert', '172.31.2.52', 'Windows 10', 'Chrome 135.0.0.0', '2025-04-08 23:31:35', NULL),
(2069, 'New Record inserted On libarary members id 2', '2', 1, 'Insert', '172.31.2.52', 'Windows 10', 'Chrome 135.0.0.0', '2025-04-08 23:31:56', NULL),
(2070, 'New Record inserted On libarary members id 3', '3', 1, 'Insert', '172.31.2.52', 'Windows 10', 'Chrome 135.0.0.0', '2025-04-08 23:32:13', NULL),
(2071, 'New Record inserted On book issues id 1', '1', 1, 'Insert', '172.31.43.5', 'Windows 10', 'Chrome 135.0.0.0', '2025-04-08 23:32:32', NULL),
(2072, 'New Record inserted On book issues id 2', '2', 1, 'Insert', '172.31.43.5', 'Windows 10', 'Chrome 135.0.0.0', '2025-04-08 23:32:54', NULL),
(2073, 'New Record inserted On book issues id 3', '3', 1, 'Insert', '172.31.43.5', 'Windows 10', 'Chrome 135.0.0.0', '2025-04-08 23:33:04', NULL),
(2074, 'New Record inserted On behaviour category id 1', '1', 1, 'Insert', '172.31.2.52', 'Windows 10', 'Chrome 135.0.0.0', '2025-04-09 00:22:25', NULL),
(2075, 'New Record inserted On behaviour category id 2', '2', 1, 'Insert', '172.31.2.52', 'Windows 10', 'Chrome 135.0.0.0', '2025-04-09 00:22:48', NULL),
(2076, 'New Record inserted On behaviour category id 3', '3', 1, 'Insert', '172.31.2.52', 'Windows 10', 'Chrome 135.0.0.0', '2025-04-09 00:23:04', NULL),
(2077, 'New Record inserted On behaviour category id 4', '4', 1, 'Insert', '172.31.2.52', 'Windows 10', 'Chrome 135.0.0.0', '2025-04-09 00:23:25', NULL),
(2078, 'New Record inserted On behaviour category id 5', '5', 1, 'Insert', '172.31.2.52', 'Windows 10', 'Chrome 135.0.0.0', '2025-04-09 00:23:42', NULL),
(2079, 'New Record inserted On behaviour category id 6', '6', 1, 'Insert', '172.31.2.52', 'Windows 10', 'Chrome 135.0.0.0', '2025-04-09 00:24:27', NULL),
(2080, 'New Record inserted On behaviour category id 7', '7', 1, 'Insert', '172.31.2.52', 'Windows 10', 'Chrome 135.0.0.0', '2025-04-09 00:24:48', NULL),
(2081, 'New Record inserted On behaviour category id 8', '8', 1, 'Insert', '172.31.2.52', 'Windows 10', 'Chrome 135.0.0.0', '2025-04-09 00:25:06', NULL),
(2082, 'New Record inserted On homework id 3', '3', 1, 'Insert', '172.31.2.52', 'Windows 10', 'Chrome 135.0.0.0', '2025-04-09 06:14:46', NULL),
(2083, 'New Record inserted On homework id 4', '4', 1, 'Insert', '172.31.43.5', 'Windows 10', 'Chrome 135.0.0.0', '2025-04-09 06:21:10', NULL),
(2084, 'Record updated On homework id 4', '4', 1, 'Update', '172.31.2.52', 'Windows 10', 'Chrome 135.0.0.0', '2025-04-09 06:24:25', NULL),
(2085, 'New Record inserted On Daily Assignment id 1', '1', 0, 'Insert', '172.31.43.5', 'Windows 10', 'Chrome 135.0.0.0', '2025-04-09 06:25:27', NULL),
(2086, 'Record updated On Daily Assignment id 1', '1', 0, 'Update', '172.31.2.52', 'Windows 10', 'Chrome 135.0.0.0', '2025-04-09 06:25:39', NULL),
(2087, 'Record updated On Daily Assignment id 1', '1', 1, 'Update', '172.31.2.52', 'Windows 10', 'Chrome 135.0.0.0', '2025-04-09 06:29:16', NULL),
(2088, 'Record updated On  student behaviour id 6', '6', 1, 'Update', '172.31.2.52', 'Windows 10', 'Chrome 135.0.0.0', '2025-04-09 06:41:58', NULL),
(2089, 'Record updated On  student behaviour id 5', '5', 1, 'Update', '172.31.2.52', 'Windows 10', 'Chrome 135.0.0.0', '2025-04-09 06:42:20', NULL),
(2090, 'New Record inserted On student incidents id 11', '11', 1, 'Insert', '172.31.43.5', 'Windows 10', 'Chrome 135.0.0.0', '2025-04-09 06:43:21', NULL),
(2091, 'New Record inserted On student incidents id 12', '12', 1, 'Insert', '172.31.43.5', 'Windows 10', 'Chrome 135.0.0.0', '2025-04-09 06:43:21', NULL),
(2092, 'New Record inserted On student incidents id 13', '13', 1, 'Insert', '172.31.43.5', 'Windows 10', 'Chrome 135.0.0.0', '2025-04-09 06:43:21', NULL),
(2093, 'Record updated On students id 50', '50', 1, 'Update', '172.31.43.5', 'Windows 10', 'Chrome 135.0.0.0', '2025-04-09 06:46:39', NULL),
(2094, 'Record updated On  student session id 50', '50', 1, 'Update', '172.31.43.5', 'Windows 10', 'Chrome 135.0.0.0', '2025-04-09 06:46:39', NULL),
(2095, 'Record updated On students id 46', '46', 1, 'Update', '172.31.43.5', 'Windows 10', 'Chrome 135.0.0.0', '2025-04-09 06:47:00', NULL),
(2096, 'Record updated On  student session id 46', '46', 1, 'Update', '172.31.43.5', 'Windows 10', 'Chrome 135.0.0.0', '2025-04-09 06:47:00', NULL),
(2097, 'New Record inserted On student incidents id 14', '14', 1, 'Insert', '172.31.43.5', 'Windows 10', 'Chrome 135.0.0.0', '2025-04-09 06:47:42', NULL),
(2098, 'New Record inserted On student incidents id 15', '15', 1, 'Insert', '172.31.43.5', 'Windows 10', 'Chrome 135.0.0.0', '2025-04-09 06:48:07', NULL),
(2099, 'New Record inserted On cbse terms id 2', '2', 1, 'Insert', '172.31.43.5', 'Windows 10', 'Chrome 135.0.0.0', '2025-04-09 07:42:26', NULL),
(2100, 'New Record inserted On cbse exams id 2', '2', 1, 'Insert', '172.31.43.5', 'Windows 10', 'Chrome 135.0.0.0', '2025-04-09 07:45:00', NULL),
(2101, 'New Record inserted On cbse exam class sections id 10', '10', 1, 'Insert', '172.31.43.5', 'Windows 10', 'Chrome 135.0.0.0', '2025-04-09 07:45:00', NULL),
(2102, 'New Record inserted On cbse exam class sections id 11', '11', 1, 'Insert', '172.31.43.5', 'Windows 10', 'Chrome 135.0.0.0', '2025-04-09 07:45:00', NULL),
(2103, 'New Record inserted On cbse exam class sections id 12', '12', 1, 'Insert', '172.31.43.5', 'Windows 10', 'Chrome 135.0.0.0', '2025-04-09 07:45:00', NULL),
(2104, 'Record updated On cbse exams id 2', '2', 1, 'Update', '172.31.2.52', 'Windows 10', 'Chrome 135.0.0.0', '2025-04-09 07:51:53', NULL),
(2105, 'Record deleted On cbse exam class sections id 2', '2', 1, 'Delete', '172.31.2.52', 'Windows 10', 'Chrome 135.0.0.0', '2025-04-09 07:51:53', NULL),
(2106, 'New Record inserted On cbse exam class sections id 13', '13', 1, 'Insert', '172.31.2.52', 'Windows 10', 'Chrome 135.0.0.0', '2025-04-09 07:51:53', NULL),
(2107, 'New Record inserted On cbse exam class sections id 14', '14', 1, 'Insert', '172.31.2.52', 'Windows 10', 'Chrome 135.0.0.0', '2025-04-09 07:51:53', NULL),
(2108, 'New Record inserted On cbse exam class sections id 15', '15', 1, 'Insert', '172.31.2.52', 'Windows 10', 'Chrome 135.0.0.0', '2025-04-09 07:51:53', NULL),
(2109, 'Record updated On cbse exams id 2', '2', 1, 'Update', '172.31.2.52', 'Windows 10', 'Chrome 135.0.0.0', '2025-04-09 07:51:58', NULL),
(2110, 'Record deleted On cbse exam class sections id 2', '2', 1, 'Delete', '172.31.2.52', 'Windows 10', 'Chrome 135.0.0.0', '2025-04-09 07:51:58', NULL),
(2111, 'New Record inserted On cbse exam class sections id 16', '16', 1, 'Insert', '172.31.2.52', 'Windows 10', 'Chrome 135.0.0.0', '2025-04-09 07:51:58', NULL),
(2112, 'New Record inserted On cbse exam class sections id 17', '17', 1, 'Insert', '172.31.2.52', 'Windows 10', 'Chrome 135.0.0.0', '2025-04-09 07:51:58', NULL),
(2113, 'New Record inserted On cbse exam class sections id 18', '18', 1, 'Insert', '172.31.2.52', 'Windows 10', 'Chrome 135.0.0.0', '2025-04-09 07:51:58', NULL),
(2114, 'Record updated On cbse exams id 2', '2', 1, 'Update', '172.31.2.52', 'Windows 10', 'Chrome 135.0.0.0', '2025-04-09 07:52:29', NULL),
(2115, 'Record deleted On cbse exam class sections id 2', '2', 1, 'Delete', '172.31.2.52', 'Windows 10', 'Chrome 135.0.0.0', '2025-04-09 07:52:29', NULL),
(2116, 'New Record inserted On cbse exam class sections id 19', '19', 1, 'Insert', '172.31.2.52', 'Windows 10', 'Chrome 135.0.0.0', '2025-04-09 07:52:29', NULL),
(2117, 'New Record inserted On cbse exam class sections id 20', '20', 1, 'Insert', '172.31.2.52', 'Windows 10', 'Chrome 135.0.0.0', '2025-04-09 07:52:29', NULL),
(2118, 'New Record inserted On cbse exam class sections id 21', '21', 1, 'Insert', '172.31.2.52', 'Windows 10', 'Chrome 135.0.0.0', '2025-04-09 07:52:29', NULL),
(2119, 'New Record inserted On staff leave request id 1', '1', 1, 'Insert', '172.31.2.52', 'Windows 10', 'Chrome 135.0.0.0', '2025-04-09 08:47:26', NULL),
(2120, 'Record updated On staff leave request id 1', '1', 1, 'Update', '172.31.43.5', 'Windows 10', 'Chrome 135.0.0.0', '2025-04-09 08:52:19', NULL),
(2121, 'New Record inserted On staff leave request id 2', '2', 2, 'Insert', '172.31.43.5', 'Windows 10', 'Chrome 135.0.0.0', '2025-04-09 08:56:35', NULL),
(2122, 'Record updated On staff leave request id 2', '2', 1, 'Update', '172.31.43.5', 'Windows 10', 'Chrome 135.0.0.0', '2025-04-09 08:57:34', NULL),
(2123, 'Record updated On cbse exams id 1', '1', 1, 'Update', '172.31.2.52', 'Windows 10', 'Chrome 135.0.0.0', '2025-04-09 09:57:09', NULL),
(2124, 'Record deleted On cbse exam class sections id 1', '1', 1, 'Delete', '172.31.2.52', 'Windows 10', 'Chrome 135.0.0.0', '2025-04-09 09:57:09', NULL),
(2125, 'New Record inserted On cbse exam class sections id 22', '22', 1, 'Insert', '172.31.2.52', 'Windows 10', 'Chrome 135.0.0.0', '2025-04-09 09:57:09', NULL),
(2126, 'New Record inserted On cbse exam class sections id 23', '23', 1, 'Insert', '172.31.2.52', 'Windows 10', 'Chrome 135.0.0.0', '2025-04-09 09:57:09', NULL),
(2127, 'New Record inserted On cbse exam class sections id 24', '24', 1, 'Insert', '172.31.2.52', 'Windows 10', 'Chrome 135.0.0.0', '2025-04-09 09:57:09', NULL),
(2128, 'Record updated On cbse exams id 1', '1', 1, 'Update', '172.31.2.52', 'Windows 10', 'Chrome 135.0.0.0', '2025-04-09 09:57:40', NULL),
(2129, 'Record deleted On cbse exam class sections id 1', '1', 1, 'Delete', '172.31.2.52', 'Windows 10', 'Chrome 135.0.0.0', '2025-04-09 09:57:40', NULL),
(2130, 'New Record inserted On cbse exam class sections id 25', '25', 1, 'Insert', '172.31.2.52', 'Windows 10', 'Chrome 135.0.0.0', '2025-04-09 09:57:40', NULL),
(2131, 'New Record inserted On cbse exam class sections id 26', '26', 1, 'Insert', '172.31.2.52', 'Windows 10', 'Chrome 135.0.0.0', '2025-04-09 09:57:40', NULL),
(2132, 'New Record inserted On cbse exam class sections id 27', '27', 1, 'Insert', '172.31.2.52', 'Windows 10', 'Chrome 135.0.0.0', '2025-04-09 09:57:40', NULL),
(2133, 'Record updated On cbse exams id 1', '1', 1, 'Update', '172.31.2.52', 'Windows 10', 'Chrome 135.0.0.0', '2025-04-09 09:57:48', NULL),
(2134, 'Record deleted On cbse exam class sections id 1', '1', 1, 'Delete', '172.31.2.52', 'Windows 10', 'Chrome 135.0.0.0', '2025-04-09 09:57:48', NULL),
(2135, 'New Record inserted On cbse exam class sections id 28', '28', 1, 'Insert', '172.31.2.52', 'Windows 10', 'Chrome 135.0.0.0', '2025-04-09 09:57:48', NULL),
(2136, 'New Record inserted On cbse exam class sections id 29', '29', 1, 'Insert', '172.31.2.52', 'Windows 10', 'Chrome 135.0.0.0', '2025-04-09 09:57:48', NULL),
(2137, 'New Record inserted On cbse exam class sections id 30', '30', 1, 'Insert', '172.31.2.52', 'Windows 10', 'Chrome 135.0.0.0', '2025-04-09 09:57:48', NULL),
(2138, 'Record updated On  enquiry id 45', '45', 1, 'Update', '172.31.2.52', 'Windows 10', 'Chrome 135.0.0.0', '2025-04-09 10:53:09', NULL),
(2139, 'Record updated On  enquiry id 1', '1', 1, 'Update', '172.31.2.52', 'Windows 10', 'Chrome 135.0.0.0', '2025-04-09 10:53:27', NULL),
(2140, 'Record updated On  enquiry id 15', '15', 1, 'Update', '172.31.2.52', 'Windows 10', 'Chrome 135.0.0.0', '2025-04-09 10:55:18', NULL),
(2141, 'Record updated On  enquiry id 18', '18', 1, 'Update', '172.31.2.52', 'Windows 10', 'Chrome 135.0.0.0', '2025-04-09 10:55:39', NULL),
(2142, 'Record updated On  enquiry id 16', '16', 1, 'Update', '172.31.2.52', 'Windows 10', 'Chrome 135.0.0.0', '2025-04-09 10:58:07', NULL),
(2143, 'Record updated On  enquiry id 43', '43', 1, 'Update', '172.31.43.5', 'Windows 10', 'Chrome 135.0.0.0', '2025-04-09 11:00:08', NULL),
(2144, 'Record updated On  enquiry id 15', '15', 1, 'Update', '172.31.43.5', 'Windows 10', 'Chrome 135.0.0.0', '2025-04-09 11:00:16', NULL),
(2145, 'Record updated On  enquiry id 27', '27', 1, 'Update', '172.31.2.52', 'Windows 10', 'Chrome 135.0.0.0', '2025-04-09 11:00:28', NULL),
(2146, 'Record updated On  enquiry id 16', '16', 1, 'Update', '172.31.2.52', 'Windows 10', 'Chrome 135.0.0.0', '2025-04-09 11:01:25', NULL),
(2147, 'Record updated On  enquiry id 19', '19', 1, 'Update', '172.31.2.52', 'Windows 10', 'Chrome 135.0.0.0', '2025-04-09 11:01:38', NULL),
(2148, 'Record updated On  enquiry id 18', '18', 1, 'Update', '172.31.2.52', 'Windows 10', 'Chrome 135.0.0.0', '2025-04-09 11:04:08', NULL),
(2149, 'Record updated On cbse exams id 2', '2', 1, 'Update', '172.31.2.52', 'Windows 10', 'Chrome 135.0.0.0', '2025-04-10 11:42:16', NULL),
(2150, 'Record deleted On cbse exam class sections id 2', '2', 1, 'Delete', '172.31.2.52', 'Windows 10', 'Chrome 135.0.0.0', '2025-04-10 11:42:16', NULL),
(2151, 'New Record inserted On cbse exam class sections id 31', '31', 1, 'Insert', '172.31.2.52', 'Windows 10', 'Chrome 135.0.0.0', '2025-04-10 11:42:16', NULL),
(2152, 'New Record inserted On cbse exam class sections id 32', '32', 1, 'Insert', '172.31.2.52', 'Windows 10', 'Chrome 135.0.0.0', '2025-04-10 11:42:16', NULL),
(2153, 'New Record inserted On cbse exam class sections id 33', '33', 1, 'Insert', '172.31.2.52', 'Windows 10', 'Chrome 135.0.0.0', '2025-04-10 11:42:16', NULL),
(2154, 'New Record inserted On video tutorial id 1', '1', 1, 'Insert', '172.31.43.5', 'Windows 10', 'Chrome 135.0.0.0', '2025-04-11 22:53:17', NULL),
(2155, 'New Record inserted On Video Tutorial class sections id 1', '1', 1, 'Insert', '172.31.43.5', 'Windows 10', 'Chrome 135.0.0.0', '2025-04-11 22:53:17', NULL),
(2156, 'New Record inserted On Video Tutorial class sections id 2', '2', 1, 'Insert', '172.31.43.5', 'Windows 10', 'Chrome 135.0.0.0', '2025-04-11 22:53:17', NULL),
(2157, 'New Record inserted On Video Tutorial class sections id 3', '3', 1, 'Insert', '172.31.43.5', 'Windows 10', 'Chrome 135.0.0.0', '2025-04-11 22:53:17', NULL),
(2158, 'Record updated On staff id 4', '4', 1, 'Update', '172.31.15.60', 'Windows 10', 'Chrome 135.0.0.0', '2025-04-13 15:26:04', NULL),
(2159, 'Record updated On  topic id 48', '48', 1, 'Update', '172.31.15.60', 'Mac OS X', 'Chrome 135.0.0.0', '2025-04-13 17:08:19', NULL),
(2160, 'Record updated On staff id 1', '1', 1, 'Update', '172.31.13.108', 'Windows 10', 'Chrome 135.0.0.0', '2025-04-15 19:18:35', NULL),
(2161, 'Record updated On staff id 2', '2', 1, 'Update', '172.31.13.108', 'Windows 10', 'Chrome 135.0.0.0', '2025-04-15 19:47:40', NULL),
(2162, 'Record updated On staff id 2', '2', 1, 'Update', '172.31.13.108', 'Windows 10', 'Chrome 135.0.0.0', '2025-04-15 19:47:41', NULL),
(2163, 'Record updated On settings id 1', '1', 1, 'Update', '172.31.8.246', 'Windows 10', 'Chrome 135.0.0.0', '2025-04-16 17:39:33', NULL),
(2164, 'New Record inserted On  enquiry id 46', '46', 1, 'Insert', '172.31.41.45', 'Windows 10', 'Chrome 135.0.0.0', '2025-04-18 14:13:15', NULL),
(2165, 'New Record inserted On  Complain id 13', '13', 1, 'Insert', '172.31.41.45', 'Windows 10', 'Chrome 135.0.0.0', '2025-04-18 14:18:41', NULL),
(2166, 'Record updated On Complaint id 13', '13', 1, 'Update', '172.31.41.45', 'Windows 10', 'Chrome 135.0.0.0', '2025-04-18 14:19:30', NULL),
(2167, 'New Record inserted On  complaint_type id 6', '6', 1, 'Insert', '172.31.41.45', 'Windows 10', 'Chrome 135.0.0.0', '2025-04-18 14:20:39', NULL),
(2168, 'New Record inserted On  Complain id 14', '14', 1, 'Insert', '172.31.41.45', 'Windows 10', 'Chrome 135.0.0.0', '2025-04-18 14:21:07', NULL),
(2169, 'New Record inserted On student apply leave id 2', '2', 1, 'Insert', '172.31.8.246', 'Windows 10', 'Chrome 135.0.0.0', '2025-04-18 15:00:58', NULL),
(2170, 'Record updated On  topic id 184', '184', 1, 'Update', '172.31.41.45', 'Windows 10', 'Chrome 135.0.0.0', '2025-04-18 15:12:47', NULL),
(2171, 'New Record inserted On staff leave request id 3', '3', 2, 'Insert', '172.31.8.246', 'Windows 10', 'Chrome 135.0.0.0', '2025-04-18 15:19:53', NULL),
(2172, 'New Record inserted On homework id 5', '5', 1, 'Insert', '172.31.41.45', 'Windows 10', 'Chrome 135.0.0.0', '2025-04-18 15:33:11', NULL),
(2173, 'New Record inserted On Alumni Event id 1', '1', 1, 'Insert', '172.31.41.45', 'Windows 10', 'Chrome 135.0.0.0', '2025-04-18 15:48:29', NULL),
(2174, 'New Record inserted On homework id 6', '6', 1, 'Insert', '172.31.41.45', 'Windows 10', 'Chrome 135.0.0.0', '2025-04-20 07:54:34', NULL),
(2175, 'New Record inserted On homework id 7', '7', 1, 'Insert', '172.31.41.45', 'Android', 'Chrome 135.0.0.0', '2025-04-20 09:55:52', NULL),
(2176, 'New Record inserted On homework id 8', '8', 1, 'Insert', '172.31.16.237', 'Windows 10', 'Chrome 135.0.0.0', '2025-04-21 13:40:38', NULL),
(2177, 'New Record inserted On homework id 9', '9', 1, 'Insert', '172.31.16.237', 'Windows 10', 'Chrome 135.0.0.0', '2025-04-21 13:42:14', NULL),
(2178, 'New Record inserted On homework id 10', '10', 1, 'Insert', '172.31.16.237', 'Windows 10', 'Chrome 135.0.0.0', '2025-04-21 13:45:44', NULL),
(2179, 'New Record inserted On homework id 11', '11', 1, 'Insert', '172.31.41.45', 'Windows 10', 'Chrome 135.0.0.0', '2025-04-21 13:46:52', NULL),
(2180, 'New Record inserted On homework id 12', '12', 1, 'Insert', '172.31.2.31', 'Windows 10', 'Chrome 135.0.0.0', '2025-04-22 09:56:46', NULL),
(2181, 'Record updated On  topic id 45', '45', 1, 'Update', '172.31.16.237', 'Windows 10', 'Chrome 135.0.0.0', '2025-04-22 12:34:11', NULL),
(2182, 'Record updated On  topic id 45', '45', 1, 'Update', '172.31.16.237', 'Windows 10', 'Chrome 135.0.0.0', '2025-04-22 12:34:30', NULL),
(2183, 'Record updated On  topic id 49', '49', 1, 'Update', '172.31.41.45', 'Windows 10', 'Chrome 135.0.0.0', '2025-04-23 18:14:54', NULL),
(2184, 'New Record inserted On homework id 13', '13', 1, 'Insert', '172.31.41.45', 'Windows 10', 'Chrome 135.0.0.0', '2025-04-23 18:14:54', NULL),
(2185, 'New Record inserted On cbse exams id 3', '3', 1, 'Insert', '172.31.2.31', 'Windows 10', 'Chrome 135.0.0.0', '2025-04-25 11:23:53', NULL),
(2186, 'New Record inserted On cbse exam class sections id 34', '34', 1, 'Insert', '172.31.2.31', 'Windows 10', 'Chrome 135.0.0.0', '2025-04-25 11:23:53', NULL),
(2187, 'New Record inserted On cbse exam class sections id 35', '35', 1, 'Insert', '172.31.2.31', 'Windows 10', 'Chrome 135.0.0.0', '2025-04-25 11:23:53', NULL),
(2188, 'New Record inserted On cbse exam class sections id 36', '36', 1, 'Insert', '172.31.2.31', 'Windows 10', 'Chrome 135.0.0.0', '2025-04-25 11:23:53', NULL),
(2189, 'Record updated On cbse exams id 3', '3', 1, 'Update', '172.31.2.31', 'Windows 10', 'Chrome 135.0.0.0', '2025-04-25 11:26:13', NULL),
(2190, 'Record deleted On cbse exam class sections id 3', '3', 1, 'Delete', '172.31.2.31', 'Windows 10', 'Chrome 135.0.0.0', '2025-04-25 11:26:13', NULL),
(2191, 'New Record inserted On cbse exam class sections id 37', '37', 1, 'Insert', '172.31.2.31', 'Windows 10', 'Chrome 135.0.0.0', '2025-04-25 11:26:13', NULL),
(2192, 'New Record inserted On cbse exam class sections id 38', '38', 1, 'Insert', '172.31.2.31', 'Windows 10', 'Chrome 135.0.0.0', '2025-04-25 11:26:13', NULL),
(2193, 'New Record inserted On cbse exam class sections id 39', '39', 1, 'Insert', '172.31.2.31', 'Windows 10', 'Chrome 135.0.0.0', '2025-04-25 11:26:13', NULL),
(2194, 'Record deleted On cbse exams id 3', '3', 1, 'Delete', '172.31.41.45', 'Windows 10', 'Chrome 135.0.0.0', '2025-04-25 11:28:19', NULL),
(2195, 'New Record inserted On  income head   id 1', '1', 1, 'Insert', '172.31.40.118', 'Windows 10', 'Chrome 135.0.0.0', '2025-04-29 13:13:11', NULL),
(2196, 'Record updated On  income head   id 1', '1', 1, 'Update', '172.31.40.118', 'Windows 10', 'Chrome 135.0.0.0', '2025-04-29 13:13:27', NULL),
(2197, 'Record updated On  income head   id 1', '1', 1, 'Update', '172.31.40.118', 'Windows 10', 'Chrome 135.0.0.0', '2025-04-29 13:13:39', NULL),
(2198, 'Record updated On  income head   id 1', '1', 1, 'Update', '172.31.40.118', 'Windows 10', 'Chrome 135.0.0.0', '2025-04-29 13:14:02', NULL),
(2199, 'Record updated On  income head   id 1', '1', 1, 'Update', '172.31.40.118', 'Windows 10', 'Chrome 135.0.0.0', '2025-04-29 13:15:03', NULL),
(2200, 'New Record inserted On  expense head id 8', '8', 1, 'Insert', '172.31.40.118', 'Windows 10', 'Chrome 135.0.0.0', '2025-04-29 13:15:57', NULL),
(2201, 'Record updated On  expense head id 8', '8', 1, 'Update', '172.31.40.118', 'Windows 10', 'Chrome 135.0.0.0', '2025-04-29 13:17:03', NULL),
(2202, 'New Record inserted On  income head   id 2', '2', 1, 'Insert', '172.31.40.118', 'Windows 10', 'Chrome 135.0.0.0', '2025-04-29 13:17:38', NULL),
(2203, 'Record updated On  expense head id 8', '8', 1, 'Update', '172.31.40.118', 'Windows 10', 'Chrome 135.0.0.0', '2025-04-29 13:18:50', NULL),
(2204, 'Record updated On  expense head id 8', '8', 1, 'Update', '172.31.40.118', 'Windows 10', 'Chrome 135.0.0.0', '2025-04-29 13:19:11', NULL),
(2205, 'Record updated On  expense head id 8', '8', 1, 'Update', '172.31.2.31', 'Windows 10', 'Chrome 135.0.0.0', '2025-04-29 13:19:34', NULL),
(2206, 'New Record inserted On  expenses   id 11', '11', 1, 'Insert', '172.31.2.31', 'Windows 10', 'Chrome 135.0.0.0', '2025-04-29 13:20:19', NULL),
(2207, 'New Record inserted On  income head   id 1', '1', 1, 'Insert', '172.31.40.118', 'Windows 10', 'Chrome 135.0.0.0', '2025-04-29 13:23:24', NULL),
(2208, 'New Record inserted On  income head   id 2', '2', 1, 'Insert', '172.31.40.118', 'Windows 10', 'Chrome 135.0.0.0', '2025-04-29 13:23:46', NULL),
(2209, 'New Record inserted On  income head   id 8', '8', 1, 'Insert', '172.31.16.237', 'Windows 10', 'Chrome 135.0.0.0', '2025-04-29 13:24:11', NULL),
(2210, 'Record updated On  income head   id 8', '8', 1, 'Update', '172.31.16.237', 'Windows 10', 'Chrome 135.0.0.0', '2025-04-29 13:24:57', NULL),
(2211, 'New Record inserted On  Income   id 10', '10', 1, 'Insert', '172.31.16.237', 'Windows 10', 'Chrome 135.0.0.0', '2025-04-29 13:25:51', NULL),
(2212, 'Record deleted On  income head   id 1', '1', 1, 'Delete', '172.31.2.31', 'Windows 10', 'Chrome 135.0.0.0', '2025-04-29 15:00:13', NULL),
(2213, 'Record deleted On  income head   id 2', '2', 1, 'Delete', '172.31.2.31', 'Windows 10', 'Chrome 135.0.0.0', '2025-04-29 15:00:18', NULL),
(2214, 'New Record inserted On  income head   id 3', '3', 1, 'Insert', '172.31.2.31', 'Windows 10', 'Chrome 135.0.0.0', '2025-04-29 15:00:42', NULL),
(2215, 'New Record inserted On  income head   id 4', '4', 1, 'Insert', '172.31.2.31', 'Windows 10', 'Chrome 135.0.0.0', '2025-04-29 15:00:55', NULL),
(2216, 'Record deleted On  income head   id 4', '4', 1, 'Delete', '172.31.16.237', 'Windows 10', 'Chrome 135.0.0.0', '2025-04-29 15:03:03', NULL),
(2217, 'Record deleted On  income head   id 3', '3', 1, 'Delete', '172.31.16.237', 'Windows 10', 'Chrome 135.0.0.0', '2025-04-29 15:03:07', NULL),
(2218, 'New Record inserted On  income head   id 5', '5', 1, 'Insert', '172.31.16.237', 'Windows 10', 'Chrome 135.0.0.0', '2025-04-29 15:03:14', NULL),
(2219, 'New Record inserted On  income head   id 6', '6', 1, 'Insert', '172.31.16.237', 'Windows 10', 'Chrome 135.0.0.0', '2025-04-29 15:03:28', NULL),
(2220, 'New Record inserted On  income head   id 7', '7', 1, 'Insert', '172.31.16.237', 'Windows 10', 'Chrome 135.0.0.0', '2025-04-29 15:03:41', NULL),
(2221, 'Record deleted On  expense head id 3', '3', 1, 'Delete', '172.31.16.237', 'Windows 10', 'Chrome 135.0.0.0', '2025-04-29 15:03:54', NULL),
(2222, 'Record deleted On  expense head id 4', '4', 1, 'Delete', '172.31.16.237', 'Windows 10', 'Chrome 135.0.0.0', '2025-04-29 15:03:58', NULL),
(2223, 'Record deleted On  expense head id 6', '6', 1, 'Delete', '172.31.16.237', 'Windows 10', 'Chrome 135.0.0.0', '2025-04-29 15:04:04', NULL),
(2224, 'Record deleted On  expense head id 5', '5', 1, 'Delete', '172.31.16.237', 'Windows 10', 'Chrome 135.0.0.0', '2025-04-29 15:04:08', NULL),
(2225, 'Record deleted On  expense head id 7', '7', 1, 'Delete', '172.31.16.237', 'Windows 10', 'Chrome 135.0.0.0', '2025-04-29 15:04:13', NULL),
(2226, 'New Record inserted On  expense head id 9', '9', 1, 'Insert', '172.31.2.31', 'Windows 10', 'Chrome 135.0.0.0', '2025-04-29 15:05:07', NULL),
(2227, 'New Record inserted On  expense head id 10', '10', 1, 'Insert', '172.31.2.31', 'Windows 10', 'Chrome 135.0.0.0', '2025-04-29 15:05:54', NULL),
(2228, 'New Record inserted On  expense head id 11', '11', 1, 'Insert', '172.31.40.118', 'Windows 10', 'Chrome 135.0.0.0', '2025-04-29 15:06:25', NULL),
(2229, 'New Record inserted On  expenses   id 12', '12', 1, 'Insert', '172.31.16.237', 'Windows 10', 'Chrome 135.0.0.0', '2025-04-29 15:07:35', NULL),
(2230, 'New Record inserted On  expenses   id 13', '13', 1, 'Insert', '172.31.16.237', 'Windows 10', 'Chrome 135.0.0.0', '2025-04-29 15:08:14', NULL),
(2231, 'Record updated On  expense head id 11', '11', 1, 'Update', '172.31.40.118', 'Windows 10', 'Chrome 135.0.0.0', '2025-04-29 15:08:49', NULL),
(2232, 'New Record inserted On  expenses   id 14', '14', 1, 'Insert', '172.31.40.118', 'Windows 10', 'Chrome 135.0.0.0', '2025-04-29 15:09:18', NULL),
(2233, 'Record deleted On  income head   id 1', '1', 1, 'Delete', '172.31.40.118', 'Windows 10', 'Chrome 135.0.0.0', '2025-04-29 15:10:15', NULL),
(2234, 'Record deleted On  income head   id 2', '2', 1, 'Delete', '172.31.40.118', 'Windows 10', 'Chrome 135.0.0.0', '2025-04-29 15:10:19', NULL),
(2235, 'New Record inserted On  income head   id 3', '3', 1, 'Insert', '172.31.40.118', 'Windows 10', 'Chrome 135.0.0.0', '2025-04-29 15:10:30', NULL),
(2236, 'New Record inserted On  income head   id 4', '4', 1, 'Insert', '172.31.40.118', 'Windows 10', 'Chrome 135.0.0.0', '2025-04-29 15:10:53', NULL),
(2237, 'New Record inserted On  income head   id 5', '5', 1, 'Insert', '172.31.40.118', 'Windows 10', 'Chrome 135.0.0.0', '2025-04-29 15:11:07', NULL),
(2238, 'Record deleted On  income head   id 3', '3', 1, 'Delete', '172.31.16.237', 'Windows 10', 'Chrome 135.0.0.0', '2025-04-29 15:11:33', NULL),
(2239, 'Record deleted On  income head   id 4', '4', 1, 'Delete', '172.31.16.237', 'Windows 10', 'Chrome 135.0.0.0', '2025-04-29 15:11:37', NULL),
(2240, 'Record deleted On  income head   id 5', '5', 1, 'Delete', '172.31.16.237', 'Windows 10', 'Chrome 135.0.0.0', '2025-04-29 15:11:42', NULL),
(2241, 'Record deleted On  income head   id 6', '6', 1, 'Delete', '172.31.16.237', 'Windows 10', 'Chrome 135.0.0.0', '2025-04-29 15:11:46', NULL),
(2242, 'Record deleted On  income head   id 7', '7', 1, 'Delete', '172.31.16.237', 'Windows 10', 'Chrome 135.0.0.0', '2025-04-29 15:11:50', NULL),
(2243, 'New Record inserted On  income head   id 10', '10', 1, 'Insert', '172.31.16.237', 'Windows 10', 'Chrome 135.0.0.0', '2025-04-29 15:12:01', NULL),
(2244, 'New Record inserted On  income head   id 11', '11', 1, 'Insert', '172.31.16.237', 'Windows 10', 'Chrome 135.0.0.0', '2025-04-29 15:12:12', NULL),
(2245, 'New Record inserted On  income head   id 12', '12', 1, 'Insert', '172.31.2.31', 'Windows 10', 'Chrome 135.0.0.0', '2025-04-29 15:12:23', NULL),
(2246, 'New Record inserted On  Income   id 11', '11', 1, 'Insert', '172.31.2.31', 'Windows 10', 'Chrome 135.0.0.0', '2025-04-29 15:13:11', NULL),
(2247, 'New Record inserted On  Income   id 12', '12', 1, 'Insert', '172.31.40.118', 'Windows 10', 'Chrome 135.0.0.0', '2025-04-29 15:13:45', NULL),
(2248, 'New Record inserted On  Income   id 13', '13', 1, 'Insert', '172.31.2.31', 'Windows 10', 'Chrome 135.0.0.0', '2025-04-29 15:14:23', NULL),
(2249, 'New Record inserted On  Income   id 14', '14', 1, 'Insert', '172.31.2.31', 'Windows 10', 'Chrome 135.0.0.0', '2025-04-29 15:17:10', NULL),
(2250, 'Record updated On  topic id 50', '50', 1, 'Update', '172.31.2.31', 'Windows 10', 'Chrome 135.0.0.0', '2025-04-29 15:32:48', NULL),
(2251, 'Record updated On  topic id 50', '50', 1, 'Update', '172.31.2.31', 'Windows 10', 'Chrome 135.0.0.0', '2025-04-29 15:35:10', NULL),
(2252, 'New Record inserted On homework id 14', '14', 1, 'Insert', '172.31.2.31', 'Windows 10', 'Chrome 135.0.0.0', '2025-04-29 15:35:23', NULL),
(2253, 'Record updated On  topic id 50', '50', 1, 'Update', '172.31.2.31', 'Windows 10', 'Chrome 135.0.0.0', '2025-04-29 15:35:23', NULL),
(2254, 'New Record inserted On homework id 15', '15', 1, 'Insert', '172.31.2.31', 'Windows 10', 'Chrome 135.0.0.0', '2025-04-30 16:17:35', NULL),
(2255, 'Record updated On homework id 15', '15', 1, 'Update', '172.31.2.31', 'Windows 10', 'Chrome 135.0.0.0', '2025-04-30 16:24:22', NULL),
(2256, 'New Record inserted On homework id 16', '16', 1, 'Insert', '172.31.2.31', 'Windows 10', 'Chrome 135.0.0.0', '2025-04-30 16:55:53', NULL),
(2257, 'Record updated On  topic id 94', '94', 1, 'Update', '172.31.2.31', 'Windows 10', 'Chrome 135.0.0.0', '2025-04-30 16:55:53', NULL),
(2258, 'Record updated On homework id 16', '16', 1, 'Update', '172.31.34.250', 'Windows 10', 'Chrome 135.0.0.0', '2025-04-30 17:17:03', NULL),
(2259, 'New Record inserted On lesson id 46', '46', 1, 'Insert', '172.31.16.237', 'Windows 10', 'Chrome 135.0.0.0', '2025-04-30 17:37:57', NULL),
(2260, 'New Record inserted On topic id 224', '224', 1, 'Insert', '172.31.34.250', 'Windows 10', 'Chrome 135.0.0.0', '2025-04-30 17:39:07', NULL),
(2261, 'New Record inserted On  online exam id 120', '120', 1, 'Insert', '172.31.34.250', 'Windows 10', 'Chrome 135.0.0.0', '2025-05-06 15:32:17', NULL),
(2262, 'New Record inserted On  online exam id 121', '121', 1, 'Insert', '172.31.34.250', 'Windows 10', 'Chrome 135.0.0.0', '2025-05-06 15:33:08', NULL),
(2263, 'New Record inserted On  questions id 122', '122', 1, 'Insert', '172.31.34.250', 'Windows 10', 'Chrome 135.0.0.0', '2025-05-06 15:37:57', NULL),
(2264, 'New Record inserted On  onlineexam questions id 312', '312', 1, 'Insert', '172.31.34.250', 'Windows 10', 'Chrome 135.0.0.0', '2025-05-06 16:57:26', NULL),
(2265, 'New Record inserted On  questions id 123', '123', 1, 'Insert', '172.31.13.22', 'Windows 10', 'Chrome 135.0.0.0', '2025-05-06 17:46:51', NULL),
(2266, 'New Record inserted On  questions id 124', '124', 1, 'Insert', '172.31.24.100', 'Windows 10', 'Chrome 135.0.0.0', '2025-05-06 17:49:06', NULL),
(2267, 'New Record inserted On  questions id 125', '125', 1, 'Insert', '172.31.24.100', 'Windows 10', 'Chrome 135.0.0.0', '2025-05-06 17:50:46', NULL),
(2268, 'New Record inserted On  questions id 126', '126', 1, 'Insert', '172.31.24.100', 'Windows 10', 'Chrome 135.0.0.0', '2025-05-06 17:52:33', NULL),
(2269, 'New Record inserted On  questions id 127', '127', 1, 'Insert', '172.31.34.250', 'Windows 10', 'Chrome 135.0.0.0', '2025-05-06 17:55:04', NULL),
(2270, 'New Record inserted On  questions id 128', '128', 1, 'Insert', '172.31.13.22', 'Windows 10', 'Chrome 135.0.0.0', '2025-05-06 17:56:53', NULL),
(2271, 'New Record inserted On  questions id 129', '129', 1, 'Insert', '172.31.24.100', 'Windows 10', 'Chrome 135.0.0.0', '2025-05-06 17:58:21', NULL),
(2272, 'New Record inserted On  onlineexam questions id 313', '313', 1, 'Insert', '172.31.24.100', 'Windows 10', 'Chrome 135.0.0.0', '2025-05-06 17:59:16', NULL),
(2273, 'New Record inserted On  onlineexam questions id 314', '314', 1, 'Insert', '172.31.34.250', 'Windows 10', 'Chrome 135.0.0.0', '2025-05-06 17:59:28', NULL),
(2274, 'New Record inserted On  onlineexam questions id 315', '315', 1, 'Insert', '172.31.34.250', 'Windows 10', 'Chrome 135.0.0.0', '2025-05-06 17:59:40', NULL),
(2275, 'New Record inserted On  onlineexam questions id 316', '316', 1, 'Insert', '172.31.34.250', 'Windows 10', 'Chrome 135.0.0.0', '2025-05-06 17:59:49', NULL),
(2276, 'New Record inserted On  onlineexam questions id 317', '317', 1, 'Insert', '172.31.34.250', 'Windows 10', 'Chrome 135.0.0.0', '2025-05-06 18:00:01', NULL),
(2277, 'New Record inserted On  onlineexam questions id 318', '318', 1, 'Insert', '172.31.34.250', 'Windows 10', 'Chrome 135.0.0.0', '2025-05-06 18:00:06', NULL),
(2278, 'Record deleted On  onlineexam questions id 318', '318', 1, 'Delete', '172.31.34.250', 'Windows 10', 'Chrome 135.0.0.0', '2025-05-06 18:00:06', NULL),
(2279, 'New Record inserted On  onlineexam questions id 319', '319', 1, 'Insert', '172.31.34.250', 'Windows 10', 'Chrome 135.0.0.0', '2025-05-06 18:00:08', NULL),
(2280, 'New Record inserted On  onlineexam questions id 320', '320', 1, 'Insert', '172.31.34.250', 'Windows 10', 'Chrome 135.0.0.0', '2025-05-06 18:00:13', NULL),
(2281, 'New Record inserted On  onlineexam questions id 321', '321', 1, 'Insert', '172.31.34.250', 'Windows 10', 'Chrome 135.0.0.0', '2025-05-06 18:00:22', NULL),
(2282, 'New Record inserted On  onlineexam questions id 322', '322', 1, 'Insert', '172.31.24.100', 'Windows 10', 'Chrome 135.0.0.0', '2025-05-06 18:00:34', NULL),
(2283, 'New Record inserted On  questions id 130', '130', 1, 'Insert', '172.31.24.100', 'Windows 10', 'Chrome 135.0.0.0', '2025-05-06 18:02:00', NULL),
(2284, 'New Record inserted On  onlineexam questions id 323', '323', 1, 'Insert', '172.31.13.22', 'Windows 10', 'Chrome 135.0.0.0', '2025-05-06 18:03:40', NULL),
(2285, 'Record updated On staff id 5', '5', 3, 'Update', '::1', 'Windows 10', 'Chrome 136.0.0.0', '2025-05-09 08:43:07', NULL),
(2286, 'New Record inserted On  online exam id 122', '122', 2, 'Insert', '::1', 'Windows 10', 'Chrome 136.0.0.0', '2025-05-12 07:45:56', NULL),
(2287, 'New Record inserted On  online exam id 123', '123', 2, 'Insert', '::1', 'Windows 10', 'Chrome 136.0.0.0', '2025-05-12 07:47:22', NULL),
(2288, 'Record updated On  online exam id 122', '122', 2, 'Update', '::1', 'Windows 10', 'Chrome 136.0.0.0', '2025-05-12 07:47:47', NULL),
(2289, 'Record updated On  online exam id 122', '122', 2, 'Update', '::1', 'Windows 10', 'Chrome 136.0.0.0', '2025-05-12 07:47:47', NULL),
(2290, 'New Record inserted On  onlineexam questions id 324', '324', 2, 'Insert', '::1', 'Windows 10', 'Chrome 136.0.0.0', '2025-05-12 07:48:28', NULL),
(2291, 'New Record inserted On  onlineexam questions id 325', '325', 2, 'Insert', '::1', 'Windows 10', 'Chrome 136.0.0.0', '2025-05-12 07:48:30', NULL),
(2292, 'New Record inserted On  onlineexam questions id 326', '326', 2, 'Insert', '::1', 'Windows 10', 'Chrome 136.0.0.0', '2025-05-12 07:48:58', NULL),
(2293, 'New Record inserted On  onlineexam questions id 327', '327', 2, 'Insert', '::1', 'Windows 10', 'Chrome 136.0.0.0', '2025-05-12 07:49:01', NULL),
(2294, 'New Record inserted On  onlineexam questions id 328', '328', 2, 'Insert', '::1', 'Windows 10', 'Chrome 136.0.0.0', '2025-05-12 07:50:09', NULL),
(2295, 'Record deleted On  onlineexam questions id 328', '328', 2, 'Delete', '::1', 'Windows 10', 'Chrome 136.0.0.0', '2025-05-12 07:50:10', NULL),
(2296, 'New Record inserted On  onlineexam questions id 329', '329', 2, 'Insert', '::1', 'Windows 10', 'Chrome 136.0.0.0', '2025-05-12 07:50:12', NULL),
(2297, 'New Record inserted On  onlineexam questions id 330', '330', 2, 'Insert', '::1', 'Windows 10', 'Chrome 136.0.0.0', '2025-05-12 07:50:21', NULL),
(2298, 'New Record inserted On  onlineexam questions id 331', '331', 2, 'Insert', '::1', 'Windows 10', 'Chrome 136.0.0.0', '2025-05-12 07:51:03', NULL),
(2299, 'New Record inserted On  onlineexam questions id 332', '332', 2, 'Insert', '::1', 'Windows 10', 'Chrome 136.0.0.0', '2025-05-12 07:51:07', NULL),
(2300, 'Record updated On  online exam id 123', '123', 2, 'Update', '::1', 'Windows 10', 'Chrome 136.0.0.0', '2025-05-12 08:06:41', NULL),
(2301, 'Record updated On  online exam id 123', '123', 2, 'Update', '::1', 'Windows 10', 'Chrome 136.0.0.0', '2025-05-12 08:06:51', NULL),
(2302, 'Record updated On  online exam id 123', '123', 2, 'Update', '::1', 'Windows 10', 'Chrome 136.0.0.0', '2025-05-12 08:09:24', NULL);

-- --------------------------------------------------------

--
-- Table structure for table `mark_divisions`
--

CREATE TABLE `mark_divisions` (
  `id` int(11) NOT NULL,
  `name` varchar(200) DEFAULT NULL,
  `percentage_from` float(10,2) DEFAULT NULL,
  `percentage_to` float(10,2) DEFAULT NULL,
  `is_active` int(11) DEFAULT 1,
  `created_at` timestamp NOT NULL DEFAULT current_timestamp() ON UPDATE current_timestamp()
) ENGINE=InnoDB DEFAULT CHARSET=utf8 COLLATE=utf8_general_ci;

-- --------------------------------------------------------

--
-- Table structure for table `messages`
--

CREATE TABLE `messages` (
  `id` int(11) NOT NULL,
  `title` varchar(200) DEFAULT NULL,
  `template_id` varchar(100) DEFAULT NULL,
  `email_template_id` int(11) DEFAULT NULL,
  `sms_template_id` int(11) DEFAULT NULL,
  `send_through` varchar(20) DEFAULT NULL,
  `message` text DEFAULT NULL,
  `send_mail` varchar(10) DEFAULT '0',
  `send_sms` varchar(10) DEFAULT '0',
  `is_group` varchar(10) DEFAULT '0',
  `is_individual` varchar(10) DEFAULT '0',
  `is_class` int(11) NOT NULL DEFAULT 0,
  `is_schedule` int(11) NOT NULL,
  `sent` int(11) DEFAULT NULL,
  `schedule_date_time` datetime DEFAULT NULL,
  `group_list` text DEFAULT NULL,
  `user_list` text DEFAULT NULL,
  `schedule_class` int(11) DEFAULT NULL,
  `schedule_section` varchar(255) DEFAULT NULL,
  `created_at` timestamp NOT NULL DEFAULT current_timestamp() ON UPDATE current_timestamp(),
  `updated_at` date DEFAULT NULL
) ENGINE=InnoDB DEFAULT CHARSET=utf8 COLLATE=utf8_general_ci;

-- --------------------------------------------------------

--
-- Table structure for table `migrations`
--

CREATE TABLE `migrations` (
  `version` bigint(20) NOT NULL
) ENGINE=InnoDB DEFAULT CHARSET=utf8 COLLATE=utf8_general_ci;

-- --------------------------------------------------------

--
-- Table structure for table `notification_roles`
--

CREATE TABLE `notification_roles` (
  `id` int(11) NOT NULL,
  `send_notification_id` int(11) DEFAULT NULL,
  `role_id` int(11) DEFAULT NULL,
  `is_active` int(11) DEFAULT 0,
  `created_at` timestamp NOT NULL DEFAULT current_timestamp() ON UPDATE current_timestamp()
) ENGINE=InnoDB DEFAULT CHARSET=utf8 COLLATE=utf8_general_ci;

--
-- Dumping data for table `notification_roles`
--

INSERT INTO `notification_roles` (`id`, `send_notification_id`, `role_id`, `is_active`, `created_at`) VALUES
(1, 1, 7, 0, '2025-04-02 11:29:45'),
(2, 2, 7, 0, '2025-04-02 11:37:29');

-- --------------------------------------------------------

--
-- Table structure for table `notification_setting`
--

CREATE TABLE `notification_setting` (
  `id` int(11) NOT NULL,
  `type` varchar(100) DEFAULT NULL,
  `is_mail` varchar(10) DEFAULT '0',
  `is_sms` varchar(10) DEFAULT '0',
  `is_notification` int(11) NOT NULL DEFAULT 0,
  `display_notification` int(11) NOT NULL DEFAULT 0,
  `display_sms` int(11) NOT NULL DEFAULT 1,
  `is_student_recipient` int(11) DEFAULT NULL,
  `is_guardian_recipient` int(11) DEFAULT NULL,
  `is_staff_recipient` int(11) DEFAULT NULL,
  `display_student_recipient` int(11) DEFAULT NULL,
  `display_guardian_recipient` int(11) DEFAULT NULL,
  `display_staff_recipient` int(11) DEFAULT NULL,
  `subject` varchar(255) NOT NULL,
  `template_id` varchar(100) NOT NULL,
  `template` longtext NOT NULL,
  `variables` text NOT NULL,
  `created_at` timestamp NOT NULL DEFAULT current_timestamp() ON UPDATE current_timestamp()
) ENGINE=InnoDB DEFAULT CHARSET=utf8 COLLATE=utf8_general_ci;

--
-- Dumping data for table `notification_setting`
--

INSERT INTO `notification_setting` (`id`, `type`, `is_mail`, `is_sms`, `is_notification`, `display_notification`, `display_sms`, `is_student_recipient`, `is_guardian_recipient`, `is_staff_recipient`, `display_student_recipient`, `display_guardian_recipient`, `display_staff_recipient`, `subject`, `template_id`, `template`, `variables`, `created_at`) VALUES
(1, 'student_admission', '1', '0', 0, 0, 1, 1, 1, NULL, 1, 1, NULL, 'Student Admission', '', 'Dear {{student_name}} your admission is confirm in Class: {{class}} Section:  {{section}} for Session: {{current_session_name}} for more \r\ndetail\r\n contact\r\n System\r\n Admin\r\n {{class}} {{section}} {{admission_no}} {{roll_no}} {{admission_date}} {{mobileno}} {{email}} {{dob}} {{guardian_name}} {{guardian_relation}} {{guardian_phone}} {{father_name}} {{father_phone}} {{blood_group}} {{mother_name}} {{gender}} {{guardian_email}}', '{{student_name}} {{class}}  {{section}}  {{admission_no}}  {{roll_no}}  {{admission_date}}   {{mobileno}}  {{email}}  {{dob}}  {{guardian_name}}  {{guardian_relation}}  {{guardian_phone}}  {{father_name}}  {{father_phone}}  {{blood_group}}  {{mother_name}}  {{gender}} {{guardian_email}} {{current_session_name}} ', '2022-12-28 09:52:24'),
(2, 'exam_result', '1', '0', 0, 1, 1, 1, NULL, NULL, 1, 1, NULL, 'Exam Result', '', 'Dear {{student_name}} - {{exam_roll_no}}, your {{exam}} result has been published.', '{{student_name}} {{exam_roll_no}} {{exam}}', '2022-12-28 09:52:24'),
(3, 'fee_submission', '1', '0', 0, 1, 1, 1, 1, NULL, 1, 1, NULL, 'Fee Submission', '', 'Dear parents, we have received Fees Amount {{fee_amount}} for  {{student_name}}  by Your School Name \r\n{{class}} {{section}} {{fine_type}} {{fine_percentage}} {{fine_amount}} {{fee_group_name}} {{type}} {{code}} {{email}} {{contact_no}} {{invoice_id}} {{sub_invoice_id}} {{due_date}} {{amount}} {{fee_amount}}', '{{student_name}} {{class}} {{section}} {{fine_type}} {{fine_percentage}} {{fine_amount}} {{fee_group_name}} {{type}} {{code}} {{email}} {{contact_no}} {{invoice_id}} {{sub_invoice_id}} {{due_date}} {{amount}} {{fee_amount}}', '2022-12-28 09:52:24'),
(4, 'absent_attendence', '1', '0', 0, 1, 1, 1, 1, NULL, 1, 1, NULL, 'Absent Attendence', '', 'Absent Notice :{{student_name}}  was absent on date {{date}} in period {{subject_name}} {{subject_code}} {{subject_type}} from Your School Name', '{{student_name}} {{mobileno}} {{email}} {{father_name}} {{father_phone}} {{father_occupation}} {{mother_name}} {{mother_phone}} {{guardian_name}} {{guardian_phone}} {{guardian_occupation}} {{guardian_email}} {{date}} {{current_session_name}} {{time_from}} {{time_to}} {{subject_name}} {{subject_code}} {{subject_type}}  ', '2022-12-28 09:52:24'),
(6, 'homework', '1', '0', 0, 1, 1, 1, NULL, NULL, 1, 1, NULL, 'Homework', '', 'New Homework has been created for \r\n{{student_name}} at\r\n\r\n\r\n\r\n{{homework_date}} for the class {{class}} {{section}} {{subject}}. kindly submit your\r\n\r\n\r\n homework before {{submit_date}} .Thank you', '{{homework_date}} {{submit_date}} {{class}} {{section}} {{subject}} {{student_name}} {{admission_no}} ', '2022-12-28 09:52:24'),
(7, 'fees_reminder', '1', '0', 0, 1, 1, 1, 1, NULL, 1, 1, NULL, 'Fees Reminder', '', 'Dear parents, please pay fee amount Rs.{{due_amount}} of {{fee_type}} before {{due_date}} for {{student_name}}  from LMS (ignore if you already paid)', '{{fee_type}}{{fee_code}}{{due_date}}{{student_name}}{{school_name}}{{fee_amount}}{{due_amount}}{{deposit_amount}} ', '2022-12-28 09:52:24'),
(8, 'forgot_password', '1', '0', 0, 0, 0, 1, 1, 1, 1, 1, 1, 'Forgot Password', '', 'Dear  {{name}} , \r\n    Recently a request was submitted to reset password for your account. If you didn\'t make the request, just ignore this email. Otherwise you can reset your password using this link <a href=\'{{resetPassLink}}\'>Click here to reset your password</a>,\r\nif you\'re having trouble clicking the password reset button, copy and paste the URL below into your web browser. your username {{username}}\r\n{{resetPassLink}}\r\n Regards,\r\n {{school_name}}', '{{school_name}}{{name}}{{username}}{{resetPassLink}} ', '2022-12-28 09:52:24'),
(9, 'online_examination_publish_exam', '1', '0', 0, 1, 1, 1, NULL, NULL, 1, 1, NULL, 'Online Examination Publish Exam', '', 'A new exam {{exam_title}} has been created for  duration: {{time_duration}} min, which will be available from:  {{exam_from}} to  {{exam_to}}.', '{{exam_title}} {{exam_from}} {{exam_to}} {{time_duration}} {{attempt}} {{passing_percentage}}', '2022-12-28 09:52:24'),
(10, 'online_examination_publish_result', '1', '0', 0, 1, 1, 1, NULL, NULL, 1, 1, NULL, 'Online Examination Publish Result', '', 'Exam {{exam_title}} result has been declared which was conducted between  {{exam_from}} to   {{exam_to}}, for more details, please check your student portal.', '{{exam_title}} {{exam_from}} {{exam_to}} {{time_duration}} {{attempt}} {{passing_percentage}}', '2022-12-28 09:52:24'),
(11, 'online_admission_form_submission', '1', '0', 0, 1, 1, 1, 1, NULL, 1, 1, NULL, 'Online Admission Form Submission', '', 'Dear {{firstname}}  {{lastname}} your online admission form is Submitted successfully  on date {{date}}. Your Reference number is {{reference_no}}. Please remember your reference number for further process.', ' {{firstname}} {{lastname}} {{date}} {{reference_no}}', '2022-12-28 09:52:24'),
(12, 'online_admission_fees_submission', '0', '0', 0, 1, 1, 1, 1, NULL, 1, 1, NULL, 'Online Admission Fees Submission', '', 'Dear {{firstname}}  {{lastname}} your online admission form is Submitted successfully and the payment of {{paid_amount}} has recieved successfully on date {{date}}. Your Reference number is {{reference_no}}. Please remember your reference number for further process.', ' {{firstname}} {{lastname}} {{date}} {{paid_amount}} {{reference_no}}', '2022-12-28 09:52:24'),
(13, 'student_login_credential', '1', '1', 0, 0, 1, 1, 1, 0, 1, 1, NULL, 'Student Login Credential', '1707163291685208209', 'Hello {{display_name}} your login details for Url: {{url}} Username: {{username}}  Password: {{password}} admission No: {{admission_no}}', '{{url}} {{display_name}} {{username}} {{password}} {{admission_no}}', '2022-08-06 05:34:41'),
(14, 'staff_login_credential', '1', '1', 0, 0, 1, 0, 0, 1, NULL, NULL, 1, 'Staff Login Credential', '1707163291685208209', 'Hello {{first_name}} {{last_name}} your login details for Url: {{url}} Username: {{username}}  Password: {{password}} Employee ID: {{employee_id}}', '{{url}} {{first_name}} {{last_name}} {{username}} {{password}} {{employee_id}}', '2021-12-23 11:59:13'),
(15, 'fee_processing', '1', '1', 1, 1, 1, 1, 1, 0, 1, 1, NULL, 'Fee processing', '1707163291301326898', 'Dear parents, we have received Fees Amount {{fee_amount}} for  {{student_name}}  by Your School Name \r\n{{class}} {{section}} {{email}} {{contact_no}}\r\n\r\n{{student_name}} {{class}} {{section}} {{email}} {{contact_no}} transaction_id :{{transaction_id}} {{fee_amount}}', '{{student_name}} {{class}} {{section}} {{email}} {{contact_no}} {{transaction_id}} {{fee_amount}}', '2021-12-22 10:15:42'),
(16, 'online_admission_fees_processing', '1', '1', 1, 1, 1, 1, 1, 0, 1, 1, NULL, 'Online Admission Fees Processing', '', 'Dear {{firstname}}  {{lastname}} your online admission form is Submitted successfully and the payment of {{paid_amount}} has processing on date {{date}}. Your Reference number is {{reference_no}} and your transaction id {{transaction_id}}. Please remember your reference number for further process.', ' {{firstname}} {{lastname}} {{date}} {{paid_amount}} {{reference_no}} {{transaction_id}}', '2022-08-06 11:09:47'),
(17, 'student_apply_leave', '1', '1', 0, 0, 1, 0, 1, 1, NULL, 1, 1, 'Student Apply Leave ( {{student_name}} - {{admission_no}} )', '', 'My Name is {{student_name}} Class {{class}} section {{section}}. I have to apply leave on {{apply_date}}and from {{from_date}} to {{to_date}}. {{message}} please provide.', '{{message}} {{apply_date}} {{from_date}} {{to_date}} {{student_name}} {{class}} {{section}}', '2022-03-12 11:58:37'),
(18, 'email_pdf_exam_marksheet', '1', '0', 0, 0, 0, 1, 1, 0, 1, 1, NULL, 'Email PDF Exam Marksheet ( {{student_name}} - {{admission_no}} )', '', 'Dear {{student_name}} ({{admission_no}}) {{class}} Section {{section}}. We have mailed you the marksheet of Exam {{exam}} Roll no.{{roll_no}}', '{{student_name}} {{class}}  {{section}}  {{admission_no}}  {{roll_no}} {{exam}} {{admit_card_roll_no}} ', '2022-03-12 12:24:42'),
(19, 'cbse_email_pdf_exam_marksheet', '1', '1', 1, 1, 1, 1, 1, NULL, 1, 1, NULL, 'CBSE Exam Marksheet PDF ( {{student_name}} - {{admission_no}} )', '', 'Dear {{student_name}} ({{admission_no}}) {{class}} Section {{section}}. We have mailed you the marksheet with Roll no.{{roll_no}}', '{{student_name}} {{class}} {{section}} {{admission_no}} {{roll_no}}', '2023-06-21 07:59:44'),
(20, 'cbse_exam_result', '1', '1', 1, 1, 1, 1, 1, NULL, 1, 1, NULL, 'CBSE Exam Result', '', 'Dear {{student_name}} - {{roll_no}}, your {{exam}} result has been published.', '{{student_name}} {{roll_no}} {{exam}}', '2023-06-21 07:59:47'),
(21, 'behaviour_incident_assigned', '1', '1', 1, 1, 1, 1, 1, 0, 1, 1, NULL, 'Behaviour Incident Assigned', '', 'A new {{incident_title}}  behaviour incident with {{incident_point}} point is assigned on you. {{student_name}} {{class}} {{section}} {{admission_no}} {{mobileno}} {{email}} {{guardian_name}} {{guardian_phone}} {{guardian_email}}', '{{incident_title}} {{incident_point}} {{student_name}} {{class}} {{section}} {{admission_no}} {{mobileno}} {{email}} {{guardian_name}} {{guardian_phone}} {{guardian_email}}', '2023-01-02 06:35:44');

-- --------------------------------------------------------

--
-- Table structure for table `offline_fees_payments`
--

CREATE TABLE `offline_fees_payments` (
  `id` int(11) NOT NULL,
  `invoice_id` varchar(50) DEFAULT NULL,
  `student_session_id` int(11) DEFAULT NULL,
  `student_fees_master_id` int(11) DEFAULT NULL,
  `fee_groups_feetype_id` int(11) DEFAULT NULL,
  `student_transport_fee_id` int(11) DEFAULT NULL,
  `payment_date` date DEFAULT NULL,
  `bank_from` varchar(200) DEFAULT NULL,
  `bank_account_transferred` varchar(200) DEFAULT NULL,
  `reference` varchar(200) DEFAULT NULL,
  `amount` float(10,2) DEFAULT NULL,
  `submit_date` datetime DEFAULT NULL,
  `approve_date` datetime DEFAULT NULL,
  `attachment` text DEFAULT NULL,
  `reply` text DEFAULT NULL,
  `approved_by` int(11) DEFAULT NULL,
  `is_active` varchar(1) DEFAULT '0',
  `created_at` timestamp NOT NULL DEFAULT current_timestamp() ON UPDATE current_timestamp()
) ENGINE=InnoDB DEFAULT CHARSET=utf8 COLLATE=utf8_general_ci;

-- --------------------------------------------------------

--
-- Table structure for table `onlineexam`
--

CREATE TABLE `onlineexam` (
  `id` int(11) NOT NULL,
  `session_id` int(11) DEFAULT NULL,
  `exam` text DEFAULT NULL,
  `attempt` int(11) NOT NULL,
  `exam_from` datetime DEFAULT NULL,
  `exam_to` datetime DEFAULT NULL,
  `is_quiz` int(11) NOT NULL DEFAULT 0,
  `auto_publish_date` datetime DEFAULT NULL,
  `time_from` time DEFAULT NULL,
  `time_to` time DEFAULT NULL,
  `duration` time NOT NULL,
  `passing_percentage` float NOT NULL DEFAULT 0,
  `description` text DEFAULT NULL,
  `publish_result` int(11) NOT NULL DEFAULT 0,
  `answer_word_count` int(11) NOT NULL DEFAULT -1,
  `is_active` varchar(1) DEFAULT '0',
  `is_marks_display` int(11) NOT NULL DEFAULT 0,
  `is_neg_marking` int(11) NOT NULL DEFAULT 0,
  `is_random_question` int(11) NOT NULL DEFAULT 0,
  `is_rank_generated` int(11) NOT NULL DEFAULT 0,
  `publish_exam_notification` int(11) NOT NULL,
  `created_by` int(11) DEFAULT NULL,
  `is_homework` int(11) DEFAULT NULL,
  `auto_created` int(11) DEFAULT 0,
  `publish_result_notification` int(11) NOT NULL,
  `created_at` timestamp NOT NULL DEFAULT current_timestamp() ON UPDATE current_timestamp(),
  `updated_at` date DEFAULT NULL
) ENGINE=InnoDB DEFAULT CHARSET=utf8 COLLATE=utf8_general_ci;

--
-- Dumping data for table `onlineexam`
--

INSERT INTO `onlineexam` (`id`, `session_id`, `exam`, `attempt`, `exam_from`, `exam_to`, `is_quiz`, `auto_publish_date`, `time_from`, `time_to`, `duration`, `passing_percentage`, `description`, `publish_result`, `answer_word_count`, `is_active`, `is_marks_display`, `is_neg_marking`, `is_random_question`, `is_rank_generated`, `publish_exam_notification`, `created_by`, `is_homework`, `auto_created`, `publish_result_notification`, `created_at`, `updated_at`) VALUES
(1, 20, 'Class 6th Science Exam', 5, '2025-03-01 00:00:00', '2025-04-15 00:00:00', 0, NULL, NULL, NULL, '03:00:00', 60, 'Class 6th Exam&nbsp;', 1, -1, '1', 0, 0, 0, 0, 1, 1, NULL, 0, 1, '2025-03-25 05:05:06', NULL),
(2, 20, 'Class 6h Maths Exam', 5, '2025-03-01 00:00:00', '2025-04-30 00:00:00', 0, NULL, NULL, NULL, '03:00:00', 50, 'Class 6th Maths Exam', 0, -1, '1', 0, 0, 0, 0, 1, 1, NULL, 0, 0, '2025-03-25 05:04:41', NULL),
(3, 20, 'Maths(104) - Knowing Our Numbers', 2, '2025-03-25 12:00:00', '2025-04-05 18:00:00', 1, NULL, NULL, NULL, '00:30:00', 40, 'This quiz covers basic numbers knowledge thaught in class.', 0, 500, '1', 1, 0, 1, 0, 1, 2, NULL, 0, 0, '2025-03-25 07:00:41', NULL),
(4, 20, 'Maths(104) - Indian and International Number System', 2, '2025-03-25 12:00:00', '2025-04-05 18:00:00', 1, NULL, NULL, NULL, '00:30:00', 40, 'This quiz covers basic about indian and international number system.', 0, 500, '1', 1, 0, 1, 0, 1, 2, NULL, 0, 0, '2025-03-25 07:00:59', NULL),
(5, 20, 'Maths(104) - Estimation Of Numbers', 2, '2025-03-01 00:00:00', '2025-04-05 18:00:00', 1, NULL, NULL, NULL, '00:30:00', 40, 'This quiz covers basic to modrate of estimation of numbers.', 0, 500, '1', 1, 0, 1, 0, 1, 1, NULL, 0, 0, '2025-03-25 05:05:22', NULL),
(6, 20, 'Hindi(102) - Varnmala Or Uske Prakaar', 3, '2025-03-01 00:00:00', '2025-04-07 18:00:00', 1, NULL, NULL, NULL, '01:00:00', 45, 'Test Your Knowledge in hindi vayakaran basics', 0, 400, '1', 1, 0, 1, 0, 1, 1, NULL, 0, 0, '2025-03-25 05:05:57', NULL),
(7, 20, 'Hindi(102) - vachan Or Uske Prakaar', 3, '2025-03-25 12:00:00', '2025-04-07 18:00:00', 1, NULL, NULL, NULL, '01:00:00', 45, 'Test Your Knowledge in hindi vayakaran basics', 0, 400, '1', 1, 0, 1, 0, 1, 2, NULL, 0, 0, '2025-03-25 07:01:40', NULL),
(8, 20, 'Hindi(102) - Kaal Or Uske Prakaar', 3, '2025-03-01 00:00:00', '2025-04-07 18:00:00', 1, NULL, NULL, NULL, '01:00:00', 45, 'Test Your Knowledge in hindi vayakaran basics', 0, 400, '1', 1, 0, 1, 0, 1, 1, NULL, 0, 0, '2025-03-25 05:08:05', NULL),
(9, 20, 'Hindi(102) - vakya Or Uske Prakaar', 3, '2025-03-01 00:00:00', '2025-04-07 18:00:00', 1, NULL, NULL, NULL, '01:00:00', 45, 'Test Your Knowledge in hindi vayakaran basics', 0, 400, '1', 1, 0, 1, 0, 1, 1, NULL, 0, 0, '2025-03-25 05:08:15', NULL),
(10, 20, 'Science(103) - States Of matter', 2, '2025-03-25 12:00:00', '2025-04-08 18:00:00', 1, NULL, NULL, NULL, '00:40:00', 60, 'Matter and its properties', 0, 250, '1', 1, 0, 1, 0, 1, 2, NULL, 0, 0, '2025-03-25 07:00:23', NULL),
(11, 20, 'Science(103) - Properties of States Of matter', 2, '2025-03-01 00:00:00', '2025-04-08 18:00:00', 1, NULL, NULL, NULL, '00:40:00', 60, 'Matter and its properties', 0, -1, '1', 1, 0, 1, 0, 1, 1, NULL, 0, 0, '2025-03-25 05:07:16', NULL),
(12, 20, 'Science(103) - Changes In matter', 2, '2025-03-01 00:00:00', '2025-04-08 18:00:00', 1, NULL, NULL, NULL, '00:40:00', 60, 'Matter and its properties', 0, 250, '1', 1, 0, 1, 0, 1, 1, NULL, 0, 0, '2025-03-25 05:02:46', NULL),
(13, 20, 'Science(103) - Physical And Chemical Change', 2, '2025-03-01 00:00:00', '2025-04-08 18:00:00', 1, NULL, NULL, NULL, '00:40:00', 60, 'Matter and its properties', 0, 250, '1', 1, 0, 1, 0, 1, 1, NULL, 0, 0, '2025-03-25 05:03:06', NULL),
(14, 20, 'Science(103) - Reversible And Irriversible Change', 2, '2025-03-01 00:00:00', '2025-04-08 18:00:00', 1, NULL, NULL, NULL, '00:40:00', 60, 'Matter and its properties', 0, 250, '1', 1, 0, 1, 0, 1, 1, NULL, 0, 0, '2025-03-25 05:05:42', NULL),
(15, 20, 'Social Studies(106) - History', 1, '2025-03-01 00:00:00', '2025-04-09 18:00:00', 1, NULL, NULL, NULL, '00:50:00', 55, 'Basics prev chapters.', 0, 350, '1', 1, 0, 1, 0, 1, 1, NULL, 0, 0, '2025-03-25 05:01:49', NULL),
(17, 20, 'Social Studies(106) - Geography', 1, '2025-03-01 00:00:00', '2025-04-09 18:00:00', 1, NULL, NULL, NULL, '00:50:00', 55, 'Basics prev chapters.', 0, 350, '1', 1, 0, 1, 0, 1, 1, NULL, 0, 0, '2025-03-25 05:06:14', NULL),
(18, 20, 'Social Studies(106) - Civics', 1, '2025-03-01 00:00:00', '2025-04-09 18:00:00', 1, NULL, NULL, NULL, '00:50:00', 55, 'Basics prev chapters.', 0, -1, '1', 1, 0, 1, 0, 1, 2, 1, 0, 0, '2025-03-26 04:52:11', NULL),
(19, 20, 'Computer Science - Basics Of Python', 2, '2025-03-25 12:29:00', '2025-03-27 13:20:00', 1, NULL, NULL, NULL, '00:30:00', 22, 'Check Your knowledge of python by attempting this quiz.', 0, -1, '1', 0, 0, 0, 0, 1, 2, NULL, 0, 0, '2025-03-25 06:59:56', NULL),
(20, 20, 'Computer Hardware-Quiz:1', 5, '2025-03-01 00:00:00', '2025-04-01 00:00:00', 1, NULL, NULL, NULL, '03:00:00', 50, 'Computer Hardware-Quiz:1', 0, -1, '1', 0, 0, 0, 0, 1, 2, 1, 0, 0, '2025-03-26 04:52:23', NULL),
(21, 20, 'Economics :Quiz 3', 1, '2025-03-03 00:00:00', '2025-04-01 00:00:00', 1, NULL, NULL, NULL, '03:00:00', 50, 'Economic:Quiz 2', 0, -1, '1', 0, 0, 0, 0, 1, 2, 1, 0, 0, '2025-03-26 04:51:03', NULL),
(22, 20, 'Civics:4', 5, '2025-03-04 00:00:00', '2025-04-01 00:00:00', 1, NULL, NULL, NULL, '03:00:00', 1, 'Civics', 0, -1, '1', 0, 0, 0, 0, 1, 2, 1, 0, 0, '2025-03-26 04:50:41', NULL),
(23, 20, 'Geography Quiz 5', 5, '2025-03-05 00:00:00', '2025-04-01 01:00:00', 1, NULL, NULL, NULL, '03:00:00', 50, 'Geography Quiz 5', 0, -1, '1', 0, 0, 0, 0, 0, 2, 1, 0, 0, '2025-03-26 03:54:32', NULL),
(24, 20, 'History Quiz:6', 5, '2025-03-06 00:00:00', '2025-04-01 01:00:00', 1, NULL, NULL, NULL, '03:00:00', 50, 'History Quiz:6', 0, -1, '1', 0, 0, 0, 0, 0, 2, 1, 0, 0, '2025-03-26 03:55:59', NULL),
(25, 20, 'Computer Science Softwre enineer--Quiz 7', 5, '2025-03-07 07:00:00', '2025-04-01 00:00:00', 1, NULL, NULL, NULL, '03:00:00', 50, 'hi', 0, -1, '1', 0, 0, 0, 0, 0, 2, 1, 0, 0, '2025-03-26 03:57:19', NULL),
(26, 20, 'Cyber security:Quiz 8', 5, '2025-03-08 00:00:00', '2025-04-01 00:00:00', 1, NULL, NULL, NULL, '03:00:00', 50, 'Cyber Security', 0, -1, '1', 0, 0, 0, 0, 0, 2, 1, 0, 0, '2025-03-26 03:58:51', NULL),
(27, 20, 'CS Networking:Quiz  10', 5, '2025-03-10 00:00:00', '2025-04-01 00:00:00', 1, NULL, NULL, NULL, '03:00:00', 50, 'CS Networking Quiz', 0, -1, '1', 0, 0, 0, 0, 0, 2, 1, 0, 0, '2025-03-26 03:59:44', NULL),
(28, 20, 'Computer Scienc Database:Quiz 11', 5, '2025-03-11 00:00:00', '2025-04-01 00:00:00', 1, NULL, NULL, NULL, '03:00:00', 50, 'Computer Scienc Database:Quiz 11', 0, -1, '1', 0, 0, 0, 0, 0, 2, 1, 0, 0, '2025-03-26 04:01:12', NULL),
(29, 20, 'Cyber secrutity Algorithm:quiz 12', 5, '2025-03-12 00:00:00', '2025-04-01 00:00:00', 1, NULL, NULL, NULL, '03:00:00', 50, 'Computer Scienc Database:Quiz 11', 0, -1, '1', 0, 0, 0, 0, 1, 2, 1, 0, 0, '2025-03-26 04:50:19', NULL),
(30, 20, 'Data Sturcutrese--Quiz 13', 5, '2025-03-13 00:00:00', '2025-04-01 00:00:00', 1, NULL, NULL, NULL, '03:00:00', 50, 'Data Structures--Quiz 3', 0, -1, '1', 0, 0, 0, 0, 0, 2, 1, 0, 0, '2025-03-26 04:09:12', NULL),
(31, 20, 'Compouter -Basic programming concepts:Quiz 14', 5, '2025-03-14 00:00:00', '2025-04-01 00:00:00', 1, NULL, NULL, NULL, '03:00:00', 50, 'Compouter -Basic programming concepts:Quiz 14', 0, -1, '1', 0, 0, 0, 0, 0, 2, 1, 0, 0, '2025-03-26 04:10:21', NULL),
(32, 20, 'Computer Programming language:Quiz 15', 5, '2025-03-15 00:00:00', '2025-04-01 00:00:00', 1, NULL, NULL, NULL, '03:00:00', 50, 'Computer Programming language:Quiz 15', 0, -1, '1', 0, 0, 0, 0, 0, 2, 1, 0, 0, '2025-03-26 04:12:16', NULL),
(33, 20, 'Computer Operating System: Quiz 17', 5, '2025-03-17 00:00:00', '2025-04-01 00:00:00', 1, NULL, NULL, NULL, '03:00:00', 50, 'Computer Operating System: Quiz 17', 0, -1, '1', 0, 0, 0, 0, 0, 2, 1, 0, 0, '2025-03-26 04:13:17', NULL),
(34, 20, 'Maths Symmetry :Quiz 18', 5, '2025-03-18 00:00:00', '2025-04-01 00:00:00', 1, NULL, NULL, NULL, '03:00:00', 50, 'Maths Symmetry :Quiz 18', 0, -1, '1', 0, 0, 0, 0, 0, 2, 1, 0, 0, '2025-03-26 04:18:05', NULL),
(35, 20, 'Ration and Proportin:Quiz 20', 5, '2025-03-20 00:00:00', '2025-04-01 00:00:00', 1, NULL, NULL, NULL, '03:00:00', 50, 'Ration and Proportin:Quiz 20', 0, -1, '1', 0, 0, 0, 0, 0, 2, 1, 0, 0, '2025-03-26 04:21:07', NULL),
(36, 20, 'Maths Algerbra :quiz 21', 5, '2025-03-21 00:00:00', '2025-04-01 00:00:00', 1, NULL, NULL, NULL, '03:00:00', 50, 'Ration and Proportin:Quiz 20', 0, -1, '1', 0, 0, 0, 0, 0, 2, 1, 0, 0, '2025-03-26 04:26:59', NULL),
(37, 20, 'Maths Mensuration:Quiz 22', 5, '2025-03-22 00:00:00', '2025-04-01 00:00:00', 1, NULL, NULL, NULL, '03:00:00', 50, 'Maths Mensuration:Quiz 22', 0, -1, '1', 0, 0, 0, 0, 0, 2, 1, 0, 0, '2025-03-26 04:27:51', NULL),
(38, 20, 'Data Handling:Quiz 24', 5, '2025-03-24 00:00:00', '2025-04-01 00:00:00', 1, NULL, NULL, NULL, '03:00:00', 50, 'Data Handling:Quiz 24', 0, -1, '1', 0, 0, 0, 0, 1, 2, 1, 0, 0, '2025-03-26 04:50:02', NULL),
(39, 20, 'Science Natural Resources-Quiz 25', 5, '2025-03-25 00:00:00', '2025-04-01 00:00:00', 1, NULL, NULL, NULL, '03:00:00', 50, 'Science Natural Resources---Quiz 25', 0, -1, '1', 0, 0, 0, 0, 0, 2, 1, 0, 0, '2025-03-26 04:32:26', NULL),
(40, 20, 'Science Air and water :Quiz 26', 5, '2025-03-26 00:00:00', '2025-04-01 00:00:00', 1, NULL, NULL, NULL, '03:00:00', 50, 'Science Air and water :Quiz 26', 0, -1, '1', 0, 0, 0, 0, 0, 2, 1, 0, 0, '2025-03-26 04:34:15', NULL),
(41, 20, 'Science Forces and Motion:quiz 27', 5, '2025-03-27 00:00:00', '2025-04-01 00:00:00', 1, NULL, NULL, NULL, '03:00:00', 50, 'Science Forces and Motion-quiz 27', 0, -1, '1', 0, 0, 0, 0, 0, 2, 1, 0, 0, '2025-03-26 04:35:27', NULL),
(42, 20, 'Science the earth :Quiz 28', 5, '2025-03-28 01:00:00', '2025-04-01 00:00:00', 1, NULL, NULL, NULL, '03:00:00', 50, 'Science the earth :Quiz 28', 0, -1, '1', 0, 0, 0, 0, 0, 2, 1, 0, 0, '2025-03-26 04:36:32', NULL),
(43, 20, 'scient human body :Quiz 29', 5, '2025-03-29 00:00:00', '2025-04-01 00:00:00', 1, NULL, NULL, NULL, '03:00:00', 50, 'scient human body :Quiz 22', 0, -1, '1', 0, 0, 0, 0, 0, 2, 1, 0, 0, '2025-03-26 04:38:38', NULL),
(44, 20, 'Science plant and animal life:quiz 31', 5, '2025-03-31 00:00:00', '2025-04-01 00:00:00', 1, NULL, NULL, NULL, '03:00:00', 50, 'quiz 31', 0, -1, '1', 0, 0, 0, 0, 0, 2, 1, 0, 0, '2025-03-26 04:40:08', NULL),
(45, 20, 'Hidi: sampadan Quiz 19', 5, '2025-03-19 00:00:00', '2025-04-01 00:00:00', 1, NULL, NULL, NULL, '03:00:00', 50, 'Hidi: sampadan Quiz 19', 0, -1, '1', 0, 0, 0, 0, 0, 2, 1, 0, 0, '2025-03-26 04:47:02', NULL),
(46, 20, 'Science()-1st March', 5, '2025-03-01 00:00:00', '2025-04-30 00:00:00', 1, NULL, NULL, NULL, '05:00:00', 30, '<span style=\"font-family: Poppins, sans-serif; font-size: 15px; background-color: rgb(243, 244, 246);\">preeti@pgsms.com</span>', 0, -1, '1', 0, 0, 0, 0, 0, 2, 1, 0, 0, '2025-04-05 03:19:35', NULL),
(47, 20, 'Hindi()-1st March', 5, '2025-03-01 00:00:00', '2025-04-17 00:00:00', 1, NULL, NULL, NULL, '05:00:00', 20, 'Hindi()-1st March Description', 0, -1, '1', 0, 0, 0, 0, 0, 2, 1, 0, 0, '2025-04-05 03:44:45', NULL),
(48, 20, 'Maths()-1st March', 5, '2025-03-01 00:00:00', '2025-04-06 00:00:00', 1, NULL, NULL, NULL, '03:00:00', 20, 'Maths()-1st March Description', 0, -1, '1', 0, 0, 0, 0, 1, 2, 1, 0, 0, '2025-04-05 10:18:20', NULL),
(49, 20, 'Science()-3 March', 5, '2025-03-03 00:00:00', '2025-04-30 00:00:00', 1, NULL, NULL, NULL, '05:00:00', 20, 'Science()-3 March', 0, -1, '1', 0, 0, 0, 0, 0, 2, 1, 0, 0, '2025-04-05 04:27:29', NULL),
(50, 20, 'Hindi()-3rd March', 5, '2025-03-03 00:00:00', '2025-04-30 00:00:00', 1, NULL, NULL, NULL, '05:00:00', 20, 'Hindi()-3rd March', 0, -1, '1', 0, 0, 0, 0, 0, 2, 1, 0, 0, '2025-04-05 04:28:22', NULL),
(51, 20, 'Maths()-3rd March', 5, '2025-03-03 00:00:00', '2025-04-30 00:00:00', 1, NULL, NULL, NULL, '05:00:00', 20, 'Maths()-3rd March', 0, -1, '1', 0, 0, 0, 0, 0, 2, 1, 0, 0, '2025-04-05 04:29:15', NULL),
(52, 20, 'computer()-3rd march', 5, '2025-03-03 00:00:00', '2025-04-30 00:00:00', 1, NULL, NULL, NULL, '03:00:00', 20, 'computer()-3rd march', 0, -1, '1', 0, 0, 0, 0, 1, 2, 1, 0, 0, '2025-04-05 10:16:57', NULL),
(53, 20, 'Science()-4th March', 5, '2025-03-04 00:00:00', '2025-04-30 00:00:00', 1, NULL, NULL, NULL, '03:00:00', 20, 'Science()-4th March', 0, -1, '1', 0, 0, 0, 0, 0, 2, 1, 0, 0, '2025-04-05 05:04:31', NULL),
(55, 20, 'Maths()-4th March', 5, '2025-03-04 00:00:00', '2025-04-30 00:00:00', 1, NULL, NULL, NULL, '03:00:00', 20, 'Hindi()-4th March', 0, -1, '1', 0, 0, 0, 0, 0, 2, 1, 0, 0, '2025-04-05 05:06:23', NULL),
(56, 20, 'Computer()-4th March', 5, '2025-03-04 00:00:00', '2025-04-30 00:00:00', 1, NULL, NULL, NULL, '03:00:00', 20, 'Computer()-4th March', 0, -1, '1', 0, 0, 0, 0, 0, 2, 1, 0, 0, '2025-04-05 05:07:25', NULL),
(57, 20, 'Hindi()-4th', 5, '2025-03-04 00:00:00', '2025-04-30 00:00:00', 1, NULL, NULL, NULL, '05:00:00', 20, 'hindi descritpiont', 0, -1, '1', 0, 0, 0, 0, 1, 2, 1, 0, 0, '2025-04-05 10:15:26', NULL),
(58, 20, 'Science()-5th March', 5, '2025-03-05 00:00:00', '2025-04-30 00:00:00', 1, NULL, NULL, NULL, '03:00:00', 20, 'Science()-5th March', 0, -1, '1', 0, 0, 0, 0, 0, 2, 1, 0, 0, '2025-04-05 05:53:08', NULL),
(59, 20, 'Hindi()-5th March', 5, '2025-03-05 00:00:00', '2025-04-30 00:00:00', 1, NULL, NULL, NULL, '05:00:00', 20, 'Description', 0, -1, '1', 0, 0, 0, 0, 0, 2, 1, 0, 0, '2025-04-05 05:53:55', NULL),
(60, 20, 'Maths()-5th march', 5, '2025-03-05 03:00:00', '2025-04-30 00:00:00', 1, NULL, NULL, NULL, '05:00:00', 20, 'Maths()-5th march', 0, -1, '1', 0, 0, 0, 0, 0, 2, 1, 0, 0, '2025-04-05 05:54:38', NULL),
(61, 20, 'Computer()-5th March', 5, '2025-03-05 00:00:00', '2025-04-30 21:00:00', 1, NULL, NULL, NULL, '05:00:00', 10, 'Descirption', 0, -1, '1', 0, 0, 0, 0, 0, 2, 1, 0, 0, '2025-04-05 05:55:26', NULL),
(62, 20, 'Science()-6th March', 5, '2025-03-01 00:00:00', '2025-03-01 00:00:00', 1, NULL, NULL, NULL, '03:00:00', 10, 'Science()-6th March', 0, -1, '1', 0, 0, 0, 0, 0, 2, 1, 0, 0, '2025-04-05 06:12:18', NULL),
(63, 20, 'Maths()-6th March', 5, '2025-03-01 00:00:00', '2025-03-31 00:00:00', 1, NULL, NULL, NULL, '05:00:00', 10, 'Description', 0, -1, '1', 0, 0, 0, 0, 0, 2, 1, 0, 0, '2025-04-05 06:14:08', NULL),
(64, 20, 'Science()-6th March', 5, '2025-03-06 00:00:00', '2025-05-01 00:00:00', 1, NULL, NULL, NULL, '05:00:00', 10, 'Science()-6th March', 0, -1, '1', 0, 0, 0, 0, 0, 2, 1, 0, 0, '2025-04-05 06:15:35', NULL),
(65, 20, 'Hindi-6th March', 5, '2025-03-06 00:00:00', '2025-04-29 00:00:00', 1, NULL, NULL, NULL, '05:00:00', 10, 'Hindi-6th March', 0, -1, '1', 0, 0, 0, 0, 1, 2, 1, 0, 0, '2025-04-05 06:34:42', NULL),
(67, 20, 'Maths()-6th march', 5, '2025-03-06 00:00:00', '2025-04-29 00:25:00', 1, NULL, NULL, NULL, '03:00:00', 10, 'maths 6t march', 0, -1, '1', 0, 0, 0, 0, 1, 2, 1, 0, 0, '2025-04-05 06:34:33', NULL),
(68, 20, 'Computer()-6th March', 5, '2025-03-06 15:00:00', '2025-04-30 00:00:00', 1, NULL, NULL, NULL, '03:00:00', 10, 'Computer()-6th March', 0, -1, '1', 0, 0, 0, 0, 1, 2, 1, 0, 0, '2025-04-05 10:14:11', NULL),
(69, 20, 'Maths()-7th March', 5, '2025-03-07 00:00:00', '2025-04-30 00:00:00', 1, NULL, NULL, NULL, '03:00:00', 20, 'Maths()-7th March', 0, -1, '1', 0, 0, 0, 0, 0, 2, 1, 0, 0, '2025-04-05 06:55:15', NULL),
(70, 20, 'Science()-7th March', 5, '2025-03-07 00:00:00', '2025-04-30 20:00:00', 1, NULL, NULL, NULL, '03:00:00', 10, 'Science()-7th March', 0, -1, '1', 0, 0, 0, 0, 0, 2, 1, 0, 0, '2025-04-05 06:56:25', NULL),
(71, 20, 'Hindi()-7th March', 5, '2025-03-07 00:00:00', '2025-04-30 00:00:00', 1, NULL, NULL, NULL, '03:00:00', 10, 'Hindi()-7th March', 0, -1, '1', 0, 0, 0, 0, 0, 2, 1, 0, 0, '2025-04-05 06:58:36', NULL),
(72, 20, 'SST()-7th March', 5, '2025-03-07 00:00:00', '2025-04-30 00:00:00', 1, NULL, NULL, NULL, '03:00:00', 20, 'SST()-7th March', 0, -1, '1', 0, 0, 0, 0, 1, 2, 1, 0, 0, '2025-04-05 10:11:35', NULL),
(73, 20, 'Maths()-8th March', 5, '2025-03-08 00:00:00', '2025-04-30 00:00:00', 1, NULL, NULL, NULL, '03:00:00', 10, 'Maths()-8th March(Description)', 0, -1, '1', 0, 0, 0, 0, 0, 2, 1, 0, 0, '2025-04-05 07:08:09', NULL),
(74, 20, 'Science()-8th March', 5, '2025-03-08 00:00:00', '2025-04-23 15:00:00', 1, NULL, NULL, NULL, '03:00:00', 10, 'Science()-8th March Description', 0, -1, '1', 0, 0, 0, 0, 0, 2, 1, 0, 0, '2025-04-05 07:09:03', NULL),
(75, 20, 'Hindi()-8th March', 5, '2025-03-08 00:00:00', '2025-04-30 00:00:00', 1, NULL, NULL, NULL, '03:00:00', 10, 'Hindi()-8th March(description)', 0, -1, '1', 0, 0, 0, 0, 0, 2, 1, 0, 0, '2025-04-05 07:09:49', NULL),
(76, 20, 'SST()-8th March', 5, '2025-03-08 00:00:00', '2025-04-30 00:00:00', 1, NULL, NULL, NULL, '03:00:00', 10, 'SST()-8th March (Description)', 0, -1, '1', 0, 0, 0, 0, 0, 2, 1, 0, 0, '2025-04-05 07:11:54', NULL),
(77, 20, 'Science()-10th March', 5, '2025-03-10 00:00:00', '2025-04-30 00:00:00', 1, NULL, NULL, NULL, '03:00:00', 10, 'Science()-10th March(Descritption)<br />\r\n&nbsp;', 0, -1, '1', 0, 0, 0, 0, 0, 2, 1, 0, 0, '2025-04-05 07:30:59', NULL),
(78, 20, 'Maths()-10th march', 5, '2025-03-10 00:00:00', '2025-04-30 00:00:00', 1, NULL, NULL, NULL, '03:00:00', 10, 'Description', 0, -1, '1', 0, 0, 0, 0, 0, 2, 1, 0, 0, '2025-04-05 07:31:55', NULL),
(79, 20, 'Hindi()-10th March', 5, '2025-03-10 00:00:00', '2025-04-30 00:00:00', 1, NULL, NULL, NULL, '03:00:00', 20, 'Science()-10th March(Description)', 0, -1, '1', 0, 0, 0, 0, 0, 2, 1, 0, 0, '2025-04-05 07:33:15', NULL),
(80, 20, 'SST()-10th March', 5, '2025-03-10 00:00:00', '2025-04-30 00:00:00', 1, NULL, NULL, NULL, '03:00:00', 10, 'Science()-10th March Descritpion', 0, -1, '1', 0, 0, 0, 0, 0, 2, 1, 0, 0, '2025-04-05 07:34:02', NULL),
(81, 20, 'Science()-11th march', 5, '2025-03-11 00:00:00', '2025-04-30 00:00:00', 1, NULL, NULL, NULL, '03:00:00', 10, 'Science()-11th march', 0, -1, '1', 0, 0, 0, 0, 0, 2, 1, 0, 0, '2025-04-05 07:51:54', NULL),
(82, 20, 'Hindi()-11th March', 5, '2025-03-11 00:00:00', '2025-04-30 00:00:00', 1, NULL, NULL, NULL, '03:00:00', 10, 'Hindi()-11th March Description', 0, -1, '1', 0, 0, 0, 0, 0, 2, 1, 0, 0, '2025-04-05 07:52:43', NULL),
(83, 20, 'Maths()-11th March', 5, '2025-03-11 00:00:00', '2025-04-30 00:00:00', 1, NULL, NULL, NULL, '03:00:00', 10, 'Maths()-11th March (Description)', 0, -1, '1', 0, 0, 0, 0, 0, 2, 1, 0, 0, '2025-04-05 07:53:44', NULL),
(84, 20, 'SST()-11th March', 5, '2025-03-11 00:00:00', '2025-04-30 20:00:00', 1, NULL, NULL, NULL, '03:00:00', 10, 'SST()-11th March', 0, -1, '1', 0, 0, 0, 0, 0, 2, 1, 0, 0, '2025-04-05 07:54:28', NULL),
(85, 20, 'Science()-12th March', 5, '2025-03-12 00:00:00', '2025-04-30 00:00:00', 1, NULL, NULL, NULL, '03:00:00', 10, 'Science()-12th March', 0, -1, '1', 0, 0, 0, 0, 1, 2, 1, 0, 0, '2025-04-05 08:23:48', NULL),
(86, 20, 'Maths()-12th March', 5, '2025-03-12 00:00:00', '2025-04-30 21:00:00', 1, NULL, NULL, NULL, '03:00:00', 5, 'Maths()-12th Exam Descritpiiont', 0, -1, '1', 0, 0, 0, 0, 1, 2, 1, 0, 0, '2025-04-05 08:24:03', NULL),
(87, 20, 'Hindi()-12th March', 10, '2025-03-12 00:00:00', '2025-04-30 04:15:00', 1, NULL, NULL, NULL, '03:00:00', 10, 'Hindi()-12th Exam', 0, -1, '1', 0, 0, 0, 0, 1, 2, 1, 0, 0, '2025-04-05 08:24:21', NULL),
(89, 20, 'Science()-13th March', 5, '2025-03-13 00:00:00', '2025-04-29 00:00:00', 1, NULL, NULL, NULL, '03:00:00', 10, 'Science()-13th March Description', 0, -1, '1', 0, 0, 0, 0, 1, 2, 1, 0, 0, '2025-04-05 09:23:36', NULL),
(90, 20, 'Maths()-13th March', 5, '2025-03-13 00:00:00', '2025-04-30 00:00:00', 1, NULL, NULL, NULL, '03:00:00', 10, 'Maths()-13th March Descriptio', 0, -1, '1', 0, 0, 0, 0, 1, 2, 1, 0, 0, '2025-04-05 09:23:46', NULL),
(91, 20, 'Hind()-13th March', 5, '2025-03-13 00:00:00', '2025-04-30 00:00:00', 1, NULL, NULL, NULL, '03:00:00', 10, 'Hind()-13th March Description', 0, -1, '1', 0, 0, 0, 0, 1, 2, 1, 0, 0, '2025-04-05 09:23:58', NULL),
(92, 20, 'SST()-13th March', 5, '2025-03-13 00:00:00', '2025-04-30 00:00:00', 1, NULL, NULL, NULL, '03:00:00', 10, '13/03/2025 12:00 A', 0, -1, '1', 0, 0, 0, 0, 1, 2, 1, 0, 0, '2025-04-05 09:24:12', NULL),
(93, 20, 'Science()-14th March', 5, '2025-03-14 00:00:00', '2025-04-30 00:00:00', 1, NULL, NULL, NULL, '03:00:00', 10, 'Science()-14th March', 0, -1, '1', 0, 0, 0, 0, 0, 2, 1, 0, 0, '2025-04-05 09:25:14', NULL),
(94, 20, 'Maths()-14th March', 5, '2025-03-14 00:00:00', '2025-04-30 00:00:00', 1, NULL, NULL, NULL, '03:00:00', 10, 'maths Description', 0, -1, '1', 0, 0, 0, 0, 0, 2, 1, 0, 0, '2025-04-05 09:26:02', NULL),
(95, 20, 'Hindi()-14th March', 5, '2025-03-14 00:00:00', '2025-04-30 00:00:00', 1, NULL, NULL, NULL, '03:00:00', 10, 'Science()-14th March Description', 0, -1, '1', 0, 0, 0, 0, 0, 2, 1, 0, 0, '2025-04-05 09:27:29', NULL),
(96, 20, 'SST()-14th March', 5, '2025-03-14 00:00:00', '2025-04-30 00:00:00', 1, NULL, NULL, NULL, '03:00:00', 10, 'SST()-14th March(Description)', 0, -1, '1', 0, 0, 0, 0, 0, 2, 1, 0, 0, '2025-04-05 09:28:18', NULL),
(97, 20, 'Science()-15th March', 5, '2025-03-15 00:00:00', '2025-04-30 15:00:00', 1, NULL, NULL, NULL, '03:00:00', 10, 'Science()-15th March Descritpion', 0, -1, '1', 0, 0, 0, 0, 1, 2, 1, 0, 0, '2025-04-05 10:02:13', NULL),
(98, 20, 'Maths()-15th March', 5, '2025-03-15 00:00:00', '2025-04-30 00:00:00', 1, NULL, NULL, NULL, '03:00:00', 20, 'Maths()-15th March Description', 0, -1, '1', 0, 0, 0, 0, 0, 2, 1, 0, 0, '2025-04-05 09:48:54', NULL),
(99, 20, 'Hindi()-15th March', 5, '2025-03-15 00:00:00', '2025-04-30 00:00:00', 1, NULL, NULL, NULL, '03:00:00', 10, 'Maths()-15th March', 0, -1, '1', 0, 0, 0, 0, 0, 2, 1, 0, 0, '2025-04-05 09:49:54', NULL),
(100, 20, 'SST()-15th March', 5, '2025-03-15 00:00:00', '2025-04-30 00:00:00', 1, NULL, NULL, NULL, '03:00:00', 10, 'Description', 0, -1, '1', 0, 0, 0, 0, 1, 2, 1, 0, 0, '2025-04-05 09:56:58', NULL),
(101, 20, 'SST()-12th March', 1, '2025-03-12 00:00:00', '2025-04-30 12:20:00', 1, NULL, NULL, NULL, '05:00:00', 10, 'SST-12th March Description', 0, -1, '1', 0, 0, 0, 0, 0, 2, 1, 0, 0, '2025-04-05 10:07:10', NULL),
(102, 20, 'Science()-17th March', 5, '2025-03-17 00:00:00', '2025-04-30 00:00:00', 1, NULL, NULL, NULL, '03:00:00', 20, 'Science()-17th March Descriptio', 0, -1, '1', 0, 0, 0, 0, 1, 2, 1, 0, 0, '2025-04-05 13:58:03', NULL),
(103, 20, 'Maths()-17th March', 5, '2025-03-17 00:00:00', '2025-04-30 21:00:00', 1, NULL, NULL, NULL, '03:00:00', 10, 'Maths()-17th March&nbsp; Descriptio', 0, -1, '1', 0, 0, 0, 0, 1, 2, 1, 0, 0, '2025-04-05 13:58:10', NULL),
(104, 20, 'Hindi()-17th March', 5, '2025-03-17 00:00:00', '2025-04-30 00:00:00', 1, NULL, NULL, NULL, '03:00:00', 10, 'Hindi()-17th March Descriptio', 0, -1, '1', 0, 0, 0, 0, 1, 2, 1, 0, 0, '2025-04-05 13:58:16', NULL),
(105, 20, 'SST()-17th March', 5, '2025-03-17 00:00:00', '2025-04-30 01:00:00', 1, NULL, NULL, NULL, '03:00:00', 10, 'SST()-17th March Descriptio', 0, -1, '1', 0, 0, 0, 0, 1, 2, 1, 0, 0, '2025-04-05 13:58:23', NULL),
(106, 20, 'Science()-18th March', 5, '2025-03-18 00:00:00', '2025-04-30 21:00:00', 1, NULL, NULL, NULL, '01:00:00', 10, 'preeti@pgsms.com', 0, -1, '1', 0, 0, 0, 0, 0, 2, 1, 0, 0, '2025-04-05 14:00:20', NULL),
(107, 20, 'Hindi()-18th March', 5, '2025-03-18 00:00:00', '2025-04-30 00:00:00', 1, NULL, NULL, NULL, '01:00:00', 10, 'Hindi()-18th March', 0, -1, '1', 0, 0, 0, 0, 0, 2, 1, 0, 0, '2025-04-05 14:01:00', NULL),
(108, 20, 'SST()-18th March', 5, '2025-03-18 00:00:00', '2025-04-30 00:00:00', 1, NULL, NULL, NULL, '01:00:00', 10, 'SST()-18th March', 0, -1, '1', 0, 0, 0, 0, 0, 2, 1, 0, 0, '2025-04-05 14:01:53', NULL),
(110, 20, 'Science()-19th March', 5, '2025-03-19 00:00:00', '2025-04-30 00:00:00', 1, NULL, NULL, NULL, '02:00:00', 10, 'Computer()-18th March Description', 0, -1, '1', 0, 0, 0, 0, 1, 2, 1, 0, 0, '2025-04-05 14:19:54', NULL),
(111, 20, 'Maths()-19th March', 5, '2025-03-19 00:00:00', '2025-04-30 00:00:00', 1, NULL, NULL, NULL, '02:00:00', 10, 'Maths()-19th March&nbsp; Description', 0, -1, '1', 0, 0, 0, 0, 0, 2, 1, 0, 0, '2025-04-05 14:16:38', NULL),
(112, 20, 'SST()-19th March', 5, '2025-03-19 00:00:00', '2025-04-30 00:00:00', 1, NULL, NULL, NULL, '02:00:00', 10, 'SST()-19th March', 0, -1, '1', 0, 0, 0, 0, 0, 2, 1, 0, 0, '2025-04-05 14:17:16', NULL),
(113, 20, 'Computer()-19th March', 10, '2025-03-19 00:00:00', '2025-04-30 00:00:00', 1, NULL, NULL, NULL, '02:00:00', 10, 'Computer', 0, -1, '1', 0, 0, 0, 0, 0, 2, 1, 0, 0, '2025-04-05 14:19:17', NULL),
(115, 20, 'Hindi()-20th March', 10, '2025-03-20 00:00:00', '2025-04-30 00:00:00', 1, NULL, NULL, NULL, '03:00:00', 10, 'Hindi()-20th March&nbsp;', 0, -1, '1', 0, 0, 0, 0, 0, 2, 1, 0, 0, '2025-04-05 14:41:26', NULL),
(116, 20, 'SST()-20th March', 5, '2025-03-20 00:00:00', '2025-04-30 00:00:00', 1, NULL, NULL, NULL, '01:00:00', 10, 'SST()-20th March Description', 0, -1, '1', 0, 0, 0, 0, 0, 2, 1, 0, 0, '2025-04-05 14:43:29', NULL),
(117, 20, 'Computer()-20th March', 5, '2025-03-20 00:00:00', '2025-04-30 00:00:00', 1, NULL, NULL, NULL, '01:00:00', 10, 'Computer()-20th March', 0, -1, '1', 0, 0, 0, 0, 0, 2, 1, 0, 0, '2025-04-05 14:44:24', NULL),
(119, 20, 'Science()-20th March', 10, '2025-03-20 00:00:00', '2025-04-30 00:00:00', 1, NULL, NULL, NULL, '01:00:00', 10, '10', 0, -1, '1', 0, 0, 0, 0, 0, 2, 1, 0, 0, '2025-04-05 16:05:02', NULL),
(120, 20, 'SST_May_1', 5, '2025-05-01 00:00:00', '2025-05-24 00:00:00', 1, NULL, NULL, NULL, '03:00:00', 30, 'SST_MAY_1_DESCRIPTION', 0, -1, '1', 0, 0, 0, 0, 0, 1, 1, 0, 0, '2025-05-06 10:02:17', NULL),
(121, 20, 'SST_MAY_2', 5, '2025-05-01 00:00:00', '2025-05-31 00:00:00', 1, NULL, NULL, NULL, '03:00:00', 30, 'SST_MAY_2', 0, -1, '1', 0, 0, 0, 0, 0, 1, 1, 0, 0, '2025-05-06 10:03:08', NULL),
(122, 20, 'Class 6th Quiz -12th May', 5, '2025-05-12 00:00:00', '2025-05-12 23:55:00', 1, NULL, NULL, NULL, '01:00:00', 30, '12th May -Description', 0, -1, '1', 0, 0, 0, 0, 1, 2, 1, 0, 0, '2025-05-12 07:47:47', NULL),
(123, 20, 'Class 16th -13th May', 5, '2025-05-11 00:00:00', '2025-05-12 23:55:00', 1, NULL, NULL, NULL, '01:00:00', 30, 'Class 16th -11th May&nbsp; Description', 0, -1, '1', 0, 0, 0, 0, 1, 2, NULL, 0, 0, '2025-05-12 08:09:24', NULL);

-- --------------------------------------------------------

--
-- Table structure for table `onlineexam_attempts`
--

CREATE TABLE `onlineexam_attempts` (
  `id` int(11) NOT NULL,
  `onlineexam_student_id` int(11) NOT NULL,
  `created_at` timestamp NOT NULL DEFAULT current_timestamp() ON UPDATE current_timestamp(),
  `updated_at` date DEFAULT NULL
) ENGINE=InnoDB DEFAULT CHARSET=utf8 COLLATE=utf8_general_ci;

--
-- Dumping data for table `onlineexam_attempts`
--

INSERT INTO `onlineexam_attempts` (`id`, `onlineexam_student_id`, `created_at`, `updated_at`) VALUES
(1, 356, '2025-03-25 05:11:42', NULL),
(2, 6, '2025-03-25 05:13:38', NULL),
(3, 106, '2025-03-25 05:14:17', NULL),
(4, 206, '2025-03-25 05:14:45', NULL),
(5, 256, '2025-03-25 05:16:19', NULL),
(6, 358, '2025-03-25 05:27:57', NULL),
(7, 8, '2025-03-25 05:28:28', NULL),
(8, 108, '2025-03-25 05:29:02', NULL),
(9, 208, '2025-03-25 05:30:22', NULL),
(10, 258, '2025-03-25 05:30:48', NULL),
(11, 360, '2025-03-25 05:32:24', NULL),
(12, 10, '2025-03-25 05:32:49', NULL),
(13, 110, '2025-03-25 05:33:26', NULL),
(14, 367, '2025-03-25 05:37:00', NULL),
(15, 17, '2025-03-25 05:37:27', NULL),
(16, 117, '2025-03-25 05:37:51', NULL),
(17, 217, '2025-03-25 05:38:58', NULL),
(18, 267, '2025-03-25 05:39:27', NULL),
(19, 384, '2025-03-25 05:52:49', NULL),
(20, 34, '2025-03-25 05:53:21', NULL),
(21, 134, '2025-03-25 05:55:20', NULL),
(22, 234, '2025-03-25 05:56:39', NULL),
(23, 284, '2025-03-25 06:00:55', NULL),
(24, 210, '2025-03-25 06:34:21', NULL),
(25, 260, '2025-03-25 06:35:05', NULL),
(26, 651, '2025-03-26 07:17:35', NULL),
(27, 656, '2025-03-26 07:18:14', NULL),
(28, 661, '2025-03-26 07:18:42', NULL),
(29, 666, '2025-03-26 07:19:05', NULL),
(30, 671, '2025-03-26 07:19:25', NULL),
(31, 681, '2025-03-26 07:19:42', NULL),
(32, 882, '2025-03-26 07:19:59', NULL),
(33, 691, '2025-03-26 07:20:20', NULL),
(34, 702, '2025-03-26 07:20:39', NULL),
(35, 712, '2025-03-26 07:22:16', NULL),
(36, 722, '2025-03-26 07:22:36', NULL),
(37, 732, '2025-03-26 07:22:55', NULL),
(38, 732, '2025-03-26 07:23:11', NULL),
(39, 742, '2025-03-26 07:23:32', NULL),
(40, 752, '2025-03-26 07:23:49', NULL),
(41, 762, '2025-03-26 07:24:29', NULL),
(42, 772, '2025-03-26 07:25:08', NULL),
(43, 782, '2025-03-26 07:25:41', NULL),
(44, 792, '2025-03-26 07:26:26', NULL),
(45, 802, '2025-03-26 07:26:49', NULL),
(46, 812, '2025-03-26 07:27:14', NULL),
(47, 822, '2025-03-26 07:27:30', NULL),
(48, 151, '2025-03-26 07:28:23', NULL),
(49, 451, '2025-03-26 07:28:40', NULL),
(50, 601, '2025-03-26 07:29:15', NULL),
(51, 832, '2025-03-26 07:29:39', NULL),
(52, 652, '2025-03-26 07:33:35', NULL),
(53, 2, '2025-03-26 07:33:54', NULL),
(54, 657, '2025-03-26 07:34:23', NULL),
(55, 662, '2025-03-26 07:34:41', NULL),
(56, 667, '2025-03-26 07:34:59', NULL),
(57, 672, '2025-03-26 07:35:46', NULL),
(58, 682, '2025-03-26 07:36:01', NULL),
(59, 883, '2025-03-26 07:36:23', NULL),
(60, 692, '2025-03-26 07:36:46', NULL),
(61, 703, '2025-03-26 07:37:03', NULL),
(62, 713, '2025-03-26 07:37:22', NULL),
(63, 723, '2025-03-26 07:37:40', NULL),
(64, 733, '2025-03-26 07:37:59', NULL),
(65, 743, '2025-03-26 07:38:15', NULL),
(66, 753, '2025-03-26 07:39:07', NULL),
(67, 763, '2025-03-26 07:39:33', NULL),
(68, 773, '2025-03-26 07:39:56', NULL),
(69, 783, '2025-03-26 07:40:14', NULL),
(70, 793, '2025-03-26 07:40:33', NULL),
(71, 803, '2025-03-26 07:40:50', NULL),
(72, 813, '2025-03-26 07:41:13', NULL),
(73, 823, '2025-03-26 07:41:31', NULL),
(74, 152, '2025-03-26 07:42:41', NULL),
(75, 452, '2025-03-26 07:43:06', NULL),
(76, 602, '2025-03-26 07:43:34', NULL),
(77, 833, '2025-03-26 07:44:30', NULL),
(78, 653, '2025-03-26 08:01:26', NULL),
(79, 658, '2025-03-26 08:01:51', NULL),
(80, 663, '2025-03-26 08:03:08', NULL),
(81, 668, '2025-03-26 08:03:36', NULL),
(82, 673, '2025-03-26 08:04:00', NULL),
(83, 683, '2025-03-26 08:04:44', NULL),
(84, 884, '2025-03-26 08:05:19', NULL),
(85, 693, '2025-03-26 08:05:41', NULL),
(86, 704, '2025-03-26 08:06:36', NULL),
(87, 714, '2025-03-26 08:07:06', NULL),
(88, 724, '2025-03-26 08:07:28', NULL),
(89, 734, '2025-03-26 08:08:18', NULL),
(90, 744, '2025-03-26 08:08:50', NULL),
(91, 754, '2025-03-26 08:09:12', NULL),
(92, 764, '2025-03-26 08:09:29', NULL),
(93, 774, '2025-03-26 08:09:47', NULL),
(94, 784, '2025-03-26 08:10:11', NULL),
(95, 794, '2025-03-26 08:10:30', NULL),
(96, 804, '2025-03-26 08:11:10', NULL),
(97, 814, '2025-03-26 08:11:43', NULL),
(98, 824, '2025-03-26 08:12:11', NULL),
(99, 834, '2025-03-26 08:12:48', NULL),
(100, 654, '2025-03-26 08:40:57', NULL),
(101, 664, '2025-03-26 08:42:03', NULL),
(102, 674, '2025-03-26 08:42:27', NULL),
(103, 684, '2025-03-26 08:42:45', NULL),
(104, 885, '2025-03-26 08:43:24', NULL),
(105, 694, '2025-03-26 08:43:41', NULL),
(106, 705, '2025-03-26 08:44:06', NULL),
(107, 715, '2025-03-26 08:44:20', NULL),
(108, 725, '2025-03-26 08:44:34', NULL),
(109, 735, '2025-03-26 08:44:54', NULL),
(110, 745, '2025-03-26 08:45:27', NULL),
(111, 745, '2025-03-26 08:45:35', NULL),
(112, 755, '2025-03-26 08:45:51', NULL),
(113, 765, '2025-03-26 08:46:19', NULL),
(114, 775, '2025-03-26 08:46:37', NULL),
(115, 785, '2025-03-26 08:46:55', NULL),
(116, 795, '2025-03-26 08:47:12', NULL),
(117, 805, '2025-03-26 08:47:38', NULL),
(118, 815, '2025-03-26 08:47:56', NULL),
(119, 825, '2025-03-26 08:48:14', NULL),
(120, 835, '2025-03-26 08:48:37', NULL),
(121, 676, '2025-03-26 08:53:32', NULL),
(122, 686, '2025-03-26 08:54:04', NULL),
(123, 887, '2025-03-26 08:54:21', NULL),
(124, 696, '2025-03-26 08:54:36', NULL),
(125, 707, '2025-03-26 08:54:51', NULL),
(126, 717, '2025-03-26 08:55:05', NULL),
(127, 727, '2025-03-26 08:55:19', NULL),
(128, 737, '2025-03-26 08:55:34', NULL),
(129, 747, '2025-03-26 08:55:47', NULL),
(130, 757, '2025-03-26 08:56:04', NULL),
(131, 767, '2025-03-26 08:56:18', NULL),
(132, 777, '2025-03-26 08:56:36', NULL),
(133, 787, '2025-03-26 08:57:03', NULL),
(134, 797, '2025-03-26 08:57:37', NULL),
(135, 807, '2025-03-26 08:57:53', NULL),
(136, 817, '2025-03-26 08:58:08', NULL),
(137, 827, '2025-03-26 08:58:34', NULL),
(138, 837, '2025-03-26 08:58:49', NULL),
(139, 677, '2025-03-26 09:03:55', NULL),
(140, 687, '2025-03-26 09:04:27', NULL),
(141, 888, '2025-03-26 09:04:41', NULL),
(142, 697, '2025-03-26 09:04:57', NULL),
(143, 708, '2025-03-26 09:05:12', NULL),
(144, 718, '2025-03-26 09:05:28', NULL),
(145, 728, '2025-03-26 09:05:41', NULL),
(146, 738, '2025-03-26 09:05:56', NULL),
(147, 748, '2025-03-26 09:06:11', NULL),
(148, 758, '2025-03-26 09:06:24', NULL),
(149, 768, '2025-03-26 09:06:38', NULL),
(150, 778, '2025-03-26 09:06:53', NULL),
(151, 788, '2025-03-26 09:07:10', NULL),
(152, 798, '2025-03-26 09:07:26', NULL),
(153, 808, '2025-03-26 09:07:42', NULL),
(154, 818, '2025-03-26 09:07:56', NULL),
(155, 828, '2025-03-26 09:08:11', NULL),
(156, 157, '2025-03-26 09:08:27', NULL),
(157, 838, '2025-03-26 09:09:08', NULL),
(158, 679, '2025-03-26 09:11:36', NULL),
(159, 689, '2025-03-26 09:11:52', NULL),
(160, 890, '2025-03-26 09:12:08', NULL),
(161, 699, '2025-03-26 09:12:22', NULL),
(162, 710, '2025-03-26 09:12:39', NULL),
(163, 720, '2025-03-26 09:12:55', NULL),
(164, 730, '2025-03-26 09:13:09', NULL),
(165, 740, '2025-03-26 09:13:26', NULL),
(166, 750, '2025-03-26 09:13:43', NULL),
(167, 760, '2025-03-26 09:14:00', NULL),
(168, 770, '2025-03-26 09:14:15', NULL),
(169, 780, '2025-03-26 09:14:32', NULL),
(170, 790, '2025-03-26 09:14:52', NULL),
(171, 800, '2025-03-26 09:15:07', NULL),
(172, 810, '2025-03-26 09:15:23', NULL),
(173, 820, '2025-03-26 09:15:40', NULL),
(174, 830, '2025-03-26 09:16:03', NULL),
(175, 840, '2025-03-26 09:16:25', NULL),
(176, 678, '2025-03-26 09:23:34', NULL),
(177, 688, '2025-03-26 09:23:50', NULL),
(178, 889, '2025-03-26 09:24:14', NULL),
(179, 698, '2025-03-26 09:24:37', NULL),
(180, 709, '2025-03-26 09:24:56', NULL),
(181, 719, '2025-03-26 09:25:10', NULL),
(182, 729, '2025-03-26 09:25:25', NULL),
(183, 739, '2025-03-26 09:25:40', NULL),
(184, 749, '2025-03-26 09:25:56', NULL),
(185, 759, '2025-03-26 09:26:10', NULL),
(186, 769, '2025-03-26 09:26:25', NULL),
(187, 779, '2025-03-26 09:26:39', NULL),
(188, 789, '2025-03-26 09:27:04', NULL),
(189, 799, '2025-03-26 09:27:36', NULL),
(190, 809, '2025-03-26 09:27:49', NULL),
(191, 819, '2025-03-26 09:28:07', NULL),
(192, 829, '2025-03-26 09:28:23', NULL),
(193, 839, '2025-03-26 09:28:47', NULL),
(194, 680, '2025-03-26 09:36:11', NULL),
(195, 690, '2025-03-26 09:36:31', NULL),
(196, 891, '2025-03-26 09:36:51', NULL),
(197, 700, '2025-03-26 09:37:08', NULL),
(198, 711, '2025-03-26 09:37:24', NULL),
(199, 721, '2025-03-26 09:37:39', NULL),
(200, 731, '2025-03-26 09:37:54', NULL),
(201, 741, '2025-03-26 09:38:07', NULL),
(202, 751, '2025-03-26 09:38:22', NULL),
(203, 761, '2025-03-26 09:38:41', NULL),
(204, 771, '2025-03-26 09:38:57', NULL),
(205, 781, '2025-03-26 09:39:16', NULL),
(206, 791, '2025-03-26 09:39:37', NULL),
(207, 801, '2025-03-26 09:39:52', NULL),
(208, 811, '2025-03-26 09:40:09', NULL),
(209, 821, '2025-03-26 09:40:26', NULL),
(210, 831, '2025-03-26 09:40:39', NULL),
(211, 841, '2025-03-26 09:40:55', NULL),
(212, 456, '2025-04-05 04:11:24', NULL),
(213, 902, '2025-04-05 04:13:06', NULL),
(214, 907, '2025-04-05 04:13:38', NULL),
(215, 897, '2025-04-05 04:15:52', NULL),
(216, 922, '2025-04-05 04:42:32', NULL),
(217, 456, '2025-04-05 04:43:00', NULL),
(218, 917, '2025-04-05 04:44:00', NULL),
(219, 927, '2025-04-05 04:44:42', NULL),
(220, 912, '2025-04-05 04:45:13', NULL),
(221, 932, '2025-04-05 05:15:20', NULL),
(222, 937, '2025-04-05 05:16:01', NULL),
(223, 942, '2025-04-05 05:23:44', NULL),
(224, 947, '2025-04-05 05:27:59', NULL),
(225, 947, '2025-04-05 05:30:39', NULL),
(226, 962, '2025-04-05 06:03:53', NULL),
(227, 957, '2025-04-05 06:04:17', NULL),
(228, 952, '2025-04-05 06:05:25', NULL),
(229, 967, '2025-04-05 06:07:10', NULL),
(230, 972, '2025-04-05 06:31:09', NULL),
(231, 977, '2025-04-05 06:31:41', NULL),
(232, 982, '2025-04-05 06:32:02', NULL),
(233, 987, '2025-04-05 06:32:29', NULL),
(234, 992, '2025-04-05 10:21:46', NULL),
(235, 997, '2025-04-05 10:22:09', NULL),
(236, 1002, '2025-04-05 10:22:44', NULL),
(237, 1007, '2025-04-05 10:23:17', NULL),
(238, 1012, '2025-04-05 10:24:16', NULL),
(239, 1017, '2025-04-05 10:24:38', NULL),
(240, 1027, '2025-04-05 10:24:59', NULL),
(241, 1022, '2025-04-05 10:25:29', NULL),
(242, 1032, '2025-04-05 10:25:54', NULL),
(243, 1037, '2025-04-05 10:26:14', NULL),
(244, 1042, '2025-04-05 10:26:49', NULL),
(245, 1048, '2025-04-05 10:27:20', NULL),
(246, 1053, '2025-04-05 10:27:38', NULL),
(247, 1058, '2025-04-05 10:28:04', NULL),
(248, 1068, '2025-04-05 10:28:24', NULL),
(249, 1063, '2025-04-05 10:28:47', NULL),
(250, 1073, '2025-04-05 10:29:35', NULL),
(251, 1078, '2025-04-05 10:29:52', NULL),
(252, 1083, '2025-04-05 10:30:31', NULL),
(253, 1148, '2025-04-05 10:30:51', NULL),
(254, 1088, '2025-04-05 10:31:16', NULL),
(255, 1088, '2025-04-05 10:32:13', NULL),
(256, 1093, '2025-04-05 10:32:33', NULL),
(257, 1098, '2025-04-05 10:33:23', NULL),
(258, 1103, '2025-04-05 10:33:42', NULL),
(259, 1108, '2025-04-05 10:34:04', NULL),
(260, 1113, '2025-04-05 10:34:32', NULL),
(261, 1123, '2025-04-05 10:35:00', NULL),
(262, 1118, '2025-04-05 10:35:29', NULL),
(263, 1128, '2025-04-05 10:35:53', NULL),
(264, 1133, '2025-04-05 10:36:08', NULL),
(265, 1138, '2025-04-05 10:36:56', NULL),
(266, 1138, '2025-04-05 10:37:05', NULL),
(267, 892, '2025-04-05 10:46:05', NULL),
(268, 900, '2025-04-05 10:46:27', NULL),
(269, 905, '2025-04-05 10:46:52', NULL),
(270, 920, '2025-04-05 10:47:32', NULL),
(271, 915, '2025-04-05 10:47:50', NULL),
(272, 925, '2025-04-05 10:48:23', NULL),
(273, 910, '2025-04-05 10:48:47', NULL),
(274, 930, '2025-04-05 10:49:05', NULL),
(275, 940, '2025-04-05 10:49:22', NULL),
(276, 935, '2025-04-05 10:49:38', NULL),
(277, 945, '2025-04-05 10:50:03', NULL),
(278, 965, '2025-04-05 10:50:28', NULL),
(279, 960, '2025-04-05 10:50:45', NULL),
(280, 955, '2025-04-05 10:50:59', NULL),
(281, 950, '2025-04-05 10:51:17', NULL),
(282, 985, '2025-04-05 10:51:39', NULL),
(283, 975, '2025-04-05 10:52:13', NULL),
(284, 980, '2025-04-05 10:52:29', NULL),
(285, 990, '2025-04-05 10:59:16', NULL),
(286, 995, '2025-04-05 10:59:37', NULL),
(287, 1000, '2025-04-05 11:00:06', NULL),
(288, 1005, '2025-04-05 11:00:37', NULL),
(289, 1010, '2025-04-05 11:01:02', NULL),
(290, 1015, '2025-04-05 11:01:20', NULL),
(291, 1025, '2025-04-05 11:01:36', NULL),
(292, 1020, '2025-04-05 11:01:51', NULL),
(293, 1030, '2025-04-05 11:02:35', NULL),
(294, 1045, '2025-04-05 11:02:57', NULL),
(295, 1035, '2025-04-05 11:03:19', NULL),
(296, 1051, '2025-04-05 11:03:51', NULL),
(297, 1061, '2025-04-05 11:04:11', NULL),
(298, 1056, '2025-04-05 11:04:51', NULL),
(299, 1146, '2025-04-05 11:05:16', NULL),
(300, 1071, '2025-04-05 11:05:33', NULL),
(301, 1081, '2025-04-05 11:05:55', NULL),
(302, 1086, '2025-04-05 11:06:36', NULL),
(303, 1091, '2025-04-05 11:06:57', NULL),
(304, 1096, '2025-04-05 11:07:12', NULL),
(305, 1101, '2025-04-05 11:07:29', NULL),
(306, 1106, '2025-04-05 11:07:48', NULL),
(307, 1111, '2025-04-05 11:08:04', NULL),
(308, 1121, '2025-04-05 11:08:19', NULL),
(309, 1116, '2025-04-05 11:08:41', NULL),
(310, 1141, '2025-04-05 11:09:13', NULL),
(311, 1131, '2025-04-05 11:09:31', NULL),
(312, 1126, '2025-04-05 11:09:45', NULL),
(313, 899, '2025-04-05 11:20:12', NULL),
(314, 904, '2025-04-05 11:20:33', NULL),
(315, 909, '2025-04-05 11:20:52', NULL),
(316, 924, '2025-04-05 11:22:18', NULL),
(317, 914, '2025-04-05 11:22:44', NULL),
(318, 949, '2025-04-05 11:23:24', NULL),
(319, 944, '2025-04-05 11:23:46', NULL),
(320, 939, '2025-04-05 11:24:07', NULL),
(321, 969, '2025-04-05 11:24:53', NULL),
(322, 964, '2025-04-05 11:25:12', NULL),
(323, 959, '2025-04-05 11:26:11', NULL),
(324, 954, '2025-04-05 11:26:32', NULL),
(325, 989, '2025-04-05 11:27:05', NULL),
(326, 979, '2025-04-05 11:27:32', NULL),
(327, 984, '2025-04-05 11:27:58', NULL),
(328, 999, '2025-04-05 11:28:33', NULL),
(329, 1009, '2025-04-05 11:28:57', NULL),
(330, 1019, '2025-04-05 11:30:26', NULL),
(331, 1024, '2025-04-05 11:30:55', NULL),
(332, 1029, '2025-04-05 11:31:47', NULL),
(333, 1039, '2025-04-05 11:32:27', NULL),
(334, 1055, '2025-04-05 11:33:41', NULL),
(335, 1065, '2025-04-05 11:34:12', NULL),
(336, 1060, '2025-04-05 11:34:54', NULL),
(337, 1075, '2025-04-05 11:35:27', NULL),
(338, 1150, '2025-04-05 11:35:46', NULL),
(339, 1090, '2025-04-05 11:36:20', NULL),
(340, 1095, '2025-04-05 11:36:35', NULL),
(341, 1100, '2025-04-05 11:37:21', NULL),
(342, 1105, '2025-04-05 11:37:50', NULL),
(343, 1110, '2025-04-05 11:38:16', NULL),
(344, 1115, '2025-04-05 11:38:40', NULL),
(345, 1125, '2025-04-05 11:38:56', NULL),
(346, 1120, '2025-04-05 11:39:13', NULL),
(347, 1120, '2025-04-05 11:39:28', NULL),
(348, 1130, '2025-04-05 11:39:51', NULL),
(349, 1135, '2025-04-05 11:40:13', NULL),
(350, 1140, '2025-04-05 11:40:33', NULL),
(351, 1145, '2025-04-05 11:40:52', NULL),
(352, 906, '2025-04-05 11:57:11', NULL),
(353, 901, '2025-04-05 11:57:38', NULL),
(354, 895, '2025-04-05 11:58:05', NULL),
(355, 921, '2025-04-05 11:59:28', NULL),
(356, 941, '2025-04-05 12:00:15', NULL),
(357, 946, '2025-04-05 12:00:46', NULL),
(358, 966, '2025-04-05 12:01:22', NULL),
(359, 961, '2025-04-05 12:01:55', NULL),
(360, 951, '2025-04-05 12:02:22', NULL),
(361, 986, '2025-04-05 12:03:06', NULL),
(362, 976, '2025-04-05 12:03:24', NULL),
(363, 981, '2025-04-05 12:04:06', NULL),
(364, 996, '2025-04-05 12:04:36', NULL),
(365, 1006, '2025-04-05 12:05:01', NULL),
(366, 1016, '2025-04-05 12:05:37', NULL),
(367, 1026, '2025-04-05 12:05:55', NULL),
(368, 1021, '2025-04-05 12:06:13', NULL),
(369, 1057, '2025-04-05 12:07:15', NULL),
(370, 1052, '2025-04-05 12:07:49', NULL),
(371, 1072, '2025-04-05 12:08:47', NULL),
(372, 1147, '2025-04-05 12:09:13', NULL),
(373, 1087, '2025-04-05 12:10:20', NULL),
(374, 1092, '2025-04-05 12:10:36', NULL),
(375, 1097, '2025-04-05 12:10:53', NULL),
(376, 1102, '2025-04-05 12:11:10', NULL),
(377, 1107, '2025-04-05 12:11:31', NULL),
(378, 1112, '2025-04-05 12:11:45', NULL),
(379, 1122, '2025-04-05 12:12:01', NULL),
(380, 1117, '2025-04-05 12:12:21', NULL),
(381, 1132, '2025-04-05 12:12:43', NULL),
(382, 1137, '2025-04-05 12:13:11', NULL),
(383, 1142, '2025-04-05 12:13:30', NULL),
(384, 898, '2025-04-05 12:35:20', NULL),
(385, 903, '2025-04-05 12:35:37', NULL),
(386, 908, '2025-04-05 12:36:02', NULL),
(387, 923, '2025-04-05 12:37:29', NULL),
(388, 943, '2025-04-05 12:38:24', NULL),
(389, 938, '2025-04-05 12:38:51', NULL),
(390, 948, '2025-04-05 12:39:47', NULL),
(391, 968, '2025-04-05 12:40:30', NULL),
(392, 963, '2025-04-05 12:47:07', NULL),
(393, 973, '2025-04-05 12:47:59', NULL),
(394, 978, '2025-04-05 12:48:33', NULL),
(395, 998, '2025-04-05 12:49:07', NULL),
(396, 1003, '2025-04-05 12:49:25', NULL),
(397, 983, '2025-04-05 12:49:40', NULL),
(398, 1008, '2025-04-05 12:50:19', NULL),
(399, 1028, '2025-04-05 12:50:45', NULL),
(400, 1023, '2025-04-05 12:51:04', NULL),
(401, 1054, '2025-04-05 12:51:52', NULL),
(402, 1059, '2025-04-05 12:52:26', NULL),
(403, 1074, '2025-04-05 12:52:50', NULL),
(404, 1079, '2025-04-05 12:53:04', NULL),
(405, 1149, '2025-04-05 12:53:32', NULL),
(406, 1089, '2025-04-05 12:54:00', NULL),
(407, 1094, '2025-04-05 12:54:25', NULL),
(408, 1099, '2025-04-05 12:54:46', NULL),
(409, 1104, '2025-04-05 12:55:07', NULL),
(410, 1109, '2025-04-05 12:55:22', NULL),
(411, 1114, '2025-04-05 12:55:39', NULL),
(412, 1124, '2025-04-05 12:55:57', NULL),
(413, 1124, '2025-04-05 12:56:07', NULL),
(414, 1119, '2025-04-05 12:56:29', NULL),
(415, 1129, '2025-04-05 12:56:48', NULL),
(416, 1134, '2025-04-05 12:57:25', NULL),
(417, 1183, '2025-04-08 12:56:04', NULL),
(418, 1183, '2025-04-08 12:56:51', NULL),
(419, 1183, '2025-04-08 12:57:01', NULL),
(420, 1012, '2025-04-08 12:57:32', NULL),
(421, 1118, '2025-04-08 13:48:46', NULL),
(422, 1223, '2025-04-10 06:06:39', NULL),
(423, 1223, '2025-04-15 05:08:15', NULL),
(424, 1225, '2025-04-15 15:50:29', NULL),
(425, 1228, '2025-05-06 11:35:05', NULL),
(426, 1229, '2025-05-06 12:34:45', NULL),
(427, 1230, '2025-05-06 12:37:32', NULL),
(428, 1227, '2025-05-06 12:40:39', NULL),
(429, 1226, '2025-05-06 12:42:36', NULL),
(430, 1238, '2025-05-12 08:03:41', NULL),
(431, 1235, '2025-05-12 08:10:38', NULL);

-- --------------------------------------------------------

--
-- Table structure for table `onlineexam_autocreated`
--

CREATE TABLE `onlineexam_autocreated` (
  `id` int(11) NOT NULL,
  `student_session_id` int(11) DEFAULT NULL,
  `onlineexam_id` int(11) DEFAULT NULL,
  `onlineexam_id_old` int(11) DEFAULT NULL,
  `created_at` timestamp NULL DEFAULT current_timestamp()
) ENGINE=InnoDB DEFAULT CHARSET=utf8mb4 COLLATE=utf8mb4_general_ci;

-- --------------------------------------------------------

--
-- Table structure for table `onlineexam_questions`
--

CREATE TABLE `onlineexam_questions` (
  `id` int(11) NOT NULL,
  `question_id` int(11) DEFAULT NULL,
  `onlineexam_id` int(11) DEFAULT NULL,
  `session_id` int(11) DEFAULT NULL,
  `marks` float(10,2) NOT NULL DEFAULT 0.00,
  `neg_marks` float(10,2) DEFAULT 0.00,
  `is_active` varchar(1) DEFAULT '0',
  `created_at` timestamp NOT NULL DEFAULT current_timestamp() ON UPDATE current_timestamp(),
  `updated_at` date DEFAULT NULL
) ENGINE=InnoDB DEFAULT CHARSET=utf8 COLLATE=utf8_general_ci;

--
-- Dumping data for table `onlineexam_questions`
--

INSERT INTO `onlineexam_questions` (`id`, `question_id`, `onlineexam_id`, `session_id`, `marks`, `neg_marks`, `is_active`, `created_at`, `updated_at`) VALUES
(1, 113, 18, NULL, 1.00, 0.25, '0', '2025-03-25 00:16:37', NULL),
(2, 114, 18, NULL, 1.00, 0.25, '0', '2025-03-25 00:16:38', NULL),
(3, 115, 18, NULL, 1.00, 0.25, '0', '2025-03-25 00:16:40', NULL),
(4, 116, 18, NULL, 1.00, 0.25, '0', '2025-03-25 00:16:42', NULL),
(5, 117, 18, NULL, 1.00, 0.25, '0', '2025-03-25 00:16:44', NULL),
(6, 108, 17, NULL, 1.00, 0.25, '0', '2025-03-25 00:18:21', NULL),
(7, 109, 17, NULL, 1.00, 0.25, '0', '2025-03-25 00:18:24', NULL),
(8, 110, 17, NULL, 1.00, 0.25, '0', '2025-03-25 00:18:25', NULL),
(9, 111, 17, NULL, 1.00, 0.25, '0', '2025-03-25 00:18:27', NULL),
(10, 112, 17, NULL, 1.00, 0.25, '0', '2025-03-25 00:18:28', NULL),
(11, 103, 15, NULL, 1.00, 0.25, '0', '2025-03-25 00:20:21', NULL),
(12, 104, 15, NULL, 1.00, 0.25, '0', '2025-03-25 00:20:27', NULL),
(13, 105, 15, NULL, 1.00, 0.25, '0', '2025-03-25 00:20:28', NULL),
(14, 106, 15, NULL, 1.00, 0.25, '0', '2025-03-25 00:20:29', NULL),
(15, 107, 15, NULL, 1.00, 0.25, '0', '2025-03-25 00:20:31', NULL),
(21, 66, 14, NULL, 1.00, 0.25, '0', '2025-03-25 00:22:26', NULL),
(22, 67, 14, NULL, 1.00, 0.25, '0', '2025-03-25 00:22:30', NULL),
(23, 68, 14, NULL, 1.00, 0.25, '0', '2025-03-25 00:22:32', NULL),
(24, 69, 14, NULL, 1.00, 0.25, '0', '2025-03-25 00:22:34', NULL),
(25, 70, 14, NULL, 1.00, 0.25, '0', '2025-03-25 00:22:35', NULL),
(26, 61, 13, NULL, 1.00, 0.25, '0', '2025-03-25 00:24:16', NULL),
(27, 62, 13, NULL, 1.00, 0.25, '0', '2025-03-25 00:24:18', NULL),
(28, 63, 13, NULL, 1.00, 0.25, '0', '2025-03-25 00:24:19', NULL),
(29, 64, 13, NULL, 1.00, 0.25, '0', '2025-03-25 00:24:22', NULL),
(30, 65, 13, NULL, 1.00, 0.25, '0', '2025-03-25 00:24:24', NULL),
(31, 73, 9, NULL, 1.00, 0.25, '0', '2025-03-25 00:29:04', NULL),
(32, 74, 9, NULL, 1.00, 0.25, '0', '2025-03-25 00:29:07', NULL),
(33, 75, 9, NULL, 1.00, 0.25, '0', '2025-03-25 00:29:08', NULL),
(34, 76, 9, NULL, 1.00, 0.25, '0', '2025-03-25 00:29:10', NULL),
(35, 77, 9, NULL, 1.00, 0.25, '0', '2025-03-25 00:29:12', NULL),
(36, 78, 8, NULL, 1.00, 0.25, '0', '2025-03-25 00:30:16', NULL),
(37, 79, 8, NULL, 1.00, 0.25, '0', '2025-03-25 00:30:19', NULL),
(38, 80, 8, NULL, 1.00, 0.25, '0', '2025-03-25 00:30:24', NULL),
(39, 81, 8, NULL, 1.00, 0.25, '0', '2025-03-25 00:30:26', NULL),
(40, 82, 8, NULL, 1.00, 0.25, '0', '2025-03-25 00:30:28', NULL),
(41, 87, 8, NULL, 1.00, 0.25, '0', '2025-03-25 00:30:32', NULL),
(42, 86, 8, NULL, 1.00, 0.25, '0', '2025-03-25 00:30:33', NULL),
(43, 92, 7, NULL, 1.00, 0.25, '0', '2025-03-25 00:31:43', NULL),
(45, 91, 7, NULL, 1.00, 0.25, '0', '2025-03-25 00:31:47', NULL),
(46, 90, 7, NULL, 1.00, 0.25, '0', '2025-03-25 00:31:51', NULL),
(47, 89, 7, NULL, 1.00, 0.25, '0', '2025-03-25 00:31:53', NULL),
(48, 88, 7, NULL, 1.00, 0.25, '0', '2025-03-25 00:31:54', NULL),
(49, 92, 6, NULL, 1.00, 0.25, '0', '2025-03-25 00:33:29', NULL),
(50, 91, 6, NULL, 1.00, 0.25, '0', '2025-03-25 00:33:30', NULL),
(51, 90, 6, NULL, 1.00, 0.25, '0', '2025-03-25 00:33:31', NULL),
(52, 89, 6, NULL, 1.00, 0.25, '0', '2025-03-25 00:33:33', NULL),
(53, 88, 6, NULL, 1.00, 0.25, '0', '2025-03-25 00:33:34', NULL),
(54, 93, 5, NULL, 1.00, 0.25, '0', '2025-03-25 00:34:31', NULL),
(55, 94, 5, NULL, 1.00, 0.25, '0', '2025-03-25 00:34:32', NULL),
(56, 95, 5, NULL, 1.00, 0.25, '0', '2025-03-25 00:34:33', NULL),
(57, 96, 5, NULL, 1.00, 0.25, '0', '2025-03-25 00:34:35', NULL),
(58, 97, 5, NULL, 1.00, 0.25, '0', '2025-03-25 00:34:37', NULL),
(59, 98, 5, NULL, 1.00, 0.25, '0', '2025-03-25 00:34:46', NULL),
(60, 99, 5, NULL, 1.00, 0.25, '0', '2025-03-25 00:34:47', NULL),
(61, 100, 5, NULL, 1.00, 0.25, '0', '2025-03-25 00:34:50', NULL),
(62, 101, 5, NULL, 1.00, 0.25, '0', '2025-03-25 00:34:51', NULL),
(63, 102, 5, NULL, 1.00, 0.25, '0', '2025-03-25 00:34:52', NULL),
(64, 93, 4, NULL, 1.00, 0.25, '0', '2025-03-25 00:36:17', NULL),
(65, 94, 4, NULL, 1.00, 0.25, '0', '2025-03-25 00:36:18', NULL),
(79, 50, 19, NULL, 1.00, 0.25, '0', '2025-03-25 06:54:31', NULL),
(80, 51, 19, NULL, 1.00, 0.25, '0', '2025-03-25 06:54:33', NULL),
(81, 52, 19, NULL, 1.00, 0.25, '0', '2025-03-25 06:54:35', NULL),
(82, 53, 19, NULL, 1.00, 0.25, '0', '2025-03-25 06:54:39', NULL),
(83, 118, 20, NULL, 1.00, 0.25, '0', '2025-03-26 05:45:34', NULL),
(84, 119, 20, NULL, 1.00, 0.25, '0', '2025-03-26 05:45:35', NULL),
(85, 103, 21, NULL, 1.00, 0.25, '0', '2025-03-26 05:47:00', NULL),
(86, 106, 21, NULL, 1.00, 0.25, '0', '2025-03-26 05:47:08', NULL),
(87, 113, 22, NULL, 1.00, 0.25, '0', '2025-03-26 05:49:08', NULL),
(88, 116, 22, NULL, 1.00, 0.25, '0', '2025-03-26 05:49:11', NULL),
(89, 108, 23, NULL, 1.00, 0.25, '0', '2025-03-26 05:49:56', NULL),
(90, 111, 23, NULL, 1.00, 0.25, '0', '2025-03-26 05:49:58', NULL),
(91, 103, 24, NULL, 1.00, 0.25, '0', '2025-03-26 05:50:44', NULL),
(92, 106, 24, NULL, 1.00, 0.25, '0', '2025-03-26 05:50:48', NULL),
(93, 119, 25, NULL, 1.00, 0.25, '0', '2025-03-26 05:51:56', NULL),
(94, 118, 25, NULL, 1.00, 0.25, '0', '2025-03-26 05:52:00', NULL),
(95, 118, 26, NULL, 1.00, 0.25, '0', '2025-03-26 05:52:44', NULL),
(96, 119, 26, NULL, 1.00, 0.25, '0', '2025-03-26 05:52:48', NULL),
(97, 118, 27, NULL, 1.00, 0.25, '0', '2025-03-26 05:54:13', NULL),
(98, 119, 27, NULL, 1.00, 0.25, '0', '2025-03-26 05:54:15', NULL),
(101, 118, 28, NULL, 1.00, 0.25, '0', '2025-03-26 05:55:42', NULL),
(102, 119, 28, NULL, 1.00, 0.25, '0', '2025-03-26 05:55:47', NULL),
(103, 118, 29, NULL, 1.00, 0.25, '0', '2025-03-26 05:59:16', NULL),
(104, 119, 29, NULL, 1.00, 0.25, '0', '2025-03-26 05:59:17', NULL),
(106, 118, 30, NULL, 1.00, 0.25, '0', '2025-03-26 05:59:50', NULL),
(107, 119, 30, NULL, 1.00, 0.25, '0', '2025-03-26 05:59:54', NULL),
(108, 118, 31, NULL, 1.00, 0.25, '0', '2025-03-26 06:00:54', NULL),
(109, 119, 31, NULL, 1.00, 0.25, '0', '2025-03-26 06:00:55', NULL),
(112, 118, 32, NULL, 1.00, 0.25, '0', '2025-03-26 06:02:04', NULL),
(113, 119, 32, NULL, 1.00, 0.25, '0', '2025-03-26 06:02:05', NULL),
(114, 118, 33, NULL, 1.00, 0.25, '0', '2025-03-26 06:02:47', NULL),
(115, 119, 33, NULL, 1.00, 0.25, '0', '2025-03-26 06:02:52', NULL),
(116, 93, 34, NULL, 1.00, 0.25, '0', '2025-03-26 06:03:54', NULL),
(117, 96, 34, NULL, 1.00, 0.25, '0', '2025-03-26 06:03:55', NULL),
(118, 73, 45, NULL, 1.00, 0.25, '0', '2025-03-26 06:04:35', NULL),
(119, 76, 45, NULL, 1.00, 0.25, '0', '2025-03-26 06:04:39', NULL),
(120, 79, 45, NULL, 1.00, 0.25, '0', '2025-03-26 06:04:44', NULL),
(121, 93, 35, NULL, 1.00, 0.25, '0', '2025-03-26 06:05:21', NULL),
(122, 94, 35, NULL, 1.00, 0.25, '0', '2025-03-26 06:05:22', NULL),
(123, 93, 36, NULL, 1.00, 0.25, '0', '2025-03-26 06:06:28', NULL),
(124, 96, 36, NULL, 1.00, 0.25, '0', '2025-03-26 06:06:33', NULL),
(125, 93, 37, NULL, 1.00, 0.25, '0', '2025-03-26 06:07:17', NULL),
(126, 96, 37, NULL, 1.00, 0.25, '0', '2025-03-26 06:07:19', NULL),
(127, 93, 38, NULL, 1.00, 0.25, '0', '2025-03-26 06:08:21', NULL),
(128, 96, 38, NULL, 1.00, 0.25, '0', '2025-03-26 06:08:34', NULL),
(129, 50, 39, NULL, 1.00, 0.25, '0', '2025-03-26 06:09:36', NULL),
(130, 53, 39, NULL, 1.00, 0.25, '0', '2025-03-26 06:09:40', NULL),
(132, 50, 10, NULL, 1.00, 0.25, '0', '2025-03-26 06:10:31', NULL),
(133, 51, 10, NULL, 1.00, 0.25, '0', '2025-03-26 06:10:33', NULL),
(134, 50, 44, NULL, 1.00, 0.25, '0', '2025-03-26 06:13:20', NULL),
(135, 53, 44, NULL, 1.00, 0.25, '0', '2025-03-26 06:13:28', NULL),
(136, 50, 43, NULL, 1.00, 0.25, '0', '2025-03-26 06:13:57', NULL),
(137, 53, 43, NULL, 1.00, 0.25, '0', '2025-03-26 06:13:58', NULL),
(138, 50, 42, NULL, 1.00, 0.25, '0', '2025-03-26 06:14:27', NULL),
(139, 53, 42, NULL, 1.00, 0.25, '0', '2025-03-26 06:14:32', NULL),
(140, 50, 41, NULL, 1.00, 0.25, '0', '2025-03-26 06:15:01', NULL),
(141, 53, 41, NULL, 1.00, 0.25, '0', '2025-03-26 06:15:07', NULL),
(142, 50, 40, NULL, 1.00, 0.25, '0', '2025-03-26 06:15:40', NULL),
(143, 53, 40, NULL, 1.00, 0.25, '0', '2025-03-26 06:15:46', NULL),
(144, 93, 3, NULL, 1.00, 0.25, '0', '2025-03-26 06:19:35', NULL),
(145, 94, 3, NULL, 1.00, 0.25, '0', '2025-03-26 06:19:43', NULL),
(148, 54, 46, NULL, 1.00, 0.25, '0', '2025-04-05 03:26:25', NULL),
(149, 53, 46, NULL, 1.00, 0.25, '0', '2025-04-05 03:26:30', NULL),
(150, 73, 47, NULL, 1.00, 0.25, '0', '2025-04-05 03:46:30', NULL),
(151, 78, 47, NULL, 1.00, 0.25, '0', '2025-04-05 03:46:42', NULL),
(152, 95, 48, NULL, 1.00, 0.25, '0', '2025-04-05 03:59:30', NULL),
(153, 97, 48, NULL, 1.00, 0.25, '0', '2025-04-05 03:59:31', NULL),
(154, 101, 48, NULL, 1.00, 0.25, '0', '2025-04-05 03:59:57', NULL),
(155, 98, 48, NULL, 1.00, 0.25, '0', '2025-04-05 03:59:59', NULL),
(156, 73, 50, NULL, 1.00, 0.25, '0', '2025-04-05 04:32:59', NULL),
(157, 79, 50, NULL, 1.00, 0.25, '0', '2025-04-05 04:33:07', NULL),
(158, 101, 51, NULL, 1.00, 0.25, '0', '2025-04-05 04:33:50', NULL),
(159, 98, 51, NULL, 1.00, 0.25, '0', '2025-04-05 04:34:02', NULL),
(160, 54, 49, NULL, 1.00, 0.25, '0', '2025-04-05 04:35:24', NULL),
(161, 53, 49, NULL, 1.00, 0.25, '0', '2025-04-05 04:35:39', NULL),
(162, 118, 52, NULL, 1.00, 0.25, '0', '2025-04-05 04:38:00', NULL),
(163, 119, 52, NULL, 1.00, 0.25, '0', '2025-04-05 04:38:01', NULL),
(164, 54, 53, NULL, 1.00, 0.25, '0', '2025-04-05 05:08:14', NULL),
(165, 53, 53, NULL, 1.00, 0.25, '0', '2025-04-05 05:08:18', NULL),
(168, 98, 55, NULL, 1.00, 0.25, '0', '2025-04-05 05:11:01', NULL),
(169, 101, 55, NULL, 1.00, 0.25, '0', '2025-04-05 05:11:04', NULL),
(170, 118, 56, NULL, 1.00, 0.25, '0', '2025-04-05 05:13:22', NULL),
(171, 119, 56, NULL, 1.00, 0.25, '0', '2025-04-05 05:13:24', NULL),
(174, 79, 57, NULL, 1.00, 0.25, '0', '2025-04-05 05:30:05', NULL),
(176, 73, 57, NULL, 1.00, 0.25, '0', '2025-04-05 05:30:13', NULL),
(177, 118, 61, NULL, 1.00, 0.25, '0', '2025-04-05 05:57:09', NULL),
(178, 119, 61, NULL, 1.00, 0.25, '0', '2025-04-05 05:57:11', NULL),
(179, 73, 59, NULL, 1.00, 0.25, '0', '2025-04-05 05:59:27', NULL),
(180, 79, 59, NULL, 1.00, 0.25, '0', '2025-04-05 05:59:45', NULL),
(181, 93, 60, NULL, 1.00, 0.25, '0', '2025-04-05 06:00:54', NULL),
(182, 101, 60, NULL, 1.00, 0.25, '0', '2025-04-05 06:01:21', NULL),
(183, 54, 58, NULL, 1.00, 0.25, '0', '2025-04-05 06:02:22', NULL),
(184, 53, 58, NULL, 1.00, 0.25, '0', '2025-04-05 06:02:25', NULL),
(186, 54, 64, NULL, 1.00, 0.25, '0', '2025-04-05 06:27:47', NULL),
(187, 53, 64, NULL, 1.00, 0.25, '0', '2025-04-05 06:27:48', NULL),
(188, 73, 65, NULL, 1.00, 0.25, '0', '2025-04-05 06:28:48', NULL),
(189, 79, 65, NULL, 1.00, 0.25, '0', '2025-04-05 06:28:56', NULL),
(190, 101, 67, NULL, 1.00, 0.25, '0', '2025-04-05 06:29:38', NULL),
(191, 98, 67, NULL, 1.00, 0.25, '0', '2025-04-05 06:29:48', NULL),
(192, 118, 68, NULL, 1.00, 0.25, '0', '2025-04-05 06:30:33', NULL),
(193, 119, 68, NULL, 1.00, 0.25, '0', '2025-04-05 06:30:35', NULL),
(194, 98, 69, NULL, 1.00, 0.25, '0', '2025-04-05 07:03:16', NULL),
(195, 101, 69, NULL, 1.00, 0.25, '0', '2025-04-05 07:03:18', NULL),
(196, 53, 70, NULL, 1.00, 0.25, '0', '2025-04-05 07:03:49', NULL),
(197, 54, 70, NULL, 1.00, 0.25, '0', '2025-04-05 07:03:51', NULL),
(198, 73, 71, NULL, 1.00, 0.25, '0', '2025-04-05 07:04:27', NULL),
(199, 79, 71, NULL, 1.00, 0.25, '0', '2025-04-05 07:04:34', NULL),
(200, 103, 72, NULL, 1.00, 0.25, '0', '2025-04-05 07:05:07', NULL),
(201, 106, 72, NULL, 1.00, 0.25, '0', '2025-04-05 07:05:08', NULL),
(202, 98, 73, NULL, 1.00, 0.25, '0', '2025-04-05 07:16:47', NULL),
(203, 101, 73, NULL, 1.00, 0.25, '0', '2025-04-05 07:16:48', NULL),
(204, 53, 74, NULL, 1.00, 0.25, '0', '2025-04-05 07:18:41', NULL),
(205, 54, 74, NULL, 1.00, 0.25, '0', '2025-04-05 07:18:42', NULL),
(207, 73, 75, NULL, 1.00, 0.25, '0', '2025-04-05 07:19:27', NULL),
(208, 79, 75, NULL, 1.00, 0.25, '0', '2025-04-05 07:19:33', NULL),
(209, 103, 76, NULL, 1.00, 0.25, '0', '2025-04-05 07:20:10', NULL),
(210, 106, 76, NULL, 1.00, 0.25, '0', '2025-04-05 07:20:12', NULL),
(211, 53, 77, NULL, 1.00, 0.25, '0', '2025-04-05 07:35:00', NULL),
(212, 54, 77, NULL, 1.00, 0.25, '0', '2025-04-05 07:35:01', NULL),
(213, 101, 78, NULL, 1.00, 0.25, '0', '2025-04-05 07:35:43', NULL),
(214, 98, 78, NULL, 1.00, 0.25, '0', '2025-04-05 07:35:45', NULL),
(215, 73, 79, NULL, 1.00, 0.25, '0', '2025-04-05 07:36:21', NULL),
(216, 79, 79, NULL, 1.00, 0.25, '0', '2025-04-05 07:36:31', NULL),
(217, 103, 80, NULL, 1.00, 0.25, '0', '2025-04-05 07:37:35', NULL),
(218, 106, 80, NULL, 1.00, 0.25, '0', '2025-04-05 07:37:36', NULL),
(221, 54, 81, NULL, 1.00, 0.25, '0', '2025-04-05 08:09:29', NULL),
(222, 53, 81, NULL, 1.00, 0.25, '0', '2025-04-05 08:09:30', NULL),
(223, 73, 82, NULL, 1.00, 0.25, '0', '2025-04-05 08:10:39', NULL),
(224, 79, 82, NULL, 1.00, 0.25, '0', '2025-04-05 08:10:55', NULL),
(226, 101, 83, NULL, 1.00, 0.25, '0', '2025-04-05 08:12:43', NULL),
(227, 98, 83, NULL, 1.00, 0.25, '0', '2025-04-05 08:12:45', NULL),
(228, 103, 84, NULL, 1.00, 0.25, '0', '2025-04-05 08:13:53', NULL),
(229, 106, 84, NULL, 1.00, 0.25, '0', '2025-04-05 08:13:55', NULL),
(230, 54, 85, NULL, 1.00, 0.25, '0', '2025-04-05 08:25:04', NULL),
(231, 53, 85, NULL, 1.00, 0.25, '0', '2025-04-05 08:25:06', NULL),
(233, 96, 86, NULL, 1.00, 0.25, '0', '2025-04-05 08:28:34', NULL),
(234, 101, 86, NULL, 1.00, 0.25, '0', '2025-04-05 08:28:36', NULL),
(235, 73, 87, NULL, 1.00, 0.25, '0', '2025-04-05 08:29:30', NULL),
(236, 78, 87, NULL, 1.00, 0.25, '0', '2025-04-05 08:29:42', NULL),
(239, 53, 89, NULL, 1.00, 0.25, '0', '2025-04-05 09:13:30', NULL),
(240, 54, 89, NULL, 1.00, 0.25, '0', '2025-04-05 09:13:32', NULL),
(241, 98, 90, NULL, 1.00, 0.25, '0', '2025-04-05 09:14:27', NULL),
(242, 101, 90, NULL, 1.00, 0.25, '0', '2025-04-05 09:14:29', NULL),
(244, 73, 91, NULL, 1.00, 0.25, '0', '2025-04-05 09:16:05', NULL),
(245, 79, 91, NULL, 1.00, 0.25, '0', '2025-04-05 09:16:12', NULL),
(246, 103, 92, NULL, 1.00, 0.25, '0', '2025-04-05 09:16:58', NULL),
(247, 106, 92, NULL, 1.00, 0.25, '0', '2025-04-05 09:17:00', NULL),
(248, 54, 93, NULL, 1.00, 0.25, '0', '2025-04-05 09:30:13', NULL),
(249, 53, 93, NULL, 1.00, 0.25, '0', '2025-04-05 09:30:15', NULL),
(250, 98, 94, NULL, 1.00, 0.25, '0', '2025-04-05 09:31:43', NULL),
(251, 101, 94, NULL, 1.00, 0.25, '0', '2025-04-05 09:31:44', NULL),
(252, 73, 95, NULL, 1.00, 0.25, '0', '2025-04-05 09:33:26', NULL),
(253, 79, 95, NULL, 1.00, 0.25, '0', '2025-04-05 09:33:32', NULL),
(254, 103, 96, NULL, 1.00, 0.25, '0', '2025-04-05 09:34:24', NULL),
(256, 106, 96, NULL, 1.00, 0.25, '0', '2025-04-05 09:34:40', NULL),
(258, 54, 97, NULL, 1.00, 0.25, '0', '2025-04-05 09:51:38', NULL),
(259, 53, 97, NULL, 1.00, 0.25, '0', '2025-04-05 09:51:39', NULL),
(261, 98, 98, NULL, 1.00, 0.25, '0', '2025-04-05 09:52:32', NULL),
(262, 101, 98, NULL, 1.00, 0.25, '0', '2025-04-05 09:52:34', NULL),
(264, 73, 99, NULL, 1.00, 0.25, '0', '2025-04-05 09:53:15', NULL),
(265, 79, 99, NULL, 1.00, 0.25, '0', '2025-04-05 09:53:21', NULL),
(266, 106, 100, NULL, 1.00, 0.25, '0', '2025-04-05 09:53:56', NULL),
(267, 103, 100, NULL, 1.00, 0.25, '0', '2025-04-05 09:53:57', NULL),
(268, 103, 101, NULL, 1.00, 0.25, '0', '2025-04-05 10:07:47', NULL),
(269, 106, 101, NULL, 1.00, 0.25, '0', '2025-04-05 10:07:48', NULL),
(270, 54, 102, NULL, 1.00, 0.25, '0', '2025-04-05 13:47:15', NULL),
(271, 53, 102, NULL, 1.00, 0.25, '0', '2025-04-05 13:47:17', NULL),
(272, 101, 103, NULL, 1.00, 0.25, '0', '2025-04-05 13:47:45', NULL),
(273, 98, 103, NULL, 1.00, 0.25, '0', '2025-04-05 13:47:47', NULL),
(274, 73, 104, NULL, 1.00, 0.25, '0', '2025-04-05 13:48:32', NULL),
(275, 79, 104, NULL, 1.00, 0.25, '0', '2025-04-05 13:48:38', NULL),
(276, 103, 105, NULL, 1.00, 0.25, '0', '2025-04-05 13:49:11', NULL),
(277, 106, 105, NULL, 1.00, 0.25, '0', '2025-04-05 13:49:12', NULL),
(278, 54, 106, NULL, 1.00, 0.25, '0', '2025-04-05 14:03:29', NULL),
(279, 53, 106, NULL, 1.00, 0.25, '0', '2025-04-05 14:03:31', NULL),
(280, 73, 107, NULL, 1.00, 0.25, '0', '2025-04-05 14:04:00', NULL),
(281, 79, 107, NULL, 1.00, 0.25, '0', '2025-04-05 14:04:08', NULL),
(282, 103, 108, NULL, 1.00, 0.25, '0', '2025-04-05 14:04:53', NULL),
(283, 106, 108, NULL, 1.00, 0.25, '0', '2025-04-05 14:04:55', NULL),
(288, 50, 110, NULL, 1.00, 0.25, '0', '2025-04-05 14:21:02', NULL),
(289, 53, 110, NULL, 1.00, 0.25, '0', '2025-04-05 14:21:02', NULL),
(290, 101, 111, NULL, 1.00, 0.25, '0', '2025-04-05 14:21:38', NULL),
(291, 98, 111, NULL, 1.00, 0.25, '0', '2025-04-05 14:21:40', NULL),
(293, 103, 112, NULL, 1.00, 0.25, '0', '2025-04-05 14:22:16', NULL),
(294, 106, 112, NULL, 1.00, 0.25, '0', '2025-04-05 14:22:20', NULL),
(295, 118, 113, NULL, 1.00, 0.25, '0', '2025-04-05 14:23:10', NULL),
(296, 119, 113, NULL, 1.00, 0.25, '0', '2025-04-05 14:23:11', NULL),
(298, 73, 115, NULL, 1.00, 0.25, '0', '2025-04-05 14:45:15', NULL),
(301, 79, 115, NULL, 1.00, 0.25, '0', '2025-04-05 14:46:17', NULL),
(302, 103, 116, NULL, 1.00, 0.25, '0', '2025-04-05 14:49:55', NULL),
(303, 106, 116, NULL, 1.00, 0.25, '0', '2025-04-05 14:49:56', NULL),
(304, 118, 117, NULL, 1.00, 0.25, '0', '2025-04-05 14:50:53', NULL),
(305, 119, 117, NULL, 1.00, 0.25, '0', '2025-04-05 14:50:55', NULL),
(310, 54, 119, NULL, 1.00, 0.25, '0', '2025-04-05 16:12:46', NULL),
(311, 53, 119, NULL, 1.00, 0.25, '0', '2025-04-05 16:12:48', NULL),
(312, 122, 120, NULL, 1.00, 0.25, '0', '2025-05-06 11:27:26', NULL),
(313, 50, 120, NULL, 1.00, 0.25, '0', '2025-05-06 12:29:16', NULL),
(314, 57, 120, NULL, 1.00, 0.25, '0', '2025-05-06 12:29:28', NULL),
(315, 61, 120, NULL, 1.00, 0.25, '0', '2025-05-06 12:29:40', NULL),
(316, 64, 120, NULL, 1.00, 0.25, '0', '2025-05-06 12:29:49', NULL),
(317, 125, 120, NULL, 1.00, 0.25, '0', '2025-05-06 12:30:01', NULL),
(319, 126, 120, NULL, 1.00, 0.25, '0', '2025-05-06 12:30:08', NULL),
(320, 127, 120, NULL, 1.00, 0.25, '0', '2025-05-06 12:30:13', NULL),
(321, 128, 120, NULL, 1.00, 0.25, '0', '2025-05-06 12:30:22', NULL),
(322, 129, 120, NULL, 1.00, 0.25, '0', '2025-05-06 12:30:34', NULL),
(323, 130, 120, NULL, 1.00, 0.25, '0', '2025-05-06 12:33:40', NULL),
(324, 119, 123, NULL, 1.00, 0.25, '0', '2025-05-12 07:48:28', NULL),
(325, 118, 123, NULL, 1.00, 0.25, '0', '2025-05-12 07:48:30', NULL),
(326, 50, 123, NULL, 1.00, 0.25, '0', '2025-05-12 07:48:58', NULL),
(327, 53, 123, NULL, 1.00, 0.25, '0', '2025-05-12 07:49:01', NULL),
(329, 118, 122, NULL, 1.00, 0.25, '0', '2025-05-12 07:50:12', NULL),
(330, 119, 122, NULL, 1.00, 0.25, '0', '2025-05-12 07:50:21', NULL),
(331, 50, 122, NULL, 1.00, 0.25, '0', '2025-05-12 07:51:03', NULL),
(332, 51, 122, NULL, 1.00, 0.25, '0', '2025-05-12 07:51:07', NULL);

-- --------------------------------------------------------

--
-- Table structure for table `onlineexam_students`
--

CREATE TABLE `onlineexam_students` (
  `id` int(11) NOT NULL,
  `onlineexam_id` int(11) DEFAULT NULL,
  `student_session_id` int(11) DEFAULT NULL,
  `is_attempted` int(11) NOT NULL DEFAULT 0,
  `rank` int(11) DEFAULT 0,
  `quiz_attempted` int(11) NOT NULL DEFAULT 0,
  `created_at` timestamp NOT NULL DEFAULT current_timestamp() ON UPDATE current_timestamp(),
  `updated_at` date DEFAULT NULL
) ENGINE=InnoDB DEFAULT CHARSET=utf8 COLLATE=utf8_general_ci;

--
-- Dumping data for table `onlineexam_students`
--

INSERT INTO `onlineexam_students` (`id`, `onlineexam_id`, `student_session_id`, `is_attempted`, `rank`, `quiz_attempted`, `created_at`, `updated_at`) VALUES
(1, 18, 41, 0, 0, 0, '2025-03-25 00:15:55', NULL),
(2, 18, 42, 0, 0, 0, '2025-03-25 00:15:55', NULL),
(3, 18, 43, 0, 0, 0, '2025-03-25 00:15:55', NULL),
(4, 18, 44, 0, 0, 0, '2025-03-25 00:15:55', NULL),
(5, 18, 45, 0, 0, 0, '2025-03-25 00:15:55', NULL),
(6, 18, 46, 1, 0, 0, '2025-03-25 05:14:11', NULL),
(7, 18, 47, 0, 0, 0, '2025-03-25 00:15:55', NULL),
(8, 18, 48, 1, 0, 0, '2025-03-25 05:28:57', NULL),
(9, 18, 49, 0, 0, 0, '2025-03-25 00:15:55', NULL),
(10, 18, 50, 1, 0, 0, '2025-03-25 05:33:12', NULL),
(11, 18, 51, 0, 0, 0, '2025-03-25 00:15:55', NULL),
(12, 18, 52, 0, 0, 0, '2025-03-25 00:15:55', NULL),
(13, 18, 53, 0, 0, 0, '2025-03-25 00:15:55', NULL),
(14, 18, 54, 0, 0, 0, '2025-03-25 00:15:55', NULL),
(15, 18, 55, 0, 0, 0, '2025-03-25 00:15:55', NULL),
(16, 18, 56, 0, 0, 0, '2025-03-25 00:15:55', NULL),
(17, 18, 57, 1, 0, 0, '2025-03-25 05:37:45', NULL),
(18, 18, 58, 0, 0, 0, '2025-03-25 00:15:55', NULL),
(19, 18, 59, 0, 0, 0, '2025-03-25 00:15:55', NULL),
(20, 18, 60, 0, 0, 0, '2025-03-25 00:15:55', NULL),
(21, 18, 61, 0, 0, 0, '2025-03-25 00:15:55', NULL),
(22, 18, 62, 0, 0, 0, '2025-03-25 00:15:55', NULL),
(23, 18, 63, 0, 0, 0, '2025-03-25 00:15:55', NULL),
(24, 18, 64, 0, 0, 0, '2025-03-25 00:15:55', NULL),
(25, 18, 65, 0, 0, 0, '2025-03-25 00:15:55', NULL),
(26, 18, 66, 0, 0, 0, '2025-03-25 00:15:55', NULL),
(27, 18, 67, 0, 0, 0, '2025-03-25 00:15:55', NULL),
(28, 18, 68, 0, 0, 0, '2025-03-25 00:15:55', NULL),
(29, 18, 69, 0, 0, 0, '2025-03-25 00:15:55', NULL),
(30, 18, 70, 0, 0, 0, '2025-03-25 00:15:55', NULL),
(31, 18, 71, 0, 0, 0, '2025-03-25 00:15:55', NULL),
(32, 18, 72, 0, 0, 0, '2025-03-25 00:15:55', NULL),
(33, 18, 73, 0, 0, 0, '2025-03-25 00:15:55', NULL),
(34, 18, 74, 1, 0, 0, '2025-03-25 05:55:13', NULL),
(35, 18, 75, 0, 0, 0, '2025-03-25 00:15:55', NULL),
(36, 18, 76, 0, 0, 0, '2025-03-25 00:15:55', NULL),
(37, 18, 77, 0, 0, 0, '2025-03-25 00:15:55', NULL),
(38, 18, 78, 0, 0, 0, '2025-03-25 00:15:55', NULL),
(39, 18, 79, 0, 0, 0, '2025-03-25 00:15:55', NULL),
(40, 18, 80, 0, 0, 0, '2025-03-25 00:15:55', NULL),
(41, 18, 81, 0, 0, 0, '2025-03-25 00:15:55', NULL),
(42, 18, 82, 0, 0, 0, '2025-03-25 00:15:55', NULL),
(43, 18, 83, 0, 0, 0, '2025-03-25 00:15:55', NULL),
(44, 18, 84, 0, 0, 0, '2025-03-25 00:15:55', NULL),
(45, 18, 85, 0, 0, 0, '2025-03-25 00:15:55', NULL),
(46, 18, 86, 0, 0, 0, '2025-03-25 00:15:55', NULL),
(47, 18, 87, 0, 0, 0, '2025-03-25 00:15:55', NULL),
(48, 18, 88, 0, 0, 0, '2025-03-25 00:15:55', NULL),
(49, 18, 89, 0, 0, 0, '2025-03-25 00:15:55', NULL),
(50, 18, 90, 0, 0, 0, '2025-03-25 00:15:55', NULL),
(101, 15, 41, 0, 0, 0, '2025-03-25 00:19:40', NULL),
(102, 15, 42, 0, 0, 0, '2025-03-25 00:19:40', NULL),
(103, 15, 43, 0, 0, 0, '2025-03-25 00:19:40', NULL),
(104, 15, 44, 0, 0, 0, '2025-03-25 00:19:40', NULL),
(105, 15, 45, 0, 0, 0, '2025-03-25 00:19:40', NULL),
(106, 15, 46, 1, 0, 0, '2025-03-25 05:14:38', NULL),
(107, 15, 47, 0, 0, 0, '2025-03-25 00:19:40', NULL),
(108, 15, 48, 1, 0, 0, '2025-03-25 05:30:11', NULL),
(109, 15, 49, 0, 0, 0, '2025-03-25 00:19:40', NULL),
(110, 15, 50, 0, 0, 0, '2025-03-25 00:19:40', NULL),
(111, 15, 51, 0, 0, 0, '2025-03-25 00:19:40', NULL),
(112, 15, 52, 0, 0, 0, '2025-03-25 00:19:40', NULL),
(113, 15, 53, 0, 0, 0, '2025-03-25 00:19:40', NULL),
(114, 15, 54, 0, 0, 0, '2025-03-25 00:19:40', NULL),
(115, 15, 55, 0, 0, 0, '2025-03-25 00:19:40', NULL),
(116, 15, 56, 0, 0, 0, '2025-03-25 00:19:40', NULL),
(117, 15, 57, 1, 0, 0, '2025-03-25 05:38:23', NULL),
(118, 15, 58, 0, 0, 0, '2025-03-25 00:19:40', NULL),
(119, 15, 59, 0, 0, 0, '2025-03-25 00:19:40', NULL),
(120, 15, 60, 0, 0, 0, '2025-03-25 00:19:40', NULL),
(121, 15, 61, 0, 0, 0, '2025-03-25 00:19:40', NULL),
(122, 15, 62, 0, 0, 0, '2025-03-25 00:19:40', NULL),
(123, 15, 63, 0, 0, 0, '2025-03-25 00:19:40', NULL),
(124, 15, 64, 0, 0, 0, '2025-03-25 00:19:40', NULL),
(125, 15, 65, 0, 0, 0, '2025-03-25 00:19:40', NULL),
(126, 15, 66, 0, 0, 0, '2025-03-25 00:19:40', NULL),
(127, 15, 67, 0, 0, 0, '2025-03-25 00:19:40', NULL),
(128, 15, 68, 0, 0, 0, '2025-03-25 00:19:40', NULL),
(129, 15, 69, 0, 0, 0, '2025-03-25 00:19:40', NULL),
(130, 15, 70, 0, 0, 0, '2025-03-25 00:19:40', NULL),
(131, 15, 71, 0, 0, 0, '2025-03-25 00:19:40', NULL),
(132, 15, 72, 0, 0, 0, '2025-03-25 00:19:40', NULL),
(133, 15, 73, 0, 0, 0, '2025-03-25 00:19:40', NULL),
(134, 15, 74, 1, 0, 0, '2025-03-25 05:56:32', NULL),
(135, 15, 75, 0, 0, 0, '2025-03-25 00:19:40', NULL),
(136, 15, 76, 0, 0, 0, '2025-03-25 00:19:40', NULL),
(137, 15, 77, 0, 0, 0, '2025-03-25 00:19:40', NULL),
(138, 15, 78, 0, 0, 0, '2025-03-25 00:19:40', NULL),
(139, 15, 79, 0, 0, 0, '2025-03-25 00:19:40', NULL),
(140, 15, 80, 0, 0, 0, '2025-03-25 00:19:40', NULL),
(141, 15, 81, 0, 0, 0, '2025-03-25 00:19:40', NULL),
(142, 15, 82, 0, 0, 0, '2025-03-25 00:19:40', NULL),
(143, 15, 83, 0, 0, 0, '2025-03-25 00:19:40', NULL),
(144, 15, 84, 0, 0, 0, '2025-03-25 00:19:40', NULL),
(145, 15, 85, 0, 0, 0, '2025-03-25 00:19:40', NULL),
(146, 15, 86, 0, 0, 0, '2025-03-25 00:19:40', NULL),
(147, 15, 87, 0, 0, 0, '2025-03-25 00:19:40', NULL),
(148, 15, 88, 0, 0, 0, '2025-03-25 00:19:40', NULL),
(149, 15, 89, 0, 0, 0, '2025-03-25 00:19:40', NULL),
(150, 15, 90, 0, 0, 0, '2025-03-25 00:19:40', NULL),
(151, 10, 41, 1, 0, 0, '2025-03-26 07:28:34', NULL),
(152, 10, 42, 1, 0, 0, '2025-03-26 07:42:57', NULL),
(153, 10, 43, 0, 0, 0, '2025-03-25 00:21:01', NULL),
(154, 10, 44, 0, 0, 0, '2025-03-25 00:21:01', NULL),
(155, 10, 45, 0, 0, 0, '2025-03-25 00:21:01', NULL),
(156, 10, 46, 0, 0, 0, '2025-03-25 00:21:01', NULL),
(157, 10, 47, 1, 0, 0, '2025-03-26 09:08:34', NULL),
(158, 10, 48, 0, 0, 0, '2025-03-25 00:21:01', NULL),
(159, 10, 49, 0, 0, 0, '2025-03-25 00:21:01', NULL),
(160, 10, 50, 0, 0, 0, '2025-03-25 00:21:01', NULL),
(161, 10, 51, 0, 0, 0, '2025-03-25 00:21:01', NULL),
(162, 10, 52, 0, 0, 0, '2025-03-25 00:21:01', NULL),
(163, 10, 53, 0, 0, 0, '2025-03-25 00:21:01', NULL),
(164, 10, 54, 0, 0, 0, '2025-03-25 00:21:01', NULL),
(165, 10, 55, 0, 0, 0, '2025-03-25 00:21:01', NULL),
(166, 10, 56, 0, 0, 0, '2025-03-25 00:21:01', NULL),
(167, 10, 57, 0, 0, 0, '2025-03-25 00:21:01', NULL),
(168, 10, 58, 0, 0, 0, '2025-03-25 00:21:01', NULL),
(169, 10, 59, 0, 0, 0, '2025-03-25 00:21:01', NULL),
(170, 10, 60, 0, 0, 0, '2025-03-25 00:21:01', NULL),
(171, 10, 61, 0, 0, 0, '2025-03-25 00:21:01', NULL),
(172, 10, 62, 0, 0, 0, '2025-03-25 00:21:01', NULL),
(173, 10, 63, 0, 0, 0, '2025-03-25 00:21:01', NULL),
(174, 10, 64, 0, 0, 0, '2025-03-25 00:21:01', NULL),
(175, 10, 65, 0, 0, 0, '2025-03-25 00:21:01', NULL),
(176, 10, 66, 0, 0, 0, '2025-03-25 00:21:01', NULL),
(177, 10, 67, 0, 0, 0, '2025-03-25 00:21:01', NULL),
(178, 10, 68, 0, 0, 0, '2025-03-25 00:21:01', NULL),
(179, 10, 69, 0, 0, 0, '2025-03-25 00:21:01', NULL),
(180, 10, 70, 0, 0, 0, '2025-03-25 00:21:01', NULL),
(181, 10, 71, 0, 0, 0, '2025-03-25 00:21:01', NULL),
(182, 10, 72, 0, 0, 0, '2025-03-25 00:21:01', NULL),
(183, 10, 73, 0, 0, 0, '2025-03-25 00:21:01', NULL),
(184, 10, 74, 0, 0, 0, '2025-03-25 00:21:01', NULL),
(185, 10, 75, 0, 0, 0, '2025-03-25 00:21:01', NULL),
(186, 10, 76, 0, 0, 0, '2025-03-25 00:21:01', NULL),
(187, 10, 77, 0, 0, 0, '2025-03-25 00:21:01', NULL),
(188, 10, 78, 0, 0, 0, '2025-03-25 00:21:01', NULL),
(189, 10, 79, 0, 0, 0, '2025-03-25 00:21:01', NULL),
(190, 10, 80, 0, 0, 0, '2025-03-25 00:21:01', NULL),
(191, 10, 81, 0, 0, 0, '2025-03-25 00:21:01', NULL),
(192, 10, 82, 0, 0, 0, '2025-03-25 00:21:01', NULL),
(193, 10, 83, 0, 0, 0, '2025-03-25 00:21:01', NULL),
(194, 10, 84, 0, 0, 0, '2025-03-25 00:21:01', NULL),
(195, 10, 85, 0, 0, 0, '2025-03-25 00:21:01', NULL),
(196, 10, 86, 0, 0, 0, '2025-03-25 00:21:01', NULL),
(197, 10, 87, 0, 0, 0, '2025-03-25 00:21:01', NULL),
(198, 10, 88, 0, 0, 0, '2025-03-25 00:21:01', NULL),
(199, 10, 89, 0, 0, 0, '2025-03-25 00:21:01', NULL),
(200, 10, 90, 0, 0, 0, '2025-03-25 00:21:01', NULL),
(201, 14, 41, 0, 0, 0, '2025-03-25 00:23:00', NULL),
(202, 14, 42, 0, 0, 0, '2025-03-25 00:23:00', NULL),
(203, 14, 43, 0, 0, 0, '2025-03-25 00:23:00', NULL),
(204, 14, 44, 0, 0, 0, '2025-03-25 00:23:00', NULL),
(205, 14, 45, 0, 0, 0, '2025-03-25 00:23:00', NULL),
(206, 14, 46, 1, 0, 0, '2025-03-25 05:15:03', NULL),
(207, 14, 47, 0, 0, 0, '2025-03-25 00:23:00', NULL),
(208, 14, 48, 1, 0, 0, '2025-03-25 05:30:31', NULL),
(209, 14, 49, 0, 0, 0, '2025-03-25 00:23:00', NULL),
(210, 14, 50, 1, 0, 0, '2025-03-25 06:34:59', NULL),
(211, 14, 51, 0, 0, 0, '2025-03-25 00:23:00', NULL),
(212, 14, 52, 0, 0, 0, '2025-03-25 00:23:00', NULL),
(213, 14, 53, 0, 0, 0, '2025-03-25 00:23:00', NULL),
(214, 14, 54, 0, 0, 0, '2025-03-25 00:23:00', NULL),
(215, 14, 55, 0, 0, 0, '2025-03-25 00:23:00', NULL),
(216, 14, 56, 0, 0, 0, '2025-03-25 00:23:00', NULL),
(217, 14, 57, 1, 0, 0, '2025-03-25 05:39:20', NULL),
(218, 14, 58, 0, 0, 0, '2025-03-25 00:23:00', NULL),
(219, 14, 59, 0, 0, 0, '2025-03-25 00:23:00', NULL),
(220, 14, 60, 0, 0, 0, '2025-03-25 00:23:00', NULL),
(221, 14, 61, 0, 0, 0, '2025-03-25 00:23:00', NULL),
(222, 14, 62, 0, 0, 0, '2025-03-25 00:23:00', NULL),
(223, 14, 63, 0, 0, 0, '2025-03-25 00:23:00', NULL),
(224, 14, 64, 0, 0, 0, '2025-03-25 00:23:00', NULL),
(225, 14, 65, 0, 0, 0, '2025-03-25 00:23:00', NULL),
(226, 14, 66, 0, 0, 0, '2025-03-25 00:23:00', NULL),
(227, 14, 67, 0, 0, 0, '2025-03-25 00:23:00', NULL),
(228, 14, 68, 0, 0, 0, '2025-03-25 00:23:00', NULL),
(229, 14, 69, 0, 0, 0, '2025-03-25 00:23:00', NULL),
(230, 14, 70, 0, 0, 0, '2025-03-25 00:23:00', NULL),
(231, 14, 71, 0, 0, 0, '2025-03-25 00:23:00', NULL),
(232, 14, 72, 0, 0, 0, '2025-03-25 00:23:00', NULL),
(233, 14, 73, 0, 0, 0, '2025-03-25 00:23:00', NULL),
(234, 14, 74, 1, 0, 0, '2025-03-25 05:57:16', NULL),
(235, 14, 75, 0, 0, 0, '2025-03-25 00:23:00', NULL),
(236, 14, 76, 0, 0, 0, '2025-03-25 00:23:00', NULL),
(237, 14, 77, 0, 0, 0, '2025-03-25 00:23:00', NULL),
(238, 14, 78, 0, 0, 0, '2025-03-25 00:23:00', NULL),
(239, 14, 79, 0, 0, 0, '2025-03-25 00:23:00', NULL),
(240, 14, 80, 0, 0, 0, '2025-03-25 00:23:00', NULL),
(241, 14, 81, 0, 0, 0, '2025-03-25 00:23:00', NULL),
(242, 14, 82, 0, 0, 0, '2025-03-25 00:23:00', NULL),
(243, 14, 83, 0, 0, 0, '2025-03-25 00:23:00', NULL),
(244, 14, 84, 0, 0, 0, '2025-03-25 00:23:00', NULL),
(245, 14, 85, 0, 0, 0, '2025-03-25 00:23:00', NULL),
(246, 14, 86, 0, 0, 0, '2025-03-25 00:23:00', NULL),
(247, 14, 87, 0, 0, 0, '2025-03-25 00:23:00', NULL),
(248, 14, 88, 0, 0, 0, '2025-03-25 00:23:00', NULL),
(249, 14, 89, 0, 0, 0, '2025-03-25 00:23:00', NULL),
(250, 14, 90, 0, 0, 0, '2025-03-25 00:23:00', NULL),
(251, 13, 41, 0, 0, 0, '2025-03-25 00:23:30', NULL),
(252, 13, 42, 0, 0, 0, '2025-03-25 00:23:30', NULL),
(253, 13, 43, 0, 0, 0, '2025-03-25 00:23:30', NULL),
(254, 13, 44, 0, 0, 0, '2025-03-25 00:23:30', NULL),
(255, 13, 45, 0, 0, 0, '2025-03-25 00:23:30', NULL),
(256, 13, 46, 1, 0, 0, '2025-03-25 05:16:40', NULL),
(257, 13, 47, 0, 0, 0, '2025-03-25 00:23:30', NULL),
(258, 13, 48, 1, 0, 0, '2025-03-25 05:31:15', NULL),
(259, 13, 49, 0, 0, 0, '2025-03-25 00:23:30', NULL),
(260, 13, 50, 1, 0, 0, '2025-03-25 06:35:25', NULL),
(261, 13, 51, 0, 0, 0, '2025-03-25 00:23:30', NULL),
(262, 13, 52, 0, 0, 0, '2025-03-25 00:23:30', NULL),
(263, 13, 53, 0, 0, 0, '2025-03-25 00:23:30', NULL),
(264, 13, 54, 0, 0, 0, '2025-03-25 00:23:30', NULL),
(265, 13, 55, 0, 0, 0, '2025-03-25 00:23:30', NULL),
(266, 13, 56, 0, 0, 0, '2025-03-25 00:23:30', NULL),
(267, 13, 57, 1, 0, 0, '2025-03-25 05:39:48', NULL),
(268, 13, 58, 0, 0, 0, '2025-03-25 00:23:30', NULL),
(269, 13, 59, 0, 0, 0, '2025-03-25 00:23:30', NULL),
(270, 13, 60, 0, 0, 0, '2025-03-25 00:23:30', NULL),
(271, 13, 61, 0, 0, 0, '2025-03-25 00:23:30', NULL),
(272, 13, 62, 0, 0, 0, '2025-03-25 00:23:30', NULL),
(273, 13, 63, 0, 0, 0, '2025-03-25 00:23:30', NULL),
(274, 13, 64, 0, 0, 0, '2025-03-25 00:23:30', NULL),
(275, 13, 65, 0, 0, 0, '2025-03-25 00:23:30', NULL),
(276, 13, 66, 0, 0, 0, '2025-03-25 00:23:30', NULL),
(277, 13, 67, 0, 0, 0, '2025-03-25 00:23:30', NULL),
(278, 13, 68, 0, 0, 0, '2025-03-25 00:23:30', NULL),
(279, 13, 69, 0, 0, 0, '2025-03-25 00:23:30', NULL),
(280, 13, 70, 0, 0, 0, '2025-03-25 00:23:30', NULL),
(281, 13, 71, 0, 0, 0, '2025-03-25 00:23:30', NULL),
(282, 13, 72, 0, 0, 0, '2025-03-25 00:23:30', NULL),
(283, 13, 73, 0, 0, 0, '2025-03-25 00:23:30', NULL),
(284, 13, 74, 1, 0, 0, '2025-03-25 06:02:27', NULL),
(285, 13, 75, 0, 0, 0, '2025-03-25 00:23:30', NULL),
(286, 13, 76, 0, 0, 0, '2025-03-25 00:23:30', NULL),
(287, 13, 77, 0, 0, 0, '2025-03-25 00:23:30', NULL),
(288, 13, 78, 0, 0, 0, '2025-03-25 00:23:30', NULL),
(289, 13, 79, 0, 0, 0, '2025-03-25 00:23:30', NULL),
(290, 13, 80, 0, 0, 0, '2025-03-25 00:23:30', NULL),
(291, 13, 81, 0, 0, 0, '2025-03-25 00:23:30', NULL),
(292, 13, 82, 0, 0, 0, '2025-03-25 00:23:30', NULL),
(293, 13, 83, 0, 0, 0, '2025-03-25 00:23:30', NULL),
(294, 13, 84, 0, 0, 0, '2025-03-25 00:23:30', NULL),
(295, 13, 85, 0, 0, 0, '2025-03-25 00:23:30', NULL),
(296, 13, 86, 0, 0, 0, '2025-03-25 00:23:30', NULL),
(297, 13, 87, 0, 0, 0, '2025-03-25 00:23:30', NULL),
(298, 13, 88, 0, 0, 0, '2025-03-25 00:23:30', NULL),
(299, 13, 89, 0, 0, 0, '2025-03-25 00:23:30', NULL),
(300, 13, 90, 0, 0, 0, '2025-03-25 00:23:30', NULL),
(301, 12, 41, 0, 0, 0, '2025-03-25 00:24:53', NULL),
(302, 12, 42, 0, 0, 0, '2025-03-25 00:24:53', NULL),
(303, 12, 43, 0, 0, 0, '2025-03-25 00:24:53', NULL),
(304, 12, 44, 0, 0, 0, '2025-03-25 00:24:53', NULL),
(305, 12, 45, 0, 0, 0, '2025-03-25 00:24:53', NULL),
(306, 12, 46, 0, 0, 0, '2025-03-25 00:24:53', NULL),
(307, 12, 47, 0, 0, 0, '2025-03-25 00:24:53', NULL),
(308, 12, 48, 0, 0, 0, '2025-03-25 00:24:53', NULL),
(309, 12, 49, 0, 0, 0, '2025-03-25 00:24:53', NULL),
(310, 12, 50, 0, 0, 0, '2025-03-25 00:24:53', NULL),
(311, 12, 51, 0, 0, 0, '2025-03-25 00:24:53', NULL),
(312, 12, 52, 0, 0, 0, '2025-03-25 00:24:53', NULL),
(313, 12, 53, 0, 0, 0, '2025-03-25 00:24:53', NULL),
(314, 12, 54, 0, 0, 0, '2025-03-25 00:24:53', NULL),
(315, 12, 55, 0, 0, 0, '2025-03-25 00:24:53', NULL),
(316, 12, 56, 0, 0, 0, '2025-03-25 00:24:53', NULL),
(317, 12, 57, 0, 0, 0, '2025-03-25 00:24:53', NULL),
(318, 12, 58, 0, 0, 0, '2025-03-25 00:24:53', NULL),
(319, 12, 59, 0, 0, 0, '2025-03-25 00:24:53', NULL),
(320, 12, 60, 0, 0, 0, '2025-03-25 00:24:53', NULL),
(321, 12, 61, 0, 0, 0, '2025-03-25 00:24:53', NULL),
(322, 12, 62, 0, 0, 0, '2025-03-25 00:24:53', NULL),
(323, 12, 63, 0, 0, 0, '2025-03-25 00:24:53', NULL),
(324, 12, 64, 0, 0, 0, '2025-03-25 00:24:53', NULL),
(325, 12, 65, 0, 0, 0, '2025-03-25 00:24:53', NULL),
(326, 12, 66, 0, 0, 0, '2025-03-25 00:24:53', NULL),
(327, 12, 67, 0, 0, 0, '2025-03-25 00:24:53', NULL),
(328, 12, 68, 0, 0, 0, '2025-03-25 00:24:53', NULL),
(329, 12, 69, 0, 0, 0, '2025-03-25 00:24:53', NULL),
(330, 12, 70, 0, 0, 0, '2025-03-25 00:24:53', NULL),
(331, 12, 71, 0, 0, 0, '2025-03-25 00:24:53', NULL),
(332, 12, 72, 0, 0, 0, '2025-03-25 00:24:53', NULL),
(333, 12, 73, 0, 0, 0, '2025-03-25 00:24:53', NULL),
(334, 12, 74, 0, 0, 0, '2025-03-25 00:24:53', NULL),
(335, 12, 75, 0, 0, 0, '2025-03-25 00:24:53', NULL),
(336, 12, 76, 0, 0, 0, '2025-03-25 00:24:53', NULL),
(337, 12, 77, 0, 0, 0, '2025-03-25 00:24:53', NULL),
(338, 12, 78, 0, 0, 0, '2025-03-25 00:24:53', NULL),
(339, 12, 79, 0, 0, 0, '2025-03-25 00:24:53', NULL),
(340, 12, 80, 0, 0, 0, '2025-03-25 00:24:53', NULL),
(341, 12, 81, 0, 0, 0, '2025-03-25 00:24:53', NULL),
(342, 12, 82, 0, 0, 0, '2025-03-25 00:24:53', NULL),
(343, 12, 83, 0, 0, 0, '2025-03-25 00:24:53', NULL),
(344, 12, 84, 0, 0, 0, '2025-03-25 00:24:53', NULL),
(345, 12, 85, 0, 0, 0, '2025-03-25 00:24:53', NULL),
(346, 12, 86, 0, 0, 0, '2025-03-25 00:24:53', NULL),
(347, 12, 87, 0, 0, 0, '2025-03-25 00:24:53', NULL),
(348, 12, 88, 0, 0, 0, '2025-03-25 00:24:53', NULL),
(349, 12, 89, 0, 0, 0, '2025-03-25 00:24:53', NULL),
(350, 12, 90, 0, 0, 0, '2025-03-25 00:24:53', NULL),
(351, 9, 41, 0, 0, 0, '2025-03-25 00:26:04', NULL),
(352, 9, 42, 0, 0, 0, '2025-03-25 00:26:04', NULL),
(353, 9, 43, 0, 0, 0, '2025-03-25 00:26:04', NULL),
(354, 9, 44, 0, 0, 0, '2025-03-25 00:26:04', NULL),
(355, 9, 45, 0, 0, 0, '2025-03-25 00:26:04', NULL),
(356, 9, 46, 1, 0, 0, '2025-03-25 05:12:50', NULL),
(357, 9, 47, 0, 0, 0, '2025-03-25 00:26:04', NULL),
(358, 9, 48, 1, 0, 0, '2025-03-25 05:28:22', NULL),
(359, 9, 49, 0, 0, 0, '2025-03-25 00:26:04', NULL),
(360, 9, 50, 1, 0, 0, '2025-03-25 05:32:42', NULL),
(361, 9, 51, 0, 0, 0, '2025-03-25 00:26:04', NULL),
(362, 9, 52, 0, 0, 0, '2025-03-25 00:26:04', NULL),
(363, 9, 53, 0, 0, 0, '2025-03-25 00:26:04', NULL),
(364, 9, 54, 0, 0, 0, '2025-03-25 00:26:04', NULL),
(365, 9, 55, 0, 0, 0, '2025-03-25 00:26:04', NULL),
(366, 9, 56, 0, 0, 0, '2025-03-25 00:26:04', NULL),
(367, 9, 57, 1, 0, 0, '2025-03-25 05:37:21', NULL),
(368, 9, 58, 0, 0, 0, '2025-03-25 00:26:04', NULL),
(369, 9, 59, 0, 0, 0, '2025-03-25 00:26:04', NULL),
(370, 9, 60, 0, 0, 0, '2025-03-25 00:26:04', NULL),
(371, 9, 61, 0, 0, 0, '2025-03-25 00:26:04', NULL),
(372, 9, 62, 0, 0, 0, '2025-03-25 00:26:04', NULL),
(373, 9, 63, 0, 0, 0, '2025-03-25 00:26:04', NULL),
(374, 9, 64, 0, 0, 0, '2025-03-25 00:26:04', NULL),
(375, 9, 65, 0, 0, 0, '2025-03-25 00:26:04', NULL),
(376, 9, 66, 0, 0, 0, '2025-03-25 00:26:04', NULL),
(377, 9, 67, 0, 0, 0, '2025-03-25 00:26:04', NULL),
(378, 9, 68, 0, 0, 0, '2025-03-25 00:26:04', NULL),
(379, 9, 69, 0, 0, 0, '2025-03-25 00:26:04', NULL),
(380, 9, 70, 0, 0, 0, '2025-03-25 00:26:04', NULL),
(381, 9, 71, 0, 0, 0, '2025-03-25 00:26:04', NULL),
(382, 9, 72, 0, 0, 0, '2025-03-25 00:26:04', NULL),
(383, 9, 73, 0, 0, 0, '2025-03-25 00:26:04', NULL),
(384, 9, 74, 1, 0, 0, '2025-03-25 05:53:14', NULL),
(385, 9, 75, 0, 0, 0, '2025-03-25 00:26:04', NULL),
(386, 9, 76, 0, 0, 0, '2025-03-25 00:26:04', NULL),
(387, 9, 77, 0, 0, 0, '2025-03-25 00:26:04', NULL),
(388, 9, 78, 0, 0, 0, '2025-03-25 00:26:04', NULL),
(389, 9, 79, 0, 0, 0, '2025-03-25 00:26:04', NULL),
(390, 9, 80, 0, 0, 0, '2025-03-25 00:26:04', NULL),
(391, 9, 81, 0, 0, 0, '2025-03-25 00:26:04', NULL),
(392, 9, 82, 0, 0, 0, '2025-03-25 00:26:04', NULL),
(393, 9, 83, 0, 0, 0, '2025-03-25 00:26:04', NULL),
(394, 9, 84, 0, 0, 0, '2025-03-25 00:26:04', NULL),
(395, 9, 85, 0, 0, 0, '2025-03-25 00:26:04', NULL),
(396, 9, 86, 0, 0, 0, '2025-03-25 00:26:04', NULL),
(397, 9, 87, 0, 0, 0, '2025-03-25 00:26:04', NULL),
(398, 9, 88, 0, 0, 0, '2025-03-25 00:26:04', NULL),
(399, 9, 89, 0, 0, 0, '2025-03-25 00:26:04', NULL),
(400, 9, 90, 0, 0, 0, '2025-03-25 00:26:04', NULL),
(401, 8, 41, 0, 0, 0, '2025-03-25 00:29:41', NULL),
(402, 8, 42, 0, 0, 0, '2025-03-25 00:29:41', NULL),
(403, 8, 43, 0, 0, 0, '2025-03-25 00:29:41', NULL),
(404, 8, 44, 0, 0, 0, '2025-03-25 00:29:41', NULL),
(405, 8, 45, 0, 0, 0, '2025-03-25 00:29:41', NULL),
(406, 8, 46, 0, 0, 0, '2025-03-25 00:29:41', NULL),
(407, 8, 47, 0, 0, 0, '2025-03-25 00:29:41', NULL),
(408, 8, 48, 0, 0, 0, '2025-03-25 00:29:41', NULL),
(409, 8, 49, 0, 0, 0, '2025-03-25 00:29:41', NULL),
(410, 8, 50, 0, 0, 0, '2025-03-25 00:29:41', NULL),
(411, 8, 51, 0, 0, 0, '2025-03-25 00:29:41', NULL),
(412, 8, 52, 0, 0, 0, '2025-03-25 00:29:41', NULL),
(413, 8, 53, 0, 0, 0, '2025-03-25 00:29:41', NULL),
(414, 8, 54, 0, 0, 0, '2025-03-25 00:29:41', NULL),
(415, 8, 55, 0, 0, 0, '2025-03-25 00:29:41', NULL),
(416, 8, 56, 0, 0, 0, '2025-03-25 00:29:41', NULL),
(417, 8, 57, 0, 0, 0, '2025-03-25 00:29:41', NULL),
(418, 8, 58, 0, 0, 0, '2025-03-25 00:29:41', NULL),
(419, 8, 59, 0, 0, 0, '2025-03-25 00:29:41', NULL),
(420, 8, 60, 0, 0, 0, '2025-03-25 00:29:41', NULL),
(421, 8, 61, 0, 0, 0, '2025-03-25 00:29:41', NULL),
(422, 8, 62, 0, 0, 0, '2025-03-25 00:29:41', NULL),
(423, 8, 63, 0, 0, 0, '2025-03-25 00:29:41', NULL),
(424, 8, 64, 0, 0, 0, '2025-03-25 00:29:41', NULL),
(425, 8, 65, 0, 0, 0, '2025-03-25 00:29:41', NULL),
(426, 8, 66, 0, 0, 0, '2025-03-25 00:29:41', NULL),
(427, 8, 67, 0, 0, 0, '2025-03-25 00:29:41', NULL),
(428, 8, 68, 0, 0, 0, '2025-03-25 00:29:41', NULL),
(429, 8, 69, 0, 0, 0, '2025-03-25 00:29:41', NULL),
(430, 8, 70, 0, 0, 0, '2025-03-25 00:29:41', NULL),
(431, 8, 71, 0, 0, 0, '2025-03-25 00:29:41', NULL),
(432, 8, 72, 0, 0, 0, '2025-03-25 00:29:41', NULL),
(433, 8, 73, 0, 0, 0, '2025-03-25 00:29:41', NULL),
(434, 8, 74, 0, 0, 0, '2025-03-25 00:29:41', NULL),
(435, 8, 75, 0, 0, 0, '2025-03-25 00:29:41', NULL),
(436, 8, 76, 0, 0, 0, '2025-03-25 00:29:41', NULL),
(437, 8, 77, 0, 0, 0, '2025-03-25 00:29:41', NULL),
(438, 8, 78, 0, 0, 0, '2025-03-25 00:29:41', NULL),
(439, 8, 79, 0, 0, 0, '2025-03-25 00:29:41', NULL),
(440, 8, 80, 0, 0, 0, '2025-03-25 00:29:41', NULL),
(441, 8, 81, 0, 0, 0, '2025-03-25 00:29:41', NULL),
(442, 8, 82, 0, 0, 0, '2025-03-25 00:29:41', NULL),
(443, 8, 83, 0, 0, 0, '2025-03-25 00:29:41', NULL),
(444, 8, 84, 0, 0, 0, '2025-03-25 00:29:41', NULL),
(445, 8, 85, 0, 0, 0, '2025-03-25 00:29:41', NULL),
(446, 8, 86, 0, 0, 0, '2025-03-25 00:29:41', NULL),
(447, 8, 87, 0, 0, 0, '2025-03-25 00:29:41', NULL),
(448, 8, 88, 0, 0, 0, '2025-03-25 00:29:41', NULL),
(449, 8, 89, 0, 0, 0, '2025-03-25 00:29:41', NULL),
(450, 8, 90, 0, 0, 0, '2025-03-25 00:29:41', NULL),
(451, 7, 41, 1, 0, 0, '2025-03-26 07:29:07', NULL),
(452, 7, 42, 1, 0, 0, '2025-03-26 07:43:27', NULL),
(453, 7, 43, 0, 0, 0, '2025-03-25 00:31:12', NULL),
(454, 7, 44, 0, 0, 0, '2025-03-25 00:31:12', NULL),
(455, 7, 45, 0, 0, 0, '2025-03-25 00:31:12', NULL),
(456, 7, 46, 0, 0, 0, '2025-03-25 00:31:12', NULL),
(457, 7, 47, 0, 0, 0, '2025-03-25 00:31:12', NULL),
(458, 7, 48, 0, 0, 0, '2025-03-25 00:31:12', NULL),
(459, 7, 49, 0, 0, 0, '2025-03-25 00:31:12', NULL),
(460, 7, 50, 0, 0, 0, '2025-03-25 00:31:12', NULL),
(461, 7, 51, 0, 0, 0, '2025-03-25 00:31:12', NULL),
(462, 7, 52, 0, 0, 0, '2025-03-25 00:31:12', NULL),
(463, 7, 53, 0, 0, 0, '2025-03-25 00:31:12', NULL),
(464, 7, 54, 0, 0, 0, '2025-03-25 00:31:12', NULL),
(465, 7, 55, 0, 0, 0, '2025-03-25 00:31:12', NULL),
(466, 7, 56, 0, 0, 0, '2025-03-25 00:31:12', NULL),
(467, 7, 57, 0, 0, 0, '2025-03-25 00:31:12', NULL),
(468, 7, 58, 0, 0, 0, '2025-03-25 00:31:12', NULL),
(469, 7, 59, 0, 0, 0, '2025-03-25 00:31:12', NULL),
(470, 7, 60, 0, 0, 0, '2025-03-25 00:31:12', NULL),
(471, 7, 61, 0, 0, 0, '2025-03-25 00:31:12', NULL),
(472, 7, 62, 0, 0, 0, '2025-03-25 00:31:12', NULL),
(473, 7, 63, 0, 0, 0, '2025-03-25 00:31:12', NULL),
(474, 7, 64, 0, 0, 0, '2025-03-25 00:31:12', NULL),
(475, 7, 65, 0, 0, 0, '2025-03-25 00:31:12', NULL),
(476, 7, 66, 0, 0, 0, '2025-03-25 00:31:12', NULL),
(477, 7, 67, 0, 0, 0, '2025-03-25 00:31:12', NULL),
(478, 7, 68, 0, 0, 0, '2025-03-25 00:31:12', NULL),
(479, 7, 69, 0, 0, 0, '2025-03-25 00:31:12', NULL),
(480, 7, 70, 0, 0, 0, '2025-03-25 00:31:12', NULL),
(481, 7, 71, 0, 0, 0, '2025-03-25 00:31:12', NULL),
(482, 7, 72, 0, 0, 0, '2025-03-25 00:31:12', NULL),
(483, 7, 73, 0, 0, 0, '2025-03-25 00:31:12', NULL),
(484, 7, 74, 0, 0, 0, '2025-03-25 00:31:12', NULL),
(485, 7, 75, 0, 0, 0, '2025-03-25 00:31:12', NULL),
(486, 7, 76, 0, 0, 0, '2025-03-25 00:31:12', NULL),
(487, 7, 77, 0, 0, 0, '2025-03-25 00:31:12', NULL),
(488, 7, 78, 0, 0, 0, '2025-03-25 00:31:12', NULL),
(489, 7, 79, 0, 0, 0, '2025-03-25 00:31:12', NULL),
(490, 7, 80, 0, 0, 0, '2025-03-25 00:31:12', NULL),
(491, 7, 81, 0, 0, 0, '2025-03-25 00:31:12', NULL),
(492, 7, 82, 0, 0, 0, '2025-03-25 00:31:12', NULL),
(493, 7, 83, 0, 0, 0, '2025-03-25 00:31:12', NULL),
(494, 7, 84, 0, 0, 0, '2025-03-25 00:31:12', NULL),
(495, 7, 85, 0, 0, 0, '2025-03-25 00:31:12', NULL),
(496, 7, 86, 0, 0, 0, '2025-03-25 00:31:12', NULL),
(497, 7, 87, 0, 0, 0, '2025-03-25 00:31:12', NULL),
(498, 7, 88, 0, 0, 0, '2025-03-25 00:31:12', NULL),
(499, 7, 89, 0, 0, 0, '2025-03-25 00:31:12', NULL),
(500, 7, 90, 0, 0, 0, '2025-03-25 00:31:12', NULL),
(501, 6, 41, 0, 0, 0, '2025-03-25 00:32:22', NULL),
(502, 6, 42, 0, 0, 0, '2025-03-25 00:32:22', NULL),
(503, 6, 43, 0, 0, 0, '2025-03-25 00:32:22', NULL),
(504, 6, 44, 0, 0, 0, '2025-03-25 00:32:22', NULL),
(505, 6, 45, 0, 0, 0, '2025-03-25 00:32:22', NULL),
(506, 6, 46, 0, 0, 0, '2025-03-25 00:32:22', NULL),
(507, 6, 47, 0, 0, 0, '2025-03-25 00:32:22', NULL),
(508, 6, 48, 0, 0, 0, '2025-03-25 00:32:22', NULL),
(509, 6, 49, 0, 0, 0, '2025-03-25 00:32:22', NULL),
(510, 6, 50, 0, 0, 0, '2025-03-25 00:32:22', NULL),
(511, 6, 51, 0, 0, 0, '2025-03-25 00:32:22', NULL),
(512, 6, 52, 0, 0, 0, '2025-03-25 00:32:22', NULL),
(513, 6, 53, 0, 0, 0, '2025-03-25 00:32:22', NULL),
(514, 6, 54, 0, 0, 0, '2025-03-25 00:32:22', NULL),
(515, 6, 55, 0, 0, 0, '2025-03-25 00:32:22', NULL),
(516, 6, 56, 0, 0, 0, '2025-03-25 00:32:22', NULL),
(517, 6, 57, 0, 0, 0, '2025-03-25 00:32:22', NULL),
(518, 6, 58, 0, 0, 0, '2025-03-25 00:32:22', NULL),
(519, 6, 59, 0, 0, 0, '2025-03-25 00:32:22', NULL),
(520, 6, 60, 0, 0, 0, '2025-03-25 00:32:22', NULL),
(521, 6, 61, 0, 0, 0, '2025-03-25 00:32:22', NULL),
(522, 6, 62, 0, 0, 0, '2025-03-25 00:32:22', NULL),
(523, 6, 63, 0, 0, 0, '2025-03-25 00:32:22', NULL),
(524, 6, 64, 0, 0, 0, '2025-03-25 00:32:22', NULL),
(525, 6, 65, 0, 0, 0, '2025-03-25 00:32:22', NULL),
(526, 6, 66, 0, 0, 0, '2025-03-25 00:32:22', NULL),
(527, 6, 67, 0, 0, 0, '2025-03-25 00:32:22', NULL),
(528, 6, 68, 0, 0, 0, '2025-03-25 00:32:22', NULL),
(529, 6, 69, 0, 0, 0, '2025-03-25 00:32:22', NULL),
(530, 6, 70, 0, 0, 0, '2025-03-25 00:32:22', NULL),
(531, 6, 71, 0, 0, 0, '2025-03-25 00:32:22', NULL),
(532, 6, 72, 0, 0, 0, '2025-03-25 00:32:22', NULL),
(533, 6, 73, 0, 0, 0, '2025-03-25 00:32:22', NULL),
(534, 6, 74, 0, 0, 0, '2025-03-25 00:32:22', NULL),
(535, 6, 75, 0, 0, 0, '2025-03-25 00:32:22', NULL),
(536, 6, 76, 0, 0, 0, '2025-03-25 00:32:22', NULL),
(537, 6, 77, 0, 0, 0, '2025-03-25 00:32:22', NULL),
(538, 6, 78, 0, 0, 0, '2025-03-25 00:32:22', NULL),
(539, 6, 79, 0, 0, 0, '2025-03-25 00:32:22', NULL),
(540, 6, 80, 0, 0, 0, '2025-03-25 00:32:22', NULL),
(541, 6, 81, 0, 0, 0, '2025-03-25 00:32:22', NULL),
(542, 6, 82, 0, 0, 0, '2025-03-25 00:32:22', NULL),
(543, 6, 83, 0, 0, 0, '2025-03-25 00:32:22', NULL),
(544, 6, 84, 0, 0, 0, '2025-03-25 00:32:22', NULL),
(545, 6, 85, 0, 0, 0, '2025-03-25 00:32:22', NULL),
(546, 6, 86, 0, 0, 0, '2025-03-25 00:32:22', NULL),
(547, 6, 87, 0, 0, 0, '2025-03-25 00:32:22', NULL),
(548, 6, 88, 0, 0, 0, '2025-03-25 00:32:22', NULL),
(549, 6, 89, 0, 0, 0, '2025-03-25 00:32:22', NULL),
(550, 6, 90, 0, 0, 0, '2025-03-25 00:32:22', NULL),
(551, 5, 41, 0, 0, 0, '2025-03-25 00:34:00', NULL),
(552, 5, 42, 0, 0, 0, '2025-03-25 00:34:00', NULL),
(553, 5, 43, 0, 0, 0, '2025-03-25 00:34:00', NULL),
(554, 5, 44, 0, 0, 0, '2025-03-25 00:34:00', NULL),
(555, 5, 45, 0, 0, 0, '2025-03-25 00:34:00', NULL),
(556, 5, 46, 0, 0, 0, '2025-03-25 00:34:00', NULL),
(557, 5, 47, 0, 0, 0, '2025-03-25 00:34:00', NULL),
(558, 5, 48, 0, 0, 0, '2025-03-25 00:34:00', NULL),
(559, 5, 49, 0, 0, 0, '2025-03-25 00:34:00', NULL),
(560, 5, 50, 0, 0, 0, '2025-03-25 00:34:00', NULL),
(561, 5, 51, 0, 0, 0, '2025-03-25 00:34:00', NULL),
(562, 5, 52, 0, 0, 0, '2025-03-25 00:34:00', NULL),
(563, 5, 53, 0, 0, 0, '2025-03-25 00:34:00', NULL),
(564, 5, 54, 0, 0, 0, '2025-03-25 00:34:00', NULL),
(565, 5, 55, 0, 0, 0, '2025-03-25 00:34:00', NULL),
(566, 5, 56, 0, 0, 0, '2025-03-25 00:34:00', NULL),
(567, 5, 57, 0, 0, 0, '2025-03-25 00:34:00', NULL),
(568, 5, 58, 0, 0, 0, '2025-03-25 00:34:00', NULL),
(569, 5, 59, 0, 0, 0, '2025-03-25 00:34:00', NULL),
(570, 5, 60, 0, 0, 0, '2025-03-25 00:34:00', NULL),
(571, 5, 61, 0, 0, 0, '2025-03-25 00:34:00', NULL),
(572, 5, 62, 0, 0, 0, '2025-03-25 00:34:00', NULL),
(573, 5, 63, 0, 0, 0, '2025-03-25 00:34:00', NULL),
(574, 5, 64, 0, 0, 0, '2025-03-25 00:34:00', NULL),
(575, 5, 65, 0, 0, 0, '2025-03-25 00:34:00', NULL),
(576, 5, 66, 0, 0, 0, '2025-03-25 00:34:00', NULL),
(577, 5, 67, 0, 0, 0, '2025-03-25 00:34:00', NULL),
(578, 5, 68, 0, 0, 0, '2025-03-25 00:34:00', NULL),
(579, 5, 69, 0, 0, 0, '2025-03-25 00:34:00', NULL),
(580, 5, 70, 0, 0, 0, '2025-03-25 00:34:00', NULL),
(581, 5, 71, 0, 0, 0, '2025-03-25 00:34:00', NULL),
(582, 5, 72, 0, 0, 0, '2025-03-25 00:34:00', NULL),
(583, 5, 73, 0, 0, 0, '2025-03-25 00:34:00', NULL),
(584, 5, 74, 0, 0, 0, '2025-03-25 00:34:00', NULL),
(585, 5, 75, 0, 0, 0, '2025-03-25 00:34:00', NULL),
(586, 5, 76, 0, 0, 0, '2025-03-25 00:34:00', NULL),
(587, 5, 77, 0, 0, 0, '2025-03-25 00:34:00', NULL),
(588, 5, 78, 0, 0, 0, '2025-03-25 00:34:00', NULL),
(589, 5, 79, 0, 0, 0, '2025-03-25 00:34:00', NULL),
(590, 5, 80, 0, 0, 0, '2025-03-25 00:34:00', NULL),
(591, 5, 81, 0, 0, 0, '2025-03-25 00:34:00', NULL),
(592, 5, 82, 0, 0, 0, '2025-03-25 00:34:00', NULL),
(593, 5, 83, 0, 0, 0, '2025-03-25 00:34:00', NULL),
(594, 5, 84, 0, 0, 0, '2025-03-25 00:34:00', NULL),
(595, 5, 85, 0, 0, 0, '2025-03-25 00:34:00', NULL),
(596, 5, 86, 0, 0, 0, '2025-03-25 00:34:00', NULL),
(597, 5, 87, 0, 0, 0, '2025-03-25 00:34:00', NULL),
(598, 5, 88, 0, 0, 0, '2025-03-25 00:34:00', NULL),
(599, 5, 89, 0, 0, 0, '2025-03-25 00:34:00', NULL),
(600, 5, 90, 0, 0, 0, '2025-03-25 00:34:00', NULL),
(601, 19, 41, 1, 0, 0, '2025-03-26 07:29:33', NULL),
(602, 19, 42, 1, 0, 0, '2025-03-26 07:44:02', NULL),
(603, 19, 43, 0, 0, 0, '2025-03-25 06:53:23', NULL),
(604, 19, 44, 0, 0, 0, '2025-03-25 06:53:23', NULL),
(605, 19, 45, 0, 0, 0, '2025-03-25 06:53:23', NULL),
(606, 19, 46, 0, 0, 0, '2025-03-25 06:53:23', NULL),
(607, 19, 47, 0, 0, 0, '2025-03-25 06:53:23', NULL),
(608, 19, 48, 0, 0, 0, '2025-03-25 06:53:23', NULL),
(609, 19, 49, 0, 0, 0, '2025-03-25 06:53:23', NULL),
(610, 19, 50, 0, 0, 0, '2025-03-25 06:53:23', NULL),
(611, 19, 51, 0, 0, 0, '2025-03-25 06:53:23', NULL),
(612, 19, 52, 0, 0, 0, '2025-03-25 06:53:23', NULL),
(613, 19, 53, 0, 0, 0, '2025-03-25 06:53:23', NULL),
(614, 19, 54, 0, 0, 0, '2025-03-25 06:53:23', NULL),
(615, 19, 55, 0, 0, 0, '2025-03-25 06:53:23', NULL),
(616, 19, 56, 0, 0, 0, '2025-03-25 06:53:23', NULL),
(617, 19, 57, 0, 0, 0, '2025-03-25 06:53:23', NULL),
(618, 19, 58, 0, 0, 0, '2025-03-25 06:53:23', NULL),
(619, 19, 59, 0, 0, 0, '2025-03-25 06:53:23', NULL),
(620, 19, 60, 0, 0, 0, '2025-03-25 06:53:23', NULL),
(621, 19, 61, 0, 0, 0, '2025-03-25 06:53:23', NULL),
(622, 19, 62, 0, 0, 0, '2025-03-25 06:53:23', NULL),
(623, 19, 63, 0, 0, 0, '2025-03-25 06:53:23', NULL),
(624, 19, 64, 0, 0, 0, '2025-03-25 06:53:23', NULL),
(625, 19, 65, 0, 0, 0, '2025-03-25 06:53:23', NULL),
(626, 19, 66, 0, 0, 0, '2025-03-25 06:53:23', NULL),
(627, 19, 67, 0, 0, 0, '2025-03-25 06:53:23', NULL),
(628, 19, 68, 0, 0, 0, '2025-03-25 06:53:23', NULL),
(629, 19, 69, 0, 0, 0, '2025-03-25 06:53:23', NULL),
(630, 19, 70, 0, 0, 0, '2025-03-25 06:53:23', NULL),
(631, 19, 71, 0, 0, 0, '2025-03-25 06:53:23', NULL),
(632, 19, 72, 0, 0, 0, '2025-03-25 06:53:23', NULL),
(633, 19, 73, 0, 0, 0, '2025-03-25 06:53:23', NULL),
(634, 19, 74, 0, 0, 0, '2025-03-25 06:53:23', NULL),
(635, 19, 75, 0, 0, 0, '2025-03-25 06:53:23', NULL),
(636, 19, 76, 0, 0, 0, '2025-03-25 06:53:23', NULL),
(637, 19, 77, 0, 0, 0, '2025-03-25 06:53:23', NULL),
(638, 19, 78, 0, 0, 0, '2025-03-25 06:53:23', NULL),
(639, 19, 79, 0, 0, 0, '2025-03-25 06:53:23', NULL),
(640, 19, 80, 0, 0, 0, '2025-03-25 06:53:23', NULL),
(641, 19, 81, 0, 0, 0, '2025-03-25 06:53:23', NULL),
(642, 19, 82, 0, 0, 0, '2025-03-25 06:53:23', NULL),
(643, 19, 83, 0, 0, 0, '2025-03-25 06:53:23', NULL),
(644, 19, 84, 0, 0, 0, '2025-03-25 06:53:23', NULL),
(645, 19, 85, 0, 0, 0, '2025-03-25 06:53:23', NULL),
(646, 19, 86, 0, 0, 0, '2025-03-25 06:53:23', NULL),
(647, 19, 87, 0, 0, 0, '2025-03-25 06:53:23', NULL),
(648, 19, 88, 0, 0, 0, '2025-03-25 06:53:23', NULL),
(649, 19, 89, 0, 0, 0, '2025-03-25 06:53:23', NULL),
(650, 19, 90, 0, 0, 0, '2025-03-25 06:53:23', NULL),
(651, 20, 41, 1, 0, 0, '2025-03-26 07:18:01', NULL),
(652, 20, 42, 1, 0, 0, '2025-03-26 07:33:45', NULL),
(653, 20, 43, 1, 0, 0, '2025-03-26 08:01:40', NULL),
(654, 20, 44, 1, 0, 0, '2025-03-26 08:41:37', NULL),
(655, 20, 45, 0, 0, 0, '2025-03-26 06:21:38', NULL),
(656, 21, 41, 1, 0, 0, '2025-03-26 07:18:26', NULL),
(657, 21, 42, 1, 0, 0, '2025-03-26 07:34:31', NULL),
(658, 21, 43, 1, 0, 0, '2025-03-26 08:02:00', NULL),
(659, 21, 44, 0, 0, 0, '2025-03-26 06:23:29', NULL),
(660, 21, 45, 0, 0, 0, '2025-03-26 06:23:29', NULL),
(661, 22, 41, 1, 0, 0, '2025-03-26 07:18:54', NULL),
(662, 22, 42, 1, 0, 0, '2025-03-26 07:34:50', NULL),
(663, 22, 43, 1, 0, 0, '2025-03-26 08:03:18', NULL),
(664, 22, 44, 1, 0, 0, '2025-03-26 08:42:13', NULL),
(665, 22, 45, 0, 0, 0, '2025-03-26 06:24:13', NULL),
(666, 23, 41, 1, 0, 0, '2025-03-26 07:19:15', NULL),
(667, 23, 42, 1, 0, 0, '2025-03-26 07:35:09', NULL),
(668, 23, 43, 1, 0, 0, '2025-03-26 08:03:45', NULL),
(669, 23, 44, 0, 0, 0, '2025-03-26 06:25:26', NULL),
(670, 23, 45, 0, 0, 0, '2025-03-26 06:25:26', NULL),
(671, 24, 41, 1, 0, 0, '2025-03-26 07:19:33', NULL),
(672, 24, 42, 1, 0, 0, '2025-03-26 07:35:53', NULL),
(673, 24, 43, 1, 0, 0, '2025-03-26 08:04:09', NULL),
(674, 24, 44, 1, 0, 0, '2025-03-26 08:42:35', NULL),
(675, 24, 45, 0, 0, 0, '2025-03-26 06:30:14', NULL),
(676, 24, 46, 1, 0, 0, '2025-03-26 08:53:45', NULL),
(677, 24, 47, 1, 0, 0, '2025-03-26 09:04:10', NULL),
(678, 24, 48, 1, 0, 0, '2025-03-26 09:23:42', NULL),
(679, 24, 49, 1, 0, 0, '2025-03-26 09:11:45', NULL),
(680, 24, 50, 1, 0, 0, '2025-03-26 09:36:19', NULL),
(681, 25, 41, 1, 0, 0, '2025-03-26 07:19:52', NULL),
(682, 25, 42, 1, 0, 0, '2025-03-26 07:36:15', NULL),
(683, 25, 43, 1, 0, 0, '2025-03-26 08:04:58', NULL),
(684, 25, 44, 1, 0, 0, '2025-03-26 08:43:01', NULL),
(685, 25, 45, 0, 0, 0, '2025-03-26 06:30:50', NULL),
(686, 25, 46, 1, 0, 0, '2025-03-26 08:54:14', NULL),
(687, 25, 47, 1, 0, 0, '2025-03-26 09:04:34', NULL),
(688, 25, 48, 1, 0, 0, '2025-03-26 09:23:59', NULL),
(689, 25, 49, 1, 0, 0, '2025-03-26 09:12:00', NULL),
(690, 25, 50, 1, 0, 0, '2025-03-26 09:36:42', NULL),
(691, 27, 41, 1, 0, 0, '2025-03-26 07:20:32', NULL),
(692, 27, 42, 1, 0, 0, '2025-03-26 07:36:55', NULL),
(693, 27, 43, 1, 0, 0, '2025-03-26 08:06:04', NULL),
(694, 27, 44, 1, 0, 0, '2025-03-26 08:43:56', NULL),
(695, 27, 45, 0, 0, 0, '2025-03-26 06:33:33', NULL),
(696, 27, 46, 1, 0, 0, '2025-03-26 08:54:44', NULL),
(697, 27, 47, 1, 0, 0, '2025-03-26 09:05:06', NULL),
(698, 27, 48, 1, 0, 0, '2025-03-26 09:24:48', NULL),
(699, 27, 49, 1, 0, 0, '2025-03-26 09:12:31', NULL),
(700, 27, 50, 1, 0, 0, '2025-03-26 09:37:16', NULL),
(701, 27, 51, 0, 0, 0, '2025-03-26 06:33:33', NULL),
(702, 28, 41, 1, 0, 0, '2025-03-26 07:21:04', NULL),
(703, 28, 42, 1, 0, 0, '2025-03-26 07:37:15', NULL),
(704, 28, 43, 1, 0, 0, '2025-03-26 08:06:47', NULL),
(705, 28, 44, 1, 0, 0, '2025-03-26 08:44:14', NULL),
(706, 28, 45, 0, 0, 0, '2025-03-26 06:34:29', NULL),
(707, 28, 46, 1, 0, 0, '2025-03-26 08:54:59', NULL),
(708, 28, 47, 1, 0, 0, '2025-03-26 09:05:19', NULL),
(709, 28, 48, 1, 0, 0, '2025-03-26 09:25:04', NULL),
(710, 28, 49, 1, 0, 0, '2025-03-26 09:12:46', NULL),
(711, 28, 50, 1, 0, 0, '2025-03-26 09:37:32', NULL),
(712, 29, 41, 1, 0, 0, '2025-03-26 07:22:27', NULL),
(713, 29, 42, 1, 0, 0, '2025-03-26 07:37:32', NULL),
(714, 29, 43, 1, 0, 0, '2025-03-26 08:07:19', NULL),
(715, 29, 44, 1, 0, 0, '2025-03-26 08:44:28', NULL),
(716, 29, 45, 0, 0, 0, '2025-03-26 06:35:45', NULL),
(717, 29, 46, 1, 0, 0, '2025-03-26 08:55:12', NULL),
(718, 29, 47, 1, 0, 0, '2025-03-26 09:05:34', NULL),
(719, 29, 48, 1, 0, 0, '2025-03-26 09:25:19', NULL),
(720, 29, 49, 1, 0, 0, '2025-03-26 09:13:03', NULL),
(721, 29, 50, 1, 0, 0, '2025-03-26 09:37:46', NULL),
(722, 30, 41, 1, 0, 0, '2025-03-26 07:22:48', NULL),
(723, 30, 42, 1, 0, 0, '2025-03-26 07:37:50', NULL),
(724, 30, 43, 1, 0, 0, '2025-03-26 08:07:55', NULL),
(725, 30, 44, 1, 0, 0, '2025-03-26 08:44:48', NULL),
(726, 30, 45, 0, 0, 0, '2025-03-26 06:36:22', NULL),
(727, 30, 46, 1, 0, 0, '2025-03-26 08:55:26', NULL),
(728, 30, 47, 1, 0, 0, '2025-03-26 09:05:48', NULL),
(729, 30, 48, 1, 0, 0, '2025-03-26 09:25:34', NULL),
(730, 30, 49, 1, 0, 0, '2025-03-26 09:13:19', NULL),
(731, 30, 50, 1, 0, 0, '2025-03-26 09:38:01', NULL),
(732, 31, 41, 1, 0, 0, '2025-03-26 07:23:23', NULL),
(733, 31, 42, 1, 0, 0, '2025-03-26 07:38:09', NULL),
(734, 31, 43, 1, 0, 0, '2025-03-26 08:08:34', NULL),
(735, 31, 44, 1, 0, 0, '2025-03-26 08:45:02', NULL),
(736, 31, 45, 0, 0, 0, '2025-03-26 06:37:40', NULL),
(737, 31, 46, 1, 0, 0, '2025-03-26 08:55:41', NULL),
(738, 31, 47, 1, 0, 0, '2025-03-26 09:06:03', NULL),
(739, 31, 48, 1, 0, 0, '2025-03-26 09:25:49', NULL),
(740, 31, 49, 1, 0, 0, '2025-03-26 09:13:36', NULL),
(741, 31, 50, 1, 0, 0, '2025-03-26 09:38:14', NULL),
(742, 32, 41, 1, 0, 0, '2025-03-26 07:23:40', NULL),
(743, 32, 42, 1, 0, 0, '2025-03-26 07:38:24', NULL),
(744, 32, 43, 1, 0, 0, '2025-03-26 08:09:05', NULL),
(745, 32, 44, 1, 0, 0, '2025-03-26 08:45:45', NULL),
(746, 32, 45, 0, 0, 0, '2025-03-26 06:38:21', NULL),
(747, 32, 46, 1, 0, 0, '2025-03-26 08:55:58', NULL),
(748, 32, 47, 1, 0, 0, '2025-03-26 09:06:17', NULL),
(749, 32, 48, 1, 0, 0, '2025-03-26 09:26:04', NULL),
(750, 32, 49, 1, 0, 0, '2025-03-26 09:13:53', NULL),
(751, 32, 50, 1, 0, 0, '2025-03-26 09:38:34', NULL),
(752, 33, 41, 1, 0, 0, '2025-03-26 07:23:59', NULL),
(753, 33, 42, 1, 0, 0, '2025-03-26 07:39:25', NULL),
(754, 33, 43, 1, 0, 0, '2025-03-26 08:09:21', NULL),
(755, 33, 44, 1, 0, 0, '2025-03-26 08:46:00', NULL),
(756, 33, 45, 0, 0, 0, '2025-03-26 06:38:54', NULL),
(757, 33, 46, 1, 0, 0, '2025-03-26 08:56:12', NULL),
(758, 33, 47, 1, 0, 0, '2025-03-26 09:06:30', NULL),
(759, 33, 48, 1, 0, 0, '2025-03-26 09:26:17', NULL),
(760, 33, 49, 1, 0, 0, '2025-03-26 09:14:07', NULL),
(761, 33, 50, 1, 0, 0, '2025-03-26 09:38:49', NULL),
(762, 34, 41, 1, 0, 0, '2025-03-26 07:25:00', NULL),
(763, 34, 42, 1, 0, 0, '2025-03-26 07:39:44', NULL),
(764, 34, 43, 1, 0, 0, '2025-03-26 08:09:41', NULL),
(765, 34, 44, 1, 0, 0, '2025-03-26 08:46:29', NULL),
(766, 34, 45, 0, 0, 0, '2025-03-26 06:39:42', NULL),
(767, 34, 46, 1, 0, 0, '2025-03-26 08:56:26', NULL),
(768, 34, 47, 1, 0, 0, '2025-03-26 09:06:47', NULL),
(769, 34, 48, 1, 0, 0, '2025-03-26 09:26:34', NULL),
(770, 34, 49, 1, 0, 0, '2025-03-26 09:14:24', NULL),
(771, 34, 50, 1, 0, 0, '2025-03-26 09:39:09', NULL),
(772, 45, 41, 1, 0, 0, '2025-03-26 07:25:31', NULL),
(773, 45, 42, 1, 0, 0, '2025-03-26 07:40:08', NULL),
(774, 45, 43, 1, 0, 0, '2025-03-26 08:10:04', NULL),
(775, 45, 44, 1, 0, 0, '2025-03-26 08:46:48', NULL),
(776, 45, 45, 0, 0, 0, '2025-03-26 06:40:18', NULL),
(777, 45, 46, 1, 0, 0, '2025-03-26 08:56:46', NULL),
(778, 45, 47, 1, 0, 0, '2025-03-26 09:07:04', NULL),
(779, 45, 48, 1, 0, 0, '2025-03-26 09:26:58', NULL),
(780, 45, 49, 1, 0, 0, '2025-03-26 09:14:45', NULL),
(781, 45, 50, 1, 0, 0, '2025-03-26 09:39:30', NULL),
(782, 35, 41, 1, 0, 0, '2025-03-26 07:26:15', NULL),
(783, 35, 42, 1, 0, 0, '2025-03-26 07:40:26', NULL),
(784, 35, 43, 1, 0, 0, '2025-03-26 08:10:21', NULL),
(785, 35, 44, 1, 0, 0, '2025-03-26 08:47:06', NULL),
(786, 35, 45, 0, 0, 0, '2025-03-26 06:41:50', NULL),
(787, 35, 46, 1, 0, 0, '2025-03-26 08:57:31', NULL),
(788, 35, 47, 1, 0, 0, '2025-03-26 09:07:17', NULL),
(789, 35, 48, 1, 0, 0, '2025-03-26 09:27:27', NULL),
(790, 35, 49, 1, 0, 0, '2025-03-26 09:15:01', NULL),
(791, 35, 50, 1, 0, 0, '2025-03-26 09:39:46', NULL),
(792, 36, 41, 1, 0, 0, '2025-03-26 07:26:41', NULL),
(793, 36, 42, 1, 0, 0, '2025-03-26 07:40:42', NULL),
(794, 36, 43, 1, 0, 0, '2025-03-26 08:10:40', NULL),
(795, 36, 44, 1, 0, 0, '2025-03-26 08:47:25', NULL),
(796, 36, 45, 0, 0, 0, '2025-03-26 06:42:37', NULL),
(797, 36, 46, 1, 0, 0, '2025-03-26 08:57:47', NULL),
(798, 36, 47, 1, 0, 0, '2025-03-26 09:07:35', NULL),
(799, 36, 48, 1, 0, 0, '2025-03-26 09:27:43', NULL),
(800, 36, 49, 1, 0, 0, '2025-03-26 09:15:16', NULL),
(801, 36, 50, 1, 0, 0, '2025-03-26 09:40:03', NULL),
(802, 37, 41, 1, 0, 0, '2025-03-26 07:27:00', NULL),
(803, 37, 42, 1, 0, 0, '2025-03-26 07:41:07', NULL),
(804, 37, 43, 1, 0, 0, '2025-03-26 08:11:27', NULL),
(805, 37, 44, 1, 0, 0, '2025-03-26 08:47:50', NULL),
(806, 37, 45, 0, 0, 0, '2025-03-26 06:43:52', NULL),
(807, 37, 46, 1, 0, 0, '2025-03-26 08:58:02', NULL),
(808, 37, 47, 1, 0, 0, '2025-03-26 09:07:50', NULL),
(809, 37, 48, 1, 0, 0, '2025-03-26 09:27:58', NULL),
(810, 37, 49, 1, 0, 0, '2025-03-26 09:15:32', NULL),
(811, 37, 50, 1, 0, 0, '2025-03-26 09:40:18', NULL),
(812, 38, 41, 1, 0, 0, '2025-03-26 07:27:23', NULL),
(813, 38, 42, 1, 0, 0, '2025-03-26 07:41:24', NULL),
(814, 38, 43, 1, 0, 0, '2025-03-26 08:12:02', NULL),
(815, 38, 44, 1, 0, 0, '2025-03-26 08:48:07', NULL),
(816, 38, 45, 0, 0, 0, '2025-03-26 06:44:38', NULL),
(817, 38, 46, 1, 0, 0, '2025-03-26 08:58:16', NULL),
(818, 38, 47, 1, 0, 0, '2025-03-26 09:08:05', NULL),
(819, 38, 48, 1, 0, 0, '2025-03-26 09:28:16', NULL),
(820, 38, 49, 1, 0, 0, '2025-03-26 09:15:48', NULL),
(821, 38, 50, 1, 0, 0, '2025-03-26 09:40:34', NULL),
(822, 39, 41, 1, 0, 0, '2025-03-26 07:28:03', NULL),
(823, 39, 42, 1, 0, 0, '2025-03-26 07:41:43', NULL),
(824, 39, 43, 1, 0, 0, '2025-03-26 08:12:24', NULL),
(825, 39, 44, 1, 0, 0, '2025-03-26 08:48:21', NULL),
(826, 39, 45, 0, 0, 0, '2025-03-26 06:45:22', NULL),
(827, 39, 46, 1, 0, 0, '2025-03-26 08:58:42', NULL),
(828, 39, 47, 1, 0, 0, '2025-03-26 09:08:20', NULL),
(829, 39, 48, 1, 0, 0, '2025-03-26 09:28:36', NULL),
(830, 39, 49, 1, 0, 0, '2025-03-26 09:16:16', NULL),
(831, 39, 50, 1, 0, 0, '2025-03-26 09:40:46', NULL),
(832, 40, 41, 1, 0, 0, '2025-03-26 07:29:49', NULL),
(833, 40, 42, 1, 0, 0, '2025-03-26 07:44:38', NULL),
(834, 40, 43, 1, 0, 0, '2025-03-26 08:12:57', NULL),
(835, 40, 44, 1, 0, 0, '2025-03-26 08:48:47', NULL),
(836, 40, 45, 0, 0, 0, '2025-03-26 06:47:56', NULL),
(837, 40, 46, 1, 0, 0, '2025-03-26 08:58:57', NULL),
(838, 40, 47, 1, 0, 0, '2025-03-26 09:09:18', NULL),
(839, 40, 48, 1, 0, 0, '2025-03-26 09:28:55', NULL),
(840, 40, 49, 1, 0, 0, '2025-03-26 09:16:37', NULL),
(841, 40, 50, 1, 0, 0, '2025-03-26 09:41:04', NULL),
(842, 41, 41, 0, 0, 0, '2025-03-26 06:48:47', NULL),
(843, 41, 42, 0, 0, 0, '2025-03-26 06:48:47', NULL),
(844, 41, 43, 0, 0, 0, '2025-03-26 06:48:47', NULL),
(845, 41, 44, 0, 0, 0, '2025-03-26 06:48:47', NULL),
(846, 41, 45, 0, 0, 0, '2025-03-26 06:48:47', NULL),
(847, 41, 46, 0, 0, 0, '2025-03-26 06:48:47', NULL),
(848, 41, 47, 0, 0, 0, '2025-03-26 06:48:47', NULL),
(849, 41, 48, 0, 0, 0, '2025-03-26 06:48:47', NULL),
(850, 41, 49, 0, 0, 0, '2025-03-26 06:48:47', NULL),
(851, 41, 50, 0, 0, 0, '2025-03-26 06:48:47', NULL),
(852, 42, 41, 0, 0, 0, '2025-03-26 06:49:38', NULL),
(853, 42, 42, 0, 0, 0, '2025-03-26 06:49:38', NULL),
(854, 42, 43, 0, 0, 0, '2025-03-26 06:49:38', NULL),
(855, 42, 44, 0, 0, 0, '2025-03-26 06:49:38', NULL),
(856, 42, 45, 0, 0, 0, '2025-03-26 06:49:38', NULL),
(857, 42, 46, 0, 0, 0, '2025-03-26 06:49:38', NULL),
(858, 42, 47, 0, 0, 0, '2025-03-26 06:49:38', NULL),
(859, 42, 48, 0, 0, 0, '2025-03-26 06:49:38', NULL),
(860, 42, 49, 0, 0, 0, '2025-03-26 06:49:38', NULL),
(861, 42, 50, 0, 0, 0, '2025-03-26 06:49:38', NULL),
(862, 43, 41, 0, 0, 0, '2025-03-26 06:50:29', NULL),
(863, 43, 42, 0, 0, 0, '2025-03-26 06:50:29', NULL),
(864, 43, 43, 0, 0, 0, '2025-03-26 06:50:29', NULL),
(865, 43, 44, 0, 0, 0, '2025-03-26 06:50:29', NULL),
(866, 43, 45, 0, 0, 0, '2025-03-26 06:50:29', NULL),
(867, 43, 46, 0, 0, 0, '2025-03-26 06:50:29', NULL),
(868, 43, 47, 0, 0, 0, '2025-03-26 06:50:29', NULL),
(869, 43, 48, 0, 0, 0, '2025-03-26 06:50:29', NULL),
(870, 43, 49, 0, 0, 0, '2025-03-26 06:50:29', NULL),
(871, 43, 50, 0, 0, 0, '2025-03-26 06:50:29', NULL),
(872, 44, 41, 0, 0, 0, '2025-03-26 06:51:29', NULL),
(873, 44, 42, 0, 0, 0, '2025-03-26 06:51:29', NULL),
(874, 44, 43, 0, 0, 0, '2025-03-26 06:51:29', NULL),
(875, 44, 44, 0, 0, 0, '2025-03-26 06:51:29', NULL),
(876, 44, 45, 0, 0, 0, '2025-03-26 06:51:29', NULL),
(877, 44, 46, 0, 0, 0, '2025-03-26 06:51:29', NULL),
(878, 44, 47, 0, 0, 0, '2025-03-26 06:51:29', NULL),
(879, 44, 48, 0, 0, 0, '2025-03-26 06:51:29', NULL),
(880, 44, 49, 0, 0, 0, '2025-03-26 06:51:29', NULL),
(881, 44, 50, 0, 0, 0, '2025-03-26 06:51:29', NULL),
(882, 26, 41, 1, 0, 0, '2025-03-26 07:20:10', NULL),
(883, 26, 42, 1, 0, 0, '2025-03-26 07:36:37', NULL),
(884, 26, 43, 1, 0, 0, '2025-03-26 08:05:31', NULL),
(885, 26, 44, 1, 0, 0, '2025-03-26 08:43:34', NULL),
(886, 26, 45, 0, 0, 0, '2025-03-26 07:16:59', NULL),
(887, 26, 46, 1, 0, 0, '2025-03-26 08:54:29', NULL),
(888, 26, 47, 1, 0, 0, '2025-03-26 09:04:49', NULL),
(889, 26, 48, 1, 0, 0, '2025-03-26 09:24:30', NULL),
(890, 26, 49, 1, 0, 0, '2025-03-26 09:12:15', NULL),
(891, 26, 50, 1, 0, 0, '2025-03-26 09:37:01', NULL),
(892, 46, 41, 1, 0, 0, '2025-04-05 10:46:15', NULL),
(895, 46, 44, 1, 0, 0, '2025-04-05 11:58:13', NULL),
(897, 46, 46, 1, 0, 0, '2025-04-05 04:16:09', NULL),
(898, 46, 48, 1, 0, 0, '2025-04-05 12:35:29', NULL),
(899, 46, 50, 1, 0, 0, '2025-04-05 11:20:21', NULL),
(900, 47, 41, 1, 0, 0, '2025-04-05 10:46:39', NULL),
(901, 47, 44, 1, 0, 0, '2025-04-05 11:57:51', NULL),
(902, 47, 46, 1, 0, 0, '2025-04-05 04:13:27', NULL),
(903, 47, 48, 1, 0, 0, '2025-04-05 12:35:45', NULL),
(904, 47, 50, 1, 0, 0, '2025-04-05 11:20:41', NULL),
(905, 48, 41, 1, 0, 0, '2025-04-05 10:47:01', NULL),
(906, 48, 44, 1, 0, 0, '2025-04-05 11:57:28', NULL),
(907, 48, 46, 1, 0, 0, '2025-04-05 04:14:16', NULL),
(908, 48, 48, 1, 0, 0, '2025-04-05 12:36:22', NULL),
(909, 48, 50, 1, 0, 0, '2025-04-05 11:20:58', NULL),
(910, 52, 41, 1, 0, 0, '2025-04-05 10:48:55', NULL),
(911, 52, 44, 0, 0, 0, '2025-04-05 04:38:33', NULL),
(912, 52, 46, 1, 0, 0, '2025-04-05 04:45:27', NULL),
(913, 52, 48, 0, 0, 0, '2025-04-05 04:38:33', NULL),
(914, 52, 50, 1, 0, 0, '2025-04-05 11:22:53', NULL),
(915, 51, 41, 1, 0, 0, '2025-04-05 10:47:59', NULL),
(916, 51, 44, 0, 0, 0, '2025-04-05 04:39:22', NULL),
(917, 51, 46, 1, 0, 0, '2025-04-05 04:44:10', NULL),
(918, 51, 48, 0, 0, 0, '2025-04-05 04:39:22', NULL),
(919, 51, 50, 0, 0, 0, '2025-04-05 04:39:22', NULL),
(920, 50, 41, 1, 0, 0, '2025-04-05 10:47:40', NULL),
(921, 50, 44, 1, 0, 0, '2025-04-05 11:59:36', NULL),
(922, 50, 46, 1, 0, 0, '2025-04-05 04:42:52', NULL),
(923, 50, 48, 1, 0, 0, '2025-04-05 12:37:39', NULL),
(924, 50, 50, 1, 0, 0, '2025-04-05 11:22:28', NULL),
(925, 49, 41, 1, 0, 0, '2025-04-05 10:48:36', NULL),
(926, 49, 44, 0, 0, 0, '2025-04-05 04:41:20', NULL),
(927, 49, 46, 1, 0, 0, '2025-04-05 04:44:51', NULL),
(928, 49, 48, 0, 0, 0, '2025-04-05 04:41:20', NULL),
(929, 49, 50, 0, 0, 0, '2025-04-05 04:41:20', NULL),
(930, 53, 41, 1, 0, 0, '2025-04-05 10:49:15', NULL),
(931, 53, 44, 0, 0, 0, '2025-04-05 05:09:06', NULL),
(932, 53, 46, 1, 0, 0, '2025-04-05 05:15:29', NULL),
(933, 53, 48, 0, 0, 0, '2025-04-05 05:09:06', NULL),
(934, 53, 50, 0, 0, 0, '2025-04-05 05:09:06', NULL),
(935, 56, 41, 1, 0, 0, '2025-04-05 10:49:52', NULL),
(936, 56, 44, 0, 0, 0, '2025-04-05 05:11:57', NULL),
(937, 56, 46, 1, 0, 0, '2025-04-05 05:16:10', NULL),
(938, 56, 48, 1, 0, 0, '2025-04-05 12:38:59', NULL),
(939, 56, 50, 1, 0, 0, '2025-04-05 11:24:16', NULL),
(940, 55, 41, 1, 0, 0, '2025-04-05 10:49:30', NULL),
(941, 55, 44, 1, 0, 0, '2025-04-05 12:00:28', NULL),
(942, 55, 46, 1, 0, 0, '2025-04-05 05:23:52', NULL),
(943, 55, 48, 1, 0, 0, '2025-04-05 12:38:38', NULL),
(944, 55, 50, 1, 0, 0, '2025-04-05 11:23:54', NULL),
(945, 57, 41, 1, 0, 0, '2025-04-05 10:50:12', NULL),
(946, 57, 44, 1, 0, 0, '2025-04-05 12:00:53', NULL),
(947, 57, 46, 1, 0, 0, '2025-04-05 05:30:47', NULL),
(948, 57, 48, 1, 0, 0, '2025-04-05 12:39:55', NULL),
(949, 57, 50, 1, 0, 0, '2025-04-05 11:23:35', NULL),
(950, 61, 41, 1, 0, 0, '2025-04-05 10:51:25', NULL),
(951, 61, 44, 1, 0, 0, '2025-04-05 12:02:33', NULL),
(952, 61, 46, 1, 0, 0, '2025-04-05 06:05:36', NULL),
(953, 61, 48, 0, 0, 0, '2025-04-05 05:56:12', NULL),
(954, 61, 50, 1, 0, 0, '2025-04-05 11:26:42', NULL),
(955, 59, 41, 1, 0, 0, '2025-04-05 10:51:09', NULL),
(956, 59, 44, 0, 0, 0, '2025-04-05 05:58:10', NULL),
(957, 59, 46, 1, 0, 0, '2025-04-05 06:04:26', NULL),
(958, 59, 48, 0, 0, 0, '2025-04-05 05:58:10', NULL),
(959, 59, 50, 1, 0, 0, '2025-04-05 11:26:22', NULL),
(960, 58, 41, 1, 0, 0, '2025-04-05 10:50:52', NULL),
(961, 58, 44, 1, 0, 0, '2025-04-05 12:02:04', NULL),
(962, 58, 46, 1, 0, 0, '2025-04-05 06:04:08', NULL),
(963, 58, 48, 1, 0, 0, '2025-04-05 12:47:19', NULL),
(964, 58, 50, 1, 0, 0, '2025-04-05 11:25:56', NULL),
(965, 60, 41, 1, 0, 0, '2025-04-05 10:50:35', NULL),
(966, 60, 44, 1, 0, 0, '2025-04-05 12:01:30', NULL),
(967, 60, 46, 1, 0, 0, '2025-04-05 06:07:22', NULL),
(968, 60, 48, 1, 0, 0, '2025-04-05 12:40:37', NULL),
(969, 60, 50, 1, 0, 0, '2025-04-05 11:25:01', NULL),
(970, 64, 41, 0, 0, 0, '2025-04-05 06:23:28', NULL),
(971, 64, 44, 0, 0, 0, '2025-04-05 06:23:28', NULL),
(972, 64, 46, 1, 0, 0, '2025-04-05 06:31:26', NULL),
(973, 64, 48, 1, 0, 0, '2025-04-05 12:48:07', NULL),
(974, 64, 50, 0, 0, 0, '2025-04-05 06:23:28', NULL),
(975, 65, 41, 1, 0, 0, '2025-04-05 10:52:21', NULL),
(976, 65, 44, 1, 0, 0, '2025-04-05 12:03:31', NULL),
(977, 65, 46, 1, 0, 0, '2025-04-05 06:31:51', NULL),
(978, 65, 48, 1, 0, 0, '2025-04-05 12:48:41', NULL),
(979, 65, 50, 1, 0, 0, '2025-04-05 11:27:39', NULL),
(980, 67, 41, 1, 0, 0, '2025-04-05 10:52:41', NULL),
(981, 67, 44, 1, 0, 0, '2025-04-05 12:04:14', NULL),
(982, 67, 46, 1, 0, 0, '2025-04-05 06:32:17', NULL),
(983, 67, 48, 1, 0, 0, '2025-04-05 12:49:50', NULL),
(984, 67, 50, 1, 0, 0, '2025-04-05 11:28:10', NULL),
(985, 68, 41, 1, 0, 0, '2025-04-05 10:51:47', NULL),
(986, 68, 44, 1, 0, 0, '2025-04-05 12:03:16', NULL),
(987, 68, 46, 1, 0, 0, '2025-04-05 06:32:41', NULL),
(988, 68, 48, 0, 0, 0, '2025-04-05 06:26:16', NULL),
(989, 68, 50, 1, 0, 0, '2025-04-05 11:27:14', NULL),
(990, 69, 41, 1, 0, 0, '2025-04-05 10:59:28', NULL),
(991, 69, 44, 0, 0, 0, '2025-04-05 07:00:25', NULL),
(992, 69, 46, 1, 0, 0, '2025-04-05 10:21:59', NULL),
(993, 69, 48, 0, 0, 0, '2025-04-05 07:00:25', NULL),
(994, 69, 50, 0, 0, 0, '2025-04-05 07:00:25', NULL),
(995, 70, 41, 1, 0, 0, '2025-04-05 10:59:47', NULL),
(996, 70, 44, 1, 0, 0, '2025-04-05 12:04:45', NULL),
(997, 70, 46, 1, 0, 0, '2025-04-05 10:22:22', NULL),
(998, 70, 48, 1, 0, 0, '2025-04-05 12:49:16', NULL),
(999, 70, 50, 1, 0, 0, '2025-04-05 11:28:40', NULL),
(1000, 71, 41, 1, 0, 0, '2025-04-05 11:00:16', NULL),
(1001, 71, 44, 0, 0, 0, '2025-04-05 07:01:46', NULL),
(1002, 71, 46, 1, 0, 0, '2025-04-05 10:23:08', NULL),
(1003, 71, 48, 1, 0, 0, '2025-04-05 12:49:33', NULL),
(1004, 71, 50, 0, 0, 0, '2025-04-05 07:01:46', NULL),
(1005, 72, 41, 1, 0, 0, '2025-04-05 11:00:47', NULL),
(1006, 72, 44, 1, 0, 0, '2025-04-05 12:05:11', NULL),
(1007, 72, 46, 1, 0, 0, '2025-04-05 10:24:06', NULL),
(1008, 72, 48, 1, 0, 0, '2025-04-05 12:50:27', NULL),
(1009, 72, 50, 1, 0, 0, '2025-04-05 11:29:08', NULL),
(1010, 73, 41, 1, 0, 0, '2025-04-05 11:01:10', NULL),
(1011, 73, 44, 0, 0, 0, '2025-04-05 07:12:46', NULL),
(1012, 73, 46, 1, 0, 0, '2025-04-05 10:24:28', NULL),
(1013, 73, 48, 0, 0, 0, '2025-04-05 07:12:46', NULL),
(1014, 73, 50, 0, 0, 0, '2025-04-05 07:12:46', NULL),
(1015, 74, 41, 1, 0, 0, '2025-04-05 11:01:28', NULL),
(1016, 74, 44, 1, 0, 0, '2025-04-05 12:05:45', NULL),
(1017, 74, 46, 1, 0, 0, '2025-04-05 10:24:51', NULL),
(1018, 74, 48, 0, 0, 0, '2025-04-05 07:13:37', NULL),
(1019, 74, 50, 1, 0, 0, '2025-04-05 11:30:34', NULL),
(1020, 76, 41, 1, 0, 0, '2025-04-05 11:01:58', NULL),
(1021, 76, 44, 1, 0, 0, '2025-04-05 12:06:23', NULL),
(1022, 76, 46, 1, 0, 0, '2025-04-05 10:25:38', NULL),
(1023, 76, 48, 1, 0, 0, '2025-04-05 12:51:13', NULL),
(1024, 76, 50, 1, 0, 0, '2025-04-05 11:31:04', NULL),
(1025, 75, 41, 1, 0, 0, '2025-04-05 11:01:43', NULL),
(1026, 75, 44, 1, 0, 0, '2025-04-05 12:06:05', NULL),
(1027, 75, 46, 1, 0, 0, '2025-04-05 10:25:10', NULL),
(1028, 75, 48, 1, 0, 0, '2025-04-05 12:50:54', NULL),
(1029, 75, 50, 1, 0, 0, '2025-04-05 11:31:55', NULL),
(1030, 77, 41, 1, 0, 0, '2025-04-05 11:02:43', NULL),
(1031, 77, 44, 0, 0, 0, '2025-04-05 07:43:48', NULL),
(1032, 77, 46, 1, 0, 0, '2025-04-05 10:26:06', NULL),
(1033, 77, 48, 0, 0, 0, '2025-04-05 07:43:48', NULL),
(1034, 77, 50, 0, 0, 0, '2025-04-05 07:43:48', NULL),
(1035, 78, 41, 1, 0, 0, '2025-04-05 11:03:32', NULL);
INSERT INTO `onlineexam_students` (`id`, `onlineexam_id`, `student_session_id`, `is_attempted`, `rank`, `quiz_attempted`, `created_at`, `updated_at`) VALUES
(1036, 78, 44, 0, 0, 0, '2025-04-05 07:44:30', NULL),
(1037, 78, 46, 1, 0, 0, '2025-04-05 10:26:29', NULL),
(1038, 78, 48, 0, 0, 0, '2025-04-05 07:44:30', NULL),
(1039, 78, 50, 1, 0, 0, '2025-04-05 11:33:19', NULL),
(1040, 79, 41, 0, 0, 0, '2025-04-05 07:45:18', NULL),
(1041, 79, 44, 0, 0, 0, '2025-04-05 07:45:18', NULL),
(1042, 79, 46, 1, 0, 0, '2025-04-05 10:27:07', NULL),
(1043, 79, 48, 0, 0, 0, '2025-04-05 07:45:18', NULL),
(1044, 79, 50, 0, 0, 0, '2025-04-05 07:45:18', NULL),
(1045, 80, 41, 1, 0, 0, '2025-04-05 11:03:06', NULL),
(1046, 80, 43, 0, 0, 0, '2025-04-05 07:45:55', NULL),
(1047, 80, 44, 0, 0, 0, '2025-04-05 07:45:55', NULL),
(1048, 80, 46, 1, 0, 0, '2025-04-05 10:27:29', NULL),
(1049, 80, 48, 0, 0, 0, '2025-04-05 07:45:55', NULL),
(1050, 80, 50, 0, 0, 0, '2025-04-05 07:45:55', NULL),
(1051, 81, 41, 1, 0, 0, '2025-04-05 11:04:01', NULL),
(1052, 81, 44, 1, 0, 0, '2025-04-05 12:08:01', NULL),
(1053, 81, 46, 1, 0, 0, '2025-04-05 10:27:54', NULL),
(1054, 81, 48, 1, 0, 0, '2025-04-05 12:52:00', NULL),
(1055, 81, 50, 1, 0, 0, '2025-04-05 11:33:48', NULL),
(1056, 82, 41, 1, 0, 0, '2025-04-05 11:05:00', NULL),
(1057, 82, 44, 1, 0, 0, '2025-04-05 12:07:37', NULL),
(1058, 82, 46, 1, 0, 0, '2025-04-05 10:28:14', NULL),
(1059, 82, 48, 1, 0, 0, '2025-04-05 12:52:36', NULL),
(1060, 82, 50, 1, 0, 0, '2025-04-05 11:35:01', NULL),
(1061, 84, 41, 1, 0, 0, '2025-04-05 11:04:17', NULL),
(1062, 84, 44, 0, 0, 0, '2025-04-05 08:06:23', NULL),
(1063, 84, 46, 1, 0, 0, '2025-04-05 10:29:18', NULL),
(1064, 84, 48, 0, 0, 0, '2025-04-05 08:06:23', NULL),
(1065, 84, 50, 0, 0, 0, '2025-04-05 08:06:23', NULL),
(1066, 83, 41, 0, 0, 0, '2025-04-05 08:16:39', NULL),
(1067, 83, 44, 0, 0, 0, '2025-04-05 08:16:39', NULL),
(1068, 83, 46, 1, 0, 0, '2025-04-05 10:28:33', NULL),
(1069, 83, 48, 0, 0, 0, '2025-04-05 08:16:39', NULL),
(1070, 83, 50, 0, 0, 0, '2025-04-05 08:16:39', NULL),
(1071, 85, 41, 1, 0, 0, '2025-04-05 11:05:43', NULL),
(1072, 85, 44, 1, 0, 0, '2025-04-05 12:08:55', NULL),
(1073, 85, 46, 1, 0, 0, '2025-04-05 10:29:45', NULL),
(1074, 85, 48, 1, 0, 0, '2025-04-05 12:52:57', NULL),
(1075, 85, 50, 1, 0, 0, '2025-04-05 11:35:35', NULL),
(1076, 86, 41, 0, 0, 0, '2025-04-05 08:39:19', NULL),
(1077, 86, 44, 0, 0, 0, '2025-04-05 08:39:19', NULL),
(1078, 86, 46, 1, 0, 0, '2025-04-05 10:30:21', NULL),
(1079, 86, 48, 1, 0, 0, '2025-04-05 12:53:22', NULL),
(1080, 86, 50, 0, 0, 0, '2025-04-05 08:39:19', NULL),
(1081, 87, 41, 1, 0, 0, '2025-04-05 11:06:05', NULL),
(1082, 87, 44, 0, 0, 0, '2025-04-05 08:40:22', NULL),
(1083, 87, 46, 1, 0, 0, '2025-04-05 10:30:42', NULL),
(1084, 87, 48, 0, 0, 0, '2025-04-05 08:40:22', NULL),
(1085, 87, 50, 0, 0, 0, '2025-04-05 08:40:22', NULL),
(1086, 89, 41, 1, 0, 0, '2025-04-05 11:06:44', NULL),
(1087, 89, 44, 1, 0, 0, '2025-04-05 12:10:28', NULL),
(1088, 89, 46, 1, 0, 0, '2025-04-05 10:32:22', NULL),
(1089, 89, 48, 1, 0, 0, '2025-04-05 12:54:11', NULL),
(1090, 89, 50, 1, 0, 0, '2025-04-05 11:36:27', NULL),
(1091, 90, 41, 1, 0, 0, '2025-04-05 11:07:04', NULL),
(1092, 90, 44, 1, 0, 0, '2025-04-05 12:10:47', NULL),
(1093, 90, 46, 1, 0, 0, '2025-04-05 10:32:45', NULL),
(1094, 90, 48, 1, 0, 0, '2025-04-05 12:54:39', NULL),
(1095, 90, 50, 1, 0, 0, '2025-04-05 11:36:45', NULL),
(1096, 91, 41, 1, 0, 0, '2025-04-05 11:07:21', NULL),
(1097, 91, 44, 1, 0, 0, '2025-04-05 12:11:02', NULL),
(1098, 91, 46, 1, 0, 0, '2025-04-05 10:33:32', NULL),
(1099, 91, 48, 1, 0, 0, '2025-04-05 12:54:55', NULL),
(1100, 91, 50, 1, 0, 0, '2025-04-05 11:37:30', NULL),
(1101, 92, 41, 1, 0, 0, '2025-04-05 11:07:37', NULL),
(1102, 92, 44, 1, 0, 0, '2025-04-05 12:11:18', NULL),
(1103, 92, 46, 1, 0, 0, '2025-04-05 10:33:53', NULL),
(1104, 92, 48, 1, 0, 0, '2025-04-05 12:55:15', NULL),
(1105, 92, 50, 1, 0, 0, '2025-04-05 11:38:02', NULL),
(1106, 93, 41, 1, 0, 0, '2025-04-05 11:07:57', NULL),
(1107, 93, 44, 1, 0, 0, '2025-04-05 12:11:38', NULL),
(1108, 93, 46, 1, 0, 0, '2025-04-05 10:34:25', NULL),
(1109, 93, 48, 1, 0, 0, '2025-04-05 12:55:31', NULL),
(1110, 93, 50, 1, 0, 0, '2025-04-05 11:38:31', NULL),
(1111, 94, 41, 1, 0, 0, '2025-04-05 11:08:12', NULL),
(1112, 94, 44, 1, 0, 0, '2025-04-05 12:11:54', NULL),
(1113, 94, 46, 1, 0, 0, '2025-04-05 10:34:52', NULL),
(1114, 94, 48, 1, 0, 0, '2025-04-05 12:55:50', NULL),
(1115, 94, 50, 1, 0, 0, '2025-04-05 11:38:48', NULL),
(1116, 96, 41, 1, 0, 0, '2025-04-05 11:08:51', NULL),
(1117, 96, 44, 1, 0, 0, '2025-04-05 12:12:30', NULL),
(1118, 96, 46, 1, 0, 0, '2025-04-05 10:35:37', NULL),
(1119, 96, 48, 1, 0, 0, '2025-04-05 12:56:37', NULL),
(1120, 96, 50, 1, 0, 0, '2025-04-05 11:39:35', NULL),
(1121, 95, 41, 1, 0, 0, '2025-04-05 11:08:28', NULL),
(1122, 95, 44, 1, 0, 0, '2025-04-05 12:12:14', NULL),
(1123, 95, 46, 1, 0, 0, '2025-04-05 10:35:09', NULL),
(1124, 95, 48, 1, 0, 0, '2025-04-05 12:56:16', NULL),
(1125, 95, 50, 1, 0, 0, '2025-04-05 11:39:05', NULL),
(1126, 97, 41, 1, 0, 0, '2025-04-05 11:09:54', NULL),
(1127, 97, 44, 0, 0, 0, '2025-04-05 09:54:28', NULL),
(1128, 97, 46, 1, 0, 0, '2025-04-05 10:36:01', NULL),
(1129, 97, 48, 1, 0, 0, '2025-04-05 12:57:01', NULL),
(1130, 97, 50, 1, 0, 0, '2025-04-05 11:40:00', NULL),
(1131, 98, 41, 1, 0, 0, '2025-04-05 11:09:38', NULL),
(1132, 98, 44, 1, 0, 0, '2025-04-05 12:12:53', NULL),
(1133, 98, 46, 1, 0, 0, '2025-04-05 10:36:41', NULL),
(1134, 98, 48, 1, 0, 0, '2025-04-05 12:57:45', NULL),
(1135, 98, 50, 1, 0, 0, '2025-04-05 11:40:22', NULL),
(1136, 99, 41, 0, 0, 0, '2025-04-05 09:55:51', NULL),
(1137, 99, 44, 1, 0, 0, '2025-04-05 12:13:19', NULL),
(1138, 99, 46, 1, 0, 0, '2025-04-05 10:37:18', NULL),
(1139, 99, 48, 0, 0, 0, '2025-04-05 09:55:51', NULL),
(1140, 99, 50, 1, 0, 0, '2025-04-05 11:40:43', NULL),
(1141, 100, 41, 1, 0, 0, '2025-04-05 11:09:20', NULL),
(1142, 100, 44, 1, 0, 0, '2025-04-05 12:13:38', NULL),
(1143, 100, 46, 0, 0, 0, '2025-04-05 09:56:26', NULL),
(1144, 100, 48, 0, 0, 0, '2025-04-05 09:56:26', NULL),
(1145, 100, 50, 1, 0, 0, '2025-04-05 11:40:59', NULL),
(1146, 101, 41, 1, 0, 0, '2025-04-05 11:05:23', NULL),
(1147, 101, 44, 1, 0, 0, '2025-04-05 12:09:35', NULL),
(1148, 101, 46, 1, 0, 0, '2025-04-05 10:31:00', NULL),
(1149, 101, 48, 1, 0, 0, '2025-04-05 12:53:41', NULL),
(1150, 101, 50, 1, 0, 0, '2025-04-05 11:36:00', NULL),
(1151, 102, 41, 0, 0, 0, '2025-04-05 13:49:54', NULL),
(1152, 102, 44, 0, 0, 0, '2025-04-05 13:49:54', NULL),
(1153, 102, 46, 0, 0, 0, '2025-04-05 13:49:54', NULL),
(1154, 102, 48, 0, 0, 0, '2025-04-05 13:49:54', NULL),
(1155, 102, 50, 0, 0, 0, '2025-04-05 13:49:54', NULL),
(1156, 103, 41, 0, 0, 0, '2025-04-05 13:50:36', NULL),
(1157, 103, 44, 0, 0, 0, '2025-04-05 13:50:36', NULL),
(1158, 103, 46, 0, 0, 0, '2025-04-05 13:50:36', NULL),
(1159, 103, 48, 0, 0, 0, '2025-04-05 13:50:36', NULL),
(1160, 103, 50, 0, 0, 0, '2025-04-05 13:50:36', NULL),
(1161, 104, 41, 0, 0, 0, '2025-04-05 13:51:37', NULL),
(1162, 104, 44, 0, 0, 0, '2025-04-05 13:51:37', NULL),
(1163, 104, 46, 0, 0, 0, '2025-04-05 13:51:37', NULL),
(1164, 104, 48, 0, 0, 0, '2025-04-05 13:51:37', NULL),
(1165, 104, 50, 0, 0, 0, '2025-04-05 13:51:37', NULL),
(1166, 105, 41, 0, 0, 0, '2025-04-05 13:52:17', NULL),
(1167, 105, 44, 0, 0, 0, '2025-04-05 13:52:17', NULL),
(1168, 105, 46, 0, 0, 0, '2025-04-05 13:52:17', NULL),
(1169, 105, 48, 0, 0, 0, '2025-04-05 13:52:17', NULL),
(1170, 105, 50, 0, 0, 0, '2025-04-05 13:52:17', NULL),
(1171, 106, 41, 0, 0, 0, '2025-04-05 14:06:22', NULL),
(1172, 106, 44, 0, 0, 0, '2025-04-05 14:06:22', NULL),
(1173, 106, 46, 0, 0, 0, '2025-04-05 14:06:22', NULL),
(1174, 106, 48, 0, 0, 0, '2025-04-05 14:06:22', NULL),
(1175, 106, 50, 0, 0, 0, '2025-04-05 14:06:22', NULL),
(1176, 107, 41, 0, 0, 0, '2025-04-05 14:07:01', NULL),
(1177, 107, 44, 0, 0, 0, '2025-04-05 14:07:01', NULL),
(1178, 107, 46, 0, 0, 0, '2025-04-05 14:07:01', NULL),
(1179, 107, 48, 0, 0, 0, '2025-04-05 14:07:01', NULL),
(1180, 107, 50, 0, 0, 0, '2025-04-05 14:07:01', NULL),
(1181, 108, 41, 0, 0, 0, '2025-04-05 14:08:03', NULL),
(1182, 108, 44, 0, 0, 0, '2025-04-05 14:08:03', NULL),
(1183, 108, 46, 0, 0, 0, '2025-04-05 14:08:03', NULL),
(1184, 108, 48, 0, 0, 0, '2025-04-05 14:08:03', NULL),
(1185, 108, 50, 0, 0, 0, '2025-04-05 14:08:03', NULL),
(1186, 110, 41, 0, 0, 0, '2025-04-05 14:23:49', NULL),
(1187, 110, 44, 0, 0, 0, '2025-04-05 14:23:49', NULL),
(1188, 110, 46, 0, 0, 0, '2025-04-05 14:23:49', NULL),
(1189, 110, 48, 0, 0, 0, '2025-04-05 14:23:49', NULL),
(1190, 110, 50, 0, 0, 0, '2025-04-05 14:23:49', NULL),
(1191, 111, 41, 0, 0, 0, '2025-04-05 14:24:25', NULL),
(1192, 111, 44, 0, 0, 0, '2025-04-05 14:24:25', NULL),
(1193, 111, 46, 0, 0, 0, '2025-04-05 14:24:25', NULL),
(1194, 111, 48, 0, 0, 0, '2025-04-05 14:24:25', NULL),
(1195, 111, 50, 0, 0, 0, '2025-04-05 14:24:25', NULL),
(1196, 112, 41, 0, 0, 0, '2025-04-05 14:25:12', NULL),
(1197, 112, 46, 0, 0, 0, '2025-04-05 14:25:12', NULL),
(1198, 112, 48, 0, 0, 0, '2025-04-05 14:25:12', NULL),
(1199, 112, 50, 0, 0, 0, '2025-04-05 14:25:12', NULL),
(1200, 113, 41, 0, 0, 0, '2025-04-05 14:30:09', NULL),
(1201, 113, 44, 0, 0, 0, '2025-04-05 14:30:09', NULL),
(1202, 113, 46, 0, 0, 0, '2025-04-05 14:30:09', NULL),
(1203, 113, 48, 0, 0, 0, '2025-04-05 14:30:09', NULL),
(1204, 113, 50, 0, 0, 0, '2025-04-05 14:30:09', NULL),
(1205, 112, 44, 0, 0, 0, '2025-04-05 14:31:35', NULL),
(1206, 115, 41, 0, 0, 0, '2025-04-05 14:52:27', NULL),
(1207, 115, 44, 0, 0, 0, '2025-04-05 14:52:27', NULL),
(1208, 115, 46, 0, 0, 0, '2025-04-05 14:52:27', NULL),
(1209, 115, 48, 0, 0, 0, '2025-04-05 14:52:27', NULL),
(1210, 115, 50, 0, 0, 0, '2025-04-05 14:52:27', NULL),
(1211, 116, 41, 0, 0, 0, '2025-04-05 14:53:20', NULL),
(1212, 116, 44, 0, 0, 0, '2025-04-05 14:53:20', NULL),
(1213, 116, 46, 0, 0, 0, '2025-04-05 14:53:20', NULL),
(1214, 116, 48, 0, 0, 0, '2025-04-05 14:53:20', NULL),
(1215, 116, 50, 0, 0, 0, '2025-04-05 14:53:20', NULL),
(1216, 117, 41, 0, 0, 0, '2025-04-05 14:54:00', NULL),
(1217, 117, 44, 0, 0, 0, '2025-04-05 14:54:00', NULL),
(1218, 117, 46, 0, 0, 0, '2025-04-05 14:54:00', NULL),
(1219, 117, 48, 0, 0, 0, '2025-04-05 14:54:00', NULL),
(1220, 117, 50, 0, 0, 0, '2025-04-05 14:54:00', NULL),
(1221, 119, 41, 0, 0, 0, '2025-04-05 16:14:54', NULL),
(1222, 119, 44, 0, 0, 0, '2025-04-05 16:14:54', NULL),
(1223, 119, 46, 0, 0, 0, '2025-04-05 16:14:54', NULL),
(1224, 119, 48, 0, 0, 0, '2025-04-05 16:14:54', NULL),
(1225, 119, 50, 1, 0, 0, '2025-04-15 15:50:42', NULL),
(1226, 120, 41, 1, 0, 0, '2025-05-06 12:43:26', NULL),
(1227, 120, 44, 1, 0, 0, '2025-05-06 12:41:18', NULL),
(1228, 120, 46, 1, 0, 0, '2025-05-06 11:35:29', NULL),
(1229, 120, 48, 1, 0, 0, '2025-05-06 12:36:17', NULL),
(1230, 120, 50, 1, 0, 0, '2025-05-06 12:38:42', NULL),
(1231, 123, 41, 0, 0, 0, '2025-05-12 07:59:36', NULL),
(1232, 123, 44, 0, 0, 0, '2025-05-12 07:59:36', NULL),
(1233, 123, 46, 0, 0, 0, '2025-05-12 07:59:36', NULL),
(1234, 123, 48, 0, 0, 0, '2025-05-12 07:59:36', NULL),
(1235, 123, 50, 1, 0, 0, '2025-05-12 08:11:00', NULL),
(1236, 122, 41, 0, 0, 0, '2025-05-12 08:02:05', NULL),
(1237, 122, 44, 0, 0, 0, '2025-05-12 08:02:05', NULL),
(1238, 122, 46, 1, 0, 0, '2025-05-12 08:04:11', NULL),
(1239, 122, 48, 0, 0, 0, '2025-05-12 08:02:05', NULL),
(1240, 122, 50, 0, 0, 0, '2025-05-12 08:02:05', NULL);

-- --------------------------------------------------------

--
-- Table structure for table `onlineexam_student_results`
--

CREATE TABLE `onlineexam_student_results` (
  `id` int(11) NOT NULL,
  `onlineexam_student_id` int(11) NOT NULL,
  `onlineexam_question_id` int(11) NOT NULL,
  `select_option` longtext DEFAULT NULL,
  `marks` float(10,2) NOT NULL DEFAULT 0.00,
  `remark` text DEFAULT NULL,
  `attachment_name` text DEFAULT NULL,
  `attachment_upload_name` varchar(250) DEFAULT NULL,
  `created_at` timestamp NOT NULL DEFAULT current_timestamp() ON UPDATE current_timestamp(),
  `updated_at` date DEFAULT NULL
) ENGINE=InnoDB DEFAULT CHARSET=utf8 COLLATE=utf8_general_ci;

--
-- Dumping data for table `onlineexam_student_results`
--

INSERT INTO `onlineexam_student_results` (`id`, `onlineexam_student_id`, `onlineexam_question_id`, `select_option`, `marks`, `remark`, `attachment_name`, `attachment_upload_name`, `created_at`, `updated_at`) VALUES
(1, 356, 32, 'true', 0.00, NULL, '', '', '2025-03-25 05:12:50', NULL),
(2, 356, 35, 'true', 0.00, NULL, '', '', '2025-03-25 05:12:50', NULL),
(3, 356, 34, 'opt_b', 0.00, NULL, '', '', '2025-03-25 05:12:50', NULL),
(4, 356, 33, '[\"opt_a\"]', 0.00, NULL, '', '', '2025-03-25 05:12:50', NULL),
(5, 356, 31, 'opt_a', 0.00, NULL, '', '', '2025-03-25 05:12:50', NULL),
(6, 6, 3, '[\"opt_a\"]', 0.00, NULL, '', '', '2025-03-25 05:14:10', NULL),
(7, 6, 1, 'opt_c', 0.00, NULL, '', '', '2025-03-25 05:14:10', NULL),
(8, 6, 4, 'opt_c', 0.00, NULL, '', '', '2025-03-25 05:14:10', NULL),
(9, 6, 5, '[\"opt_a\",\"opt_c\"]', 0.00, NULL, '', '', '2025-03-25 05:14:10', NULL),
(10, 6, 2, 'false', 0.00, NULL, '', '', '2025-03-25 05:14:10', NULL),
(11, 106, 11, 'opt_b', 0.00, NULL, '', '', '2025-03-25 05:14:38', NULL),
(12, 106, 13, '[\"opt_c\"]', 0.00, NULL, '', '', '2025-03-25 05:14:38', NULL),
(13, 106, 14, 'opt_c', 0.00, NULL, '', '', '2025-03-25 05:14:38', NULL),
(14, 106, 12, 'false', 0.00, NULL, '', '', '2025-03-25 05:14:38', NULL),
(15, 106, 15, '[\"opt_b\"]', 0.00, NULL, '', '', '2025-03-25 05:14:38', NULL),
(16, 206, 23, 'false', 0.00, NULL, '', '', '2025-03-25 05:15:03', NULL),
(17, 206, 24, '[\"opt_b\"]', 0.00, NULL, '', '', '2025-03-25 05:15:03', NULL),
(18, 206, 25, 'opt_c', 0.00, NULL, '', '', '2025-03-25 05:15:03', NULL),
(19, 206, 22, 'opt_b', 0.00, NULL, '', '', '2025-03-25 05:15:03', NULL),
(20, 206, 21, '[\"opt_c\"]', 0.00, NULL, '', '', '2025-03-25 05:15:03', NULL),
(21, 256, 27, 'false', 0.00, NULL, '', '', '2025-03-25 05:16:40', NULL),
(22, 256, 30, 'false', 0.00, NULL, '', '', '2025-03-25 05:16:40', NULL),
(23, 256, 28, '[\"opt_b\"]', 0.00, NULL, '', '', '2025-03-25 05:16:40', NULL),
(24, 256, 26, 'opt_c', 0.00, NULL, '', '', '2025-03-25 05:16:40', NULL),
(25, 256, 29, 'opt_b', 0.00, NULL, '', '', '2025-03-25 05:16:40', NULL),
(26, 358, 31, 'opt_b', 0.00, NULL, '', '', '2025-03-25 05:28:22', NULL),
(27, 358, 32, 'true', 0.00, NULL, '', '', '2025-03-25 05:28:22', NULL),
(28, 358, 35, 'false', 0.00, NULL, '', '', '2025-03-25 05:28:22', NULL),
(29, 358, 34, 'opt_a', 0.00, NULL, '', '', '2025-03-25 05:28:22', NULL),
(30, 358, 33, '[\"opt_a\"]', 0.00, NULL, '', '', '2025-03-25 05:28:22', NULL),
(31, 8, 2, 'true', 0.00, NULL, '', '', '2025-03-25 05:28:57', NULL),
(32, 8, 3, '[\"opt_e\"]', 0.00, NULL, '', '', '2025-03-25 05:28:57', NULL),
(33, 8, 4, 'opt_b', 0.00, NULL, '', '', '2025-03-25 05:28:57', NULL),
(34, 8, 1, 'opt_a', 0.00, NULL, '', '', '2025-03-25 05:28:57', NULL),
(35, 8, 5, '[\"opt_a\"]', 0.00, NULL, '', '', '2025-03-25 05:28:57', NULL),
(36, 108, 15, '[\"opt_b\"]', 0.00, NULL, '', '', '2025-03-25 05:30:11', NULL),
(37, 108, 13, '[\"opt_b\"]', 0.00, NULL, '', '', '2025-03-25 05:30:11', NULL),
(38, 108, 11, 'opt_a', 0.00, NULL, '', '', '2025-03-25 05:30:11', NULL),
(39, 108, 14, 'opt_b', 0.00, NULL, '', '', '2025-03-25 05:30:11', NULL),
(40, 108, 12, 'true', 0.00, NULL, '', '', '2025-03-25 05:30:11', NULL),
(41, 208, 24, '[\"opt_b\"]', 0.00, NULL, '', '', '2025-03-25 05:30:31', NULL),
(42, 258, 28, '[\"opt_a\",\"opt_b\"]', 0.00, NULL, '', '', '2025-03-25 05:31:15', NULL),
(43, 258, 30, 'true', 0.00, NULL, '', '', '2025-03-25 05:31:15', NULL),
(44, 258, 27, 'true', 0.00, NULL, '', '', '2025-03-25 05:31:15', NULL),
(45, 258, 29, 'opt_b', 0.00, NULL, '', '', '2025-03-25 05:31:15', NULL),
(46, 258, 26, 'opt_b', 0.00, NULL, '', '', '2025-03-25 05:31:15', NULL),
(47, 360, 34, 'opt_b', 0.00, NULL, '', '', '2025-03-25 05:32:42', NULL),
(48, 360, 32, 'true', 0.00, NULL, '', '', '2025-03-25 05:32:42', NULL),
(49, 360, 33, '[\"opt_c\"]', 0.00, NULL, '', '', '2025-03-25 05:32:42', NULL),
(50, 360, 31, 'opt_b', 0.00, NULL, '', '', '2025-03-25 05:32:42', NULL),
(51, 360, 35, 'false', 0.00, NULL, '', '', '2025-03-25 05:32:42', NULL),
(52, 10, 4, 'opt_c', 0.00, NULL, '', '', '2025-03-25 05:33:12', NULL),
(53, 10, 5, '[\"opt_b\"]', 0.00, NULL, '', '', '2025-03-25 05:33:12', NULL),
(54, 10, 1, 'opt_c', 0.00, NULL, '', '', '2025-03-25 05:33:12', NULL),
(55, 10, 2, 'false', 0.00, NULL, '', '', '2025-03-25 05:33:12', NULL),
(56, 10, 3, '[\"opt_b\"]', 0.00, NULL, '', '', '2025-03-25 05:33:12', NULL),
(57, 367, 31, 'opt_b', 0.00, NULL, '', '', '2025-03-25 05:37:21', NULL),
(58, 367, 34, 'opt_b', 0.00, NULL, '', '', '2025-03-25 05:37:21', NULL),
(59, 367, 33, '[\"opt_c\"]', 0.00, NULL, '', '', '2025-03-25 05:37:21', NULL),
(60, 367, 32, 'false', 0.00, NULL, '', '', '2025-03-25 05:37:21', NULL),
(61, 367, 35, 'false', 0.00, NULL, '', '', '2025-03-25 05:37:21', NULL),
(62, 17, 3, '[\"opt_d\"]', 0.00, NULL, '', '', '2025-03-25 05:37:45', NULL),
(63, 17, 5, '[\"opt_c\"]', 0.00, NULL, '', '', '2025-03-25 05:37:45', NULL),
(64, 17, 2, 'false', 0.00, NULL, '', '', '2025-03-25 05:37:45', NULL),
(65, 17, 1, 'opt_c', 0.00, NULL, '', '', '2025-03-25 05:37:45', NULL),
(66, 17, 4, 'opt_c', 0.00, NULL, '', '', '2025-03-25 05:37:45', NULL),
(67, 117, 14, 'opt_c', 0.00, NULL, '', '', '2025-03-25 05:38:23', NULL),
(68, 117, 11, 'opt_c', 0.00, NULL, '', '', '2025-03-25 05:38:23', NULL),
(69, 117, 15, '[\"opt_c\"]', 0.00, NULL, '', '', '2025-03-25 05:38:23', NULL),
(70, 117, 13, '[\"opt_b\"]', 0.00, NULL, '', '', '2025-03-25 05:38:23', NULL),
(71, 117, 12, 'true', 0.00, NULL, '', '', '2025-03-25 05:38:23', NULL),
(72, 217, 22, 'opt_b', 0.00, NULL, '', '', '2025-03-25 05:39:20', NULL),
(73, 217, 25, 'opt_b', 0.00, NULL, '', '', '2025-03-25 05:39:20', NULL),
(74, 217, 24, '[\"opt_c\"]', 0.00, NULL, '', '', '2025-03-25 05:39:20', NULL),
(75, 217, 21, '[\"opt_c\"]', 0.00, NULL, '', '', '2025-03-25 05:39:20', NULL),
(76, 217, 23, 'false', 0.00, NULL, '', '', '2025-03-25 05:39:20', NULL),
(77, 267, 29, 'opt_c', 0.00, NULL, '', '', '2025-03-25 05:39:48', NULL),
(78, 267, 30, 'false', 0.00, NULL, '', '', '2025-03-25 05:39:48', NULL),
(79, 267, 26, 'opt_b', 0.00, NULL, '', '', '2025-03-25 05:39:48', NULL),
(80, 267, 27, 'true', 0.00, NULL, '', '', '2025-03-25 05:39:48', NULL),
(81, 267, 28, '[\"opt_b\"]', 0.00, NULL, '', '', '2025-03-25 05:39:48', NULL),
(82, 384, 32, 'true', 0.00, NULL, '', '', '2025-03-25 05:53:14', NULL),
(83, 384, 34, 'opt_c', 0.00, NULL, '', '', '2025-03-25 05:53:14', NULL),
(84, 384, 33, '[\"opt_d\"]', 0.00, NULL, '', '', '2025-03-25 05:53:14', NULL),
(85, 384, 35, 'false', 0.00, NULL, '', '', '2025-03-25 05:53:14', NULL),
(86, 384, 31, 'opt_b', 0.00, NULL, '', '', '2025-03-25 05:53:14', NULL),
(87, 34, 1, 'opt_c', 0.00, NULL, '', '', '2025-03-25 05:55:13', NULL),
(88, 34, 2, 'true', 0.00, NULL, '', '', '2025-03-25 05:55:13', NULL),
(89, 34, 5, '[\"opt_b\"]', 0.00, NULL, '', '', '2025-03-25 05:55:13', NULL),
(90, 34, 3, '[\"opt_c\"]', 0.00, NULL, '', '', '2025-03-25 05:55:13', NULL),
(91, 34, 4, 'opt_b', 0.00, NULL, '', '', '2025-03-25 05:55:13', NULL),
(92, 134, 11, 'opt_b', 0.00, NULL, '', '', '2025-03-25 05:56:32', NULL),
(93, 134, 13, '[\"opt_b\"]', 0.00, NULL, '', '', '2025-03-25 05:56:32', NULL),
(94, 134, 15, '[\"opt_c\",\"opt_d\",\"opt_e\"]', 0.00, NULL, '', '', '2025-03-25 05:56:32', NULL),
(95, 134, 12, 'false', 0.00, NULL, '', '', '2025-03-25 05:56:32', NULL),
(96, 134, 14, 'opt_c', 0.00, NULL, '', '', '2025-03-25 05:56:32', NULL),
(97, 234, 22, 'opt_b', 0.00, NULL, '', '', '2025-03-25 05:57:16', NULL),
(98, 234, 21, '[\"opt_c\"]', 0.00, NULL, '', '', '2025-03-25 05:57:16', NULL),
(99, 234, 24, '[\"opt_c\"]', 0.00, NULL, '', '', '2025-03-25 05:57:16', NULL),
(100, 234, 23, 'true', 0.00, NULL, '', '', '2025-03-25 05:57:16', NULL),
(101, 234, 25, 'opt_b', 0.00, NULL, '', '', '2025-03-25 05:57:16', NULL),
(102, 284, 28, '[\"opt_b\"]', 0.00, NULL, '', '', '2025-03-25 06:02:27', NULL),
(103, 284, 26, 'opt_b', 0.00, NULL, '', '', '2025-03-25 06:02:27', NULL),
(104, 284, 27, 'true', 0.00, NULL, '', '', '2025-03-25 06:02:27', NULL),
(105, 284, 29, 'opt_d', 0.00, NULL, '', '', '2025-03-25 06:02:27', NULL),
(106, 284, 30, 'true', 0.00, NULL, '', '', '2025-03-25 06:02:27', NULL),
(107, 210, 23, 'true', 0.00, NULL, '', '', '2025-03-25 06:34:59', NULL),
(108, 210, 22, 'opt_a', 0.00, NULL, '', '', '2025-03-25 06:34:59', NULL),
(109, 210, 21, '[\"opt_b\"]', 0.00, NULL, '', '', '2025-03-25 06:34:59', NULL),
(110, 210, 25, 'opt_a', 0.00, NULL, '', '', '2025-03-25 06:34:59', NULL),
(111, 210, 24, '[\"opt_d\"]', 0.00, NULL, '', '', '2025-03-25 06:34:59', NULL),
(112, 260, 29, 'opt_d', 0.00, NULL, '', '', '2025-03-25 06:35:25', NULL),
(113, 260, 27, 'true', 0.00, NULL, '', '', '2025-03-25 06:35:25', NULL),
(114, 260, 28, '[\"opt_b\"]', 0.00, NULL, '', '', '2025-03-25 06:35:25', NULL),
(115, 260, 26, 'opt_b', 0.00, NULL, '', '', '2025-03-25 06:35:25', NULL),
(116, 260, 30, 'true', 0.00, NULL, '', '', '2025-03-25 06:35:25', NULL),
(117, 651, 84, 'opt_c', 0.00, NULL, '', '', '2025-03-26 07:18:01', NULL),
(118, 651, 83, 'opt_a', 0.00, NULL, '', '', '2025-03-26 07:18:01', NULL),
(119, 656, 86, 'opt_b', 0.00, NULL, '', '', '2025-03-26 07:18:26', NULL),
(120, 656, 85, 'opt_a', 0.00, NULL, '', '', '2025-03-26 07:18:26', NULL),
(121, 661, 88, 'opt_a', 0.00, NULL, '', '', '2025-03-26 07:18:54', NULL),
(122, 661, 87, 'opt_a', 0.00, NULL, '', '', '2025-03-26 07:18:54', NULL),
(123, 666, 90, 'opt_b', 0.00, NULL, '', '', '2025-03-26 07:19:15', NULL),
(124, 666, 89, 'opt_a', 0.00, NULL, '', '', '2025-03-26 07:19:15', NULL),
(125, 671, 92, 'opt_b', 0.00, NULL, '', '', '2025-03-26 07:19:33', NULL),
(126, 671, 91, 'opt_a', 0.00, NULL, '', '', '2025-03-26 07:19:33', NULL),
(127, 681, 94, 'opt_a', 0.00, NULL, '', '', '2025-03-26 07:19:52', NULL),
(128, 681, 93, 'opt_c', 0.00, NULL, '', '', '2025-03-26 07:19:52', NULL),
(129, 882, 96, 'opt_c', 0.00, NULL, '', '', '2025-03-26 07:20:10', NULL),
(130, 882, 95, 'opt_a', 0.00, NULL, '', '', '2025-03-26 07:20:10', NULL),
(131, 691, 98, 'opt_c', 0.00, NULL, '', '', '2025-03-26 07:20:32', NULL),
(132, 691, 97, 'opt_a', 0.00, NULL, '', '', '2025-03-26 07:20:32', NULL),
(133, 702, 102, 'opt_c', 0.00, NULL, '', '', '2025-03-26 07:21:04', NULL),
(134, 702, 101, 'opt_b', 0.00, NULL, '', '', '2025-03-26 07:21:04', NULL),
(135, 712, 104, 'opt_c', 0.00, NULL, '', '', '2025-03-26 07:22:27', NULL),
(136, 712, 103, 'opt_a', 0.00, NULL, '', '', '2025-03-26 07:22:27', NULL),
(137, 722, 107, 'opt_c', 0.00, NULL, '', '', '2025-03-26 07:22:48', NULL),
(138, 722, 106, 'opt_a', 0.00, NULL, '', '', '2025-03-26 07:22:48', NULL),
(139, 732, 109, 'opt_c', 0.00, NULL, '', '', '2025-03-26 07:23:23', NULL),
(140, 732, 108, 'opt_a', 0.00, NULL, '', '', '2025-03-26 07:23:23', NULL),
(141, 742, 113, 'opt_c', 0.00, NULL, '', '', '2025-03-26 07:23:40', NULL),
(142, 742, 112, 'opt_a', 0.00, NULL, '', '', '2025-03-26 07:23:40', NULL),
(143, 752, 115, 'opt_c', 0.00, NULL, '', '', '2025-03-26 07:23:59', NULL),
(144, 752, 114, 'opt_a', 0.00, NULL, '', '', '2025-03-26 07:23:59', NULL),
(145, 762, 117, 'opt_e', 0.00, NULL, '', '', '2025-03-26 07:25:00', NULL),
(146, 762, 116, 'opt_b', 0.00, NULL, '', '', '2025-03-26 07:25:00', NULL),
(147, 772, 120, 'opt_a', 0.00, NULL, '', '', '2025-03-26 07:25:31', NULL),
(148, 772, 119, 'opt_a', 0.00, NULL, '', '', '2025-03-26 07:25:31', NULL),
(149, 772, 118, 'opt_c', 0.00, NULL, '', '', '2025-03-26 07:25:31', NULL),
(150, 782, 122, '[\"opt_d\"]', 0.00, NULL, '', '', '2025-03-26 07:26:15', NULL),
(151, 782, 121, 'opt_b', 0.00, NULL, '', '', '2025-03-26 07:26:15', NULL),
(152, 792, 124, 'opt_e', 0.00, NULL, '', '', '2025-03-26 07:26:41', NULL),
(153, 792, 123, 'opt_b', 0.00, NULL, '', '', '2025-03-26 07:26:41', NULL),
(154, 802, 126, 'opt_e', 0.00, NULL, '', '', '2025-03-26 07:27:00', NULL),
(155, 802, 125, 'opt_b', 0.00, NULL, '', '', '2025-03-26 07:27:00', NULL),
(156, 812, 128, 'opt_b', 0.00, NULL, '', '', '2025-03-26 07:27:23', NULL),
(157, 812, 127, 'opt_c', 0.00, NULL, '', '', '2025-03-26 07:27:23', NULL),
(158, 822, 130, 'opt_c', 0.00, NULL, '', '', '2025-03-26 07:28:03', NULL),
(159, 822, 129, 'opt_b', 0.00, NULL, '', '', '2025-03-26 07:28:03', NULL),
(160, 151, 133, 'false', 0.00, NULL, '', '', '2025-03-26 07:28:34', NULL),
(161, 151, 132, 'opt_b', 0.00, NULL, '', '', '2025-03-26 07:28:34', NULL),
(162, 451, 43, 'true', 0.00, NULL, '', '', '2025-03-26 07:29:07', NULL),
(163, 451, 46, '[\"opt_b\"]', 0.00, NULL, '', '', '2025-03-26 07:29:07', NULL),
(164, 451, 45, 'opt_b', 0.00, NULL, '', '', '2025-03-26 07:29:07', NULL),
(165, 451, 47, 'true', 0.00, NULL, '', '', '2025-03-26 07:29:07', NULL),
(166, 451, 48, 'opt_b', 0.00, NULL, '', '', '2025-03-26 07:29:07', NULL),
(167, 601, 82, 'opt_a', 0.00, NULL, '', '', '2025-03-26 07:29:33', NULL),
(168, 601, 81, '[\"opt_b\"]', 0.00, NULL, '', '', '2025-03-26 07:29:33', NULL),
(169, 601, 80, 'false', 0.00, NULL, '', '', '2025-03-26 07:29:33', NULL),
(170, 601, 79, 'opt_b', 0.00, NULL, '', '', '2025-03-26 07:29:33', NULL),
(171, 832, 143, 'opt_a', 0.00, NULL, '', '', '2025-03-26 07:29:49', NULL),
(172, 832, 142, 'opt_a', 0.00, NULL, '', '', '2025-03-26 07:29:49', NULL),
(173, 652, 84, 'opt_c', 0.00, NULL, '', '', '2025-03-26 07:33:45', NULL),
(174, 652, 83, 'opt_a', 0.00, NULL, '', '', '2025-03-26 07:33:45', NULL),
(175, 657, 86, 'opt_b', 0.00, NULL, '', '', '2025-03-26 07:34:31', NULL),
(176, 657, 85, 'opt_a', 0.00, NULL, '', '', '2025-03-26 07:34:31', NULL),
(177, 662, 88, 'opt_a', 0.00, NULL, '', '', '2025-03-26 07:34:50', NULL),
(178, 662, 87, 'opt_a', 0.00, NULL, '', '', '2025-03-26 07:34:50', NULL),
(179, 667, 90, 'opt_a', 0.00, NULL, '', '', '2025-03-26 07:35:09', NULL),
(180, 667, 89, 'opt_b', 0.00, NULL, '', '', '2025-03-26 07:35:09', NULL),
(181, 672, 92, 'opt_b', 0.00, NULL, '', '', '2025-03-26 07:35:53', NULL),
(182, 672, 91, 'opt_a', 0.00, NULL, '', '', '2025-03-26 07:35:53', NULL),
(183, 682, 94, 'opt_a', 0.00, NULL, '', '', '2025-03-26 07:36:15', NULL),
(184, 682, 93, 'opt_a', 0.00, NULL, '', '', '2025-03-26 07:36:15', NULL),
(185, 883, 96, 'opt_c', 0.00, NULL, '', '', '2025-03-26 07:36:37', NULL),
(186, 883, 95, 'opt_a', 0.00, NULL, '', '', '2025-03-26 07:36:37', NULL),
(187, 692, 98, 'opt_c', 0.00, NULL, '', '', '2025-03-26 07:36:55', NULL),
(188, 692, 97, 'opt_a', 0.00, NULL, '', '', '2025-03-26 07:36:55', NULL),
(189, 703, 102, 'opt_c', 0.00, NULL, '', '', '2025-03-26 07:37:15', NULL),
(190, 703, 101, 'opt_a', 0.00, NULL, '', '', '2025-03-26 07:37:15', NULL),
(191, 713, 104, 'opt_c', 0.00, NULL, '', '', '2025-03-26 07:37:32', NULL),
(192, 713, 103, 'opt_a', 0.00, NULL, '', '', '2025-03-26 07:37:32', NULL),
(193, 723, 107, 'opt_a', 0.00, NULL, '', '', '2025-03-26 07:37:50', NULL),
(194, 723, 106, 'opt_c', 0.00, NULL, '', '', '2025-03-26 07:37:50', NULL),
(195, 733, 109, 'opt_a', 0.00, NULL, '', '', '2025-03-26 07:38:09', NULL),
(196, 733, 108, 'opt_a', 0.00, NULL, '', '', '2025-03-26 07:38:09', NULL),
(197, 743, 113, 'opt_c', 0.00, NULL, '', '', '2025-03-26 07:38:24', NULL),
(198, 743, 112, 'opt_a', 0.00, NULL, '', '', '2025-03-26 07:38:24', NULL),
(199, 753, 115, 'opt_a', 0.00, NULL, '', '', '2025-03-26 07:39:25', NULL),
(200, 753, 114, 'opt_a', 0.00, NULL, '', '', '2025-03-26 07:39:25', NULL),
(201, 763, 117, 'opt_e', 0.00, NULL, '', '', '2025-03-26 07:39:44', NULL),
(202, 763, 116, 'opt_b', 0.00, NULL, '', '', '2025-03-26 07:39:44', NULL),
(203, 773, 120, 'opt_a', 0.00, NULL, '', '', '2025-03-26 07:40:08', NULL),
(204, 773, 119, 'opt_a', 0.00, NULL, '', '', '2025-03-26 07:40:08', NULL),
(205, 773, 118, 'opt_a', 0.00, NULL, '', '', '2025-03-26 07:40:08', NULL),
(206, 783, 122, '[\"opt_d\"]', 0.00, NULL, '', '', '2025-03-26 07:40:26', NULL),
(207, 783, 121, 'opt_b', 0.00, NULL, '', '', '2025-03-26 07:40:26', NULL),
(208, 793, 124, 'opt_a', 0.00, NULL, '', '', '2025-03-26 07:40:42', NULL),
(209, 793, 123, 'opt_b', 0.00, NULL, '', '', '2025-03-26 07:40:42', NULL),
(210, 803, 126, 'opt_e', 0.00, NULL, '', '', '2025-03-26 07:41:07', NULL),
(211, 803, 125, 'opt_b', 0.00, NULL, '', '', '2025-03-26 07:41:07', NULL),
(212, 813, 128, 'opt_e', 0.00, NULL, '', '', '2025-03-26 07:41:24', NULL),
(213, 813, 127, 'opt_b', 0.00, NULL, '', '', '2025-03-26 07:41:24', NULL),
(214, 823, 130, 'opt_a', 0.00, NULL, '', '', '2025-03-26 07:41:43', NULL),
(215, 823, 129, 'opt_a', 0.00, NULL, '', '', '2025-03-26 07:41:43', NULL),
(216, 152, 132, 'opt_a', 0.00, NULL, '', '', '2025-03-26 07:42:57', NULL),
(217, 152, 133, 'true', 0.00, NULL, '', '', '2025-03-26 07:42:57', NULL),
(218, 452, 46, '[\"opt_a\"]', 0.00, NULL, '', '', '2025-03-26 07:43:27', NULL),
(219, 452, 45, 'opt_a', 0.00, NULL, '', '', '2025-03-26 07:43:27', NULL),
(220, 452, 48, 'opt_b', 0.00, NULL, '', '', '2025-03-26 07:43:27', NULL),
(221, 452, 47, 'true', 0.00, NULL, '', '', '2025-03-26 07:43:27', NULL),
(222, 452, 43, 'true', 0.00, NULL, '', '', '2025-03-26 07:43:27', NULL),
(223, 602, 82, 'opt_a', 0.00, NULL, '', '', '2025-03-26 07:44:02', NULL),
(224, 602, 81, '[\"opt_a\"]', 0.00, NULL, '', '', '2025-03-26 07:44:02', NULL),
(225, 602, 80, 'false', 0.00, NULL, '', '', '2025-03-26 07:44:02', NULL),
(226, 602, 79, 'opt_a', 0.00, NULL, '', '', '2025-03-26 07:44:02', NULL),
(227, 833, 143, 'opt_a', 0.00, NULL, '', '', '2025-03-26 07:44:38', NULL),
(228, 833, 142, 'opt_a', 0.00, NULL, '', '', '2025-03-26 07:44:38', NULL),
(229, 653, 84, 'opt_c', 0.00, NULL, '', '', '2025-03-26 08:01:40', NULL),
(230, 653, 83, 'opt_a', 0.00, NULL, '', '', '2025-03-26 08:01:40', NULL),
(231, 658, 86, 'opt_b', 0.00, NULL, '', '', '2025-03-26 08:02:00', NULL),
(232, 658, 85, 'opt_a', 0.00, NULL, '', '', '2025-03-26 08:02:00', NULL),
(233, 663, 88, 'opt_a', 0.00, NULL, '', '', '2025-03-26 08:03:18', NULL),
(234, 663, 87, 'opt_a', 0.00, NULL, '', '', '2025-03-26 08:03:18', NULL),
(235, 668, 90, 'opt_b', 0.00, NULL, '', '', '2025-03-26 08:03:45', NULL),
(236, 668, 89, 'opt_a', 0.00, NULL, '', '', '2025-03-26 08:03:45', NULL),
(237, 673, 92, 'opt_b', 0.00, NULL, '', '', '2025-03-26 08:04:09', NULL),
(238, 673, 91, 'opt_a', 0.00, NULL, '', '', '2025-03-26 08:04:09', NULL),
(239, 683, 94, 'opt_a', 0.00, NULL, '', '', '2025-03-26 08:04:58', NULL),
(240, 683, 93, 'opt_a', 0.00, NULL, '', '', '2025-03-26 08:04:58', NULL),
(241, 884, 96, 'opt_c', 0.00, NULL, '', '', '2025-03-26 08:05:31', NULL),
(242, 884, 95, 'opt_a', 0.00, NULL, '', '', '2025-03-26 08:05:31', NULL),
(243, 693, 98, 'opt_b', 0.00, NULL, '', '', '2025-03-26 08:06:04', NULL),
(244, 693, 97, 'opt_a', 0.00, NULL, '', '', '2025-03-26 08:06:04', NULL),
(245, 704, 102, 'opt_d', 0.00, NULL, '', '', '2025-03-26 08:06:47', NULL),
(246, 704, 101, 'opt_a', 0.00, NULL, '', '', '2025-03-26 08:06:47', NULL),
(247, 714, 104, 'opt_e', 0.00, NULL, '', '', '2025-03-26 08:07:19', NULL),
(248, 714, 103, 'opt_a', 0.00, NULL, '', '', '2025-03-26 08:07:19', NULL),
(249, 724, 107, 'opt_e', 0.00, NULL, '', '', '2025-03-26 08:07:55', NULL),
(250, 724, 106, 'opt_a', 0.00, NULL, '', '', '2025-03-26 08:07:55', NULL),
(251, 734, 109, 'opt_c', 0.00, NULL, '', '', '2025-03-26 08:08:34', NULL),
(252, 734, 108, 'opt_a', 0.00, NULL, '', '', '2025-03-26 08:08:34', NULL),
(253, 744, 113, 'opt_b', 0.00, NULL, '', '', '2025-03-26 08:09:05', NULL),
(254, 744, 112, 'opt_a', 0.00, NULL, '', '', '2025-03-26 08:09:05', NULL),
(255, 754, 115, 'opt_a', 0.00, NULL, '', '', '2025-03-26 08:09:21', NULL),
(256, 754, 114, 'opt_a', 0.00, NULL, '', '', '2025-03-26 08:09:21', NULL),
(257, 764, 117, 'opt_e', 0.00, NULL, '', '', '2025-03-26 08:09:41', NULL),
(258, 764, 116, 'opt_b', 0.00, NULL, '', '', '2025-03-26 08:09:41', NULL),
(259, 774, 120, 'opt_a', 0.00, NULL, '', '', '2025-03-26 08:10:04', NULL),
(260, 774, 119, 'opt_a', 0.00, NULL, '', '', '2025-03-26 08:10:04', NULL),
(261, 774, 118, 'opt_c', 0.00, NULL, '', '', '2025-03-26 08:10:04', NULL),
(262, 784, 122, '[\"opt_d\"]', 0.00, NULL, '', '', '2025-03-26 08:10:21', NULL),
(263, 784, 121, 'opt_b', 0.00, NULL, '', '', '2025-03-26 08:10:21', NULL),
(264, 794, 124, 'opt_e', 0.00, NULL, '', '', '2025-03-26 08:10:40', NULL),
(265, 794, 123, 'opt_b', 0.00, NULL, '', '', '2025-03-26 08:10:40', NULL),
(266, 804, 126, 'opt_d', 0.00, NULL, '', '', '2025-03-26 08:11:27', NULL),
(267, 804, 125, 'opt_a', 0.00, NULL, '', '', '2025-03-26 08:11:27', NULL),
(268, 814, 128, 'opt_a', 0.00, NULL, '', '', '2025-03-26 08:12:02', NULL),
(269, 814, 127, 'opt_e', 0.00, NULL, '', '', '2025-03-26 08:12:02', NULL),
(270, 824, 130, 'opt_a', 0.00, NULL, '', '', '2025-03-26 08:12:24', NULL),
(271, 824, 129, 'opt_a', 0.00, NULL, '', '', '2025-03-26 08:12:24', NULL),
(272, 834, 143, 'opt_a', 0.00, NULL, '', '', '2025-03-26 08:12:57', NULL),
(273, 834, 142, 'opt_a', 0.00, NULL, '', '', '2025-03-26 08:12:57', NULL),
(274, 654, 84, 'opt_a', 0.00, NULL, '', '', '2025-03-26 08:41:37', NULL),
(275, 654, 83, 'opt_a', 0.00, NULL, '', '', '2025-03-26 08:41:37', NULL),
(276, 664, 88, 'opt_a', 0.00, NULL, '', '', '2025-03-26 08:42:13', NULL),
(277, 664, 87, 'opt_a', 0.00, NULL, '', '', '2025-03-26 08:42:13', NULL),
(278, 674, 92, 'opt_b', 0.00, NULL, '', '', '2025-03-26 08:42:35', NULL),
(279, 674, 91, 'opt_a', 0.00, NULL, '', '', '2025-03-26 08:42:35', NULL),
(280, 684, 94, 'opt_a', 0.00, NULL, '', '', '2025-03-26 08:43:01', NULL),
(281, 684, 93, 'opt_b', 0.00, NULL, '', '', '2025-03-26 08:43:01', NULL),
(282, 885, 96, 'opt_c', 0.00, NULL, '', '', '2025-03-26 08:43:34', NULL),
(283, 885, 95, 'opt_a', 0.00, NULL, '', '', '2025-03-26 08:43:34', NULL),
(284, 694, 98, 'opt_c', 0.00, NULL, '', '', '2025-03-26 08:43:56', NULL),
(285, 694, 97, 'opt_a', 0.00, NULL, '', '', '2025-03-26 08:43:56', NULL),
(286, 705, 102, 'opt_a', 0.00, NULL, '', '', '2025-03-26 08:44:14', NULL),
(287, 705, 101, 'opt_a', 0.00, NULL, '', '', '2025-03-26 08:44:14', NULL),
(288, 715, 104, 'opt_c', 0.00, NULL, '', '', '2025-03-26 08:44:28', NULL),
(289, 715, 103, 'opt_a', 0.00, NULL, '', '', '2025-03-26 08:44:28', NULL),
(290, 725, 107, 'opt_c', 0.00, NULL, '', '', '2025-03-26 08:44:48', NULL),
(291, 725, 106, 'opt_a', 0.00, NULL, '', '', '2025-03-26 08:44:48', NULL),
(292, 735, 109, 'opt_a', 0.00, NULL, '', '', '2025-03-26 08:45:02', NULL),
(293, 735, 108, 'opt_a', 0.00, NULL, '', '', '2025-03-26 08:45:02', NULL),
(294, 745, 113, 'opt_a', 0.00, NULL, '', '', '2025-03-26 08:45:45', NULL),
(295, 745, 112, 'opt_a', 0.00, NULL, '', '', '2025-03-26 08:45:45', NULL),
(296, 755, 115, 'opt_b', 0.00, NULL, '', '', '2025-03-26 08:46:00', NULL),
(297, 755, 114, 'opt_a', 0.00, NULL, '', '', '2025-03-26 08:46:00', NULL),
(298, 765, 117, 'opt_b', 0.00, NULL, '', '', '2025-03-26 08:46:29', NULL),
(299, 765, 116, 'opt_b', 0.00, NULL, '', '', '2025-03-26 08:46:29', NULL),
(300, 775, 120, 'opt_a', 0.00, NULL, '', '', '2025-03-26 08:46:48', NULL),
(301, 775, 119, 'opt_a', 0.00, NULL, '', '', '2025-03-26 08:46:48', NULL),
(302, 775, 118, 'opt_c', 0.00, NULL, '', '', '2025-03-26 08:46:48', NULL),
(303, 785, 122, '[\"opt_d\"]', 0.00, NULL, '', '', '2025-03-26 08:47:06', NULL),
(304, 785, 121, 'opt_a', 0.00, NULL, '', '', '2025-03-26 08:47:06', NULL),
(305, 795, 124, 'opt_b', 0.00, NULL, '', '', '2025-03-26 08:47:25', NULL),
(306, 795, 123, 'opt_b', 0.00, NULL, '', '', '2025-03-26 08:47:25', NULL),
(307, 805, 126, 'opt_e', 0.00, NULL, '', '', '2025-03-26 08:47:50', NULL),
(308, 805, 125, 'opt_b', 0.00, NULL, '', '', '2025-03-26 08:47:50', NULL),
(309, 815, 128, 'opt_e', 0.00, NULL, '', '', '2025-03-26 08:48:07', NULL),
(310, 815, 127, 'opt_b', 0.00, NULL, '', '', '2025-03-26 08:48:07', NULL),
(311, 825, 130, 'opt_a', 0.00, NULL, '', '', '2025-03-26 08:48:21', NULL),
(312, 825, 129, 'opt_a', 0.00, NULL, '', '', '2025-03-26 08:48:21', NULL),
(313, 835, 143, 'opt_a', 0.00, NULL, '', '', '2025-03-26 08:48:47', NULL),
(314, 835, 142, 'opt_a', 0.00, NULL, '', '', '2025-03-26 08:48:47', NULL),
(315, 676, 92, 'opt_b', 0.00, NULL, '', '', '2025-03-26 08:53:45', NULL),
(316, 676, 91, 'opt_a', 0.00, NULL, '', '', '2025-03-26 08:53:45', NULL),
(317, 686, 94, 'opt_a', 0.00, NULL, '', '', '2025-03-26 08:54:14', NULL),
(318, 686, 93, 'opt_a', 0.00, NULL, '', '', '2025-03-26 08:54:14', NULL),
(319, 887, 96, 'opt_a', 0.00, NULL, '', '', '2025-03-26 08:54:29', NULL),
(320, 887, 95, 'opt_a', 0.00, NULL, '', '', '2025-03-26 08:54:29', NULL),
(321, 696, 98, 'opt_a', 0.00, NULL, '', '', '2025-03-26 08:54:44', NULL),
(322, 696, 97, 'opt_a', 0.00, NULL, '', '', '2025-03-26 08:54:44', NULL),
(323, 707, 102, 'opt_a', 0.00, NULL, '', '', '2025-03-26 08:54:59', NULL),
(324, 707, 101, 'opt_a', 0.00, NULL, '', '', '2025-03-26 08:54:59', NULL),
(325, 717, 104, 'opt_a', 0.00, NULL, '', '', '2025-03-26 08:55:12', NULL),
(326, 717, 103, 'opt_a', 0.00, NULL, '', '', '2025-03-26 08:55:12', NULL),
(327, 727, 107, 'opt_a', 0.00, NULL, '', '', '2025-03-26 08:55:26', NULL),
(328, 727, 106, 'opt_a', 0.00, NULL, '', '', '2025-03-26 08:55:26', NULL),
(329, 737, 109, 'opt_a', 0.00, NULL, '', '', '2025-03-26 08:55:41', NULL),
(330, 737, 108, 'opt_a', 0.00, NULL, '', '', '2025-03-26 08:55:41', NULL),
(331, 747, 113, 'opt_a', 0.00, NULL, '', '', '2025-03-26 08:55:58', NULL),
(332, 747, 112, 'opt_a', 0.00, NULL, '', '', '2025-03-26 08:55:58', NULL),
(333, 757, 115, 'opt_a', 0.00, NULL, '', '', '2025-03-26 08:56:12', NULL),
(334, 757, 114, 'opt_a', 0.00, NULL, '', '', '2025-03-26 08:56:12', NULL),
(335, 767, 117, 'opt_a', 0.00, NULL, '', '', '2025-03-26 08:56:26', NULL),
(336, 767, 116, 'opt_b', 0.00, NULL, '', '', '2025-03-26 08:56:26', NULL),
(337, 777, 120, 'opt_a', 0.00, NULL, '', '', '2025-03-26 08:56:46', NULL),
(338, 777, 119, 'opt_a', 0.00, NULL, '', '', '2025-03-26 08:56:46', NULL),
(339, 777, 118, 'opt_c', 0.00, NULL, '', '', '2025-03-26 08:56:46', NULL),
(340, 787, 122, '[\"opt_b\",\"opt_d\"]', 0.00, NULL, '', '', '2025-03-26 08:57:31', NULL),
(341, 787, 121, 'opt_b', 0.00, NULL, '', '', '2025-03-26 08:57:31', NULL),
(342, 797, 124, 'opt_a', 0.00, NULL, '', '', '2025-03-26 08:57:47', NULL),
(343, 797, 123, 'opt_b', 0.00, NULL, '', '', '2025-03-26 08:57:47', NULL),
(344, 807, 126, 'opt_a', 0.00, NULL, '', '', '2025-03-26 08:58:02', NULL),
(345, 807, 125, 'opt_b', 0.00, NULL, '', '', '2025-03-26 08:58:02', NULL),
(346, 817, 128, 'opt_c', 0.00, NULL, '', '', '2025-03-26 08:58:16', NULL),
(347, 817, 127, 'opt_c', 0.00, NULL, '', '', '2025-03-26 08:58:16', NULL),
(348, 827, 130, 'opt_a', 0.00, NULL, '', '', '2025-03-26 08:58:42', NULL),
(349, 827, 129, 'opt_a', 0.00, NULL, '', '', '2025-03-26 08:58:42', NULL),
(350, 837, 143, 'opt_a', 0.00, NULL, '', '', '2025-03-26 08:58:57', NULL),
(351, 837, 142, 'opt_a', 0.00, NULL, '', '', '2025-03-26 08:58:57', NULL),
(352, 677, 92, 'opt_b', 0.00, NULL, '', '', '2025-03-26 09:04:10', NULL),
(353, 677, 91, 'opt_a', 0.00, NULL, '', '', '2025-03-26 09:04:10', NULL),
(354, 687, 94, 'opt_a', 0.00, NULL, '', '', '2025-03-26 09:04:34', NULL),
(355, 687, 93, 'opt_a', 0.00, NULL, '', '', '2025-03-26 09:04:34', NULL),
(356, 888, 96, 'opt_a', 0.00, NULL, '', '', '2025-03-26 09:04:49', NULL),
(357, 888, 95, 'opt_a', 0.00, NULL, '', '', '2025-03-26 09:04:49', NULL),
(358, 697, 98, 'opt_a', 0.00, NULL, '', '', '2025-03-26 09:05:05', NULL),
(359, 697, 97, 'opt_a', 0.00, NULL, '', '', '2025-03-26 09:05:05', NULL),
(360, 708, 102, 'opt_a', 0.00, NULL, '', '', '2025-03-26 09:05:19', NULL),
(361, 708, 101, 'opt_a', 0.00, NULL, '', '', '2025-03-26 09:05:19', NULL),
(362, 718, 104, 'opt_a', 0.00, NULL, '', '', '2025-03-26 09:05:34', NULL),
(363, 718, 103, 'opt_a', 0.00, NULL, '', '', '2025-03-26 09:05:34', NULL),
(364, 728, 107, 'opt_a', 0.00, NULL, '', '', '2025-03-26 09:05:48', NULL),
(365, 728, 106, 'opt_a', 0.00, NULL, '', '', '2025-03-26 09:05:48', NULL),
(366, 738, 109, 'opt_a', 0.00, NULL, '', '', '2025-03-26 09:06:03', NULL),
(367, 738, 108, 'opt_a', 0.00, NULL, '', '', '2025-03-26 09:06:03', NULL),
(368, 748, 113, 'opt_a', 0.00, NULL, '', '', '2025-03-26 09:06:17', NULL),
(369, 748, 112, 'opt_a', 0.00, NULL, '', '', '2025-03-26 09:06:17', NULL),
(370, 758, 115, 'opt_a', 0.00, NULL, '', '', '2025-03-26 09:06:30', NULL),
(371, 758, 114, 'opt_a', 0.00, NULL, '', '', '2025-03-26 09:06:30', NULL),
(372, 768, 117, 'opt_a', 0.00, NULL, '', '', '2025-03-26 09:06:47', NULL),
(373, 768, 116, 'opt_a', 0.00, NULL, '', '', '2025-03-26 09:06:47', NULL),
(374, 778, 120, 'opt_a', 0.00, NULL, '', '', '2025-03-26 09:07:04', NULL),
(375, 778, 119, 'opt_a', 0.00, NULL, '', '', '2025-03-26 09:07:04', NULL),
(376, 778, 118, 'opt_c', 0.00, NULL, '', '', '2025-03-26 09:07:04', NULL),
(377, 788, 122, '[\"opt_c\"]', 0.00, NULL, '', '', '2025-03-26 09:07:17', NULL),
(378, 788, 121, 'opt_b', 0.00, NULL, '', '', '2025-03-26 09:07:17', NULL),
(379, 798, 124, 'opt_a', 0.00, NULL, '', '', '2025-03-26 09:07:35', NULL),
(380, 798, 123, 'opt_a', 0.00, NULL, '', '', '2025-03-26 09:07:35', NULL),
(381, 808, 126, 'opt_a', 0.00, NULL, '', '', '2025-03-26 09:07:50', NULL),
(382, 808, 125, 'opt_b', 0.00, NULL, '', '', '2025-03-26 09:07:50', NULL),
(383, 818, 128, 'opt_a', 0.00, NULL, '', '', '2025-03-26 09:08:05', NULL),
(384, 818, 127, 'opt_a', 0.00, NULL, '', '', '2025-03-26 09:08:05', NULL),
(385, 828, 130, 'opt_a', 0.00, NULL, '', '', '2025-03-26 09:08:20', NULL),
(386, 828, 129, 'opt_a', 0.00, NULL, '', '', '2025-03-26 09:08:20', NULL),
(387, 157, 133, 'true', 0.00, NULL, '', '', '2025-03-26 09:08:34', NULL),
(388, 157, 132, 'opt_a', 0.00, NULL, '', '', '2025-03-26 09:08:34', NULL),
(389, 838, 143, 'opt_a', 0.00, NULL, '', '', '2025-03-26 09:09:18', NULL),
(390, 838, 142, 'opt_a', 0.00, NULL, '', '', '2025-03-26 09:09:18', NULL),
(391, 679, 92, 'opt_b', 0.00, NULL, '', '', '2025-03-26 09:11:45', NULL),
(392, 679, 91, 'opt_a', 0.00, NULL, '', '', '2025-03-26 09:11:45', NULL),
(393, 689, 94, 'opt_a', 0.00, NULL, '', '', '2025-03-26 09:12:00', NULL),
(394, 689, 93, 'opt_a', 0.00, NULL, '', '', '2025-03-26 09:12:00', NULL),
(395, 890, 96, 'opt_a', 0.00, NULL, '', '', '2025-03-26 09:12:15', NULL),
(396, 890, 95, 'opt_a', 0.00, NULL, '', '', '2025-03-26 09:12:15', NULL),
(397, 699, 98, 'opt_a', 0.00, NULL, '', '', '2025-03-26 09:12:31', NULL),
(398, 699, 97, 'opt_a', 0.00, NULL, '', '', '2025-03-26 09:12:31', NULL),
(399, 710, 102, 'opt_a', 0.00, NULL, '', '', '2025-03-26 09:12:46', NULL),
(400, 710, 101, 'opt_a', 0.00, NULL, '', '', '2025-03-26 09:12:46', NULL),
(401, 720, 104, 'opt_c', 0.00, NULL, '', '', '2025-03-26 09:13:03', NULL),
(402, 720, 103, 'opt_a', 0.00, NULL, '', '', '2025-03-26 09:13:03', NULL),
(403, 730, 107, 'opt_c', 0.00, NULL, '', '', '2025-03-26 09:13:19', NULL),
(404, 730, 106, 'opt_a', 0.00, NULL, '', '', '2025-03-26 09:13:19', NULL),
(405, 730, 107, 'opt_c', 0.00, NULL, '', '', '2025-03-26 09:13:19', NULL),
(406, 730, 106, 'opt_a', 0.00, NULL, '', '', '2025-03-26 09:13:19', NULL),
(407, 740, 109, 'opt_c', 0.00, NULL, '', '', '2025-03-26 09:13:36', NULL),
(408, 740, 108, 'opt_a', 0.00, NULL, '', '', '2025-03-26 09:13:36', NULL),
(409, 750, 113, 'opt_c', 0.00, NULL, '', '', '2025-03-26 09:13:53', NULL),
(410, 750, 112, 'opt_a', 0.00, NULL, '', '', '2025-03-26 09:13:53', NULL),
(411, 760, 115, 'opt_a', 0.00, NULL, '', '', '2025-03-26 09:14:07', NULL),
(412, 760, 114, 'opt_a', 0.00, NULL, '', '', '2025-03-26 09:14:07', NULL),
(413, 770, 117, 'opt_d', 0.00, NULL, '', '', '2025-03-26 09:14:24', NULL),
(414, 770, 116, 'opt_b', 0.00, NULL, '', '', '2025-03-26 09:14:24', NULL),
(415, 780, 120, 'opt_a', 0.00, NULL, '', '', '2025-03-26 09:14:45', NULL),
(416, 780, 119, 'opt_a', 0.00, NULL, '', '', '2025-03-26 09:14:45', NULL),
(417, 780, 118, 'opt_c', 0.00, NULL, '', '', '2025-03-26 09:14:45', NULL),
(418, 790, 122, '[\"opt_d\"]', 0.00, NULL, '', '', '2025-03-26 09:15:01', NULL),
(419, 790, 121, 'opt_b', 0.00, NULL, '', '', '2025-03-26 09:15:01', NULL),
(420, 800, 124, 'opt_e', 0.00, NULL, '', '', '2025-03-26 09:15:16', NULL),
(421, 800, 123, 'opt_b', 0.00, NULL, '', '', '2025-03-26 09:15:16', NULL),
(422, 810, 126, 'opt_e', 0.00, NULL, '', '', '2025-03-26 09:15:32', NULL),
(423, 810, 125, 'opt_b', 0.00, NULL, '', '', '2025-03-26 09:15:32', NULL),
(424, 820, 128, 'opt_e', 0.00, NULL, '', '', '2025-03-26 09:15:48', NULL),
(425, 820, 127, 'opt_b', 0.00, NULL, '', '', '2025-03-26 09:15:48', NULL),
(426, 830, 130, 'opt_a', 0.00, NULL, '', '', '2025-03-26 09:16:16', NULL),
(427, 830, 129, 'opt_a', 0.00, NULL, '', '', '2025-03-26 09:16:16', NULL),
(428, 840, 143, 'opt_a', 0.00, NULL, '', '', '2025-03-26 09:16:37', NULL),
(429, 840, 142, 'opt_a', 0.00, NULL, '', '', '2025-03-26 09:16:37', NULL),
(430, 678, 92, 'opt_b', 0.00, NULL, '', '', '2025-03-26 09:23:42', NULL),
(431, 678, 91, 'opt_a', 0.00, NULL, '', '', '2025-03-26 09:23:42', NULL),
(432, 688, 94, 'opt_b', 0.00, NULL, '', '', '2025-03-26 09:23:59', NULL),
(433, 688, 93, 'opt_a', 0.00, NULL, '', '', '2025-03-26 09:23:59', NULL),
(434, 889, 96, 'opt_c', 0.00, NULL, '', '', '2025-03-26 09:24:30', NULL),
(435, 889, 95, 'opt_a', 0.00, NULL, '', '', '2025-03-26 09:24:30', NULL),
(436, 698, 98, 'opt_c', 0.00, NULL, '', '', '2025-03-26 09:24:48', NULL),
(437, 698, 97, 'opt_a', 0.00, NULL, '', '', '2025-03-26 09:24:48', NULL),
(438, 709, 102, 'opt_a', 0.00, NULL, '', '', '2025-03-26 09:25:04', NULL),
(439, 709, 101, 'opt_a', 0.00, NULL, '', '', '2025-03-26 09:25:04', NULL),
(440, 719, 104, 'opt_c', 0.00, NULL, '', '', '2025-03-26 09:25:19', NULL),
(441, 719, 103, 'opt_a', 0.00, NULL, '', '', '2025-03-26 09:25:19', NULL),
(442, 729, 107, 'opt_c', 0.00, NULL, '', '', '2025-03-26 09:25:34', NULL),
(443, 729, 106, 'opt_a', 0.00, NULL, '', '', '2025-03-26 09:25:34', NULL),
(444, 739, 109, 'opt_c', 0.00, NULL, '', '', '2025-03-26 09:25:49', NULL),
(445, 739, 108, 'opt_a', 0.00, NULL, '', '', '2025-03-26 09:25:49', NULL),
(446, 749, 113, 'opt_c', 0.00, NULL, '', '', '2025-03-26 09:26:04', NULL),
(447, 749, 112, 'opt_a', 0.00, NULL, '', '', '2025-03-26 09:26:04', NULL),
(448, 759, 115, 'opt_a', 0.00, NULL, '', '', '2025-03-26 09:26:17', NULL),
(449, 759, 114, 'opt_a', 0.00, NULL, '', '', '2025-03-26 09:26:17', NULL),
(450, 769, 117, 'opt_e', 0.00, NULL, '', '', '2025-03-26 09:26:34', NULL),
(451, 769, 116, 'opt_b', 0.00, NULL, '', '', '2025-03-26 09:26:34', NULL),
(452, 779, 120, 'opt_a', 0.00, NULL, '', '', '2025-03-26 09:26:58', NULL),
(453, 779, 119, 'opt_a', 0.00, NULL, '', '', '2025-03-26 09:26:58', NULL),
(454, 779, 118, 'opt_c', 0.00, NULL, '', '', '2025-03-26 09:26:58', NULL),
(455, 789, 122, '[\"opt_c\",\"opt_d\"]', 0.00, NULL, '', '', '2025-03-26 09:27:27', NULL),
(456, 789, 121, 'opt_b', 0.00, NULL, '', '', '2025-03-26 09:27:27', NULL),
(457, 799, 124, 'opt_e', 0.00, NULL, '', '', '2025-03-26 09:27:43', NULL),
(458, 799, 123, 'opt_b', 0.00, NULL, '', '', '2025-03-26 09:27:43', NULL),
(459, 809, 126, 'opt_b', 0.00, NULL, '', '', '2025-03-26 09:27:58', NULL),
(460, 809, 125, 'opt_b', 0.00, NULL, '', '', '2025-03-26 09:27:58', NULL),
(461, 819, 128, 'opt_a', 0.00, NULL, '', '', '2025-03-26 09:28:16', NULL),
(462, 819, 127, 'opt_b', 0.00, NULL, '', '', '2025-03-26 09:28:16', NULL),
(463, 829, 130, 'opt_a', 0.00, NULL, '', '', '2025-03-26 09:28:36', NULL),
(464, 829, 129, 'opt_a', 0.00, NULL, '', '', '2025-03-26 09:28:36', NULL),
(465, 839, 143, 'opt_a', 0.00, NULL, '', '', '2025-03-26 09:28:55', NULL),
(466, 839, 142, 'opt_a', 0.00, NULL, '', '', '2025-03-26 09:28:55', NULL),
(467, 680, 92, 'opt_b', 0.00, NULL, '', '', '2025-03-26 09:36:19', NULL),
(468, 680, 91, 'opt_a', 0.00, NULL, '', '', '2025-03-26 09:36:19', NULL),
(469, 690, 94, 'opt_a', 0.00, NULL, '', '', '2025-03-26 09:36:42', NULL),
(470, 690, 93, 'opt_a', 0.00, NULL, '', '', '2025-03-26 09:36:42', NULL),
(471, 891, 96, 'opt_a', 0.00, NULL, '', '', '2025-03-26 09:37:01', NULL),
(472, 891, 95, 'opt_a', 0.00, NULL, '', '', '2025-03-26 09:37:01', NULL),
(473, 700, 98, 'opt_a', 0.00, NULL, '', '', '2025-03-26 09:37:16', NULL),
(474, 700, 97, 'opt_a', 0.00, NULL, '', '', '2025-03-26 09:37:16', NULL),
(475, 700, 98, 'opt_a', 0.00, NULL, '', '', '2025-03-26 09:37:16', NULL),
(476, 700, 97, 'opt_a', 0.00, NULL, '', '', '2025-03-26 09:37:16', NULL),
(477, 711, 102, 'opt_a', 0.00, NULL, '', '', '2025-03-26 09:37:32', NULL),
(478, 711, 101, 'opt_a', 0.00, NULL, '', '', '2025-03-26 09:37:32', NULL),
(479, 721, 104, 'opt_c', 0.00, NULL, '', '', '2025-03-26 09:37:46', NULL),
(480, 721, 103, 'opt_a', 0.00, NULL, '', '', '2025-03-26 09:37:46', NULL),
(481, 731, 107, 'opt_a', 0.00, NULL, '', '', '2025-03-26 09:38:01', NULL),
(482, 731, 106, 'opt_a', 0.00, NULL, '', '', '2025-03-26 09:38:01', NULL),
(483, 741, 109, 'opt_a', 0.00, NULL, '', '', '2025-03-26 09:38:14', NULL),
(484, 741, 108, 'opt_a', 0.00, NULL, '', '', '2025-03-26 09:38:14', NULL),
(485, 751, 113, 'opt_b', 0.00, NULL, '', '', '2025-03-26 09:38:34', NULL),
(486, 751, 112, 'opt_a', 0.00, NULL, '', '', '2025-03-26 09:38:34', NULL),
(487, 761, 115, 'opt_a', 0.00, NULL, '', '', '2025-03-26 09:38:49', NULL),
(488, 761, 114, 'opt_a', 0.00, NULL, '', '', '2025-03-26 09:38:49', NULL),
(489, 771, 117, 'opt_e', 0.00, NULL, '', '', '2025-03-26 09:39:09', NULL),
(490, 771, 116, 'opt_b', 0.00, NULL, '', '', '2025-03-26 09:39:09', NULL),
(491, 781, 120, 'opt_a', 0.00, NULL, '', '', '2025-03-26 09:39:30', NULL),
(492, 781, 119, 'opt_a', 0.00, NULL, '', '', '2025-03-26 09:39:30', NULL),
(493, 781, 118, 'opt_c', 0.00, NULL, '', '', '2025-03-26 09:39:30', NULL),
(494, 791, 122, '[\"opt_c\"]', 0.00, NULL, '', '', '2025-03-26 09:39:46', NULL),
(495, 791, 121, 'opt_b', 0.00, NULL, '', '', '2025-03-26 09:39:46', NULL),
(496, 801, 124, 'opt_e', 0.00, NULL, '', '', '2025-03-26 09:40:03', NULL),
(497, 801, 123, 'opt_b', 0.00, NULL, '', '', '2025-03-26 09:40:03', NULL),
(498, 811, 126, 'opt_e', 0.00, NULL, '', '', '2025-03-26 09:40:18', NULL),
(499, 811, 125, 'opt_b', 0.00, NULL, '', '', '2025-03-26 09:40:18', NULL),
(500, 821, 128, 'opt_a', 0.00, NULL, '', '', '2025-03-26 09:40:34', NULL),
(501, 821, 127, 'opt_b', 0.00, NULL, '', '', '2025-03-26 09:40:34', NULL),
(502, 831, 130, 'opt_a', 0.00, NULL, '', '', '2025-03-26 09:40:46', NULL),
(503, 831, 129, 'opt_a', 0.00, NULL, '', '', '2025-03-26 09:40:46', NULL),
(504, 841, 143, 'opt_a', 0.00, NULL, '', '', '2025-03-26 09:41:04', NULL),
(505, 841, 142, 'opt_a', 0.00, NULL, '', '', '2025-03-26 09:41:04', NULL),
(506, 902, 151, '[\"opt_a\"]', 0.00, NULL, '', '', '2025-04-05 04:13:27', NULL),
(507, 902, 150, 'opt_c', 0.00, NULL, '', '', '2025-04-05 04:13:27', NULL),
(508, 907, 155, 'opt_c', 0.00, NULL, '', '', '2025-04-05 04:14:16', NULL),
(509, 907, 154, 'opt_b', 0.00, NULL, '', '', '2025-04-05 04:14:16', NULL),
(510, 907, 153, '[\"opt_b\",\"opt_c\"]', 0.00, NULL, '', '', '2025-04-05 04:14:16', NULL),
(511, 907, 152, 'true', 0.00, NULL, '', '', '2025-04-05 04:14:16', NULL),
(512, 897, 149, 'opt_a', 0.00, NULL, '', '', '2025-04-05 04:16:09', NULL),
(513, 897, 148, 'opt_a', 0.00, NULL, '', '', '2025-04-05 04:16:09', NULL),
(514, 922, 157, 'opt_a', 0.00, NULL, '', '', '2025-04-05 04:42:52', NULL),
(515, 922, 156, 'opt_c', 0.00, NULL, '', '', '2025-04-05 04:42:52', NULL),
(516, 917, 159, 'opt_c', 0.00, NULL, '', '', '2025-04-05 04:44:10', NULL),
(517, 917, 158, 'opt_b', 0.00, NULL, '', '', '2025-04-05 04:44:10', NULL),
(518, 927, 161, 'opt_a', 0.00, NULL, '', '', '2025-04-05 04:44:51', NULL),
(519, 927, 160, 'opt_a', 0.00, NULL, '', '', '2025-04-05 04:44:51', NULL),
(520, 912, 163, 'opt_c', 0.00, NULL, '', '', '2025-04-05 04:45:27', NULL),
(521, 912, 162, 'opt_a', 0.00, NULL, '', '', '2025-04-05 04:45:27', NULL),
(522, 932, 165, 'opt_a', 0.00, NULL, '', '', '2025-04-05 05:15:29', NULL),
(523, 932, 164, 'opt_a', 0.00, NULL, '', '', '2025-04-05 05:15:29', NULL),
(524, 937, 171, 'opt_c', 0.00, NULL, '', '', '2025-04-05 05:16:10', NULL),
(525, 937, 170, 'opt_a', 0.00, NULL, '', '', '2025-04-05 05:16:10', NULL),
(526, 942, 169, 'opt_b', 0.00, NULL, '', '', '2025-04-05 05:23:52', NULL),
(527, 942, 168, 'opt_b', 0.00, NULL, '', '', '2025-04-05 05:23:52', NULL),
(528, 947, 176, 'opt_c', 0.00, NULL, '', '', '2025-04-05 05:30:47', NULL),
(529, 947, 174, 'opt_a', 0.00, NULL, '', '', '2025-04-05 05:30:47', NULL),
(530, 962, 184, 'opt_a', 0.00, NULL, '', '', '2025-04-05 06:04:08', NULL),
(531, 962, 183, 'opt_a', 0.00, NULL, '', '', '2025-04-05 06:04:08', NULL),
(532, 957, 180, 'opt_a', 0.00, NULL, '', '', '2025-04-05 06:04:26', NULL),
(533, 957, 179, 'opt_c', 0.00, NULL, '', '', '2025-04-05 06:04:26', NULL),
(534, 952, 178, 'opt_c', 0.00, NULL, '', '', '2025-04-05 06:05:36', NULL),
(535, 952, 177, 'opt_a', 0.00, NULL, '', '', '2025-04-05 06:05:36', NULL),
(536, 967, 182, 'opt_b', 0.00, NULL, '', '', '2025-04-05 06:07:22', NULL),
(537, 967, 181, 'opt_b', 0.00, NULL, '', '', '2025-04-05 06:07:22', NULL),
(538, 972, 187, 'opt_a', 0.00, NULL, '', '', '2025-04-05 06:31:26', NULL),
(539, 972, 186, 'opt_a', 0.00, NULL, '', '', '2025-04-05 06:31:26', NULL),
(540, 977, 189, 'opt_a', 0.00, NULL, '', '', '2025-04-05 06:31:51', NULL),
(541, 977, 188, 'opt_a', 0.00, NULL, '', '', '2025-04-05 06:31:51', NULL),
(542, 982, 191, 'opt_b', 0.00, NULL, '', '', '2025-04-05 06:32:17', NULL),
(543, 982, 190, 'opt_b', 0.00, NULL, '', '', '2025-04-05 06:32:17', NULL),
(544, 987, 193, 'opt_c', 0.00, NULL, '', '', '2025-04-05 06:32:41', NULL),
(545, 987, 192, 'opt_a', 0.00, NULL, '', '', '2025-04-05 06:32:41', NULL),
(546, 992, 195, 'opt_b', 0.00, NULL, '', '', '2025-04-05 10:21:59', NULL),
(547, 992, 194, 'opt_b', 0.00, NULL, '', '', '2025-04-05 10:21:59', NULL),
(548, 997, 197, 'opt_b', 0.00, NULL, '', '', '2025-04-05 10:22:22', NULL),
(549, 997, 196, 'opt_b', 0.00, NULL, '', '', '2025-04-05 10:22:22', NULL),
(550, 1002, 199, 'opt_c', 0.00, NULL, '', '', '2025-04-05 10:23:08', NULL),
(551, 1002, 198, 'opt_b', 0.00, NULL, '', '', '2025-04-05 10:23:08', NULL),
(552, 1007, 201, 'opt_b', 0.00, NULL, '', '', '2025-04-05 10:24:06', NULL),
(553, 1007, 200, 'opt_a', 0.00, NULL, '', '', '2025-04-05 10:24:06', NULL),
(554, 1012, 203, 'opt_b', 0.00, NULL, '', '', '2025-04-05 10:24:28', NULL),
(555, 1012, 202, 'opt_c', 0.00, NULL, '', '', '2025-04-05 10:24:28', NULL),
(556, 1017, 205, 'opt_a', 0.00, NULL, '', '', '2025-04-05 10:24:51', NULL),
(557, 1017, 204, 'opt_a', 0.00, NULL, '', '', '2025-04-05 10:24:51', NULL),
(558, 1027, 208, 'opt_a', 0.00, NULL, '', '', '2025-04-05 10:25:10', NULL),
(559, 1027, 207, 'opt_c', 0.00, NULL, '', '', '2025-04-05 10:25:10', NULL),
(560, 1022, 210, 'opt_b', 0.00, NULL, '', '', '2025-04-05 10:25:38', NULL),
(561, 1022, 209, 'opt_a', 0.00, NULL, '', '', '2025-04-05 10:25:38', NULL),
(562, 1032, 212, 'opt_a', 0.00, NULL, '', '', '2025-04-05 10:26:06', NULL),
(563, 1032, 211, 'opt_a', 0.00, NULL, '', '', '2025-04-05 10:26:06', NULL),
(564, 1037, 214, 'opt_c', 0.00, NULL, '', '', '2025-04-05 10:26:29', NULL),
(565, 1037, 213, 'opt_d', 0.00, NULL, '', '', '2025-04-05 10:26:29', NULL),
(566, 1042, 216, 'opt_c', 0.00, NULL, '', '', '2025-04-05 10:27:07', NULL),
(567, 1042, 215, 'opt_c', 0.00, NULL, '', '', '2025-04-05 10:27:07', NULL),
(568, 1048, 218, 'opt_b', 0.00, NULL, '', '', '2025-04-05 10:27:29', NULL),
(569, 1048, 217, 'opt_a', 0.00, NULL, '', '', '2025-04-05 10:27:29', NULL),
(570, 1053, 222, 'opt_a', 0.00, NULL, '', '', '2025-04-05 10:27:54', NULL),
(571, 1053, 221, 'opt_a', 0.00, NULL, '', '', '2025-04-05 10:27:54', NULL),
(572, 1058, 224, 'opt_b', 0.00, NULL, '', '', '2025-04-05 10:28:14', NULL),
(573, 1058, 223, 'opt_c', 0.00, NULL, '', '', '2025-04-05 10:28:14', NULL),
(574, 1068, 227, 'opt_c', 0.00, NULL, '', '', '2025-04-05 10:28:33', NULL),
(575, 1068, 226, 'opt_c', 0.00, NULL, '', '', '2025-04-05 10:28:33', NULL),
(576, 1063, 229, 'opt_c', 0.00, NULL, '', '', '2025-04-05 10:29:18', NULL),
(577, 1063, 228, 'opt_c', 0.00, NULL, '', '', '2025-04-05 10:29:18', NULL),
(578, 1073, 231, 'opt_a', 0.00, NULL, '', '', '2025-04-05 10:29:45', NULL),
(579, 1073, 230, 'opt_a', 0.00, NULL, '', '', '2025-04-05 10:29:45', NULL),
(580, 1078, 234, 'opt_c', 0.00, NULL, '', '', '2025-04-05 10:30:21', NULL),
(581, 1078, 233, 'opt_b', 0.00, NULL, '', '', '2025-04-05 10:30:21', NULL),
(582, 1083, 236, '[\"opt_c\"]', 0.00, NULL, '', '', '2025-04-05 10:30:42', NULL),
(583, 1083, 235, 'opt_c', 0.00, NULL, '', '', '2025-04-05 10:30:42', NULL),
(584, 1148, 269, 'opt_b', 0.00, NULL, '', '', '2025-04-05 10:31:00', NULL),
(585, 1148, 268, 'opt_a', 0.00, NULL, '', '', '2025-04-05 10:31:00', NULL),
(586, 1088, 240, 'opt_a', 0.00, NULL, '', '', '2025-04-05 10:32:22', NULL),
(587, 1088, 239, 'opt_a', 0.00, NULL, '', '', '2025-04-05 10:32:22', NULL),
(588, 1093, 242, 'opt_c', 0.00, NULL, '', '', '2025-04-05 10:32:45', NULL),
(589, 1093, 241, 'opt_b', 0.00, NULL, '', '', '2025-04-05 10:32:45', NULL),
(590, 1098, 245, 'opt_a', 0.00, NULL, '', '', '2025-04-05 10:33:32', NULL),
(591, 1098, 244, 'opt_b', 0.00, NULL, '', '', '2025-04-05 10:33:32', NULL),
(592, 1103, 247, 'opt_b', 0.00, NULL, '', '', '2025-04-05 10:33:53', NULL),
(593, 1103, 246, 'opt_a', 0.00, NULL, '', '', '2025-04-05 10:33:53', NULL),
(594, 1108, 249, 'opt_a', 0.00, NULL, '', '', '2025-04-05 10:34:25', NULL),
(595, 1108, 248, 'opt_a', 0.00, NULL, '', '', '2025-04-05 10:34:25', NULL),
(596, 1113, 251, 'opt_c', 0.00, NULL, '', '', '2025-04-05 10:34:52', NULL),
(597, 1113, 250, 'opt_b', 0.00, NULL, '', '', '2025-04-05 10:34:52', NULL),
(598, 1123, 253, 'opt_c', 0.00, NULL, '', '', '2025-04-05 10:35:09', NULL),
(599, 1123, 252, 'opt_d', 0.00, NULL, '', '', '2025-04-05 10:35:09', NULL),
(600, 1118, 256, 'opt_b', 0.00, NULL, '', '', '2025-04-05 10:35:37', NULL),
(601, 1118, 254, 'opt_b', 0.00, NULL, '', '', '2025-04-05 10:35:37', NULL),
(602, 1128, 259, 'opt_a', 0.00, NULL, '', '', '2025-04-05 10:36:01', NULL),
(603, 1128, 258, 'opt_a', 0.00, NULL, '', '', '2025-04-05 10:36:01', NULL),
(604, 1133, 262, 'opt_c', 0.00, NULL, '', '', '2025-04-05 10:36:41', NULL),
(605, 1133, 261, 'opt_c', 0.00, NULL, '', '', '2025-04-05 10:36:41', NULL),
(606, 1138, 265, 'opt_a', 0.00, NULL, '', '', '2025-04-05 10:37:18', NULL),
(607, 1138, 264, 'opt_b', 0.00, NULL, '', '', '2025-04-05 10:37:18', NULL),
(608, 892, 149, 'opt_a', 0.00, NULL, '', '', '2025-04-05 10:46:15', NULL),
(609, 892, 148, 'opt_a', 0.00, NULL, '', '', '2025-04-05 10:46:15', NULL),
(610, 900, 151, '[\"opt_a\"]', 0.00, NULL, '', '', '2025-04-05 10:46:39', NULL),
(611, 900, 150, 'opt_c', 0.00, NULL, '', '', '2025-04-05 10:46:39', NULL),
(612, 905, 155, 'opt_b', 0.00, NULL, '', '', '2025-04-05 10:47:01', NULL),
(613, 905, 154, 'opt_b', 0.00, NULL, '', '', '2025-04-05 10:47:01', NULL),
(614, 920, 157, 'opt_a', 0.00, NULL, '', '', '2025-04-05 10:47:40', NULL),
(615, 920, 156, 'opt_c', 0.00, NULL, '', '', '2025-04-05 10:47:40', NULL),
(616, 915, 159, 'opt_b', 0.00, NULL, '', '', '2025-04-05 10:47:59', NULL),
(617, 915, 158, 'opt_b', 0.00, NULL, '', '', '2025-04-05 10:47:59', NULL),
(618, 925, 161, 'opt_a', 0.00, NULL, '', '', '2025-04-05 10:48:36', NULL),
(619, 925, 160, 'opt_a', 0.00, NULL, '', '', '2025-04-05 10:48:36', NULL),
(620, 910, 163, 'opt_b', 0.00, NULL, '', '', '2025-04-05 10:48:55', NULL),
(621, 910, 162, 'opt_a', 0.00, NULL, '', '', '2025-04-05 10:48:55', NULL),
(622, 930, 165, 'opt_a', 0.00, NULL, '', '', '2025-04-05 10:49:15', NULL),
(623, 930, 164, 'opt_a', 0.00, NULL, '', '', '2025-04-05 10:49:15', NULL),
(624, 940, 169, 'opt_b', 0.00, NULL, '', '', '2025-04-05 10:49:30', NULL),
(625, 940, 168, 'opt_b', 0.00, NULL, '', '', '2025-04-05 10:49:30', NULL),
(626, 935, 171, 'opt_b', 0.00, NULL, '', '', '2025-04-05 10:49:52', NULL),
(627, 935, 170, 'opt_a', 0.00, NULL, '', '', '2025-04-05 10:49:52', NULL),
(628, 945, 176, 'opt_c', 0.00, NULL, '', '', '2025-04-05 10:50:12', NULL),
(629, 945, 174, 'opt_a', 0.00, NULL, '', '', '2025-04-05 10:50:12', NULL),
(630, 965, 182, 'opt_a', 0.00, NULL, '', '', '2025-04-05 10:50:35', NULL),
(631, 965, 181, 'opt_b', 0.00, NULL, '', '', '2025-04-05 10:50:35', NULL),
(632, 960, 184, 'opt_a', 0.00, NULL, '', '', '2025-04-05 10:50:52', NULL),
(633, 960, 183, 'opt_a', 0.00, NULL, '', '', '2025-04-05 10:50:52', NULL),
(634, 955, 180, 'opt_a', 0.00, NULL, '', '', '2025-04-05 10:51:09', NULL),
(635, 955, 179, 'opt_c', 0.00, NULL, '', '', '2025-04-05 10:51:09', NULL),
(636, 950, 178, 'opt_b', 0.00, NULL, '', '', '2025-04-05 10:51:25', NULL),
(637, 950, 177, 'opt_a', 0.00, NULL, '', '', '2025-04-05 10:51:25', NULL),
(638, 985, 193, 'opt_b', 0.00, NULL, '', '', '2025-04-05 10:51:47', NULL),
(639, 985, 192, 'opt_a', 0.00, NULL, '', '', '2025-04-05 10:51:47', NULL),
(640, 975, 189, 'opt_a', 0.00, NULL, '', '', '2025-04-05 10:52:21', NULL),
(641, 975, 188, 'opt_b', 0.00, NULL, '', '', '2025-04-05 10:52:21', NULL),
(642, 980, 191, 'opt_b', 0.00, NULL, '', '', '2025-04-05 10:52:41', NULL),
(643, 980, 190, 'opt_b', 0.00, NULL, '', '', '2025-04-05 10:52:41', NULL),
(644, 990, 195, 'opt_b', 0.00, NULL, '', '', '2025-04-05 10:59:28', NULL),
(645, 990, 194, 'opt_b', 0.00, NULL, '', '', '2025-04-05 10:59:28', NULL),
(646, 995, 197, 'opt_a', 0.00, NULL, '', '', '2025-04-05 10:59:47', NULL),
(647, 995, 196, 'opt_a', 0.00, NULL, '', '', '2025-04-05 10:59:47', NULL),
(648, 1000, 199, 'opt_a', 0.00, NULL, '', '', '2025-04-05 11:00:16', NULL),
(649, 1000, 198, 'opt_c', 0.00, NULL, '', '', '2025-04-05 11:00:16', NULL),
(650, 1005, 201, 'opt_b', 0.00, NULL, '', '', '2025-04-05 11:00:47', NULL),
(651, 1005, 200, 'opt_a', 0.00, NULL, '', '', '2025-04-05 11:00:47', NULL),
(652, 1010, 203, 'opt_b', 0.00, NULL, '', '', '2025-04-05 11:01:10', NULL),
(653, 1010, 202, 'opt_a', 0.00, NULL, '', '', '2025-04-05 11:01:10', NULL),
(654, 1015, 205, 'opt_b', 0.00, NULL, '', '', '2025-04-05 11:01:28', NULL),
(655, 1015, 204, 'opt_a', 0.00, NULL, '', '', '2025-04-05 11:01:28', NULL),
(656, 1025, 208, 'opt_a', 0.00, NULL, '', '', '2025-04-05 11:01:43', NULL),
(657, 1025, 207, 'opt_b', 0.00, NULL, '', '', '2025-04-05 11:01:43', NULL),
(658, 1020, 210, 'opt_b', 0.00, NULL, '', '', '2025-04-05 11:01:58', NULL),
(659, 1020, 209, 'opt_a', 0.00, NULL, '', '', '2025-04-05 11:01:58', NULL),
(660, 1030, 212, 'opt_a', 0.00, NULL, '', '', '2025-04-05 11:02:43', NULL),
(661, 1030, 211, 'opt_a', 0.00, NULL, '', '', '2025-04-05 11:02:43', NULL),
(662, 1045, 218, 'opt_b', 0.00, NULL, '', '', '2025-04-05 11:03:06', NULL),
(663, 1045, 217, 'opt_b', 0.00, NULL, '', '', '2025-04-05 11:03:06', NULL),
(664, 1035, 214, 'opt_b', 0.00, NULL, '', '', '2025-04-05 11:03:32', NULL),
(665, 1035, 213, 'opt_a', 0.00, NULL, '', '', '2025-04-05 11:03:32', NULL),
(666, 1051, 222, 'opt_a', 0.00, NULL, '', '', '2025-04-05 11:04:01', NULL),
(667, 1051, 221, 'opt_a', 0.00, NULL, '', '', '2025-04-05 11:04:01', NULL),
(668, 1061, 229, 'opt_b', 0.00, NULL, '', '', '2025-04-05 11:04:17', NULL),
(669, 1061, 228, 'opt_a', 0.00, NULL, '', '', '2025-04-05 11:04:17', NULL),
(670, 1056, 224, 'opt_b', 0.00, NULL, '', '', '2025-04-05 11:05:00', NULL),
(671, 1056, 223, 'opt_b', 0.00, NULL, '', '', '2025-04-05 11:05:00', NULL),
(672, 1146, 269, 'opt_b', 0.00, NULL, '', '', '2025-04-05 11:05:23', NULL),
(673, 1146, 268, 'opt_a', 0.00, NULL, '', '', '2025-04-05 11:05:23', NULL),
(674, 1071, 231, 'opt_b', 0.00, NULL, '', '', '2025-04-05 11:05:43', NULL),
(675, 1071, 230, 'opt_a', 0.00, NULL, '', '', '2025-04-05 11:05:43', NULL),
(676, 1081, 236, '[\"opt_a\"]', 0.00, NULL, '', '', '2025-04-05 11:06:04', NULL),
(677, 1081, 235, 'opt_b', 0.00, NULL, '', '', '2025-04-05 11:06:04', NULL),
(678, 1086, 240, 'opt_a', 0.00, NULL, '', '', '2025-04-05 11:06:44', NULL),
(679, 1086, 239, 'opt_a', 0.00, NULL, '', '', '2025-04-05 11:06:44', NULL),
(680, 1091, 242, 'opt_a', 0.00, NULL, '', '', '2025-04-05 11:07:04', NULL),
(681, 1091, 241, 'opt_b', 0.00, NULL, '', '', '2025-04-05 11:07:04', NULL);
INSERT INTO `onlineexam_student_results` (`id`, `onlineexam_student_id`, `onlineexam_question_id`, `select_option`, `marks`, `remark`, `attachment_name`, `attachment_upload_name`, `created_at`, `updated_at`) VALUES
(682, 1096, 245, 'opt_a', 0.00, NULL, '', '', '2025-04-05 11:07:21', NULL),
(683, 1096, 244, 'opt_c', 0.00, NULL, '', '', '2025-04-05 11:07:21', NULL),
(684, 1101, 247, 'opt_b', 0.00, NULL, '', '', '2025-04-05 11:07:37', NULL),
(685, 1101, 246, 'opt_a', 0.00, NULL, '', '', '2025-04-05 11:07:37', NULL),
(686, 1106, 249, 'opt_a', 0.00, NULL, '', '', '2025-04-05 11:07:57', NULL),
(687, 1106, 248, 'opt_a', 0.00, NULL, '', '', '2025-04-05 11:07:57', NULL),
(688, 1111, 251, 'opt_b', 0.00, NULL, '', '', '2025-04-05 11:08:12', NULL),
(689, 1111, 250, 'opt_b', 0.00, NULL, '', '', '2025-04-05 11:08:12', NULL),
(690, 1121, 253, 'opt_a', 0.00, NULL, '', '', '2025-04-05 11:08:28', NULL),
(691, 1121, 252, 'opt_b', 0.00, NULL, '', '', '2025-04-05 11:08:28', NULL),
(692, 1116, 256, 'opt_b', 0.00, NULL, '', '', '2025-04-05 11:08:51', NULL),
(693, 1116, 254, 'opt_a', 0.00, NULL, '', '', '2025-04-05 11:08:51', NULL),
(694, 1141, 267, 'opt_a', 0.00, NULL, '', '', '2025-04-05 11:09:20', NULL),
(695, 1141, 266, 'opt_b', 0.00, NULL, '', '', '2025-04-05 11:09:20', NULL),
(696, 1141, 267, 'opt_a', 0.00, NULL, '', '', '2025-04-05 11:09:20', NULL),
(697, 1141, 266, 'opt_b', 0.00, NULL, '', '', '2025-04-05 11:09:20', NULL),
(698, 1131, 262, 'opt_b', 0.00, NULL, '', '', '2025-04-05 11:09:38', NULL),
(699, 1131, 261, 'opt_b', 0.00, NULL, '', '', '2025-04-05 11:09:38', NULL),
(700, 1126, 259, 'opt_a', 0.00, NULL, '', '', '2025-04-05 11:09:54', NULL),
(701, 1126, 258, 'opt_a', 0.00, NULL, '', '', '2025-04-05 11:09:54', NULL),
(702, 899, 149, 'opt_a', 0.00, NULL, '', '', '2025-04-05 11:20:21', NULL),
(703, 899, 148, 'opt_a', 0.00, NULL, '', '', '2025-04-05 11:20:21', NULL),
(704, 904, 151, '[\"opt_a\"]', 0.00, NULL, '', '', '2025-04-05 11:20:41', NULL),
(705, 904, 150, 'opt_c', 0.00, NULL, '', '', '2025-04-05 11:20:41', NULL),
(706, 909, 155, 'opt_b', 0.00, NULL, '', '', '2025-04-05 11:20:58', NULL),
(707, 909, 154, 'opt_b', 0.00, NULL, '', '', '2025-04-05 11:20:58', NULL),
(708, 924, 157, 'opt_a', 0.00, NULL, '', '', '2025-04-05 11:22:28', NULL),
(709, 924, 156, 'opt_b', 0.00, NULL, '', '', '2025-04-05 11:22:28', NULL),
(710, 914, 163, 'opt_c', 0.00, NULL, '', '', '2025-04-05 11:22:53', NULL),
(711, 914, 162, 'opt_a', 0.00, NULL, '', '', '2025-04-05 11:22:53', NULL),
(712, 949, 176, 'opt_c', 0.00, NULL, '', '', '2025-04-05 11:23:35', NULL),
(713, 949, 174, 'opt_a', 0.00, NULL, '', '', '2025-04-05 11:23:35', NULL),
(714, 944, 169, 'opt_a', 0.00, NULL, '', '', '2025-04-05 11:23:54', NULL),
(715, 944, 168, 'opt_b', 0.00, NULL, '', '', '2025-04-05 11:23:54', NULL),
(716, 939, 171, 'opt_a', 0.00, NULL, '', '', '2025-04-05 11:24:16', NULL),
(717, 939, 170, 'opt_a', 0.00, NULL, '', '', '2025-04-05 11:24:16', NULL),
(718, 969, 182, 'opt_b', 0.00, NULL, '', '', '2025-04-05 11:25:01', NULL),
(719, 969, 181, 'opt_b', 0.00, NULL, '', '', '2025-04-05 11:25:01', NULL),
(720, 964, 184, 'opt_b', 0.00, NULL, '', '', '2025-04-05 11:25:56', NULL),
(721, 964, 183, 'opt_a', 0.00, NULL, '', '', '2025-04-05 11:25:56', NULL),
(722, 959, 180, 'opt_a', 0.00, NULL, '', '', '2025-04-05 11:26:22', NULL),
(723, 959, 179, 'opt_c', 0.00, NULL, '', '', '2025-04-05 11:26:22', NULL),
(724, 954, 178, 'opt_b', 0.00, NULL, '', '', '2025-04-05 11:26:42', NULL),
(725, 954, 177, 'opt_a', 0.00, NULL, '', '', '2025-04-05 11:26:42', NULL),
(726, 989, 193, 'opt_a', 0.00, NULL, '', '', '2025-04-05 11:27:14', NULL),
(727, 989, 192, 'opt_a', 0.00, NULL, '', '', '2025-04-05 11:27:14', NULL),
(728, 979, 189, 'opt_a', 0.00, NULL, '', '', '2025-04-05 11:27:39', NULL),
(729, 979, 188, 'opt_c', 0.00, NULL, '', '', '2025-04-05 11:27:39', NULL),
(730, 984, 191, 'opt_b', 0.00, NULL, '', '', '2025-04-05 11:28:10', NULL),
(731, 984, 190, 'opt_b', 0.00, NULL, '', '', '2025-04-05 11:28:10', NULL),
(732, 999, 197, 'opt_a', 0.00, NULL, '', '', '2025-04-05 11:28:40', NULL),
(733, 999, 196, 'opt_a', 0.00, NULL, '', '', '2025-04-05 11:28:40', NULL),
(734, 1009, 201, 'opt_b', 0.00, NULL, '', '', '2025-04-05 11:29:08', NULL),
(735, 1009, 200, 'opt_a', 0.00, NULL, '', '', '2025-04-05 11:29:08', NULL),
(736, 1019, 205, 'opt_a', 0.00, NULL, '', '', '2025-04-05 11:30:34', NULL),
(737, 1019, 204, 'opt_a', 0.00, NULL, '', '', '2025-04-05 11:30:34', NULL),
(738, 1024, 210, 'opt_b', 0.00, NULL, '', '', '2025-04-05 11:31:04', NULL),
(739, 1024, 209, 'opt_a', 0.00, NULL, '', '', '2025-04-05 11:31:04', NULL),
(740, 1029, 208, 'opt_a', 0.00, NULL, '', '', '2025-04-05 11:31:55', NULL),
(741, 1029, 207, 'opt_c', 0.00, NULL, '', '', '2025-04-05 11:31:55', NULL),
(742, 1039, 214, 'opt_b', 0.00, NULL, '', '', '2025-04-05 11:33:19', NULL),
(743, 1039, 213, 'opt_b', 0.00, NULL, '', '', '2025-04-05 11:33:19', NULL),
(744, 1055, 222, 'opt_a', 0.00, NULL, '', '', '2025-04-05 11:33:48', NULL),
(745, 1055, 221, 'opt_a', 0.00, NULL, '', '', '2025-04-05 11:33:48', NULL),
(746, 1060, 224, 'opt_a', 0.00, NULL, '', '', '2025-04-05 11:35:01', NULL),
(747, 1060, 223, 'opt_c', 0.00, NULL, '', '', '2025-04-05 11:35:01', NULL),
(748, 1075, 231, 'opt_a', 0.00, NULL, '', '', '2025-04-05 11:35:35', NULL),
(749, 1075, 230, 'opt_a', 0.00, NULL, '', '', '2025-04-05 11:35:35', NULL),
(750, 1150, 269, 'opt_b', 0.00, NULL, '', '', '2025-04-05 11:36:00', NULL),
(751, 1150, 268, 'opt_a', 0.00, NULL, '', '', '2025-04-05 11:36:00', NULL),
(752, 1090, 240, 'opt_a', 0.00, NULL, '', '', '2025-04-05 11:36:27', NULL),
(753, 1090, 239, 'opt_a', 0.00, NULL, '', '', '2025-04-05 11:36:27', NULL),
(754, 1095, 242, 'opt_b', 0.00, NULL, '', '', '2025-04-05 11:36:45', NULL),
(755, 1095, 241, 'opt_b', 0.00, NULL, '', '', '2025-04-05 11:36:45', NULL),
(756, 1100, 245, 'opt_a', 0.00, NULL, '', '', '2025-04-05 11:37:30', NULL),
(757, 1100, 244, 'opt_c', 0.00, NULL, '', '', '2025-04-05 11:37:30', NULL),
(758, 1105, 247, 'opt_b', 0.00, NULL, '', '', '2025-04-05 11:38:02', NULL),
(759, 1105, 246, 'opt_a', 0.00, NULL, '', '', '2025-04-05 11:38:02', NULL),
(760, 1110, 249, 'opt_a', 0.00, NULL, '', '', '2025-04-05 11:38:31', NULL),
(761, 1110, 248, 'opt_a', 0.00, NULL, '', '', '2025-04-05 11:38:31', NULL),
(762, 1115, 251, 'opt_b', 0.00, NULL, '', '', '2025-04-05 11:38:48', NULL),
(763, 1115, 250, 'opt_b', 0.00, NULL, '', '', '2025-04-05 11:38:48', NULL),
(764, 1125, 253, 'opt_a', 0.00, NULL, '', '', '2025-04-05 11:39:05', NULL),
(765, 1125, 252, 'opt_b', 0.00, NULL, '', '', '2025-04-05 11:39:05', NULL),
(766, 1120, 256, 'opt_b', 0.00, NULL, '', '', '2025-04-05 11:39:35', NULL),
(767, 1120, 254, 'opt_a', 0.00, NULL, '', '', '2025-04-05 11:39:35', NULL),
(768, 1130, 259, 'opt_a', 0.00, NULL, '', '', '2025-04-05 11:40:00', NULL),
(769, 1130, 258, 'opt_a', 0.00, NULL, '', '', '2025-04-05 11:40:00', NULL),
(770, 1135, 262, 'opt_a', 0.00, NULL, '', '', '2025-04-05 11:40:22', NULL),
(771, 1135, 261, 'opt_b', 0.00, NULL, '', '', '2025-04-05 11:40:22', NULL),
(772, 1140, 265, 'opt_a', 0.00, NULL, '', '', '2025-04-05 11:40:43', NULL),
(773, 1140, 264, 'opt_c', 0.00, NULL, '', '', '2025-04-05 11:40:43', NULL),
(774, 1145, 267, 'opt_a', 0.00, NULL, '', '', '2025-04-05 11:40:59', NULL),
(775, 1145, 266, 'opt_b', 0.00, NULL, '', '', '2025-04-05 11:40:59', NULL),
(776, 906, 155, 'opt_b', 0.00, NULL, '', '', '2025-04-05 11:57:28', NULL),
(777, 906, 154, 'opt_a', 0.00, NULL, '', '', '2025-04-05 11:57:28', NULL),
(778, 906, 153, '[\"opt_b\"]', 0.00, NULL, '', '', '2025-04-05 11:57:28', NULL),
(779, 906, 152, 'true', 0.00, NULL, '', '', '2025-04-05 11:57:28', NULL),
(780, 901, 151, '[\"opt_a\"]', 0.00, NULL, '', '', '2025-04-05 11:57:51', NULL),
(781, 901, 150, 'opt_c', 0.00, NULL, '', '', '2025-04-05 11:57:51', NULL),
(782, 895, 149, 'opt_a', 0.00, NULL, '', '', '2025-04-05 11:58:13', NULL),
(783, 895, 148, 'opt_a', 0.00, NULL, '', '', '2025-04-05 11:58:13', NULL),
(784, 921, 157, 'opt_a', 0.00, NULL, '', '', '2025-04-05 11:59:36', NULL),
(785, 921, 156, 'opt_b', 0.00, NULL, '', '', '2025-04-05 11:59:36', NULL),
(786, 941, 169, 'opt_a', 0.00, NULL, '', '', '2025-04-05 12:00:28', NULL),
(787, 941, 168, 'opt_b', 0.00, NULL, '', '', '2025-04-05 12:00:28', NULL),
(788, 946, 176, 'opt_b', 0.00, NULL, '', '', '2025-04-05 12:00:53', NULL),
(789, 946, 174, 'opt_a', 0.00, NULL, '', '', '2025-04-05 12:00:53', NULL),
(790, 966, 182, 'opt_a', 0.00, NULL, '', '', '2025-04-05 12:01:30', NULL),
(791, 966, 181, 'opt_b', 0.00, NULL, '', '', '2025-04-05 12:01:30', NULL),
(792, 961, 184, 'opt_a', 0.00, NULL, '', '', '2025-04-05 12:02:04', NULL),
(793, 961, 183, 'opt_a', 0.00, NULL, '', '', '2025-04-05 12:02:04', NULL),
(794, 951, 178, 'opt_c', 0.00, NULL, '', '', '2025-04-05 12:02:33', NULL),
(795, 951, 177, 'opt_a', 0.00, NULL, '', '', '2025-04-05 12:02:33', NULL),
(796, 986, 193, 'opt_b', 0.00, NULL, '', '', '2025-04-05 12:03:16', NULL),
(797, 986, 192, 'opt_a', 0.00, NULL, '', '', '2025-04-05 12:03:16', NULL),
(798, 976, 189, 'opt_a', 0.00, NULL, '', '', '2025-04-05 12:03:31', NULL),
(799, 976, 188, 'opt_b', 0.00, NULL, '', '', '2025-04-05 12:03:31', NULL),
(800, 981, 191, 'opt_b', 0.00, NULL, '', '', '2025-04-05 12:04:14', NULL),
(801, 981, 190, 'opt_b', 0.00, NULL, '', '', '2025-04-05 12:04:14', NULL),
(802, 996, 197, 'opt_a', 0.00, NULL, '', '', '2025-04-05 12:04:45', NULL),
(803, 996, 196, 'opt_b', 0.00, NULL, '', '', '2025-04-05 12:04:45', NULL),
(804, 1006, 201, 'opt_b', 0.00, NULL, '', '', '2025-04-05 12:05:11', NULL),
(805, 1006, 200, 'opt_a', 0.00, NULL, '', '', '2025-04-05 12:05:11', NULL),
(806, 1016, 205, 'opt_a', 0.00, NULL, '', '', '2025-04-05 12:05:45', NULL),
(807, 1016, 204, 'opt_b', 0.00, NULL, '', '', '2025-04-05 12:05:45', NULL),
(808, 1026, 208, 'opt_a', 0.00, NULL, '', '', '2025-04-05 12:06:05', NULL),
(809, 1026, 207, 'opt_c', 0.00, NULL, '', '', '2025-04-05 12:06:05', NULL),
(810, 1021, 210, 'opt_b', 0.00, NULL, '', '', '2025-04-05 12:06:23', NULL),
(811, 1021, 209, 'opt_a', 0.00, NULL, '', '', '2025-04-05 12:06:23', NULL),
(812, 1057, 224, 'opt_a', 0.00, NULL, '', '', '2025-04-05 12:07:37', NULL),
(813, 1057, 223, 'opt_c', 0.00, NULL, '', '', '2025-04-05 12:07:37', NULL),
(814, 1052, 222, 'opt_a', 0.00, NULL, '', '', '2025-04-05 12:08:01', NULL),
(815, 1052, 221, 'opt_a', 0.00, NULL, '', '', '2025-04-05 12:08:01', NULL),
(816, 1072, 231, 'opt_a', 0.00, NULL, '', '', '2025-04-05 12:08:55', NULL),
(817, 1072, 230, 'opt_a', 0.00, NULL, '', '', '2025-04-05 12:08:55', NULL),
(818, 1147, 269, 'opt_b', 0.00, NULL, '', '', '2025-04-05 12:09:35', NULL),
(819, 1147, 268, 'opt_a', 0.00, NULL, '', '', '2025-04-05 12:09:35', NULL),
(820, 1087, 240, 'opt_a', 0.00, NULL, '', '', '2025-04-05 12:10:28', NULL),
(821, 1087, 239, 'opt_a', 0.00, NULL, '', '', '2025-04-05 12:10:28', NULL),
(822, 1092, 242, 'opt_b', 0.00, NULL, '', '', '2025-04-05 12:10:47', NULL),
(823, 1092, 241, 'opt_b', 0.00, NULL, '', '', '2025-04-05 12:10:47', NULL),
(824, 1097, 245, 'opt_a', 0.00, NULL, '', '', '2025-04-05 12:11:02', NULL),
(825, 1097, 244, 'opt_c', 0.00, NULL, '', '', '2025-04-05 12:11:02', NULL),
(826, 1102, 247, 'opt_b', 0.00, NULL, '', '', '2025-04-05 12:11:18', NULL),
(827, 1102, 246, 'opt_a', 0.00, NULL, '', '', '2025-04-05 12:11:18', NULL),
(828, 1107, 249, 'opt_a', 0.00, NULL, '', '', '2025-04-05 12:11:38', NULL),
(829, 1107, 248, 'opt_a', 0.00, NULL, '', '', '2025-04-05 12:11:38', NULL),
(830, 1112, 251, 'opt_b', 0.00, NULL, '', '', '2025-04-05 12:11:54', NULL),
(831, 1112, 250, 'opt_b', 0.00, NULL, '', '', '2025-04-05 12:11:54', NULL),
(832, 1122, 253, 'opt_a', 0.00, NULL, '', '', '2025-04-05 12:12:14', NULL),
(833, 1122, 252, 'opt_c', 0.00, NULL, '', '', '2025-04-05 12:12:14', NULL),
(834, 1117, 256, 'opt_b', 0.00, NULL, '', '', '2025-04-05 12:12:30', NULL),
(835, 1117, 254, 'opt_a', 0.00, NULL, '', '', '2025-04-05 12:12:30', NULL),
(836, 1132, 262, 'opt_b', 0.00, NULL, '', '', '2025-04-05 12:12:53', NULL),
(837, 1132, 261, 'opt_b', 0.00, NULL, '', '', '2025-04-05 12:12:53', NULL),
(838, 1137, 265, 'opt_a', 0.00, NULL, '', '', '2025-04-05 12:13:19', NULL),
(839, 1137, 264, 'opt_b', 0.00, NULL, '', '', '2025-04-05 12:13:19', NULL),
(840, 1142, 267, 'opt_a', 0.00, NULL, '', '', '2025-04-05 12:13:38', NULL),
(841, 1142, 266, 'opt_b', 0.00, NULL, '', '', '2025-04-05 12:13:38', NULL),
(842, 898, 149, 'opt_a', 0.00, NULL, '', '', '2025-04-05 12:35:29', NULL),
(843, 898, 148, 'opt_a', 0.00, NULL, '', '', '2025-04-05 12:35:29', NULL),
(844, 903, 151, '[\"opt_a\"]', 0.00, NULL, '', '', '2025-04-05 12:35:45', NULL),
(845, 903, 150, 'opt_a', 0.00, NULL, '', '', '2025-04-05 12:35:45', NULL),
(846, 908, 155, 'opt_b', 0.00, NULL, '', '', '2025-04-05 12:36:22', NULL),
(847, 908, 154, 'opt_b', 0.00, NULL, '', '', '2025-04-05 12:36:22', NULL),
(848, 908, 153, '[\"opt_b\"]', 0.00, NULL, '', '', '2025-04-05 12:36:22', NULL),
(849, 908, 152, 'true', 0.00, NULL, '', '', '2025-04-05 12:36:22', NULL),
(850, 923, 157, 'opt_a', 0.00, NULL, '', '', '2025-04-05 12:37:39', NULL),
(851, 923, 156, 'opt_b', 0.00, NULL, '', '', '2025-04-05 12:37:39', NULL),
(852, 943, 169, 'opt_b', 0.00, NULL, '', '', '2025-04-05 12:38:38', NULL),
(853, 943, 168, 'opt_b', 0.00, NULL, '', '', '2025-04-05 12:38:38', NULL),
(854, 938, 171, 'opt_a', 0.00, NULL, '', '', '2025-04-05 12:38:59', NULL),
(855, 938, 170, 'opt_a', 0.00, NULL, '', '', '2025-04-05 12:38:59', NULL),
(856, 948, 176, 'opt_c', 0.00, NULL, '', '', '2025-04-05 12:39:55', NULL),
(857, 948, 174, 'opt_a', 0.00, NULL, '', '', '2025-04-05 12:39:55', NULL),
(858, 968, 182, 'opt_b', 0.00, NULL, '', '', '2025-04-05 12:40:37', NULL),
(859, 968, 181, 'opt_b', 0.00, NULL, '', '', '2025-04-05 12:40:37', NULL),
(860, 963, 184, 'opt_a', 0.00, NULL, '', '', '2025-04-05 12:47:19', NULL),
(861, 963, 183, 'opt_a', 0.00, NULL, '', '', '2025-04-05 12:47:19', NULL),
(862, 973, 187, 'opt_a', 0.00, NULL, '', '', '2025-04-05 12:48:07', NULL),
(863, 973, 186, 'opt_a', 0.00, NULL, '', '', '2025-04-05 12:48:07', NULL),
(864, 978, 189, 'opt_a', 0.00, NULL, '', '', '2025-04-05 12:48:41', NULL),
(865, 978, 188, 'opt_b', 0.00, NULL, '', '', '2025-04-05 12:48:41', NULL),
(866, 998, 197, 'opt_a', 0.00, NULL, '', '', '2025-04-05 12:49:16', NULL),
(867, 998, 196, 'opt_a', 0.00, NULL, '', '', '2025-04-05 12:49:16', NULL),
(868, 1003, 199, 'opt_a', 0.00, NULL, '', '', '2025-04-05 12:49:33', NULL),
(869, 1003, 198, 'opt_b', 0.00, NULL, '', '', '2025-04-05 12:49:33', NULL),
(870, 983, 191, 'opt_c', 0.00, NULL, '', '', '2025-04-05 12:49:50', NULL),
(871, 983, 190, 'opt_b', 0.00, NULL, '', '', '2025-04-05 12:49:50', NULL),
(872, 1008, 201, 'opt_b', 0.00, NULL, '', '', '2025-04-05 12:50:27', NULL),
(873, 1008, 200, 'opt_a', 0.00, NULL, '', '', '2025-04-05 12:50:27', NULL),
(874, 1028, 208, 'opt_a', 0.00, NULL, '', '', '2025-04-05 12:50:54', NULL),
(875, 1028, 207, 'opt_c', 0.00, NULL, '', '', '2025-04-05 12:50:54', NULL),
(876, 1023, 210, 'opt_b', 0.00, NULL, '', '', '2025-04-05 12:51:13', NULL),
(877, 1023, 209, 'opt_a', 0.00, NULL, '', '', '2025-04-05 12:51:13', NULL),
(878, 1054, 222, 'opt_a', 0.00, NULL, '', '', '2025-04-05 12:52:00', NULL),
(879, 1054, 221, 'opt_a', 0.00, NULL, '', '', '2025-04-05 12:52:00', NULL),
(880, 1059, 224, 'opt_a', 0.00, NULL, '', '', '2025-04-05 12:52:36', NULL),
(881, 1059, 223, 'opt_c', 0.00, NULL, '', '', '2025-04-05 12:52:36', NULL),
(882, 1074, 231, 'opt_a', 0.00, NULL, '', '', '2025-04-05 12:52:57', NULL),
(883, 1074, 230, 'opt_a', 0.00, NULL, '', '', '2025-04-05 12:52:57', NULL),
(884, 1079, 234, 'opt_b', 0.00, NULL, '', '', '2025-04-05 12:53:22', NULL),
(885, 1079, 233, 'opt_b', 0.00, NULL, '', '', '2025-04-05 12:53:22', NULL),
(886, 1149, 269, 'opt_b', 0.00, NULL, '', '', '2025-04-05 12:53:41', NULL),
(887, 1149, 268, 'opt_a', 0.00, NULL, '', '', '2025-04-05 12:53:41', NULL),
(888, 1089, 240, 'opt_a', 0.00, NULL, '', '', '2025-04-05 12:54:11', NULL),
(889, 1089, 239, 'opt_a', 0.00, NULL, '', '', '2025-04-05 12:54:11', NULL),
(890, 1094, 242, 'opt_b', 0.00, NULL, '', '', '2025-04-05 12:54:39', NULL),
(891, 1094, 241, 'opt_c', 0.00, NULL, '', '', '2025-04-05 12:54:39', NULL),
(892, 1099, 245, 'opt_a', 0.00, NULL, '', '', '2025-04-05 12:54:55', NULL),
(893, 1099, 244, 'opt_c', 0.00, NULL, '', '', '2025-04-05 12:54:55', NULL),
(894, 1104, 247, 'opt_b', 0.00, NULL, '', '', '2025-04-05 12:55:15', NULL),
(895, 1104, 246, 'opt_a', 0.00, NULL, '', '', '2025-04-05 12:55:15', NULL),
(896, 1109, 249, 'opt_a', 0.00, NULL, '', '', '2025-04-05 12:55:31', NULL),
(897, 1109, 248, 'opt_a', 0.00, NULL, '', '', '2025-04-05 12:55:31', NULL),
(898, 1114, 251, 'opt_b', 0.00, NULL, '', '', '2025-04-05 12:55:50', NULL),
(899, 1114, 250, 'opt_b', 0.00, NULL, '', '', '2025-04-05 12:55:50', NULL),
(900, 1124, 253, 'opt_a', 0.00, NULL, '', '', '2025-04-05 12:56:16', NULL),
(901, 1124, 252, 'opt_c', 0.00, NULL, '', '', '2025-04-05 12:56:16', NULL),
(902, 1119, 256, 'opt_b', 0.00, NULL, '', '', '2025-04-05 12:56:37', NULL),
(903, 1119, 254, 'opt_a', 0.00, NULL, '', '', '2025-04-05 12:56:37', NULL),
(904, 1129, 259, 'opt_b', 0.00, NULL, '', '', '2025-04-05 12:57:01', NULL),
(905, 1129, 258, 'opt_a', 0.00, NULL, '', '', '2025-04-05 12:57:01', NULL),
(906, 1134, 262, 'opt_b', 0.00, NULL, '', '', '2025-04-05 12:57:45', NULL),
(907, 1134, 261, 'opt_b', 0.00, NULL, '', '', '2025-04-05 12:57:45', NULL),
(908, 1225, 311, 'opt_b', 0.00, NULL, '', '', '2025-04-15 15:50:42', NULL),
(909, 1228, 312, 'opt_b', 0.00, NULL, '', '', '2025-05-06 11:35:29', NULL),
(910, 1229, 323, 'opt_a', 0.00, NULL, '', '', '2025-05-06 12:36:17', NULL),
(911, 1229, 322, 'opt_b', 0.00, NULL, '', '', '2025-05-06 12:36:17', NULL),
(912, 1229, 321, 'opt_b', 0.00, NULL, '', '', '2025-05-06 12:36:17', NULL),
(913, 1229, 320, 'opt_a', 0.00, NULL, '', '', '2025-05-06 12:36:17', NULL),
(914, 1229, 319, 'opt_b', 0.00, NULL, '', '', '2025-05-06 12:36:17', NULL),
(915, 1229, 317, 'opt_b', 0.00, NULL, '', '', '2025-05-06 12:36:17', NULL),
(916, 1229, 316, 'opt_b', 0.00, NULL, '', '', '2025-05-06 12:36:17', NULL),
(917, 1229, 315, 'opt_b', 0.00, NULL, '', '', '2025-05-06 12:36:17', NULL),
(918, 1229, 314, 'opt_b', 0.00, NULL, '', '', '2025-05-06 12:36:17', NULL),
(919, 1229, 313, 'opt_b', 0.00, NULL, '', '', '2025-05-06 12:36:17', NULL),
(920, 1229, 312, 'opt_b', 0.00, NULL, '', '', '2025-05-06 12:36:17', NULL),
(921, 1230, 323, 'opt_a', 0.00, NULL, '', '', '2025-05-06 12:38:42', NULL),
(922, 1230, 322, 'opt_b', 0.00, NULL, '', '', '2025-05-06 12:38:42', NULL),
(923, 1230, 321, 'opt_b', 0.00, NULL, '', '', '2025-05-06 12:38:42', NULL),
(924, 1230, 320, 'opt_b', 0.00, NULL, '', '', '2025-05-06 12:38:42', NULL),
(925, 1230, 319, 'opt_a', 0.00, NULL, '', '', '2025-05-06 12:38:42', NULL),
(926, 1230, 317, 'opt_c', 0.00, NULL, '', '', '2025-05-06 12:38:42', NULL),
(927, 1230, 316, 'opt_c', 0.00, NULL, '', '', '2025-05-06 12:38:42', NULL),
(928, 1230, 315, 'opt_b', 0.00, NULL, '', '', '2025-05-06 12:38:42', NULL),
(929, 1230, 313, 'opt_c', 0.00, NULL, '', '', '2025-05-06 12:38:42', NULL),
(930, 1230, 312, 'opt_b', 0.00, NULL, '', '', '2025-05-06 12:38:42', NULL),
(931, 1227, 323, 'opt_a', 0.00, NULL, '', '', '2025-05-06 12:41:18', NULL),
(932, 1227, 322, 'opt_a', 0.00, NULL, '', '', '2025-05-06 12:41:18', NULL),
(933, 1227, 321, 'opt_b', 0.00, NULL, '', '', '2025-05-06 12:41:18', NULL),
(934, 1227, 320, 'opt_b', 0.00, NULL, '', '', '2025-05-06 12:41:18', NULL),
(935, 1227, 319, 'opt_b', 0.00, NULL, '', '', '2025-05-06 12:41:18', NULL),
(936, 1227, 317, 'opt_b', 0.00, NULL, '', '', '2025-05-06 12:41:18', NULL),
(937, 1227, 316, 'opt_a', 0.00, NULL, '', '', '2025-05-06 12:41:18', NULL),
(938, 1227, 315, 'opt_b', 0.00, NULL, '', '', '2025-05-06 12:41:18', NULL),
(939, 1227, 314, 'opt_b', 0.00, NULL, '', '', '2025-05-06 12:41:18', NULL),
(940, 1227, 313, 'opt_b', 0.00, NULL, '', '', '2025-05-06 12:41:18', NULL),
(941, 1227, 312, 'opt_b', 0.00, NULL, '', '', '2025-05-06 12:41:18', NULL),
(942, 1226, 323, 'opt_a', 0.00, NULL, '', '', '2025-05-06 12:43:26', NULL),
(943, 1226, 322, 'opt_b', 0.00, NULL, '', '', '2025-05-06 12:43:26', NULL),
(944, 1226, 321, 'opt_b', 0.00, NULL, '', '', '2025-05-06 12:43:26', NULL),
(945, 1226, 320, 'opt_b', 0.00, NULL, '', '', '2025-05-06 12:43:26', NULL),
(946, 1226, 319, 'opt_b', 0.00, NULL, '', '', '2025-05-06 12:43:26', NULL),
(947, 1226, 317, 'opt_b', 0.00, NULL, '', '', '2025-05-06 12:43:26', NULL),
(948, 1226, 316, 'opt_b', 0.00, NULL, '', '', '2025-05-06 12:43:26', NULL),
(949, 1226, 315, 'opt_b', 0.00, NULL, '', '', '2025-05-06 12:43:26', NULL),
(950, 1226, 314, 'opt_b', 0.00, NULL, '', '', '2025-05-06 12:43:26', NULL),
(951, 1226, 313, 'opt_b', 0.00, NULL, '', '', '2025-05-06 12:43:26', NULL),
(952, 1226, 312, 'opt_b', 0.00, NULL, '', '', '2025-05-06 12:43:26', NULL),
(953, 1238, 332, 'true', 0.00, NULL, '', '', '2025-05-12 08:04:11', NULL),
(954, 1238, 331, 'opt_a', 0.00, NULL, '', '', '2025-05-12 08:04:11', NULL),
(955, 1238, 330, 'opt_c', 0.00, NULL, '', '', '2025-05-12 08:04:11', NULL),
(956, 1238, 329, 'opt_a', 0.00, NULL, '', '', '2025-05-12 08:04:11', NULL),
(957, 1235, 327, 'opt_a', 0.00, NULL, '', '', '2025-05-12 08:11:00', NULL),
(958, 1235, 326, 'opt_a', 0.00, NULL, '', '', '2025-05-12 08:11:00', NULL),
(959, 1235, 325, 'opt_a', 0.00, NULL, '', '', '2025-05-12 08:11:00', NULL),
(960, 1235, 324, 'opt_c', 0.00, NULL, '', '', '2025-05-12 08:11:00', NULL);

-- --------------------------------------------------------

--
-- Table structure for table `online_admissions`
--

CREATE TABLE `online_admissions` (
  `id` int(11) NOT NULL,
  `admission_no` varchar(100) DEFAULT NULL,
  `roll_no` varchar(100) DEFAULT NULL,
  `reference_no` varchar(50) NOT NULL,
  `admission_date` date DEFAULT NULL,
  `firstname` varchar(100) DEFAULT NULL,
  `middlename` varchar(255) NOT NULL,
  `lastname` varchar(100) DEFAULT NULL,
  `rte` varchar(20) NOT NULL DEFAULT 'No',
  `image` varchar(255) DEFAULT NULL,
  `mobileno` varchar(100) DEFAULT NULL,
  `email` varchar(100) DEFAULT NULL,
  `state` varchar(100) DEFAULT NULL,
  `city` varchar(100) DEFAULT NULL,
  `pincode` varchar(100) DEFAULT NULL,
  `religion` varchar(100) DEFAULT NULL,
  `cast` varchar(50) NOT NULL,
  `dob` date DEFAULT NULL,
  `gender` varchar(100) DEFAULT NULL,
  `current_address` text DEFAULT NULL,
  `permanent_address` text DEFAULT NULL,
  `category_id` int(11) DEFAULT NULL,
  `class_section_id` int(11) DEFAULT NULL,
  `route_id` int(11) NOT NULL,
  `school_house_id` int(11) DEFAULT NULL,
  `blood_group` varchar(200) NOT NULL,
  `vehroute_id` int(11) NOT NULL,
  `hostel_room_id` int(11) DEFAULT NULL,
  `adhar_no` varchar(100) DEFAULT NULL,
  `samagra_id` varchar(100) DEFAULT NULL,
  `bank_account_no` varchar(100) DEFAULT NULL,
  `bank_name` varchar(100) DEFAULT NULL,
  `ifsc_code` varchar(100) DEFAULT NULL,
  `guardian_is` varchar(100) NOT NULL,
  `father_name` varchar(100) DEFAULT NULL,
  `father_phone` varchar(100) DEFAULT NULL,
  `father_occupation` varchar(100) DEFAULT NULL,
  `mother_name` varchar(100) DEFAULT NULL,
  `mother_phone` varchar(100) DEFAULT NULL,
  `mother_occupation` varchar(100) DEFAULT NULL,
  `guardian_name` varchar(100) DEFAULT NULL,
  `guardian_relation` varchar(100) DEFAULT NULL,
  `guardian_phone` varchar(100) DEFAULT NULL,
  `guardian_occupation` varchar(150) NOT NULL,
  `guardian_address` text DEFAULT NULL,
  `guardian_email` varchar(100) NOT NULL,
  `father_pic` varchar(255) NOT NULL,
  `mother_pic` varchar(255) NOT NULL,
  `guardian_pic` varchar(255) NOT NULL,
  `is_enroll` int(11) DEFAULT 0,
  `previous_school` text DEFAULT NULL,
  `height` varchar(100) NOT NULL,
  `weight` varchar(100) NOT NULL,
  `note` text NOT NULL,
  `form_status` int(11) NOT NULL,
  `paid_status` int(11) NOT NULL,
  `measurement_date` date DEFAULT NULL,
  `app_key` text DEFAULT NULL,
  `document` text DEFAULT NULL,
  `submit_date` date DEFAULT NULL,
  `disable_at` date DEFAULT NULL,
  `created_at` timestamp NOT NULL DEFAULT current_timestamp() ON UPDATE current_timestamp(),
  `updated_at` date DEFAULT NULL
) ENGINE=InnoDB DEFAULT CHARSET=utf8 COLLATE=utf8_general_ci;

-- --------------------------------------------------------

--
-- Table structure for table `online_admission_custom_field_value`
--

CREATE TABLE `online_admission_custom_field_value` (
  `id` int(11) NOT NULL,
  `belong_table_id` int(11) DEFAULT NULL,
  `custom_field_id` int(11) DEFAULT NULL,
  `field_value` longtext NOT NULL,
  `created_at` timestamp NOT NULL DEFAULT current_timestamp() ON UPDATE current_timestamp(),
  `updated_at` date DEFAULT NULL
) ENGINE=InnoDB DEFAULT CHARSET=utf8 COLLATE=utf8_general_ci;

-- --------------------------------------------------------

--
-- Table structure for table `online_admission_fields`
--

CREATE TABLE `online_admission_fields` (
  `id` int(11) NOT NULL,
  `name` varchar(250) DEFAULT NULL,
  `status` int(11) DEFAULT NULL,
  `created_at` timestamp NOT NULL DEFAULT current_timestamp() ON UPDATE current_timestamp()
) ENGINE=InnoDB DEFAULT CHARSET=utf8 COLLATE=utf8_general_ci;

--
-- Dumping data for table `online_admission_fields`
--

INSERT INTO `online_admission_fields` (`id`, `name`, `status`, `created_at`) VALUES
(1, 'middlename', 0, '2021-05-28 10:29:23'),
(2, 'lastname', 1, '2021-06-02 04:49:19'),
(3, 'category', 0, '2021-06-02 04:48:35'),
(4, 'religion', 0, '2021-06-02 04:48:35'),
(5, 'cast', 0, '2021-06-02 04:48:35'),
(6, 'mobile_no', 1, '2021-06-02 04:50:24'),
(7, 'admission_date', 0, '2021-06-02 04:48:35'),
(8, 'student_photo', 0, '2021-06-02 04:48:35'),
(9, 'is_student_house', 0, '2021-05-29 13:22:53'),
(10, 'is_blood_group', 0, '2021-06-02 04:48:35'),
(11, 'student_height', 0, '2021-06-02 04:48:35'),
(12, 'student_weight', 0, '2021-06-02 04:48:35'),
(13, 'father_name', 0, '2021-06-02 04:48:35'),
(14, 'father_phone', 0, '2021-06-02 04:48:35'),
(15, 'father_occupation', 0, '2021-06-02 04:48:35'),
(16, 'father_pic', 0, '2021-06-02 04:48:35'),
(17, 'mother_name', 0, '2021-06-02 04:48:35'),
(18, 'mother_phone', 0, '2021-06-02 04:48:35'),
(19, 'mother_occupation', 0, '2021-06-02 04:48:35'),
(20, 'mother_pic', 0, '2021-06-02 04:48:35'),
(21, 'guardian_name', 1, '2021-06-02 04:50:54'),
(22, 'guardian_phone', 1, '2021-06-02 04:50:54'),
(23, 'if_guardian_is', 1, '2021-06-02 04:50:54'),
(24, 'guardian_relation', 1, '2021-06-02 04:50:54'),
(25, 'guardian_email', 1, '2021-06-02 04:51:35'),
(26, 'guardian_occupation', 1, '2021-06-02 04:51:26'),
(27, 'guardian_address', 1, '2021-06-02 04:51:31'),
(28, 'bank_account_no', 0, '2021-06-02 04:48:35'),
(29, 'bank_name', 0, '2021-06-02 04:48:35'),
(30, 'ifsc_code', 0, '2021-06-02 04:48:35'),
(31, 'national_identification_no', 0, '2021-06-02 04:48:35'),
(32, 'local_identification_no', 0, '2021-06-02 04:48:35'),
(33, 'rte', 0, '2021-06-02 04:48:35'),
(34, 'previous_school_details', 0, '2021-06-02 04:48:35'),
(35, 'guardian_photo', 1, '2021-06-02 04:51:29'),
(36, 'student_note', 0, '2021-06-02 04:55:08'),
(37, 'measurement_date', 0, '2021-06-02 04:48:35'),
(38, 'student_email', 1, '2021-06-02 04:49:38'),
(39, 'current_address', 0, '2021-06-02 04:48:35'),
(40, 'permanent_address', 0, '2021-06-02 04:48:35'),
(41, 'upload_documents', 1, '2022-09-20 08:00:32');

-- --------------------------------------------------------

--
-- Table structure for table `online_admission_payment`
--

CREATE TABLE `online_admission_payment` (
  `id` int(11) NOT NULL,
  `online_admission_id` int(11) NOT NULL,
  `paid_amount` float(10,2) NOT NULL,
  `payment_mode` varchar(50) NOT NULL,
  `payment_type` varchar(100) NOT NULL,
  `transaction_id` varchar(100) NOT NULL,
  `note` varchar(100) NOT NULL,
  `date` datetime NOT NULL
) ENGINE=InnoDB DEFAULT CHARSET=utf8 COLLATE=utf8_general_ci;

-- --------------------------------------------------------

--
-- Table structure for table `payment_settings`
--

CREATE TABLE `payment_settings` (
  `id` int(11) NOT NULL,
  `payment_type` varchar(200) NOT NULL,
  `api_username` varchar(200) DEFAULT NULL,
  `api_secret_key` varchar(200) NOT NULL,
  `salt` varchar(200) NOT NULL,
  `api_publishable_key` varchar(200) NOT NULL,
  `api_password` varchar(200) DEFAULT NULL,
  `api_signature` varchar(200) DEFAULT NULL,
  `api_email` varchar(200) DEFAULT NULL,
  `paypal_demo` varchar(100) NOT NULL,
  `account_no` varchar(200) NOT NULL,
  `is_active` varchar(255) DEFAULT 'no',
  `gateway_mode` int(11) NOT NULL COMMENT '0 Testing, 1 live',
  `paytm_website` varchar(255) NOT NULL,
  `paytm_industrytype` varchar(255) NOT NULL,
  `created_at` timestamp NOT NULL DEFAULT current_timestamp() ON UPDATE current_timestamp(),
  `updated_at` date DEFAULT NULL
) ENGINE=InnoDB DEFAULT CHARSET=utf8 COLLATE=utf8_general_ci;

-- --------------------------------------------------------

--
-- Table structure for table `payslip_allowance`
--

CREATE TABLE `payslip_allowance` (
  `id` int(11) NOT NULL,
  `payslip_id` int(11) NOT NULL,
  `allowance_type` varchar(200) NOT NULL,
  `amount` float NOT NULL,
  `staff_id` int(11) NOT NULL,
  `cal_type` varchar(100) NOT NULL
) ENGINE=InnoDB DEFAULT CHARSET=utf8 COLLATE=utf8_general_ci;

--
-- Dumping data for table `payslip_allowance`
--

INSERT INTO `payslip_allowance` (`id`, `payslip_id`, `allowance_type`, `amount`, `staff_id`, `cal_type`) VALUES
(1, 1, 'Salary', 40000, 2, 'positive'),
(2, 1, 'Leaves', 1000, 2, 'negative');

-- --------------------------------------------------------

--
-- Table structure for table `permission_category`
--

CREATE TABLE `permission_category` (
  `id` int(11) NOT NULL,
  `perm_group_id` int(11) DEFAULT NULL,
  `name` varchar(100) DEFAULT NULL,
  `short_code` varchar(100) DEFAULT NULL,
  `enable_view` int(11) DEFAULT 0,
  `enable_add` int(11) DEFAULT 0,
  `enable_edit` int(11) DEFAULT 0,
  `enable_delete` int(11) DEFAULT 0,
  `created_at` timestamp NOT NULL DEFAULT current_timestamp() ON UPDATE current_timestamp()
) ENGINE=InnoDB DEFAULT CHARSET=utf8 COLLATE=utf8_general_ci;

--
-- Dumping data for table `permission_category`
--

INSERT INTO `permission_category` (`id`, `perm_group_id`, `name`, `short_code`, `enable_view`, `enable_add`, `enable_edit`, `enable_delete`, `created_at`) VALUES
(1, 1, 'Student', 'student', 1, 1, 1, 1, '2019-10-24 05:42:03'),
(2, 1, 'Import Student', 'import_student', 1, 0, 0, 0, '2018-06-22 10:17:19'),
(3, 1, 'Student Categories', 'student_categories', 1, 1, 1, 1, '2018-06-22 10:17:36'),
(4, 1, 'Student Houses', 'student_houses', 1, 1, 1, 1, '2018-06-22 10:17:53'),
(5, 2, 'Collect Fees', 'collect_fees', 1, 1, 0, 1, '2018-06-22 10:21:03'),
(6, 2, 'Fees Carry Forward', 'fees_carry_forward', 1, 0, 0, 0, '2018-06-27 00:18:15'),
(7, 2, 'Fees Master', 'fees_master', 1, 1, 1, 1, '2018-06-27 00:18:57'),
(8, 2, 'Fees Group', 'fees_group', 1, 1, 1, 1, '2018-06-22 10:21:46'),
(9, 3, 'Income', 'income', 1, 1, 1, 1, '2018-06-22 10:23:21'),
(10, 3, 'Income Head', 'income_head', 1, 1, 1, 1, '2018-06-22 10:22:44'),
(11, 3, 'Search Income', 'search_income', 1, 0, 0, 0, '2018-06-22 10:23:00'),
(12, 4, 'Expense', 'expense', 1, 1, 1, 1, '2018-06-22 10:24:06'),
(13, 4, 'Expense Head', 'expense_head', 1, 1, 1, 1, '2018-06-22 10:23:47'),
(14, 4, 'Search Expense', 'search_expense', 1, 0, 0, 0, '2018-06-22 10:24:13'),
(15, 5, 'Student / Period Attendance', 'student_attendance', 1, 1, 1, 0, '2019-11-29 01:19:05'),
(20, 6, 'Marks Grade', 'marks_grade', 1, 1, 1, 1, '2018-06-22 10:25:25'),
(21, 7, 'Class Timetable', 'class_timetable', 1, 0, 1, 0, '2019-11-24 03:05:17'),
(23, 7, 'Subject', 'subject', 1, 1, 1, 1, '2018-06-22 10:32:17'),
(24, 7, 'Class', 'class', 1, 1, 1, 1, '2018-06-22 10:32:35'),
(25, 7, 'Section', 'section', 1, 1, 1, 1, '2018-06-22 10:31:10'),
(26, 7, 'Promote Student', 'promote_student', 1, 0, 0, 0, '2018-06-22 10:32:47'),
(27, 8, 'Upload Content', 'upload_content', 1, 1, 0, 1, '2018-06-22 10:33:19'),
(28, 9, 'Books List', 'books', 1, 1, 1, 1, '2019-11-24 00:37:12'),
(29, 9, 'Issue Return', 'issue_return', 1, 0, 0, 0, '2019-11-24 00:37:18'),
(30, 9, 'Add Staff Member', 'add_staff_member', 1, 0, 0, 0, '2018-07-02 11:37:00'),
(31, 10, 'Issue Item', 'issue_item', 1, 1, 1, 1, '2019-11-29 06:39:27'),
(32, 10, 'Add Item Stock', 'item_stock', 1, 1, 1, 1, '2019-11-24 00:39:17'),
(33, 10, 'Add Item', 'item', 1, 1, 1, 1, '2019-11-24 00:39:39'),
(34, 10, 'Item Store', 'store', 1, 1, 1, 1, '2019-11-24 00:40:41'),
(35, 10, 'Item Supplier', 'supplier', 1, 1, 1, 1, '2019-11-24 00:40:49'),
(37, 11, 'Routes', 'routes', 1, 1, 1, 1, '2018-06-22 10:39:17'),
(38, 11, 'Vehicle', 'vehicle', 1, 1, 1, 1, '2018-06-22 10:39:36'),
(39, 11, 'Assign Vehicle', 'assign_vehicle', 1, 1, 1, 1, '2018-06-27 04:39:20'),
(40, 12, 'Hostel', 'hostel', 1, 1, 1, 1, '2018-06-22 10:40:49'),
(41, 12, 'Room Type', 'room_type', 1, 1, 1, 1, '2018-06-22 10:40:27'),
(42, 12, 'Hostel Rooms', 'hostel_rooms', 1, 1, 1, 1, '2018-06-25 06:23:03'),
(43, 13, 'Notice Board', 'notice_board', 1, 1, 1, 1, '2018-06-22 10:41:17'),
(44, 13, 'Email', 'email', 1, 0, 0, 0, '2019-11-26 05:20:37'),
(46, 13, 'Email / SMS Log', 'email_sms_log', 1, 0, 0, 0, '2018-06-22 10:41:23'),
(53, 15, 'Languages', 'languages', 0, 1, 0, 1, '2021-01-23 07:09:32'),
(54, 15, 'General Setting', 'general_setting', 1, 0, 1, 0, '2018-07-05 09:08:35'),
(55, 15, 'Session Setting', 'session_setting', 1, 1, 1, 1, '2018-06-22 10:44:15'),
(56, 15, 'Notification Setting', 'notification_setting', 1, 0, 1, 0, '2018-07-05 09:08:41'),
(57, 15, 'SMS Setting', 'sms_setting', 1, 0, 1, 0, '2018-07-05 09:08:47'),
(58, 15, 'Email Setting', 'email_setting', 1, 0, 1, 0, '2018-07-05 09:08:51'),
(59, 15, 'Front CMS Setting', 'front_cms_setting', 1, 0, 1, 0, '2018-07-05 09:08:55'),
(60, 15, 'Payment Methods', 'payment_methods', 1, 0, 1, 0, '2018-07-05 09:08:59'),
(61, 16, 'Menus', 'menus', 1, 1, 0, 1, '2018-07-09 03:50:06'),
(62, 16, 'Media Manager', 'media_manager', 1, 1, 0, 1, '2018-07-09 03:50:26'),
(63, 16, 'Banner Images', 'banner_images', 1, 1, 0, 1, '2018-06-22 10:46:02'),
(64, 16, 'Pages', 'pages', 1, 1, 1, 1, '2018-06-22 10:46:21'),
(65, 16, 'Gallery', 'gallery', 1, 1, 1, 1, '2018-06-22 10:47:02'),
(66, 16, 'Event', 'event', 1, 1, 1, 1, '2018-06-22 10:47:20'),
(67, 16, 'News', 'notice', 1, 1, 1, 1, '2018-07-03 08:39:34'),
(68, 2, 'Fees Group Assign', 'fees_group_assign', 1, 0, 0, 0, '2018-06-22 10:20:42'),
(69, 2, 'Fees Type', 'fees_type', 1, 1, 1, 1, '2018-06-22 10:19:34'),
(70, 2, 'Fees Discount', 'fees_discount', 1, 1, 1, 1, '2018-06-22 10:20:10'),
(71, 2, 'Fees Discount Assign', 'fees_discount_assign', 1, 0, 0, 0, '2018-06-22 10:20:17'),
(73, 2, 'Search Fees Payment', 'search_fees_payment', 1, 0, 0, 0, '2018-06-22 10:20:27'),
(74, 2, 'Search Due Fees', 'search_due_fees', 1, 0, 0, 0, '2018-06-22 10:20:35'),
(77, 7, 'Assign Class Teacher', 'assign_class_teacher', 1, 1, 1, 1, '2018-06-22 10:30:52'),
(78, 17, 'Admission Enquiry', 'admission_enquiry', 1, 1, 1, 1, '2018-06-22 10:51:24'),
(79, 17, 'Follow Up Admission Enquiry', 'follow_up_admission_enquiry', 1, 1, 0, 1, '2018-06-22 10:51:39'),
(80, 17, 'Visitor Book', 'visitor_book', 1, 1, 1, 1, '2018-06-22 10:48:58'),
(81, 17, 'Phone Call Log', 'phone_call_log', 1, 1, 1, 1, '2018-06-22 10:50:57'),
(82, 17, 'Postal Dispatch', 'postal_dispatch', 1, 1, 1, 1, '2018-06-22 10:50:21'),
(83, 17, 'Postal Receive', 'postal_receive', 1, 1, 1, 1, '2018-06-22 10:50:04'),
(84, 17, 'Complain', 'complaint', 1, 1, 1, 1, '2018-07-03 08:40:55'),
(85, 17, 'Setup Font Office', 'setup_font_office', 1, 1, 1, 1, '2018-06-22 10:49:24'),
(86, 18, 'Staff', 'staff', 1, 1, 1, 1, '2018-06-22 10:53:31'),
(87, 18, 'Disable Staff', 'disable_staff', 1, 0, 0, 0, '2018-06-22 10:53:12'),
(88, 18, 'Staff Attendance', 'staff_attendance', 1, 1, 1, 0, '2018-06-22 10:53:10'),
(90, 18, 'Staff Payroll', 'staff_payroll', 1, 1, 0, 1, '2018-06-22 10:52:51'),
(93, 19, 'Homework', 'homework', 1, 1, 1, 1, '2018-06-22 10:53:50'),
(94, 19, 'Homework Evaluation', 'homework_evaluation', 1, 1, 0, 0, '2018-06-27 03:07:21'),
(96, 20, 'Student Certificate', 'student_certificate', 1, 1, 1, 1, '2018-07-06 10:41:07'),
(97, 20, 'Generate Certificate', 'generate_certificate', 1, 0, 0, 0, '2018-07-06 10:37:16'),
(98, 20, 'Student ID Card', 'student_id_card', 1, 1, 1, 1, '2018-07-06 10:41:28'),
(99, 20, 'Generate ID Card', 'generate_id_card', 1, 0, 0, 0, '2018-07-06 10:41:49'),
(102, 21, 'Calendar To Do List', 'calendar_to_do_list', 1, 1, 1, 1, '2018-06-22 10:54:41'),
(104, 10, 'Item Category', 'item_category', 1, 1, 1, 1, '2018-06-22 10:34:33'),
(106, 22, 'Quick Session Change', 'quick_session_change', 1, 0, 0, 0, '2018-06-22 10:54:45'),
(107, 1, 'Disable Student', 'disable_student', 1, 0, 0, 0, '2018-06-25 06:21:34'),
(108, 18, ' Approve Leave Request', 'approve_leave_request', 1, 0, 1, 1, '2020-10-05 08:56:27'),
(109, 18, 'Apply Leave', 'apply_leave', 1, 1, 0, 0, '2019-11-28 23:47:46'),
(110, 18, 'Leave Types ', 'leave_types', 1, 1, 1, 1, '2018-07-02 10:17:56'),
(111, 18, 'Department', 'department', 1, 1, 1, 1, '2018-06-26 03:57:07'),
(112, 18, 'Designation', 'designation', 1, 1, 1, 1, '2018-06-26 03:57:07'),
(113, 22, 'Fees Collection And Expense Monthly Chart', 'fees_collection_and_expense_monthly_chart', 1, 0, 0, 0, '2018-07-03 07:08:15'),
(114, 22, 'Fees Collection And Expense Yearly Chart', 'fees_collection_and_expense_yearly_chart', 1, 0, 0, 0, '2018-07-03 07:08:15'),
(115, 22, 'Monthly Fees Collection Widget', 'Monthly fees_collection_widget', 1, 0, 0, 0, '2018-07-03 07:13:35'),
(116, 22, 'Monthly Expense Widget', 'monthly_expense_widget', 1, 0, 0, 0, '2018-07-03 07:13:35'),
(117, 22, 'Student Count Widget', 'student_count_widget', 1, 0, 0, 0, '2018-07-03 07:13:35'),
(118, 22, 'Staff Role Count Widget', 'staff_role_count_widget', 1, 0, 0, 0, '2018-07-03 07:13:35'),
(122, 5, 'Attendance By Date', 'attendance_by_date', 1, 0, 0, 0, '2018-07-03 08:42:29'),
(123, 9, 'Add Student', 'add_student', 1, 0, 0, 0, '2018-07-03 08:42:29'),
(126, 15, 'User Status', 'user_status', 1, 0, 0, 0, '2018-07-03 08:42:29'),
(127, 18, 'Can See Other Users Profile', 'can_see_other_users_profile', 1, 0, 0, 0, '2018-07-03 08:42:29'),
(128, 1, 'Student Timeline', 'student_timeline', 1, 1, 1, 1, '2022-12-28 09:52:24'),
(129, 18, 'Staff Timeline', 'staff_timeline', 1, 1, 1, 1, '2022-12-28 09:52:24'),
(130, 15, 'Backup', 'backup', 1, 1, 0, 1, '2018-07-09 04:17:17'),
(131, 15, 'Restore', 'restore', 1, 0, 0, 0, '2018-07-09 04:17:17'),
(134, 1, 'Disable Reason', 'disable_reason', 1, 1, 1, 1, '2019-11-27 06:39:21'),
(135, 2, 'Fees Reminder', 'fees_reminder', 1, 0, 1, 0, '2019-10-25 00:39:49'),
(136, 5, 'Approve Leave', 'approve_leave', 1, 1, 1, 1, '2022-12-28 09:52:24'),
(137, 6, 'Exam Group', 'exam_group', 1, 1, 1, 1, '2019-10-25 01:02:34'),
(141, 6, 'Design Admit Card', 'design_admit_card', 1, 1, 1, 1, '2019-10-25 01:06:59'),
(142, 6, 'Print Admit Card', 'print_admit_card', 1, 0, 0, 0, '2019-11-23 23:57:51'),
(143, 6, 'Design Marksheet', 'design_marksheet', 1, 1, 1, 1, '2019-10-25 01:10:25'),
(144, 6, 'Print Marksheet', 'print_marksheet', 1, 0, 0, 0, '2019-10-25 01:11:02'),
(145, 7, 'Teachers Timetable', 'teachers_time_table', 1, 0, 0, 0, '2019-11-30 02:52:21'),
(146, 14, 'Student Report', 'student_report', 1, 0, 0, 0, '2019-10-25 01:27:00'),
(147, 14, 'Guardian Report', 'guardian_report', 1, 0, 0, 0, '2019-10-25 01:30:27'),
(148, 14, 'Student History', 'student_history', 1, 0, 0, 0, '2019-10-25 01:39:07'),
(149, 14, 'Student Login Credential Report', 'student_login_credential_report', 1, 0, 0, 0, '2019-10-25 01:39:07'),
(150, 14, 'Class Subject Report', 'class_subject_report', 1, 0, 0, 0, '2019-10-25 01:39:07'),
(151, 14, 'Admission Report', 'admission_report', 1, 0, 0, 0, '2019-10-25 01:39:07'),
(152, 14, 'Sibling Report', 'sibling_report', 1, 0, 0, 0, '2019-10-25 01:39:07'),
(153, 14, 'Homework Evaluation Report', 'homehork_evaluation_report', 1, 0, 0, 0, '2019-11-24 01:04:24'),
(154, 14, 'Student Profile', 'student_profile', 1, 0, 0, 0, '2019-10-25 01:39:07'),
(155, 14, 'Fees Statement', 'fees_statement', 1, 0, 0, 0, '2019-10-25 01:55:52'),
(156, 14, 'Balance Fees Report', 'balance_fees_report', 1, 0, 0, 0, '2019-10-25 01:55:52'),
(157, 14, 'Fees Collection Report', 'fees_collection_report', 1, 0, 0, 0, '2019-10-25 01:55:52'),
(158, 14, 'Online Fees Collection Report', 'online_fees_collection_report', 1, 0, 0, 0, '2019-10-25 01:55:52'),
(159, 14, 'Income Report', 'income_report', 1, 0, 0, 0, '2019-10-25 01:55:52'),
(160, 14, 'Expense Report', 'expense_report', 1, 0, 0, 0, '2019-10-25 01:55:52'),
(161, 14, 'PayRoll Report', 'payroll_report', 1, 0, 0, 0, '2019-10-31 00:23:22'),
(162, 14, 'Income Group Report', 'income_group_report', 1, 0, 0, 0, '2019-10-25 01:55:52'),
(163, 14, 'Expense Group Report', 'expense_group_report', 1, 0, 0, 0, '2019-10-25 01:55:52'),
(164, 14, 'Attendance Report', 'attendance_report', 1, 0, 0, 0, '2019-10-25 02:08:06'),
(165, 14, 'Staff Attendance Report', 'staff_attendance_report', 1, 0, 0, 0, '2019-10-25 02:08:06'),
(174, 14, 'Transport Report', 'transport_report', 1, 0, 0, 0, '2019-10-25 02:13:56'),
(175, 14, 'Hostel Report', 'hostel_report', 1, 0, 0, 0, '2019-11-27 06:51:53'),
(176, 14, 'Audit Trail Report', 'audit_trail_report', 1, 0, 0, 0, '2019-10-25 02:16:39'),
(177, 14, 'User Log', 'user_log', 1, 0, 0, 0, '2019-10-25 02:19:27'),
(178, 14, 'Book Issue Report', 'book_issue_report', 1, 0, 0, 0, '2019-10-25 02:29:04'),
(179, 14, 'Book Due Report', 'book_due_report', 1, 0, 0, 0, '2019-10-25 02:29:04'),
(180, 14, 'Book Inventory Report', 'book_inventory_report', 1, 0, 0, 0, '2019-10-25 02:29:04'),
(181, 14, 'Stock Report', 'stock_report', 1, 0, 0, 0, '2019-10-25 02:31:28'),
(182, 14, 'Add Item Report', 'add_item_report', 1, 0, 0, 0, '2019-10-25 02:31:28'),
(183, 14, 'Issue Item Report', 'issue_item_report', 1, 0, 0, 0, '2019-11-29 03:48:06'),
(185, 23, 'Online Examination', 'online_examination', 1, 1, 1, 1, '2019-11-23 23:54:50'),
(186, 23, 'Question Bank', 'question_bank', 1, 1, 1, 1, '2019-11-23 23:55:18'),
(187, 6, 'Exam Result', 'exam_result', 1, 0, 0, 0, '2019-11-23 23:58:50'),
(188, 7, 'Subject Group', 'subject_group', 1, 1, 1, 1, '2019-11-24 00:34:32'),
(189, 18, 'Teachers Rating', 'teachers_rating', 1, 0, 1, 1, '2019-11-24 03:12:54'),
(190, 22, 'Fees Awaiting Payment Widegts', 'fees_awaiting_payment_widegts', 1, 0, 0, 0, '2019-11-24 00:52:51'),
(191, 22, 'Conveted Leads Widegts', 'conveted_leads_widegts', 1, 0, 0, 0, '2019-11-24 00:58:24'),
(192, 22, 'Fees Overview Widegts', 'fees_overview_widegts', 1, 0, 0, 0, '2019-11-24 00:57:41'),
(193, 22, 'Enquiry Overview Widegts', 'enquiry_overview_widegts', 1, 0, 0, 0, '2019-12-02 05:06:09'),
(194, 22, 'Library Overview Widegts', 'book_overview_widegts', 1, 0, 0, 0, '2019-12-01 01:13:04'),
(195, 22, 'Student Today Attendance Widegts', 'today_attendance_widegts', 1, 0, 0, 0, '2019-12-03 04:57:45'),
(196, 6, 'Marks Import', 'marks_import', 1, 0, 0, 0, '2019-11-24 01:02:11'),
(197, 14, 'Student Attendance Type Report', 'student_attendance_type_report', 1, 0, 0, 0, '2019-11-24 01:06:32'),
(198, 14, 'Exam Marks Report', 'exam_marks_report', 1, 0, 0, 0, '2019-11-24 01:11:15'),
(200, 14, 'Online Exam Wise Report', 'online_exam_wise_report', 1, 0, 0, 0, '2019-11-24 01:18:14'),
(201, 14, 'Online Exams Report', 'online_exams_report', 1, 0, 0, 0, '2019-11-29 02:48:05'),
(202, 14, 'Online Exams Attempt Report', 'online_exams_attempt_report', 1, 0, 0, 0, '2019-11-29 02:46:24'),
(203, 14, 'Online Exams Rank Report', 'online_exams_rank_report', 1, 0, 0, 0, '2019-11-24 01:22:25'),
(204, 14, 'Staff Report', 'staff_report', 1, 0, 0, 0, '2019-11-24 01:25:27'),
(205, 6, 'Exam', 'exam', 1, 1, 1, 1, '2019-11-24 04:55:48'),
(207, 6, 'Exam Publish', 'exam_publish', 1, 0, 0, 0, '2019-11-24 05:15:04'),
(208, 6, 'Link Exam', 'link_exam', 1, 0, 1, 0, '2019-11-24 05:15:04'),
(210, 6, 'Assign / View student', 'exam_assign_view_student', 1, 0, 1, 0, '2019-11-24 05:15:04'),
(211, 6, 'Exam Subject', 'exam_subject', 1, 0, 1, 0, '2019-11-24 05:15:04'),
(212, 6, 'Exam Marks', 'exam_marks', 1, 0, 1, 0, '2019-11-24 05:15:04'),
(213, 15, 'Language Switcher', 'language_switcher', 1, 0, 0, 0, '2019-11-24 05:17:11'),
(214, 23, 'Add Questions in Exam ', 'add_questions_in_exam', 1, 0, 1, 0, '2019-11-28 01:38:57'),
(215, 15, 'Custom Fields', 'custom_fields', 1, 0, 0, 0, '2019-11-29 04:08:35'),
(216, 15, 'System Fields', 'system_fields', 1, 0, 0, 0, '2019-11-25 00:15:01'),
(217, 13, 'SMS', 'sms', 1, 0, 0, 0, '2018-06-22 10:40:54'),
(219, 14, 'Student / Period Attendance Report', 'student_period_attendance_report', 1, 0, 0, 0, '2019-11-29 02:19:31'),
(220, 14, 'Biometric Attendance Log', 'biometric_attendance_log', 1, 0, 0, 0, '2019-11-27 05:59:16'),
(221, 14, 'Book Issue Return Report', 'book_issue_return_report', 1, 0, 0, 0, '2019-11-27 06:30:23'),
(222, 23, 'Assign / View Student', 'online_assign_view_student', 1, 0, 1, 0, '2019-11-28 04:20:22'),
(223, 14, 'Rank Report', 'rank_report', 1, 0, 0, 0, '2019-11-29 02:30:21'),
(224, 25, 'Chat', 'chat', 1, 0, 0, 0, '2019-11-29 04:10:28'),
(226, 22, 'Income Donut Graph', 'income_donut_graph', 1, 0, 0, 0, '2019-11-29 05:00:33'),
(227, 22, 'Expense Donut Graph', 'expense_donut_graph', 1, 0, 0, 0, '2019-11-29 05:01:10'),
(228, 9, 'Import Book', 'import_book', 1, 0, 0, 0, '2019-11-29 06:21:01'),
(229, 22, 'Staff Present Today Widegts', 'staff_present_today_widegts', 1, 0, 0, 0, '2019-11-29 06:48:00'),
(230, 22, 'Student Present Today Widegts', 'student_present_today_widegts', 1, 0, 0, 0, '2019-11-29 06:47:42'),
(231, 26, 'Multi Class Student', 'multi_class_student', 1, 1, 1, 1, '2020-10-05 08:56:27'),
(232, 27, 'Online Admission', 'online_admission', 1, 0, 1, 1, '2019-12-02 06:11:10'),
(233, 15, 'Print Header Footer', 'print_header_footer', 1, 0, 0, 0, '2020-02-12 02:02:02'),
(234, 28, 'Manage Alumni', 'manage_alumni', 1, 1, 1, 1, '2020-06-02 03:15:46'),
(235, 28, 'Events', 'events', 1, 1, 1, 1, '2020-05-28 21:48:52'),
(236, 29, 'Manage Lesson Plan', 'manage_lesson_plan', 1, 1, 1, 0, '2020-05-28 22:17:37'),
(237, 29, 'Manage Syllabus Status', 'manage_syllabus_status', 1, 0, 1, 0, '2020-05-28 22:20:11'),
(238, 29, 'Lesson', 'lesson', 1, 1, 1, 1, '2020-05-28 22:20:11'),
(239, 29, 'Topic', 'topic', 1, 1, 1, 1, '2020-05-28 22:20:11'),
(240, 14, 'Syllabus Status Report', 'syllabus_status_report', 1, 0, 0, 0, '2020-05-28 23:17:54'),
(241, 14, 'Teacher Syllabus Status Report', 'teacher_syllabus_status_report', 1, 0, 0, 0, '2020-05-28 23:17:54'),
(242, 14, 'Alumni Report', 'alumni_report', 1, 0, 0, 0, '2020-06-07 23:59:54'),
(243, 15, 'Student Profile Update', 'student_profile_update', 1, 0, 0, 0, '2020-08-21 05:36:33'),
(244, 14, 'Student Gender Ratio Report', 'student_gender_ratio_report', 1, 0, 0, 0, '2020-08-22 12:37:51'),
(245, 14, 'Student Teacher Ratio Report', 'student_teacher_ratio_report', 1, 0, 0, 0, '2020-08-22 12:42:27'),
(246, 14, 'Daily Attendance Report', 'daily_attendance_report', 1, 0, 0, 0, '2020-08-22 12:43:16'),
(247, 23, 'Import Question', 'import_question', 1, 0, 0, 0, '2019-11-23 18:25:18'),
(248, 20, 'Staff ID Card', 'staff_id_card', 1, 1, 1, 1, '2018-07-06 10:41:28'),
(249, 20, 'Generate Staff ID Card', 'generate_staff_id_card', 1, 0, 0, 0, '2018-07-06 10:41:49'),
(250, 19, 'Daily Assignment', 'daily_assignment', 1, 0, 0, 0, '2022-03-02 07:28:23'),
(251, 6, 'Marks Division', 'marks_division', 1, 1, 1, 1, '2022-07-01 15:24:16'),
(252, 13, 'Schedule Email SMS Log', 'schedule_email_sms_log', 1, 0, 1, 0, '2022-07-09 11:25:16'),
(253, 13, 'Login Credentials Send', 'login_credentials_send', 1, 0, 0, 0, '2022-07-01 15:46:10'),
(254, 13, 'Email Template', 'email_template', 1, 1, 1, 1, '2022-07-01 15:46:10'),
(255, 13, 'SMS Template', 'sms_template', 1, 1, 1, 1, '2022-07-01 15:46:10'),
(256, 14, 'Balance Fees Report With Remark', 'balance_fees_report_with_remark', 1, 0, 0, 0, '2019-10-25 01:55:52'),
(257, 14, 'Balance Fees Statement', 'balance_fees_statement', 1, 0, 0, 0, '2019-10-25 01:55:52'),
(258, 14, 'Daily Collection Report', 'daily_collection_report', 1, 0, 0, 0, '2019-10-25 01:55:52'),
(259, 11, 'Fees Master', 'transport_fees_master', 1, 0, 1, 0, '2022-07-05 09:29:19'),
(260, 11, 'Pickup Point', 'pickup_point', 1, 1, 1, 1, '2022-07-04 09:50:08'),
(261, 11, 'Route Pickup Point', 'route_pickup_point', 1, 1, 1, 1, '2022-07-04 09:50:08'),
(262, 11, 'Student Transport Fees', 'student_transport_fees', 1, 1, 1, 0, '2022-07-05 10:15:55'),
(263, 29, 'Comments', 'lesson_plan_comments', 1, 1, 0, 1, '2020-05-28 22:20:11'),
(264, 15, 'Sidebar Menu', 'sidebar_menu', 1, 0, 0, 0, '2022-07-11 12:01:17'),
(265, 15, 'Currency', 'currency', 1, 0, 0, 0, '2020-08-21 05:36:33'),
(266, 6, 'Exam Schedule', 'exam_schedule', 1, 0, 0, 0, '2019-11-23 23:58:50'),
(267, 6, 'Generate Rank', 'generate_rank', 1, 0, 0, 0, '2019-11-24 05:15:04'),
(268, 8, 'Content Type', 'content_type', 1, 1, 1, 1, '2022-07-08 05:18:54'),
(269, 8, 'Content Share List', 'content_share_list', 1, 0, 0, 1, '2022-07-08 05:18:58'),
(270, 8, 'Video Tutorial', 'video_tutorial', 1, 1, 1, 1, '2022-07-08 05:19:01'),
(271, 15, 'Currency Switcher', 'currency_switcher', 1, 0, 0, 0, '2019-11-24 05:17:11'),
(272, 2, 'Offline Bank Payments', 'offline_bank_payments', 1, 0, 0, 0, '2018-06-27 00:18:15'),
(273, 29, 'Copy Old Lessons', 'copy_old_lesson', 1, 0, 0, 0, '2020-05-28 22:20:11'),
(8001, 800, 'Behaviour Records Assign Incident', 'behaviour_records_assign_incident', 1, 1, 0, 1, '2022-05-03 08:56:15'),
(8002, 800, 'Behaviour Records Incident', 'behaviour_records_incident', 1, 1, 1, 1, '2022-05-03 07:25:10'),
(8003, 800, 'Student Incident Report', 'student_incident_report', 1, 0, 0, 0, '2022-05-03 07:24:48'),
(8004, 800, 'Student Behaviour Rank Report', 'student_behaviour_rank_report', 1, 0, 0, 0, '2022-05-03 07:24:45'),
(8005, 800, 'Class Wise Rank Report', 'class_wise_rank_report', 1, 0, 0, 0, '2022-05-03 07:24:37'),
(8006, 800, 'Class Section Wise Rank Report', 'class_section_wise_rank_report', 1, 0, 0, 0, '2022-05-03 07:24:33'),
(8007, 800, 'House Wise Rank Report', 'house_wise_rank_report', 1, 0, 0, 0, '2022-05-03 07:24:30'),
(8008, 800, 'Incident Wise Report', 'incident_wise_report', 1, 0, 0, 0, '2022-05-03 07:24:26'),
(8009, 800, 'Behaviour Records Setting', 'behaviour_records_setting', 1, 0, 1, 0, '2022-05-03 07:24:05'),
(9001, 900, 'CBSE Exam', 'cbse_exam', 1, 1, 1, 1, '2022-11-03 08:58:30'),
(9002, 900, 'CBSE Exam Schedule', 'cbse_exam_schedule', 1, 0, 0, 0, '2023-05-09 11:01:34'),
(9003, 900, 'CBSE Exam Assign / View Student', 'cbse_exam_assign_view_student', 1, 0, 1, 0, '2022-11-03 09:18:15'),
(9004, 900, 'CBSE Exam Subjects', 'cbse_exam_subjects', 1, 0, 1, 0, '2022-11-04 08:01:41'),
(9005, 900, 'CBSE Exam Marks', 'cbse_exam_marks', 1, 0, 1, 0, '2022-11-03 09:18:24'),
(9006, 900, 'CBSE Exam Attendance', 'cbse_exam_attendance', 1, 0, 1, 0, '2022-11-03 09:18:28'),
(9007, 900, 'CBSE Exam Teacher Remark', 'cbse_exam_teacher_remark', 1, 0, 1, 0, '2022-11-03 09:18:32'),
(9008, 900, 'CBSE Exam Print Marksheet', 'cbse_exam_print_marksheet', 1, 0, 0, 0, '2022-11-03 09:18:43'),
(9009, 900, 'CBSE Exam Grade', 'cbse_exam_grade', 1, 1, 1, 1, '2022-11-03 09:18:46'),
(9010, 900, 'CBSE Exam Assign Observation', 'cbse_exam_assign_observation', 1, 1, 1, 1, '2023-05-08 12:33:23'),
(9011, 900, 'CBSE Exam Observation', 'cbse_exam_observation', 1, 1, 1, 1, '2023-05-09 10:57:16'),
(9012, 900, 'CBSE Exam Observation Parameter', 'cbse_exam_observation_parameter', 1, 1, 1, 1, '2023-05-09 11:01:54'),
(9013, 900, 'CBSE Exam Assessment', 'cbse_exam_assessment', 1, 1, 1, 1, '2023-05-09 11:01:51'),
(9014, 900, 'CBSE Exam Term', 'cbse_exam_term', 1, 1, 1, 1, '2023-05-09 11:01:47'),
(9015, 900, 'CBSE Exam Template', 'cbse_exam_template', 1, 1, 1, 1, '2023-05-09 11:01:43'),
(9016, 900, 'CBSE Exam Link Exam', 'cbse_exam_link_exam', 1, 0, 0, 0, '2023-05-09 11:01:40'),
(9017, 900, 'CBSE Exam Subject Marks Report', 'subject_marks_report', 1, 0, 0, 0, '2023-05-09 11:01:38'),
(9018, 900, 'CBSE Exam Template Marks Report', 'template_marks_report', 1, 0, 0, 0, '2023-05-09 11:01:34'),
(9019, 900, 'CBSE Exam Setting', 'cbse_exam_setting', 1, 0, 0, 0, '2023-07-03 05:24:57'),
(9020, 900, 'CBSE Exam Generate Rank', 'cbse_exam_generate_rank', 1, 0, 0, 0, '2023-07-03 05:24:57');

-- --------------------------------------------------------

--
-- Table structure for table `permission_group`
--

CREATE TABLE `permission_group` (
  `id` int(11) NOT NULL,
  `name` varchar(100) DEFAULT NULL,
  `short_code` varchar(100) NOT NULL,
  `is_active` int(11) DEFAULT 0,
  `system` int(11) NOT NULL,
  `created_at` timestamp NOT NULL DEFAULT current_timestamp() ON UPDATE current_timestamp()
) ENGINE=InnoDB DEFAULT CHARSET=utf8 COLLATE=utf8_general_ci;

--
-- Dumping data for table `permission_group`
--

INSERT INTO `permission_group` (`id`, `name`, `short_code`, `is_active`, `system`, `created_at`) VALUES
(1, 'Student Information', 'student_information', 1, 1, '2019-03-15 09:30:22'),
(2, 'Fees Collection', 'fees_collection', 1, 0, '2020-06-11 00:51:35'),
(3, 'Income', 'income', 1, 0, '2020-06-01 01:57:39'),
(4, 'Expense', 'expense', 1, 0, '2019-03-15 09:06:22'),
(5, 'Student Attendance', 'student_attendance', 1, 0, '2018-07-02 07:48:08'),
(6, 'Examination', 'examination', 1, 0, '2018-07-11 02:49:08'),
(7, 'Academics', 'academics', 1, 1, '2018-07-02 07:25:43'),
(8, 'Download Center', 'download_center', 1, 0, '2018-07-02 07:49:29'),
(9, 'Library', 'library', 1, 0, '2018-06-28 11:13:14'),
(10, 'Inventory', 'inventory', 1, 0, '2018-06-27 00:48:58'),
(11, 'Transport', 'transport', 1, 0, '2018-06-27 07:51:26'),
(12, 'Hostel', 'hostel', 1, 0, '2018-07-02 07:49:32'),
(13, 'Communicate', 'communicate', 1, 0, '2018-07-02 07:50:00'),
(14, 'Reports', 'reports', 1, 1, '2018-06-27 03:40:22'),
(15, 'System Settings', 'system_settings', 1, 1, '2018-06-27 03:40:28'),
(16, 'Front CMS', 'front_cms', 1, 0, '2018-07-10 05:16:54'),
(17, 'Front Office', 'front_office', 1, 0, '2018-06-27 03:45:30'),
(18, 'Human Resource', 'human_resource', 1, 1, '2018-06-27 03:41:02'),
(19, 'Homework', 'homework', 1, 0, '2018-06-27 00:49:38'),
(20, 'Certificate', 'certificate', 1, 0, '2018-06-27 07:51:29'),
(21, 'Calendar To Do List', 'calendar_to_do_list', 1, 0, '2019-03-15 09:06:25'),
(22, 'Dashboard and Widgets', 'dashboard_and_widgets', 1, 1, '2018-06-27 03:41:17'),
(23, 'Online Examination', 'online_examination', 1, 0, '2020-06-01 02:25:36'),
(25, 'Chat', 'chat', 1, 0, '2019-11-23 23:54:04'),
(26, 'Multi Class', 'multi_class', 1, 0, '2019-11-27 12:14:14'),
(27, 'Online Admission', 'online_admission', 1, 0, '2019-11-27 02:42:13'),
(28, 'Alumni', 'alumni', 1, 0, '2020-05-29 00:26:38'),
(29, 'Lesson Plan', 'lesson_plan', 1, 0, '2020-06-07 05:38:30'),
(800, 'Behaviour Records', 'behaviour_records', 1, 0, '2022-05-03 10:20:33'),
(900, 'CBSE Examination', 'cbseexam', 1, 0, '2023-05-25 12:04:56');

-- --------------------------------------------------------

--
-- Table structure for table `permission_student`
--

CREATE TABLE `permission_student` (
  `id` int(11) NOT NULL,
  `name` varchar(100) DEFAULT NULL,
  `short_code` varchar(100) NOT NULL,
  `system` int(11) NOT NULL,
  `student` int(11) NOT NULL,
  `parent` int(11) NOT NULL,
  `group_id` int(11) DEFAULT NULL,
  `created_at` timestamp NOT NULL DEFAULT current_timestamp() ON UPDATE current_timestamp()
) ENGINE=InnoDB DEFAULT CHARSET=utf8 COLLATE=utf8_general_ci;

--
-- Dumping data for table `permission_student`
--

INSERT INTO `permission_student` (`id`, `name`, `short_code`, `system`, `student`, `parent`, `group_id`, `created_at`) VALUES
(1, 'Fees', 'fees', 0, 1, 1, 2, '2020-06-11 00:51:35'),
(2, 'Class Timetable', 'class_timetable', 1, 1, 1, 7, '2020-05-30 19:57:50'),
(3, 'Homework', 'homework', 0, 1, 1, 19, '2020-06-01 02:49:14'),
(4, 'Download Center', 'download_center', 0, 1, 1, 8, '2020-06-01 02:52:49'),
(5, 'Attendance', 'attendance', 0, 1, 1, 5, '2020-06-01 02:57:18'),
(7, 'Examinations', 'examinations', 0, 1, 1, 6, '2020-06-01 02:59:50'),
(8, 'Notice Board', 'notice_board', 0, 1, 1, 13, '2020-06-01 03:00:35'),
(11, 'Library', 'library', 0, 1, 1, 9, '2020-06-01 03:02:37'),
(12, 'Transport Routes', 'transport_routes', 0, 1, 1, 11, '2020-06-01 03:51:30'),
(13, 'Hostel Rooms', 'hostel_rooms', 0, 1, 1, 12, '2020-06-01 03:52:27'),
(14, 'Calendar To Do List', 'calendar_to_do_list', 0, 1, 1, 21, '2020-06-01 03:53:18'),
(15, 'Online Examination', 'online_examination', 0, 1, 1, 23, '2020-06-11 05:20:01'),
(16, 'Teachers Rating', 'teachers_rating', 0, 1, 1, NULL, '2022-12-28 09:52:28'),
(17, 'Chat', 'chat', 0, 1, 1, 25, '2020-06-01 04:53:06'),
(18, 'Multi Class', 'multi_class', 1, 1, 1, 26, '2020-05-30 19:56:52'),
(19, 'Lesson Plan', 'lesson_plan', 0, 1, 1, 29, '2020-06-07 05:38:30'),
(20, 'Syllabus Status', 'syllabus_status', 0, 1, 1, 29, '2020-06-07 05:38:30'),
(23, 'Apply Leave', 'apply_leave', 0, 1, 1, NULL, '2022-12-28 09:52:28'),
(24, 'Visitor Book', 'visitor_book', 0, 1, 1, NULL, '2022-10-10 11:45:18'),
(25, 'Student Timeline', 'student_timeline', 0, 1, 1, NULL, '2022-10-11 04:50:29'),
(800, 'Behaviour Records', 'behaviour_records', 0, 1, 1, 800, '2022-05-03 10:20:33'),
(900, 'CBSE Examination', 'cbseexam', 0, 1, 1, 900, '2023-05-25 12:07:15');

-- --------------------------------------------------------

--
-- Table structure for table `pickup_point`
--

CREATE TABLE `pickup_point` (
  `id` int(11) NOT NULL,
  `name` varchar(255) NOT NULL,
  `latitude` varchar(100) DEFAULT NULL,
  `longitude` varchar(100) DEFAULT NULL,
  `created_at` timestamp NOT NULL DEFAULT current_timestamp() ON UPDATE current_timestamp()
) ENGINE=InnoDB DEFAULT CHARSET=utf8 COLLATE=utf8_general_ci;

--
-- Dumping data for table `pickup_point`
--

INSERT INTO `pickup_point` (`id`, `name`, `latitude`, `longitude`, `created_at`) VALUES
(1, 'Pandav Nagar', '10', '12', '2025-04-08 11:09:08'),
(2, 'Laxmi Nagar', '10', '10', '2025-04-08 11:09:34'),
(3, 'Vinod Nagar', '10', '10', '2025-04-08 11:10:04');

-- --------------------------------------------------------

--
-- Table structure for table `print_headerfooter`
--

CREATE TABLE `print_headerfooter` (
  `id` int(11) NOT NULL,
  `print_type` varchar(255) NOT NULL,
  `header_image` varchar(255) NOT NULL,
  `footer_content` text NOT NULL,
  `created_by` int(11) NOT NULL,
  `entry_date` timestamp NOT NULL DEFAULT current_timestamp() ON UPDATE current_timestamp(),
  `created_at` timestamp NOT NULL DEFAULT current_timestamp()
) ENGINE=InnoDB DEFAULT CHARSET=utf8 COLLATE=utf8_general_ci;

--
-- Dumping data for table `print_headerfooter`
--

INSERT INTO `print_headerfooter` (`id`, `print_type`, `header_image`, `footer_content`, `created_by`, `entry_date`, `created_at`) VALUES
(1, 'staff_payslip', 'header_image.jpg', 'This payslip is computer generated hence no signature is required.', 1, '2020-02-28 15:41:08', '2022-12-28 09:52:24'),
(2, 'student_receipt', 'header_image.jpg', 'This receipt is computer generated hence no signature is required.', 1, '2020-02-28 15:40:58', '2022-12-28 09:52:24'),
(3, 'online_admission_receipt', 'header_image.jpg', 'This receipt is for online admission  computer ffffffff generated hence no signature is required.', 1, '2021-05-27 12:50:24', '2022-12-28 09:52:24'),
(4, 'online_exam', '1655913577-198504634062b33c698fde1!online-exam.jpg', 'This receipt is for online exam computer  generated hence no signature is required.', 1, '2022-08-30 12:58:46', '2022-09-08 17:28:34');

-- --------------------------------------------------------

--
-- Table structure for table `questions`
--

CREATE TABLE `questions` (
  `id` int(11) NOT NULL,
  `staff_id` int(11) DEFAULT NULL,
  `subject_id` int(11) DEFAULT NULL,
  `question_type` varchar(100) NOT NULL,
  `level` varchar(10) NOT NULL,
  `class_id` int(11) NOT NULL,
  `section_id` int(11) DEFAULT NULL,
  `class_section_id` int(11) DEFAULT NULL,
  `question` text DEFAULT NULL,
  `opt_a` text DEFAULT NULL,
  `opt_b` text DEFAULT NULL,
  `opt_c` text DEFAULT NULL,
  `opt_d` text DEFAULT NULL,
  `opt_e` text DEFAULT NULL,
  `correct` text DEFAULT NULL,
  `explanation` text DEFAULT NULL,
  `descriptive_word_limit` int(11) NOT NULL,
  `created_at` timestamp NOT NULL DEFAULT current_timestamp() ON UPDATE current_timestamp(),
  `updated_at` date DEFAULT NULL
) ENGINE=InnoDB DEFAULT CHARSET=utf8 COLLATE=utf8_general_ci;

--
-- Dumping data for table `questions`
--

INSERT INTO `questions` (`id`, `staff_id`, `subject_id`, `question_type`, `level`, `class_id`, `section_id`, `class_section_id`, `question`, `opt_a`, `opt_b`, `opt_c`, `opt_d`, `opt_e`, `correct`, `explanation`, `descriptive_word_limit`, `created_at`, `updated_at`) VALUES
(50, 1, 3, 'singlechoice', 'medium', 1, 1, NULL, 'What are the four basic states of matter?', 'Solid Liquid Gas Plasma', 'Solid Water Air Fire', 'Rock Water Wind Cloud', 'Metal Wood Water Air', 'Electricity Heat Cold Light', 'opt_a', 'The four fundamental states of matter are solid, liquid, gas, and plasma. Each state has distinct molecular characteristics and behavior.', 0, '2025-03-24 23:30:35', NULL),
(51, 1, 3, 'true_false', 'low', 1, 1, NULL, 'All matter exists only in three states: solid', 'liquid', 'and gas.', 'true', 'false', '', '', '', 0, '2025-03-24 23:30:35', NULL),
(52, 1, 3, 'multichoice', 'medium', 1, 1, NULL, 'Which of the following are states of matter?', 'Solid', 'Liquid', 'Gas', 'Plasma', 'Water', '[\"opt_a\"', 'opt_b', 0, '2025-03-24 23:30:35', NULL),
(53, 1, 3, 'singlechoice', 'high', 1, 1, NULL, 'Which state of matter has the most closely packed molecules?', 'Solid', 'Liquid', 'Gas', 'Plasma', '', 'opt_a', 'In a solid, molecules are tightly packed in a fixed position, giving it a definite shape and volume.', 0, '2025-03-24 23:30:35', NULL),
(54, 1, 3, 'singlechoice', 'medium', 1, 1, NULL, 'What is the characteristic of molecules in a liquid state?', 'Move freely but stay together', 'Completely random movement', 'Fixed position', 'No movement', '', 'opt_a', 'In a liquid, molecules can move around each other but remain close, allowing the liquid to flow and take the shape of its container.', 0, '2025-03-24 23:30:35', NULL),
(55, 1, 3, 'true_false', 'low', 1, 1, NULL, 'Liquids always take the shape of their container.', 'true', 'false', '', '', '', 'true', 'Liquids can flow and adapt to the shape of their container due to the mobility of their molecules.', 0, '2025-03-24 23:30:35', NULL),
(56, 1, 3, 'multichoice', 'high', 1, 1, NULL, 'Which properties describe a liquid?', 'Definite volume', 'No fixed shape', 'Flows easily', 'Compressible', 'Incompressible', '[\"opt_a\"', 'opt_b', 0, '2025-03-24 23:30:35', NULL),
(57, 1, 3, 'singlechoice', 'medium', 1, 1, NULL, 'How do gas molecules behave?', 'Move very quickly and far apart', 'Stay close together', 'Remain stationary', 'Vibrate in fixed positions', '', 'opt_a', 'Gas molecules move rapidly and are spread far apart, which allows them to expand and fill their container completely.', 0, '2025-03-24 23:31:57', NULL),
(58, 1, 3, 'singlechoice', 'low', 1, 1, NULL, 'What happens when matter changes from solid to liquid?', 'Melting', 'Freezing', 'Evaporation', 'Condensation', '', 'opt_a', 'Melting is the process where a solid changes to a liquid by adding heat, increasing molecular movement.', 0, '2025-03-24 23:31:57', NULL),
(59, 1, 3, 'true_false', 'medium', 1, 1, NULL, 'Boiling is a change of state from liquid to gas.', 'true', 'false', '', '', '', 'true', 'Boiling occurs when a liquid is heated to its boiling point, causing it to change into a gaseous state.', 0, '2025-03-24 23:31:57', NULL),
(60, 1, 3, 'multichoice', 'high', 1, 1, NULL, 'What changes occur during phase transitions?', 'Temperature change', 'Energy absorption', 'Energy release', 'Molecular rearrangement', 'Pressure change', '[\"opt_a\"', 'opt_b', 0, '2025-03-24 23:31:57', NULL),
(61, 1, 3, 'singlechoice', 'medium', 1, 1, NULL, 'What is sublimation?', 'Direct change from solid to gas', 'Change from liquid to solid', 'Change from gas to liquid', 'Change from solid to liquid', '', 'opt_a', 'Sublimation is when a solid directly changes to a gas without passing through the liquid state, like dry ice (solid CO2).', 0, '2025-03-24 23:32:55', NULL),
(62, 1, 3, 'true_false', 'low', 1, 1, NULL, 'All changes in matter involve chemical reactions.', 'false', 'true', '', '', '', 'false', 'Not all changes in matter are chemical reactions. Some are physical changes that do not alter the chemical composition.', 0, '2025-03-24 23:32:55', NULL),
(63, 1, 3, 'multichoice', 'high', 1, 1, NULL, 'What characterizes a physical change?', 'No new substance formed', 'Original composition maintained', 'Reversible process', 'Temporary change', 'Molecular rearrangement', '[\"opt_a\"', 'opt_b', 0, '2025-03-24 23:32:55', NULL),
(64, 1, 3, 'singlechoice', 'medium', 1, 1, NULL, 'What is an example of a physical change?', 'Dissolving salt in water', 'Rusting of iron', 'Burning of paper', 'Cooking an egg', '', 'opt_a', 'Dissolving salt in water is a physical change because no new chemical substance is created, and the salt can be recovered by evaporation.', 0, '2025-03-24 23:32:55', NULL),
(65, 1, 3, 'true_false', 'low', 1, 1, NULL, 'Cutting paper is a chemical change.', 'false', 'true', '', '', '', 'false', 'Cutting paper is a physical change because it does not alter the chemical composition of the paper.', 0, '2025-03-24 23:32:55', NULL),
(66, 1, 3, 'multichoice', 'high', 1, 1, NULL, 'Which processes are chemical changes?', 'Rusting', 'Burning', 'Cooking', 'Melting', 'Cutting', '[\"opt_a\"', 'opt_b', 0, '2025-03-24 23:33:44', NULL),
(67, 1, 3, 'singlechoice', 'medium', 1, 1, NULL, 'What defines a reversible change?', 'Can return to original state', 'Permanent transformation', 'Complete destruction', 'Irretrievable loss', '', 'opt_a', 'In a reversible change, the original substance can be restored to its initial state through simple physical processes.', 0, '2025-03-24 23:33:44', NULL),
(68, 1, 3, 'true_false', 'low', 1, 1, NULL, 'Melting of ice is a reversible change.', 'true', 'false', '', '', '', 'true', 'Melting of ice is reversible because water can be frozen back to its solid state by removing heat.', 0, '2025-03-24 23:33:44', NULL),
(69, 1, 3, 'multichoice', 'high', 1, 1, NULL, 'Which changes are reversible?', 'Dissolving sugar in water', 'Burning wood', 'Rusting of iron', 'Boiling water', 'Cutting paper', '[\"opt_a\"', 'opt_d]', 0, '2025-03-24 23:33:44', NULL),
(70, 1, 3, 'singlechoice', 'medium', 1, 1, NULL, 'What makes a change irreversible?', 'Permanent chemical transformation', 'Temporary physical alteration', 'Simple molecular movement', 'Reversible process', '', 'opt_a', 'Irreversible changes involve permanent chemical transformations that cannot be undone by simple physical processes.', 0, '2025-03-24 23:33:44', NULL),
(71, 1, 3, 'true_false', 'low', 1, 1, NULL, 'Cooking an egg is a reversible change.', 'false', 'true', '', '', '', 'false', 'Cooking an egg is an irreversible change because the egg proteins permanently change structure and cannot return to their original raw state.', 0, '2025-03-24 23:33:44', NULL),
(72, 1, 3, 'multichoice', 'high', 1, 1, NULL, 'Which are examples of irreversible changes?', 'Burning paper', 'Rusting of iron', 'Cooking food', 'Melting ice', 'Cutting cloth', '[\"opt_a\"', 'opt_b', 0, '2025-03-24 23:33:44', NULL),
(73, 1, 2, 'singlechoice', 'medium', 1, 1, NULL, 'निम्नलिखित वाक्य में कौन सा काल है? \"मैं कल स्कूल जाऊंगा।\"', 'भूतकाल', 'वर्तमान काल', 'भविष्य काल', 'संदिग्ध काल', '', 'opt_c', 'भविष्य काल उन क्रियाओं के लिए प्रयोग किया जाता है जो भविष्य में होने वाली हैं। यहाँ \'जाऊंगा\' भविष्य काल का संकेत देता है।', 0, '2025-03-24 23:36:23', NULL),
(74, 1, 2, 'true_false', 'low', 1, 1, NULL, 'संज्ञा शब्द किसी व्यक्ति', 'वस्तु', 'स्थान या भाव के नाम को कहते हैं।', 'true', 'false', '', '', '', 0, '2025-03-24 23:36:23', NULL),
(75, 1, 2, 'multichoice', 'medium', 1, 1, NULL, 'निम्न में से कौन-कौन से सर्वनाम के भेद हैं?', 'पुरुषवाचक', 'निश्चयवाचक', 'अनिश्चयवाचक', 'संबंधवाचक', 'प्रश्नवाचक', '[\"opt_a\"', 'opt_b', 0, '2025-03-24 23:36:23', NULL),
(76, 1, 2, 'singlechoice', 'low', 1, 1, NULL, 'किस शब्द को किसी काम करने या होने की क्रिया कहते हैं?', 'क्रिया', 'संज्ञा', 'विशेषण', 'सर्वनाम', '', 'opt_a', 'क्रिया वह शब्द है जो किसी काम करने या होने की अवस्था को दर्शाता है।', 0, '2025-03-24 23:36:23', NULL),
(77, 1, 2, 'true_false', 'medium', 1, 1, NULL, 'विशेषण शब्द संज्ञा की विशेषता बताते हैं।', 'true', 'false', '', '', '', 'true', 'विशेषण शब्द वास्तव में संज्ञा की विशेषता या गुण को बताते हैं।', 0, '2025-03-24 23:36:23', NULL),
(78, 2, 2, 'multichoice', 'high', 1, 1, NULL, 'निम्न में से कौन-कौन से विराम चिह्न हैं?', 'अल्प विराम', 'पूर्ण विराम', 'अर्ध विराम', 'योजक चिह्न', 'प्रश्नवाचक चिह्न', '[\"opt_a\"]', 'opt_b', 0, '2025-04-05 03:47:55', NULL),
(79, 1, 2, 'singlechoice', 'medium', 1, 1, NULL, 'निम्न में से कौन सा वाक्य शुद्ध है?', 'मैं दिल्ली में रहता हूँ।', 'मैं दिल्ली को रहता हूँ।', 'मैं दिल्ली से रहता हूँ।', 'मैं दिल्ली पर रहता हूँ।', '', 'opt_a', '\'में\' का प्रयोग स्थान सूचक के रूप में किया जाता है, इसलिए यह वाक्य सही है।', 0, '2025-03-24 23:37:11', NULL),
(80, 1, 2, 'true_false', 'low', 1, 1, NULL, 'मुहावरे का अर्थ शब्दों के अर्थ से अलग होता है।', 'true', 'false', '', '', '', 'true', 'मुहावरे के अर्थ सीधे शब्दों के अर्थ से नहीं मिलते, बल्कि उनका एक विशेष अर्थ होता है।', 0, '2025-03-24 23:37:11', NULL),
(81, 1, 2, 'multichoice', 'high', 1, 1, NULL, 'निम्न में से कौन-कौन से लिंग के भेद हैं?', 'पुल्लिंग', 'स्त्रीलिंग', 'नपुंसकलिंग', 'षष्ठ लिंग', 'अन्य लिंग', '[\"opt_a\"', 'opt_b', 0, '2025-03-24 23:37:11', NULL),
(82, 1, 2, 'singlechoice', 'medium', 1, 1, NULL, 'निम्न में से किस वाक्य में विशेषण का प्रयोग हुआ है?', 'राम चला गया।', 'लाल कमीज वाला लड़का आया।', 'मैंने फल खाया।', 'वह पढ़ रहा है।', '', 'opt_b', '\'लाल\' विशेषण है जो \'कमीज\' की विशेषता बता रहा है।', 0, '2025-03-24 23:37:11', NULL),
(83, 1, 2, 'true_false', 'low', 1, 1, NULL, 'उपसर्ग शब्द के अर्थ में परिवर्तन नहीं करते।', 'false', 'true', '', '', '', 'true', 'उपसर्ग शब्द के अर्थ में परिवर्तन करते हैं, जैसे \'राज\' और \'अ-राज\'।', 0, '2025-03-24 23:37:11', NULL),
(84, 1, 2, 'multichoice', 'medium', 1, 1, NULL, 'निम्न में से कौन-कौन से कारक के भेद हैं?', 'कर्ता कारक', 'कर्म कारक', 'संप्रदान कारक', 'अपादान कारक', 'संबंध कारक', '[\"opt_a\"', 'opt_b', 0, '2025-03-24 23:37:55', NULL),
(85, 1, 2, 'singlechoice', 'high', 1, 1, NULL, 'निम्न में से कौन सा समास नहीं है?', 'तत्पुरुष समास', 'द्वंद्व समास', 'बहुव्रीहि समास', 'कर्मधारय समास', 'मिश्र वाक्य', '', 'opt_e', 0, '2025-03-24 23:37:55', NULL),
(86, 1, 2, 'true_false', 'medium', 1, 1, NULL, 'क्रिया विशेषण शब्द क्रिया की विशेषता बताते हैं।', 'true', 'false', '', '', '', 'true', 'क्रिया विशेषण शब्द वास्तव में क्रिया की विशेषता या तरीके को बताते हैं।', 0, '2025-03-24 23:37:55', NULL),
(87, 1, 2, 'multichoice', 'low', 1, 1, NULL, 'निम्न में से कौन-कौन से वाक्य के भेद हैं?', 'सरल वाक्य', 'संयुक्त वाक्य', 'मिश्र वाक्य', 'अशुद्ध वाक्य', 'शुद्ध वाक्य', '[\"opt_a\"', 'opt_b', 0, '2025-03-24 23:37:55', NULL),
(88, 1, 2, 'singlechoice', 'medium', 1, 1, NULL, 'निम्न में से किस शब्द में उपसर्ग लगा है?', 'जाना', 'अजाना', 'गाना', 'काना', '', 'opt_b', '\'अ\' उपसर्ग \'जाना\' शब्द में लगकर \'अजाना\' बनाता है, जिसका अर्थ अनजान होता है।', 0, '2025-03-24 23:37:55', NULL),
(89, 1, 2, 'true_false', 'low', 1, 1, NULL, 'योजक चिह्न वाक्य में विराम के लिए प्रयोग किया जाता है।', 'false', 'true', '', '', '', 'true', 'योजक चिह्न (हाइफन) शब्दों या वाक्य के भागों को जोड़ने के लिए प्रयोग किया जाता है।', 0, '2025-03-24 23:37:55', NULL),
(90, 1, 2, 'multichoice', 'high', 1, 1, NULL, 'निम्न में से कौन-कौन से अलंकार के भेद हैं?', 'अनुप्रास', 'यमक', 'श्लेष', 'उपमा', 'रूपक', '[\"opt_a\"', 'opt_b', 0, '2025-03-24 23:37:55', NULL),
(91, 1, 2, 'singlechoice', 'low', 1, 1, NULL, 'किस शब्द में संधि हुई है?', 'गत + अंक', 'गतांक', 'गत अंक', 'गत-अंक', '', 'opt_b', '\'गत\' और \'अंक\' के मिलने से \'गतांक\' संधि बना है।', 0, '2025-03-24 23:37:55', NULL),
(92, 1, 2, 'true_false', 'medium', 1, 1, NULL, 'मुख्य क्रिया के साथ सहायक क्रिया का प्रयोग वाक्य में अर्थ स्पष्टता लाता है।', 'true', 'false', '', '', '', 'true', 'सहायक क्रिया मुख्य क्रिया के अर्थ को और अधिक स्पष्ट और विस्तृत करती है।', 0, '2025-03-24 23:37:55', NULL),
(93, 1, 4, 'singlechoice', 'low', 1, 1, NULL, 'Which of these numbers is the largest?', '45', '67', '23', '12', '9', 'opt_b', 'opt_b', 0, '2025-04-05 04:05:26', NULL),
(94, 1, 4, 'multichoice', 'medium', 1, 1, NULL, 'Arrange 5678', '5687', '5668 in ascending order?', '5668', '5678', '5687', '5689', '5690', 0, '2025-03-24 23:41:25', NULL),
(95, 1, 4, 'true_false', 'low', 1, 1, NULL, '9999 is greater than 10000.', 'false', 'true', '', '', '', 'false', '10000 is larger than 9999 as it moves to the next place value.', 0, '2025-03-24 23:41:25', NULL),
(96, 1, 4, 'singlechoice', 'high', 1, 1, NULL, 'In comparing large numbers', 'which place value is most significant?', 'Ones place', 'Tens place', 'Hundreds place', 'Thousands place', 'Ten thousands place', '', 0, '2025-03-24 23:41:25', NULL),
(97, 1, 4, 'multichoice', 'medium', 1, 1, NULL, 'Which numbers are in descending order?', '87654', '87645', '87655', '87635', '87644', '[\"opt_a\"', 'opt_c', 0, '2025-03-24 23:41:25', NULL),
(98, 1, 4, 'singlechoice', 'medium', 1, 1, NULL, 'In the Indian number system how many zeros are in a crore?', '5', '6', '7', '4', '3', 'opt_b', 'In the Indian number system, a crore is 10,000,000 (7 zeros).', 0, '2025-03-24 23:46:31', NULL),
(99, 1, 4, 'true_false', 'low', 1, 1, NULL, 'The International number system uses \'lakh\' as a standard term.', 'false', 'true', '', '', '', 'false', 'The International number system uses \'hundred thousand\' instead of \'lakh\'.', 0, '2025-03-24 23:46:31', NULL),
(100, 1, 4, 'multichoice', 'high', 1, 1, NULL, 'Which number systems are commonly used?', 'Indian', 'International', 'Binary', 'Decimal', 'Hexadecimal', '[\"opt_a\"', 'opt_b', 0, '2025-03-24 23:46:31', NULL),
(101, 1, 4, 'singlechoice', 'medium', 1, 1, NULL, 'What is 100000 called in the Indian number system?', 'Ten thousand', 'One lakh', 'Hundred thousand', 'Million', 'Crore', 'opt_b', 'In the Indian number system, 1,00,000 is called one lakh.', 0, '2025-03-24 23:46:31', NULL),
(102, 1, 4, 'multichoice', 'low', 1, 1, NULL, 'What is the difference between Indian and International systems?', 'Grouping of digits', 'Decimal points', 'Negative numbers', 'Counting method', 'Addition method', '[\"opt_a\"]', 'The primary difference is how digits are grouped: Indian system groups by lakhs, International by thousands.', 0, '2025-03-24 23:46:31', NULL),
(103, 1, 6, 'singlechoice', 'medium', 1, 1, NULL, 'Who is considered the father of the Indian Constitution?', 'Dr. B.R. Ambedkar', 'Mahatma Gandhi', 'Jawaharlal Nehru', 'Sardar Patel', 'Subhas Chandra Bose', '', 'opt_a', 0, '2025-03-24 23:52:59', NULL),
(104, 1, 6, 'true_false', 'low', 1, 1, NULL, 'The Indus Valley Civilization was located primarily in modern-day Pakistan and northwest India.', 'true', 'false', '', '', '', 'true', 'The Indus Valley Civilization flourished in the regions of modern-day Pakistan and northwest India around 3300-1300 BCE.', 0, '2025-03-24 23:52:59', NULL),
(105, 1, 6, 'multichoice', 'high', 1, 1, NULL, 'Which ancient Indian texts are known as the Vedas?', 'Rigveda', 'Samaveda', 'Yajurveda', 'Atharvaveda', 'All of these', '[\"opt_a\"]', 'The four Vedas are Rigveda, Samaveda, Yajurveda, and Atharvaveda, which are ancient sacred texts of Hinduism.', 0, '2025-03-24 23:52:59', NULL),
(106, 1, 6, 'singlechoice', 'medium', 1, 1, NULL, 'In which year did India gain independence?', '1945', '1947', '1950', '1942', '1935', '', 'opt_b', 0, '2025-03-24 23:52:59', NULL),
(107, 1, 6, 'multichoice', 'low', 1, 1, NULL, 'Which dynasties ruled ancient India?', 'Maurya', 'Gupta', 'Chola', 'Mughal', 'All of these', '[\'opt_a\']', 'These were major dynasties that ruled different parts of India at different times.', 0, '2025-03-24 23:52:59', NULL),
(108, 1, 6, 'singlechoice', 'medium', 1, 1, NULL, 'Which is the longest river in India?', 'Ganges', 'Brahmaputra', 'Yamuna', 'Godavari', 'Indus', 'opt_a', 'The Ganges is the longest river in India, flowing through multiple states.', 0, '2025-03-24 23:54:13', NULL),
(109, 1, 6, 'true_false', 'low', 1, 1, NULL, 'The Himalayas are located only in India.', 'false', 'true', '', '', '', 'false', 'The Himalayan mountain range spans multiple countries including India, Nepal, Bhutan, China, and Pakistan.', 0, '2025-03-24 23:54:13', NULL),
(110, 1, 6, 'multichoice', 'high', 1, 1, NULL, 'Which states are part of the Northeast of India?', 'Assam', 'Manipur', 'Tripura', 'Meghalaya', 'All of these', '[\"opt_a\"]', 'The Northeastern states of India include Assam, Manipur, Tripura, and Meghalaya.', 0, '2025-03-24 23:54:13', NULL),
(111, 1, 6, 'singlechoice', 'low', 1, 1, NULL, 'What is the capital of India?', 'Mumbai', 'Delhi', 'Kolkata', 'Chennai', 'Bangalore', 'opt_b', 'Delhi is the capital city of India.', 0, '2025-03-24 23:54:13', NULL),
(112, 1, 6, 'multichoice', 'medium', 1, 1, NULL, 'Which tropic passes through India?', 'Tropic of Cancer', 'Tropic of Capricorn', 'Arctic Tropic', 'Antarctic Tropic', 'Equator', '[\"opt_a\"]', 'The Tropic of Cancer passes through several Indian states, dividing the country into tropical and subtropical regions.', 0, '2025-03-24 23:54:13', NULL),
(113, 1, 6, 'singlechoice', 'medium', 1, 1, NULL, 'What type of government does India have?', 'Parliamentary Democracy', 'Monarchy', 'Dictatorship', 'Oligarchy', 'Theocracy', 'opt_a', 'India is the world\'s largest parliamentary democracy, where people elect their representatives.', 0, '2025-03-24 23:55:50', NULL),
(114, 1, 6, 'true_false', 'low', 1, 1, NULL, 'The President of India is the head of the government.', 'false', 'true', '', '', '', 'false', 'In India, the Prime Minister is the head of the government, while the President is the head of state.', 0, '2025-03-24 23:55:50', NULL),
(115, 1, 6, 'multichoice', 'high', 1, 1, NULL, 'What are the fundamental rights in the Indian Constitution?', 'Right to Equality', 'Right to Freedom', 'Right against Exploitation', 'Right to Education', 'All of these', '[\"opt_a\"]', 'The fundamental rights in the Indian Constitution protect citizens from discrimination and exploitation.', 0, '2025-03-24 23:55:50', NULL),
(116, 1, 6, 'singlechoice', 'low', 1, 1, NULL, 'How many states are there in India?', '28', '29', '30', '27', '31', 'opt_a', 'As of 2024, India has 28 states and 8 union territories.', 0, '2025-03-24 23:55:50', NULL),
(117, 1, 6, 'multichoice', 'medium', 1, 1, NULL, 'Who makes laws in India?', 'Parliament', 'State Legislatures', 'Prime Minister', 'President', 'All of these', '[\"opt_a\"]', 'Laws in India are made by the Parliament at the national level and State Legislatures at the state level.', 0, '2025-03-24 23:55:50', NULL),
(118, 1, 5, 'singlechoice', 'medium', 1, 1, NULL, 'What is the full form of CPU?', 'Central Processing Unit', 'Computer Processing Unit', 'Central Program Unit', 'Core Processing Unit', '', 'opt_a', '', 0, '2025-03-26 05:34:10', NULL),
(119, 1, 5, 'singlechoice', 'medium', 1, 1, NULL, 'Which part of the CPU is responsible for carrying out arithmetic and logic operations?', 'Control Unit', 'Memory Unit', 'Arithmetic Logic', 'Unit', 'Register', '', 'opt_c', 0, '2025-03-26 05:34:10', NULL),
(120, 1, 5, 'true_false', 'low', 1, 1, NULL, 'The Control Unit directs the flow of instructions in the CPU. True or false?', '', '', '', '', '', 'true', '', 0, '2025-03-26 05:34:10', NULL),
(121, 1, 5, 'multichoice', 'high', 1, 1, NULL, 'Which of the following are main components of the CPU? Select all that apply.', 'Control Unit', 'Arithmetic Logic Unit', 'Memory Unit', 'Cache', 'Register', '[\"opt_a\",\"opt_b\",\"opt_e\"]', '', 0, '2025-03-26 05:34:10', NULL),
(122, 1, 6, 'singlechoice', 'low', 1, 1, NULL, 'Which of the following was a major city of the Indus Valley Civilization?', 'Pataliputra<br data-end=\"195\" data-start=\"192\" />\r\n&nbsp;', '&nbsp;Harappa<br data-end=\"208\" data-start=\"205\" />\r\n&nbsp;', '&nbsp;Kalinga&nbsp;', 'Ujjain', '', 'opt_b', '', 0, '2025-05-06 10:07:57', NULL),
(123, 1, 3, 'singlechoice', 'low', 1, 1, NULL, 'Which of the following is <strong data-end=\"133\" data-start=\"126\">not</strong> a property of solids?', 'Definite Shape', 'Definite Volume', 'Easily Compressible', 'Pariticales are tightel pacekd', '', 'opt_c', '', 0, '2025-05-06 12:16:51', NULL),
(124, 1, 3, 'singlechoice', 'low', 1, 1, NULL, 'Which of the following is an example of a <strong data-end=\"150\" data-start=\"131\">chemical change</strong>?', 'Melting of ice', 'Boiling of water', 'Rusting of Iron', 'Breaking of glass', '', 'opt_c', '', 0, '2025-05-06 12:19:06', NULL),
(125, 1, 3, 'singlechoice', 'low', 1, 1, NULL, 'Which of the following organisms belongs to the <strong data-end=\"174\" data-start=\"154\">kingdom Protista</strong>?', 'Amobea', 'Mushroom', 'Fern', 'Earthworm', '', 'opt_a', '', 0, '2025-05-06 12:20:46', NULL),
(126, 1, 3, 'singlechoice', 'low', 1, 1, NULL, 'Which of the following is <strong data-end=\"143\" data-start=\"136\">not</strong> a characteristic of living organisms?', '&nbsp;They reproduce', 'They grow', 'They do not respond to stimuli', 'They require energy', '', 'opt_c', '', 0, '2025-05-06 12:22:33', NULL),
(127, 1, 3, 'singlechoice', 'low', 1, 1, NULL, 'Which of the following is a <strong data-end=\"168\" data-start=\"145\">non-flowering plant</strong>?', 'Fern', 'lotus', 'Rose', 'Sunflower', '', 'opt_a', '', 0, '2025-05-06 12:25:04', NULL),
(128, 1, 3, 'singlechoice', 'low', 1, 1, NULL, 'Which part of the plant is responsible for <strong data-end=\"164\" data-start=\"132\">absorbing water and minerals</strong> from the soil?', 'stem&nbsp;', 'root', 'leaf', 'flower', '', 'opt_b', '', 0, '2025-05-06 12:26:53', NULL),
(129, 1, 3, 'singlechoice', 'low', 1, 1, NULL, 'In which part of the plant does <strong data-end=\"143\" data-start=\"125\">photosynthesis</strong> primarily occur?', 'leaf', 'root', 'stem', 'flower', '', 'opt_a', '', 0, '2025-05-06 12:28:21', NULL),
(130, 1, 3, 'singlechoice', 'low', 1, 1, NULL, 'Which part of the plant is responsible for <strong data-end=\"164\" data-start=\"132\">absorbing water and minerals</strong> from the soil?', 'root', 'lefa', 'water', 'patels', '', 'opt_a', '', 0, '2025-05-06 12:32:00', NULL);

-- --------------------------------------------------------

--
-- Table structure for table `read_notification`
--

CREATE TABLE `read_notification` (
  `id` int(11) NOT NULL,
  `student_id` int(11) DEFAULT NULL,
  `parent_id` int(11) DEFAULT NULL,
  `staff_id` int(11) DEFAULT NULL,
  `notification_id` int(11) DEFAULT NULL,
  `is_active` varchar(255) DEFAULT 'no',
  `created_at` timestamp NOT NULL DEFAULT current_timestamp() ON UPDATE current_timestamp(),
  `updated_at` date DEFAULT NULL
) ENGINE=InnoDB DEFAULT CHARSET=utf8 COLLATE=utf8_general_ci;

--
-- Dumping data for table `read_notification`
--

INSERT INTO `read_notification` (`id`, `student_id`, `parent_id`, `staff_id`, `notification_id`, `is_active`, `created_at`, `updated_at`) VALUES
(1, 46, NULL, NULL, 1, 'no', '2025-04-02 13:03:25', NULL);

-- --------------------------------------------------------

--
-- Table structure for table `recommended`
--

CREATE TABLE `recommended` (
  `id` int(11) NOT NULL,
  `subject_id` int(11) DEFAULT NULL,
  `lesson_id` int(11) DEFAULT NULL,
  `topic_id` int(11) DEFAULT NULL,
  `video_file` varchar(255) DEFAULT NULL,
  `file_name` varchar(255) DEFAULT NULL,
  `scoreing_category` int(11) DEFAULT NULL,
  `created_at` timestamp NULL DEFAULT current_timestamp(),
  `modified_at` timestamp NULL DEFAULT current_timestamp() ON UPDATE current_timestamp()
) ENGINE=InnoDB DEFAULT CHARSET=utf8mb4 COLLATE=utf8mb4_general_ci;

--
-- Dumping data for table `recommended`
--

INSERT INTO `recommended` (`id`, `subject_id`, `lesson_id`, `topic_id`, `video_file`, `file_name`, `scoreing_category`, `created_at`, `modified_at`) VALUES
(6, 3, 9, 45, 'https://youtu.be/pKvo0XWZtjo?si=zZWJBVJ5YlSP_tum', '1744421056-17328262467f9c0c01b8fd!Sample_data.pdf', 5, '2025-04-12 01:24:16', '2025-04-12 01:24:16'),
(7, 3, 9, 45, 'https://youtu.be/pKvo0XWZtjo?si=zZWJBVJ5YlSP_tum', '1744421142-123153234167f9c11648bb3!Sample_data.pdf', 1, '2025-04-12 01:25:42', '2025-04-12 01:25:42'),
(8, 5, 32, 146, 'https://youtu.be/MMzdKTtUIFM?si=OrlWLXZroaJYGpt-', '1744421434-94443403867f9c23ab45a0!Sample_data.pdf', 3, '2025-04-12 01:30:34', '2025-04-12 01:30:34'),
(9, 5, 32, 146, 'https://youtu.be/MMzdKTtUIFM?si=OrlWLXZroaJYGpt-', '1744421502-15303667067f9c27eeda75!Sample_data.pdf', 5, '2025-04-12 01:31:43', '2025-04-12 01:31:43'),
(10, 4, 17, 98, 'https://youtu.be/sUTxDRBSfjk?si=UV3oLyrxdSdha5aZ', '1744421758-45363105667f9c37e85e18!Sample_data.pdf', 1, '2025-04-12 01:35:58', '2025-04-12 01:35:58'),
(11, 4, 17, 98, 'https://youtu.be/sUTxDRBSfjk?si=UV3oLyrxdSdha5aZ', '1744421882-102460313367f9c3fa201e1!Sample_data.pdf', 5, '2025-04-12 01:38:02', '2025-04-12 01:38:02'),
(12, 3, 46, 224, 'https://www.youtube.com/watch?v=tsgyWIsYvxs', '1746015080-3800737466812136871861!Lesson.pdf', 5, '2025-04-30 12:11:20', '2025-04-30 12:11:20');

-- --------------------------------------------------------

--
-- Table structure for table `reference`
--

CREATE TABLE `reference` (
  `id` int(11) NOT NULL,
  `reference` varchar(100) NOT NULL,
  `description` text NOT NULL
) ENGINE=InnoDB DEFAULT CHARSET=utf8 COLLATE=utf8_general_ci;

--
-- Dumping data for table `reference`
--

INSERT INTO `reference` (`id`, `reference`, `description`) VALUES
(1, 'Staff', ''),
(2, 'Parent', ''),
(3, 'Student', ''),
(4, 'Other School', '');

-- --------------------------------------------------------

--
-- Table structure for table `roles`
--

CREATE TABLE `roles` (
  `id` int(11) NOT NULL,
  `name` varchar(100) DEFAULT NULL,
  `slug` varchar(150) DEFAULT NULL,
  `is_active` int(11) DEFAULT 0,
  `is_system` int(11) NOT NULL DEFAULT 0,
  `is_superadmin` int(11) NOT NULL DEFAULT 0,
  `created_at` timestamp NOT NULL DEFAULT current_timestamp() ON UPDATE current_timestamp(),
  `updated_at` date DEFAULT NULL
) ENGINE=InnoDB DEFAULT CHARSET=utf8 COLLATE=utf8_general_ci;

--
-- Dumping data for table `roles`
--

INSERT INTO `roles` (`id`, `name`, `slug`, `is_active`, `is_system`, `is_superadmin`, `created_at`, `updated_at`) VALUES
(1, 'Admin', NULL, 0, 1, 0, '2018-06-30 15:39:11', '0000-00-00'),
(2, 'Teacher', NULL, 0, 1, 0, '2018-06-30 15:39:14', '0000-00-00'),
(3, 'Accountant', NULL, 0, 1, 0, '2018-06-30 15:39:17', '0000-00-00'),
(4, 'Librarian', NULL, 0, 1, 0, '2018-06-30 15:39:21', '0000-00-00'),
(6, 'Receptionist', NULL, 0, 1, 0, '2018-07-02 05:39:03', '0000-00-00'),
(7, 'Super Admin', NULL, 0, 1, 1, '2018-07-11 14:11:29', '0000-00-00'),
(8, 'Principal', NULL, 0, 0, 0, '2025-04-08 17:43:16', NULL);

-- --------------------------------------------------------

--
-- Table structure for table `roles_permissions`
--

CREATE TABLE `roles_permissions` (
  `id` int(11) NOT NULL,
  `role_id` int(11) DEFAULT NULL,
  `perm_cat_id` int(11) DEFAULT NULL,
  `can_view` int(11) DEFAULT NULL,
  `can_add` int(11) DEFAULT NULL,
  `can_edit` int(11) DEFAULT NULL,
  `can_delete` int(11) DEFAULT NULL,
  `created_at` timestamp NOT NULL DEFAULT current_timestamp() ON UPDATE current_timestamp()
) ENGINE=InnoDB DEFAULT CHARSET=utf8 COLLATE=utf8_general_ci;

--
-- Dumping data for table `roles_permissions`
--

INSERT INTO `roles_permissions` (`id`, `role_id`, `perm_cat_id`, `can_view`, `can_add`, `can_edit`, `can_delete`, `created_at`) VALUES
(11, 1, 78, 1, 1, 1, 1, '2018-07-03 00:49:43'),
(23, 1, 12, 1, 1, 1, 1, '2018-07-06 09:45:38'),
(24, 1, 13, 1, 1, 1, 1, '2018-07-06 09:48:28'),
(26, 1, 15, 1, 1, 1, 0, '2019-11-27 23:47:28'),
(31, 1, 21, 1, 0, 1, 0, '2019-11-26 04:51:15'),
(34, 1, 24, 1, 1, 1, 1, '2019-11-28 06:35:20'),
(43, 1, 32, 1, 1, 1, 1, '2018-07-06 10:22:05'),
(44, 1, 33, 1, 1, 1, 1, '2018-07-06 10:22:29'),
(45, 1, 34, 1, 1, 1, 1, '2018-07-06 10:23:59'),
(46, 1, 35, 1, 1, 1, 1, '2018-07-06 10:24:34'),
(47, 1, 104, 1, 1, 1, 1, '2018-07-06 10:23:08'),
(48, 1, 37, 1, 1, 1, 1, '2018-07-06 10:25:30'),
(49, 1, 38, 1, 1, 1, 1, '2018-07-09 05:15:27'),
(61, 1, 55, 1, 1, 1, 1, '2018-07-02 09:24:16'),
(67, 1, 61, 1, 1, 0, 1, '2018-07-09 05:59:19'),
(68, 1, 62, 1, 1, 0, 1, '2018-07-09 05:59:19'),
(69, 1, 63, 1, 1, 0, 1, '2018-07-09 03:51:38'),
(70, 1, 64, 1, 1, 1, 1, '2018-07-09 03:02:19'),
(71, 1, 65, 1, 1, 1, 1, '2018-07-09 03:11:21'),
(72, 1, 66, 1, 1, 1, 1, '2018-07-09 03:13:09'),
(73, 1, 67, 1, 1, 1, 1, '2018-07-09 03:14:47'),
(74, 1, 79, 1, 1, 0, 1, '2019-11-30 01:32:51'),
(75, 1, 80, 1, 1, 1, 1, '2018-07-06 09:41:23'),
(76, 1, 81, 1, 1, 1, 1, '2018-07-06 09:41:23'),
(78, 1, 83, 1, 1, 1, 1, '2018-07-06 09:41:23'),
(79, 1, 84, 1, 1, 1, 1, '2018-07-06 09:41:23'),
(80, 1, 85, 1, 1, 1, 1, '2018-07-12 00:16:00'),
(94, 1, 82, 1, 1, 1, 1, '2018-07-06 09:41:23'),
(120, 1, 39, 1, 1, 1, 1, '2018-07-06 10:26:28'),
(156, 1, 9, 1, 1, 1, 1, '2019-11-27 23:45:46'),
(157, 1, 10, 1, 1, 1, 1, '2019-11-27 23:45:46'),
(159, 1, 40, 1, 1, 1, 1, '2019-11-30 00:49:39'),
(160, 1, 41, 1, 1, 1, 1, '2019-12-02 05:43:41'),
(161, 1, 42, 1, 1, 1, 1, '2019-11-30 00:49:39'),
(169, 1, 27, 1, 1, 0, 1, '2019-11-29 06:15:37'),
(178, 1, 54, 1, 0, 1, 0, '2018-07-05 09:09:22'),
(179, 1, 56, 1, 0, 1, 0, '2019-11-30 00:49:54'),
(180, 1, 57, 1, 0, 1, 0, '2019-11-30 01:32:51'),
(181, 1, 58, 1, 0, 1, 0, '2019-11-30 01:32:51'),
(182, 1, 59, 1, 0, 1, 0, '2019-11-30 01:32:51'),
(183, 1, 60, 1, 0, 1, 0, '2019-11-30 00:59:57'),
(201, 1, 14, 1, 0, 0, 0, '2018-07-02 11:22:03'),
(204, 1, 26, 1, 0, 0, 0, '2018-07-02 11:32:05'),
(206, 1, 29, 1, 0, 0, 0, '2018-07-02 11:43:54'),
(207, 1, 30, 1, 0, 0, 0, '2018-07-02 11:43:54'),
(208, 1, 31, 1, 1, 1, 1, '2019-11-30 01:32:51'),
(222, 1, 1, 1, 1, 1, 1, '2019-11-27 22:55:06'),
(307, 1, 126, 1, 0, 0, 0, '2018-07-03 09:26:13'),
(315, 1, 123, 1, 0, 0, 0, '2018-07-03 10:27:03'),
(369, 1, 102, 1, 1, 1, 1, '2019-12-02 05:02:15'),
(435, 1, 96, 1, 1, 1, 1, '2018-07-09 01:03:54'),
(461, 1, 97, 1, 0, 0, 0, '2018-07-09 01:00:16'),
(464, 1, 86, 1, 1, 1, 1, '2019-11-28 06:39:19'),
(474, 1, 130, 1, 1, 0, 1, '2018-07-09 10:56:36'),
(476, 1, 131, 1, 0, 0, 0, '2018-07-09 04:53:32'),
(557, 6, 82, 1, 1, 1, 1, '2019-12-01 01:48:28'),
(558, 6, 83, 1, 1, 1, 1, '2019-12-01 01:49:08'),
(559, 6, 84, 1, 1, 1, 1, '2019-12-01 01:49:59'),
(575, 6, 44, 1, 0, 0, 0, '2018-07-10 07:35:33'),
(576, 6, 46, 1, 0, 0, 0, '2018-07-10 07:35:33'),
(578, 6, 102, 1, 1, 1, 1, '2019-12-01 01:52:27'),
(625, 1, 28, 1, 1, 1, 1, '2019-11-29 06:19:18'),
(634, 4, 102, 1, 1, 1, 1, '2019-12-01 01:03:00'),
(669, 1, 145, 1, 0, 0, 0, '2019-11-26 04:51:15'),
(677, 1, 153, 1, 0, 0, 0, '2019-11-01 02:28:24'),
(720, 1, 216, 1, 0, 0, 0, '2019-11-26 05:24:12'),
(728, 1, 185, 1, 1, 1, 1, '2019-11-28 02:50:33'),
(729, 1, 186, 1, 1, 1, 1, '2019-11-28 02:49:07'),
(730, 1, 214, 1, 0, 1, 0, '2019-11-28 01:47:53'),
(732, 1, 198, 1, 0, 0, 0, '2019-11-26 05:24:30'),
(734, 1, 200, 1, 0, 0, 0, '2019-11-26 05:24:30'),
(735, 1, 201, 1, 0, 0, 0, '2019-11-26 05:24:30'),
(736, 1, 202, 1, 0, 0, 0, '2019-11-26 05:24:30'),
(737, 1, 203, 1, 0, 0, 0, '2019-11-26 05:24:30'),
(747, 1, 2, 1, 0, 0, 0, '2019-11-27 22:56:08'),
(748, 1, 3, 1, 1, 1, 1, '2019-11-27 22:56:32'),
(749, 1, 4, 1, 1, 1, 1, '2019-11-27 22:56:48'),
(751, 1, 128, 0, 1, 0, 1, '2019-11-27 22:57:01'),
(754, 1, 134, 1, 1, 1, 1, '2019-11-27 23:18:21'),
(755, 1, 5, 1, 1, 0, 1, '2019-11-27 23:35:07'),
(756, 1, 6, 1, 0, 0, 0, '2019-11-27 23:35:25'),
(757, 1, 7, 1, 1, 1, 1, '2019-11-27 23:36:35'),
(758, 1, 8, 1, 1, 1, 1, '2019-11-27 23:37:27'),
(760, 1, 68, 1, 0, 0, 0, '2019-11-27 23:38:06'),
(761, 1, 69, 1, 1, 1, 1, '2019-11-27 23:39:06'),
(762, 1, 70, 1, 1, 1, 1, '2019-11-27 23:39:41'),
(763, 1, 71, 1, 0, 0, 0, '2019-11-27 23:39:59'),
(765, 1, 73, 1, 0, 0, 0, '2019-11-27 23:43:15'),
(766, 1, 74, 1, 0, 0, 0, '2019-11-27 23:43:55'),
(768, 1, 11, 1, 0, 0, 0, '2019-11-27 23:45:46'),
(769, 1, 122, 1, 0, 0, 0, '2019-11-27 23:52:43'),
(771, 1, 136, 1, 0, 0, 0, '2019-11-27 23:55:36'),
(772, 1, 20, 1, 1, 1, 1, '2019-11-28 04:06:44'),
(773, 1, 137, 1, 1, 1, 1, '2019-11-28 00:46:14'),
(774, 1, 141, 1, 1, 1, 1, '2019-11-28 00:59:42'),
(775, 1, 142, 1, 0, 0, 0, '2019-11-27 23:56:12'),
(776, 1, 143, 1, 1, 1, 1, '2019-11-28 00:59:42'),
(777, 1, 144, 1, 0, 0, 0, '2019-11-27 23:56:12'),
(778, 1, 187, 1, 0, 0, 0, '2019-11-27 23:56:12'),
(779, 1, 196, 1, 0, 0, 0, '2019-11-27 23:56:12'),
(781, 1, 207, 1, 0, 0, 0, '2019-11-27 23:56:12'),
(782, 1, 208, 1, 0, 1, 0, '2019-11-28 00:10:22'),
(783, 1, 210, 1, 0, 1, 0, '2019-11-28 00:34:40'),
(784, 1, 211, 1, 0, 1, 0, '2019-11-28 00:38:23'),
(785, 1, 212, 1, 0, 1, 0, '2019-11-28 00:42:15'),
(786, 1, 205, 1, 1, 1, 1, '2019-11-28 00:42:15'),
(787, 1, 222, 1, 0, 1, 0, '2019-11-28 01:36:36'),
(788, 1, 77, 1, 1, 1, 1, '2019-11-28 06:22:10'),
(789, 1, 188, 1, 1, 1, 1, '2019-11-28 06:26:16'),
(790, 1, 23, 1, 1, 1, 1, '2019-11-28 06:34:20'),
(791, 1, 25, 1, 1, 1, 1, '2019-11-28 06:36:20'),
(792, 1, 127, 1, 0, 0, 0, '2019-11-28 06:41:25'),
(794, 1, 88, 1, 1, 1, 0, '2019-11-28 06:43:04'),
(795, 1, 90, 1, 1, 0, 1, '2019-11-28 06:46:22'),
(796, 1, 108, 1, 0, 1, 1, '2021-01-23 07:09:32'),
(797, 1, 109, 1, 1, 0, 0, '2019-11-28 23:38:11'),
(798, 1, 110, 1, 1, 1, 1, '2019-11-28 23:49:29'),
(799, 1, 111, 1, 1, 1, 1, '2019-11-28 23:49:57'),
(800, 1, 112, 1, 1, 1, 1, '2019-11-28 23:49:57'),
(801, 1, 129, 0, 1, 0, 1, '2019-11-28 23:49:57'),
(802, 1, 189, 1, 0, 1, 1, '2019-11-28 23:59:22'),
(810, 2, 1, 1, 1, 1, 1, '2019-11-30 02:54:16'),
(817, 1, 93, 1, 1, 1, 1, '2019-11-29 00:56:14'),
(825, 1, 87, 1, 0, 0, 0, '2019-11-29 00:56:14'),
(829, 1, 94, 1, 1, 0, 0, '2019-11-29 00:57:57'),
(836, 1, 146, 1, 0, 0, 0, '2019-11-29 01:13:28'),
(837, 1, 147, 1, 0, 0, 0, '2019-11-29 01:13:28'),
(838, 1, 148, 1, 0, 0, 0, '2019-11-29 01:13:28'),
(839, 1, 149, 1, 0, 0, 0, '2019-11-29 01:13:28'),
(840, 1, 150, 1, 0, 0, 0, '2019-11-29 01:13:28'),
(841, 1, 151, 1, 0, 0, 0, '2019-11-29 01:13:28'),
(842, 1, 152, 1, 0, 0, 0, '2019-11-29 01:13:28'),
(843, 1, 154, 1, 0, 0, 0, '2019-11-29 01:13:28'),
(862, 1, 155, 1, 0, 0, 0, '2019-11-29 02:07:30'),
(863, 1, 156, 1, 0, 0, 0, '2019-11-29 02:07:52'),
(864, 1, 157, 1, 0, 0, 0, '2019-11-29 02:08:05'),
(874, 1, 158, 1, 0, 0, 0, '2019-11-29 02:14:03'),
(875, 1, 159, 1, 0, 0, 0, '2019-11-29 02:14:31'),
(876, 1, 160, 1, 0, 0, 0, '2019-11-29 02:14:44'),
(878, 1, 162, 1, 0, 0, 0, '2019-11-29 02:15:58'),
(879, 1, 163, 1, 0, 0, 0, '2019-11-29 02:16:19'),
(882, 1, 164, 1, 0, 0, 0, '2019-11-29 02:25:17'),
(884, 1, 165, 1, 0, 0, 0, '2019-11-29 02:25:30'),
(886, 1, 197, 1, 0, 0, 0, '2019-11-29 02:25:48'),
(887, 1, 219, 1, 0, 0, 0, '2019-11-29 02:26:05'),
(889, 1, 220, 1, 0, 0, 0, '2019-11-29 02:26:22'),
(932, 1, 204, 1, 0, 0, 0, '2019-11-29 03:43:27'),
(933, 1, 221, 1, 0, 0, 0, '2019-11-29 03:45:04'),
(934, 1, 178, 1, 0, 0, 0, '2019-11-29 03:45:16'),
(935, 1, 179, 1, 0, 0, 0, '2019-11-29 03:45:33'),
(936, 1, 161, 1, 0, 0, 0, '2019-11-29 03:45:48'),
(937, 1, 180, 1, 0, 0, 0, '2019-11-29 03:45:48'),
(938, 1, 181, 1, 0, 0, 0, '2019-11-29 03:49:33'),
(939, 1, 182, 1, 0, 0, 0, '2019-11-29 03:49:45'),
(940, 1, 183, 1, 0, 0, 0, '2019-11-29 03:49:56'),
(941, 1, 174, 1, 0, 0, 0, '2019-11-29 03:50:53'),
(943, 1, 176, 1, 0, 0, 0, '2019-11-29 03:52:10'),
(944, 1, 177, 1, 0, 0, 0, '2019-11-29 03:52:22'),
(945, 1, 53, 0, 1, 0, 1, '2021-01-23 07:09:32'),
(946, 1, 215, 1, 0, 0, 0, '2019-11-29 04:01:37'),
(947, 1, 213, 1, 0, 0, 0, '2019-11-29 04:07:45'),
(974, 1, 224, 1, 0, 0, 0, '2019-11-29 04:32:52'),
(1026, 1, 135, 1, 0, 1, 0, '2019-11-29 06:02:12'),
(1031, 1, 228, 1, 0, 0, 0, '2019-11-29 06:21:16'),
(1083, 1, 175, 1, 0, 0, 0, '2019-11-30 00:37:24'),
(1086, 1, 43, 1, 1, 1, 1, '2019-11-30 00:49:39'),
(1087, 1, 44, 1, 0, 0, 0, '2019-11-30 00:49:39'),
(1088, 1, 46, 1, 0, 0, 0, '2019-11-30 00:49:39'),
(1089, 1, 217, 1, 0, 0, 0, '2019-11-30 00:49:39'),
(1090, 1, 98, 1, 1, 1, 1, '2019-11-30 01:32:51'),
(1091, 1, 99, 1, 0, 0, 0, '2019-11-30 01:30:18'),
(1092, 1, 223, 1, 0, 0, 0, '2019-11-30 01:32:51'),
(1103, 2, 205, 1, 1, 1, 1, '2019-11-30 01:56:04'),
(1105, 2, 23, 1, 0, 0, 0, '2019-11-30 01:56:04'),
(1106, 2, 24, 1, 0, 0, 0, '2019-11-30 01:56:04'),
(1107, 2, 25, 1, 0, 0, 0, '2019-11-30 01:56:04'),
(1108, 2, 77, 1, 0, 0, 0, '2019-11-30 01:56:04'),
(1119, 2, 117, 1, 0, 0, 0, '2019-11-30 01:56:04'),
(1123, 3, 8, 1, 1, 1, 1, '2019-11-30 06:46:18'),
(1125, 3, 69, 1, 1, 1, 1, '2019-11-30 07:00:49'),
(1126, 3, 70, 1, 1, 1, 1, '2019-11-30 07:04:46'),
(1130, 3, 9, 1, 1, 1, 1, '2019-11-30 07:14:54'),
(1131, 3, 10, 1, 1, 1, 1, '2019-11-30 07:16:02'),
(1134, 3, 35, 1, 1, 1, 1, '2019-11-30 07:25:04'),
(1135, 3, 104, 1, 1, 1, 1, '2019-11-30 07:25:53'),
(1140, 3, 41, 1, 1, 1, 1, '2019-11-30 07:37:13'),
(1141, 3, 42, 1, 1, 1, 1, '2019-11-30 07:37:46'),
(1142, 3, 43, 1, 1, 1, 1, '2019-11-30 07:42:06'),
(1151, 3, 87, 1, 0, 0, 0, '2019-11-30 02:23:13'),
(1152, 3, 88, 1, 1, 1, 0, '2019-11-30 02:23:13'),
(1153, 3, 90, 1, 1, 0, 1, '2019-11-30 02:23:13'),
(1154, 3, 108, 1, 0, 1, 0, '2019-11-30 02:23:13'),
(1155, 3, 109, 1, 1, 0, 0, '2019-11-30 02:23:13'),
(1156, 3, 110, 1, 1, 1, 1, '2019-11-30 02:23:13'),
(1157, 3, 111, 1, 1, 1, 1, '2019-11-30 02:23:13'),
(1158, 3, 112, 1, 1, 1, 1, '2019-11-30 02:23:13'),
(1159, 3, 127, 1, 0, 0, 0, '2019-11-30 02:23:13'),
(1160, 3, 129, 0, 1, 0, 1, '2019-11-30 02:23:13'),
(1161, 3, 102, 1, 1, 1, 1, '2019-11-30 02:23:13'),
(1162, 3, 106, 1, 0, 0, 0, '2019-11-30 02:23:13'),
(1163, 3, 113, 1, 0, 0, 0, '2019-11-30 02:23:13'),
(1164, 3, 114, 1, 0, 0, 0, '2019-11-30 02:23:13'),
(1165, 3, 115, 1, 0, 0, 0, '2019-11-30 02:23:13'),
(1166, 3, 116, 1, 0, 0, 0, '2019-11-30 02:23:13'),
(1167, 3, 117, 1, 0, 0, 0, '2019-11-30 02:23:13'),
(1168, 3, 118, 1, 0, 0, 0, '2019-11-30 02:23:13'),
(1171, 2, 142, 1, 0, 0, 0, '2019-11-30 02:36:17'),
(1172, 2, 144, 1, 0, 0, 0, '2019-11-30 02:36:17'),
(1179, 2, 212, 1, 0, 1, 0, '2019-11-30 02:36:17'),
(1183, 2, 148, 1, 0, 0, 0, '2019-11-30 02:36:17'),
(1184, 2, 149, 1, 0, 0, 0, '2019-11-30 02:36:17'),
(1185, 2, 150, 1, 0, 0, 0, '2019-11-30 02:36:17'),
(1186, 2, 151, 1, 0, 0, 0, '2019-11-30 02:36:17'),
(1187, 2, 152, 1, 0, 0, 0, '2019-11-30 02:36:17'),
(1188, 2, 153, 1, 0, 0, 0, '2019-11-30 02:36:17'),
(1189, 2, 154, 1, 0, 0, 0, '2019-11-30 02:36:17'),
(1190, 2, 197, 1, 0, 0, 0, '2019-11-30 02:36:17'),
(1191, 2, 198, 1, 0, 0, 0, '2019-11-30 02:36:17'),
(1193, 2, 200, 1, 0, 0, 0, '2019-11-30 02:36:17'),
(1194, 2, 201, 1, 0, 0, 0, '2019-11-30 02:36:17'),
(1195, 2, 202, 1, 0, 0, 0, '2019-11-30 02:36:17'),
(1196, 2, 203, 1, 0, 0, 0, '2019-11-30 02:36:17'),
(1197, 2, 219, 1, 0, 0, 0, '2019-11-30 02:36:17'),
(1198, 2, 223, 1, 0, 0, 0, '2019-11-30 02:36:17'),
(1199, 2, 213, 1, 0, 0, 0, '2019-11-30 02:36:17'),
(1201, 2, 230, 1, 0, 0, 0, '2019-11-30 02:36:17'),
(1204, 2, 214, 1, 0, 1, 0, '2019-11-30 02:36:17'),
(1206, 2, 224, 1, 0, 0, 0, '2019-11-30 02:36:17'),
(1208, 2, 2, 1, 0, 0, 0, '2019-11-30 02:55:45'),
(1210, 2, 143, 1, 1, 1, 1, '2019-11-30 02:57:28'),
(1211, 2, 145, 1, 0, 0, 0, '2019-11-30 02:57:28'),
(1214, 2, 3, 1, 1, 1, 1, '2019-11-30 03:03:18'),
(1216, 2, 4, 1, 1, 1, 1, '2019-11-30 03:32:56'),
(1218, 2, 128, 0, 1, 0, 1, '2019-11-30 03:37:44'),
(1220, 3, 135, 1, 0, 1, 0, '2019-11-30 07:08:56'),
(1231, 3, 190, 1, 0, 0, 0, '2019-11-30 03:44:02'),
(1232, 3, 192, 1, 0, 0, 0, '2019-11-30 03:44:02'),
(1233, 3, 226, 1, 0, 0, 0, '2019-11-30 03:44:02'),
(1234, 3, 227, 1, 0, 0, 0, '2019-11-30 03:44:02'),
(1235, 3, 224, 1, 0, 0, 0, '2019-11-30 03:44:02'),
(1236, 2, 15, 1, 1, 1, 0, '2019-11-30 03:54:25'),
(1239, 2, 122, 1, 0, 0, 0, '2019-11-30 03:57:48'),
(1240, 2, 136, 1, 0, 0, 0, '2019-11-30 03:57:48'),
(1242, 6, 217, 1, 0, 0, 0, '2019-11-30 04:00:13'),
(1243, 6, 224, 1, 0, 0, 0, '2019-11-30 04:00:13'),
(1245, 2, 20, 1, 1, 1, 1, '2019-11-30 04:01:28'),
(1246, 2, 137, 1, 1, 1, 1, '2019-11-30 04:02:40'),
(1248, 2, 141, 1, 1, 1, 1, '2019-11-30 04:04:04'),
(1250, 2, 187, 1, 0, 0, 0, '2019-11-30 04:11:19'),
(1252, 2, 207, 1, 0, 0, 0, '2019-11-30 04:21:21'),
(1253, 2, 208, 1, 0, 1, 0, '2019-11-30 04:22:00'),
(1255, 2, 210, 1, 0, 1, 0, '2019-11-30 04:22:58'),
(1256, 2, 211, 1, 0, 1, 0, '2019-11-30 04:24:03'),
(1257, 2, 21, 1, 0, 0, 0, '2019-11-30 04:32:59'),
(1259, 2, 188, 1, 0, 0, 0, '2019-11-30 04:34:35'),
(1260, 2, 27, 1, 0, 0, 0, '2019-11-30 04:36:13'),
(1262, 2, 43, 1, 1, 1, 1, '2019-11-30 04:39:42'),
(1263, 2, 44, 1, 0, 0, 0, '2019-11-30 04:41:43'),
(1264, 2, 46, 1, 0, 0, 0, '2019-11-30 04:41:43'),
(1265, 2, 217, 1, 0, 0, 0, '2019-11-30 04:41:43'),
(1266, 2, 146, 1, 0, 0, 0, '2019-11-30 04:46:35'),
(1267, 2, 147, 1, 0, 0, 0, '2019-11-30 04:47:37'),
(1269, 2, 164, 1, 0, 0, 0, '2019-11-30 04:51:04'),
(1271, 2, 109, 1, 1, 0, 0, '2019-11-30 05:03:37'),
(1272, 2, 93, 1, 1, 1, 1, '2019-11-30 05:07:25'),
(1273, 2, 94, 1, 1, 0, 0, '2019-11-30 05:07:42'),
(1275, 2, 102, 1, 1, 1, 1, '2019-11-30 05:11:22'),
(1277, 2, 196, 1, 0, 0, 0, '2019-11-30 05:15:01'),
(1278, 2, 195, 1, 0, 0, 0, '2019-11-30 05:19:08'),
(1279, 2, 185, 1, 1, 1, 1, '2019-11-30 05:21:44'),
(1280, 2, 186, 1, 1, 1, 1, '2019-11-30 05:22:43'),
(1281, 2, 222, 1, 0, 1, 0, '2019-11-30 05:24:30'),
(1283, 3, 5, 1, 1, 0, 1, '2019-11-30 06:43:04'),
(1284, 3, 6, 1, 0, 0, 0, '2019-11-30 06:43:29'),
(1285, 3, 7, 1, 1, 1, 1, '2019-11-30 06:44:39'),
(1286, 3, 68, 1, 0, 0, 0, '2019-11-30 06:46:58'),
(1287, 3, 71, 1, 0, 0, 0, '2019-11-30 07:05:41'),
(1288, 3, 73, 1, 0, 0, 0, '2019-11-30 07:05:59'),
(1289, 3, 74, 1, 0, 0, 0, '2019-11-30 07:06:08'),
(1290, 3, 11, 1, 0, 0, 0, '2019-11-30 07:16:37'),
(1291, 3, 12, 1, 1, 1, 1, '2019-11-30 07:19:29'),
(1292, 3, 13, 1, 1, 1, 1, '2019-11-30 07:22:27'),
(1294, 3, 14, 1, 0, 0, 0, '2019-11-30 07:22:55'),
(1295, 3, 31, 1, 1, 1, 1, '2019-12-02 06:30:37'),
(1297, 3, 37, 1, 1, 1, 1, '2019-11-30 07:28:09'),
(1298, 3, 38, 1, 1, 1, 1, '2019-11-30 07:29:02'),
(1299, 3, 39, 1, 1, 1, 1, '2019-11-30 07:30:07'),
(1300, 3, 40, 1, 1, 1, 1, '2019-11-30 07:32:43'),
(1301, 3, 44, 1, 0, 0, 0, '2019-11-30 07:44:09'),
(1302, 3, 46, 1, 0, 0, 0, '2019-11-30 07:44:09'),
(1303, 3, 217, 1, 0, 0, 0, '2019-11-30 07:44:09'),
(1304, 3, 155, 1, 0, 0, 0, '2019-11-30 07:44:32'),
(1305, 3, 156, 1, 0, 0, 0, '2019-11-30 07:45:18'),
(1306, 3, 157, 1, 0, 0, 0, '2019-11-30 07:45:42'),
(1307, 3, 158, 1, 0, 0, 0, '2019-11-30 07:46:07'),
(1308, 3, 159, 1, 0, 0, 0, '2019-11-30 07:46:21'),
(1309, 3, 160, 1, 0, 0, 0, '2019-11-30 07:46:33'),
(1313, 3, 161, 1, 0, 0, 0, '2019-11-30 07:48:26'),
(1314, 3, 162, 1, 0, 0, 0, '2019-11-30 07:48:48'),
(1315, 3, 163, 1, 0, 0, 0, '2019-11-30 07:48:48'),
(1316, 3, 164, 1, 0, 0, 0, '2019-11-30 07:49:47'),
(1317, 3, 165, 1, 0, 0, 0, '2019-11-30 07:49:47'),
(1318, 3, 174, 1, 0, 0, 0, '2019-11-30 07:49:47'),
(1319, 3, 175, 1, 0, 0, 0, '2019-11-30 07:49:59'),
(1320, 3, 181, 1, 0, 0, 0, '2019-11-30 07:50:08'),
(1321, 3, 86, 1, 1, 1, 1, '2019-11-30 07:54:08'),
(1322, 4, 28, 1, 1, 1, 1, '2019-12-01 00:52:39'),
(1324, 4, 29, 1, 0, 0, 0, '2019-12-01 00:53:46'),
(1325, 4, 30, 1, 0, 0, 0, '2019-12-01 00:53:59'),
(1326, 4, 123, 1, 0, 0, 0, '2019-12-01 00:54:26'),
(1327, 4, 228, 1, 0, 0, 0, '2019-12-01 00:54:39'),
(1328, 4, 43, 1, 1, 1, 1, '2019-12-01 00:58:05'),
(1332, 4, 44, 1, 0, 0, 0, '2019-12-01 00:59:16'),
(1333, 4, 46, 1, 0, 0, 0, '2019-12-01 00:59:16'),
(1334, 4, 217, 1, 0, 0, 0, '2019-12-01 00:59:16'),
(1335, 4, 178, 1, 0, 0, 0, '2019-12-01 00:59:59'),
(1336, 4, 179, 1, 0, 0, 0, '2019-12-01 01:00:11'),
(1337, 4, 180, 1, 0, 0, 0, '2019-12-01 01:00:29'),
(1338, 4, 221, 1, 0, 0, 0, '2019-12-01 01:00:46'),
(1339, 4, 86, 1, 0, 0, 0, '2019-12-01 01:01:02'),
(1341, 4, 106, 1, 0, 0, 0, '2019-12-01 01:05:21'),
(1342, 1, 107, 1, 0, 0, 0, '2019-12-01 01:06:44'),
(1343, 4, 117, 1, 0, 0, 0, '2019-12-01 01:10:20'),
(1344, 4, 194, 1, 0, 0, 0, '2019-12-01 01:11:35'),
(1348, 4, 230, 1, 0, 0, 0, '2019-12-01 01:19:15'),
(1350, 6, 1, 1, 0, 0, 0, '2019-12-01 01:35:32'),
(1351, 6, 21, 1, 0, 0, 0, '2019-12-01 01:36:29'),
(1352, 6, 23, 1, 0, 0, 0, '2019-12-01 01:36:45'),
(1353, 6, 24, 1, 0, 0, 0, '2019-12-01 01:37:05'),
(1354, 6, 25, 1, 0, 0, 0, '2019-12-01 01:37:34'),
(1355, 6, 77, 1, 0, 0, 0, '2019-12-01 01:38:08'),
(1356, 6, 188, 1, 0, 0, 0, '2019-12-01 01:38:45'),
(1357, 6, 43, 1, 1, 1, 1, '2019-12-01 01:40:44'),
(1358, 6, 78, 1, 1, 1, 1, '2019-12-01 01:43:04'),
(1360, 6, 79, 1, 1, 0, 1, '2019-12-01 01:44:39'),
(1361, 6, 80, 1, 1, 1, 1, '2019-12-01 01:45:08'),
(1362, 6, 81, 1, 1, 1, 1, '2019-12-01 01:47:50'),
(1363, 6, 85, 1, 1, 1, 1, '2019-12-01 01:50:43'),
(1364, 6, 86, 1, 0, 0, 0, '2019-12-01 01:51:10'),
(1365, 6, 106, 1, 0, 0, 0, '2019-12-01 01:52:55'),
(1366, 6, 117, 1, 0, 0, 0, '2019-12-01 01:53:08'),
(1394, 1, 106, 1, 0, 0, 0, '2019-12-02 05:20:33'),
(1395, 1, 113, 1, 0, 0, 0, '2019-12-02 05:20:59'),
(1396, 1, 114, 1, 0, 0, 0, '2019-12-02 05:21:34'),
(1397, 1, 115, 1, 0, 0, 0, '2019-12-02 05:21:34'),
(1398, 1, 116, 1, 0, 0, 0, '2019-12-02 05:21:54'),
(1399, 1, 117, 1, 0, 0, 0, '2019-12-02 05:22:04'),
(1400, 1, 118, 1, 0, 0, 0, '2019-12-02 05:22:20'),
(1402, 1, 191, 1, 0, 0, 0, '2019-12-02 05:23:34'),
(1403, 1, 192, 1, 0, 0, 0, '2019-12-02 05:23:47'),
(1404, 1, 193, 1, 0, 0, 0, '2019-12-02 05:23:58'),
(1405, 1, 194, 1, 0, 0, 0, '2019-12-02 05:24:11'),
(1406, 1, 195, 1, 0, 0, 0, '2019-12-02 05:24:20'),
(1408, 1, 227, 1, 0, 0, 0, '2019-12-02 05:25:47'),
(1410, 1, 226, 1, 0, 0, 0, '2019-12-02 05:31:41'),
(1411, 1, 229, 1, 0, 0, 0, '2019-12-02 05:32:57'),
(1412, 1, 230, 1, 0, 0, 0, '2019-12-02 05:32:57'),
(1413, 1, 190, 1, 0, 0, 0, '2019-12-02 05:43:41'),
(1414, 2, 174, 1, 0, 0, 0, '2019-12-02 05:54:37'),
(1415, 2, 175, 1, 0, 0, 0, '2019-12-02 05:54:37'),
(1418, 2, 232, 1, 0, 1, 1, '2019-12-02 06:11:27'),
(1421, 1, 232, 1, 0, 1, 1, '2019-12-02 06:19:32'),
(1422, 3, 32, 1, 1, 1, 1, '2019-12-02 06:30:37'),
(1423, 3, 33, 1, 1, 1, 1, '2019-12-02 06:30:37'),
(1424, 3, 34, 1, 1, 1, 1, '2019-12-02 06:30:37'),
(1425, 3, 182, 1, 0, 0, 0, '2019-12-02 06:30:37'),
(1426, 3, 183, 1, 0, 0, 0, '2019-12-02 06:30:37'),
(1427, 3, 189, 1, 0, 1, 1, '2019-12-02 06:30:37'),
(1428, 3, 229, 1, 0, 0, 0, '2019-12-02 06:30:37'),
(1429, 3, 230, 1, 0, 0, 0, '2019-12-02 06:30:37'),
(1430, 4, 213, 1, 0, 0, 0, '2019-12-02 06:32:14'),
(1432, 4, 224, 1, 0, 0, 0, '2019-12-02 06:32:14'),
(1433, 4, 195, 1, 0, 0, 0, '2019-12-03 04:57:53'),
(1434, 4, 229, 1, 0, 0, 0, '2019-12-03 04:58:19'),
(1436, 6, 213, 1, 0, 0, 0, '2019-12-03 05:10:11'),
(1437, 6, 191, 1, 0, 0, 0, '2019-12-03 05:10:11'),
(1438, 6, 193, 1, 0, 0, 0, '2019-12-03 05:10:11'),
(1439, 6, 230, 1, 0, 0, 0, '2019-12-03 05:10:11'),
(1440, 2, 106, 1, 0, 0, 0, '2020-01-25 04:21:36'),
(1441, 2, 107, 1, 0, 0, 0, '2020-02-12 02:10:13'),
(1442, 2, 134, 1, 1, 1, 1, '2020-02-12 02:12:36'),
(1443, 1, 233, 1, 0, 0, 0, '2020-02-12 02:21:57'),
(1444, 2, 86, 1, 0, 0, 0, '2020-02-12 02:22:33'),
(1445, 3, 233, 1, 0, 0, 0, '2020-02-12 03:51:17'),
(1446, 1, 234, 1, 1, 1, 1, '2020-06-01 21:51:09'),
(1447, 1, 235, 1, 1, 1, 1, '2020-05-29 23:17:01'),
(1448, 1, 236, 1, 1, 1, 0, '2020-05-29 23:17:52'),
(1449, 1, 237, 1, 0, 1, 0, '2020-05-29 23:18:18'),
(1450, 1, 238, 1, 1, 1, 1, '2020-05-29 23:19:52'),
(1451, 1, 239, 1, 1, 1, 1, '2020-05-29 23:22:10'),
(1452, 2, 236, 1, 1, 1, 0, '2020-05-29 23:40:33'),
(1453, 2, 237, 1, 0, 1, 0, '2020-05-29 23:40:33'),
(1454, 2, 238, 1, 1, 1, 1, '2020-05-29 23:40:33'),
(1455, 2, 239, 1, 1, 1, 1, '2020-05-29 23:40:33'),
(1456, 2, 240, 1, 0, 0, 0, '2020-05-28 20:51:18'),
(1457, 2, 241, 1, 0, 0, 0, '2020-05-28 20:51:18'),
(1458, 1, 240, 1, 0, 0, 0, '2020-06-07 18:30:42'),
(1459, 1, 241, 1, 0, 0, 0, '2020-06-07 18:30:42'),
(1460, 1, 242, 1, 0, 0, 0, '2020-06-07 18:30:42'),
(1461, 2, 242, 1, 0, 0, 0, '2020-06-11 22:45:24'),
(1462, 3, 242, 1, 0, 0, 0, '2020-06-14 22:46:54'),
(1463, 6, 242, 1, 0, 0, 0, '2020-06-14 22:48:14'),
(1464, 1, 243, 1, 0, 0, 0, '2020-09-12 06:05:45'),
(1465, 1, 109, 1, 1, 0, 0, '2020-09-21 06:33:50'),
(1466, 1, 108, 1, 0, 1, 1, '2023-11-04 12:52:08'),
(1467, 1, 244, 1, 0, 0, 0, '2020-09-21 06:59:54'),
(1468, 1, 245, 1, 0, 0, 0, '2020-09-21 06:59:54'),
(1469, 1, 246, 1, 0, 0, 0, '2020-09-21 06:59:54'),
(1470, 1, 247, 1, 0, 0, 0, '2021-01-07 06:12:14'),
(1472, 2, 247, 1, 0, 0, 0, '2021-01-21 12:46:40'),
(1473, 1, 248, 1, 1, 1, 1, '2021-05-19 12:52:49'),
(1474, 1, 249, 1, 0, 0, 0, '2021-05-19 12:52:49'),
(1475, 2, 248, 1, 1, 1, 1, '2021-05-28 13:11:52'),
(1476, 3, 248, 1, 1, 1, 1, '2021-05-28 09:36:16'),
(1477, 3, 249, 1, 0, 0, 0, '2021-05-28 09:36:16'),
(1478, 6, 248, 1, 0, 0, 0, '2021-05-28 09:56:14'),
(1479, 6, 249, 1, 0, 0, 0, '2021-05-28 09:56:14'),
(1480, 2, 249, 1, 0, 0, 0, '2021-05-28 13:11:52'),
(1481, 1, 269, 1, 0, 0, 1, '2023-11-04 12:52:08'),
(1482, 2, 269, 1, 0, 0, 1, '2023-11-04 12:52:28'),
(1483, 3, 269, 1, 0, 0, 1, '2023-11-04 12:53:22'),
(1484, 4, 269, 1, 0, 0, 1, '2023-11-04 12:53:34'),
(1485, 6, 269, 1, 0, 0, 1, '2023-11-04 12:53:52'),
(1486, 1, 8001, 1, 1, 0, 1, '2022-05-05 07:00:06'),
(1487, 2, 8003, 1, 0, 0, 0, '2022-05-05 06:50:12'),
(1488, 2, 8004, 1, 0, 0, 0, '2022-05-05 06:50:42'),
(1489, 2, 8005, 1, 0, 0, 0, '2022-05-05 06:50:59'),
(1490, 2, 8006, 1, 0, 0, 0, '2022-05-05 06:51:17'),
(1491, 1, 8002, 1, 1, 1, 1, '2022-05-05 07:01:15'),
(1492, 1, 8003, 1, 0, 0, 0, '2022-05-05 07:01:49'),
(1493, 1, 8004, 1, 0, 0, 0, '2022-05-05 07:05:12'),
(1494, 1, 8005, 1, 0, 0, 0, '2022-05-05 07:08:53'),
(1495, 1, 8006, 1, 0, 0, 0, '2022-05-05 07:10:42'),
(1496, 2, 8008, 1, 0, 0, 0, '2022-05-05 07:11:34'),
(1497, 1, 8007, 1, 0, 0, 0, '2022-05-05 07:12:37'),
(1498, 1, 8008, 1, 0, 0, 0, '2022-05-05 07:15:07'),
(1499, 1, 8009, 1, 0, 1, 0, '2022-05-05 08:19:18'),
(1500, 2, 8007, 1, 0, 0, 0, '2022-05-05 07:26:02'),
(1501, 2, 8002, 1, 1, 1, 1, '2022-05-05 09:47:39'),
(1502, 2, 8009, 1, 0, 1, 0, '2022-05-05 08:25:01'),
(1503, 2, 8001, 1, 1, 0, 1, '2022-05-05 09:47:39'),
(1504, 4, 8001, 1, 1, 0, 1, '2022-05-05 08:37:50'),
(1505, 4, 8002, 1, 1, 1, 1, '2022-05-05 08:37:50'),
(1506, 4, 8003, 1, 0, 0, 0, '2022-05-05 08:32:25'),
(1507, 4, 8004, 1, 0, 0, 0, '2022-05-05 08:32:25'),
(1508, 4, 8005, 1, 0, 0, 0, '2022-05-05 08:32:25'),
(1509, 4, 8006, 1, 0, 0, 0, '2022-05-05 08:32:25'),
(1510, 4, 8007, 1, 0, 0, 0, '2022-05-05 08:32:25'),
(1511, 4, 8008, 1, 0, 0, 0, '2022-05-05 08:32:25'),
(1512, 4, 8009, 1, 0, 0, 0, '2022-05-05 08:32:25'),
(1513, 3, 8001, 1, 1, 0, 1, '2022-05-05 08:36:56'),
(1514, 3, 8002, 1, 1, 1, 1, '2022-05-05 08:42:21'),
(1515, 3, 8003, 1, 0, 0, 0, '2022-05-05 08:44:16'),
(1516, 3, 8004, 1, 0, 0, 0, '2022-05-05 08:49:05'),
(1517, 3, 8005, 1, 0, 0, 0, '2022-05-05 08:54:09'),
(1518, 3, 8006, 1, 0, 0, 0, '2022-05-05 08:57:04'),
(1519, 3, 8007, 1, 0, 0, 0, '2022-05-05 09:00:02'),
(1520, 3, 8008, 1, 0, 0, 0, '2022-05-05 09:02:30'),
(1521, 3, 8009, 1, 0, 1, 0, '2022-05-05 09:09:34'),
(1522, 8, 1, 1, 0, 0, 0, '2025-04-08 17:44:55'),
(1523, 8, 3, 1, 0, 0, 0, '2025-04-08 17:44:55'),
(1524, 8, 4, 1, 0, 0, 0, '2025-04-08 17:44:55'),
(1525, 8, 107, 1, 0, 0, 0, '2025-04-08 17:44:55'),
(1526, 8, 128, 1, 0, 0, 0, '2025-04-08 17:44:55'),
(1527, 8, 134, 1, 0, 0, 0, '2025-04-08 17:44:55'),
(1528, 8, 5, 1, 0, 0, 0, '2025-04-08 17:44:55'),
(1529, 8, 6, 1, 0, 0, 0, '2025-04-08 17:44:55'),
(1530, 8, 7, 1, 0, 0, 0, '2025-04-08 17:44:55'),
(1531, 8, 8, 1, 0, 0, 0, '2025-04-08 17:44:55'),
(1532, 8, 68, 1, 0, 0, 0, '2025-04-08 17:44:55'),
(1533, 8, 69, 1, 0, 0, 0, '2025-04-08 17:44:55'),
(1534, 8, 70, 1, 0, 0, 0, '2025-04-08 17:44:55'),
(1535, 8, 71, 1, 0, 0, 0, '2025-04-08 17:44:55'),
(1536, 8, 73, 1, 0, 0, 0, '2025-04-08 17:44:55'),
(1537, 8, 74, 1, 0, 0, 0, '2025-04-08 17:44:55'),
(1538, 8, 135, 1, 0, 0, 0, '2025-04-08 17:44:55'),
(1539, 8, 272, 1, 0, 0, 0, '2025-04-08 17:44:55'),
(1540, 8, 9, 1, 0, 0, 0, '2025-04-13 10:03:17'),
(1541, 8, 10, 1, 0, 0, 0, '2025-04-13 10:03:17'),
(1542, 8, 11, 1, 0, 0, 0, '2025-04-13 10:03:17'),
(1543, 8, 12, 1, 0, 0, 0, '2025-04-13 10:03:17'),
(1544, 8, 13, 1, 0, 0, 0, '2025-04-13 10:03:17'),
(1545, 8, 14, 1, 0, 0, 0, '2025-04-13 10:03:17'),
(1546, 8, 15, 1, 0, 0, 0, '2025-04-13 10:03:17'),
(1547, 8, 122, 1, 0, 0, 0, '2025-04-13 10:03:17'),
(1548, 8, 136, 1, 0, 0, 0, '2025-04-13 10:03:17'),
(1549, 8, 20, 1, 0, 0, 0, '2025-04-13 10:03:17'),
(1550, 8, 137, 1, 0, 0, 0, '2025-04-13 10:03:17'),
(1551, 8, 141, 1, 0, 0, 0, '2025-04-13 10:03:17'),
(1552, 8, 142, 1, 0, 0, 0, '2025-04-13 10:03:17'),
(1553, 8, 143, 1, 0, 0, 0, '2025-04-13 10:03:17'),
(1554, 8, 144, 1, 0, 0, 0, '2025-04-13 10:03:17'),
(1555, 8, 187, 1, 0, 0, 0, '2025-04-13 10:03:17'),
(1556, 8, 196, 1, 0, 0, 0, '2025-04-13 10:03:17'),
(1557, 8, 205, 1, 0, 0, 0, '2025-04-13 10:03:17'),
(1558, 8, 207, 1, 0, 0, 0, '2025-04-13 10:03:17'),
(1559, 8, 208, 1, 0, 0, 0, '2025-04-13 10:03:17'),
(1560, 8, 210, 1, 0, 0, 0, '2025-04-13 10:03:17'),
(1561, 8, 211, 1, 0, 0, 0, '2025-04-13 10:03:17'),
(1562, 8, 212, 1, 0, 0, 0, '2025-04-13 10:03:17'),
(1563, 8, 251, 1, 0, 0, 0, '2025-04-13 10:03:17'),
(1564, 8, 266, 1, 0, 0, 0, '2025-04-13 10:03:17'),
(1565, 8, 267, 1, 0, 0, 0, '2025-04-13 10:03:17'),
(1566, 8, 21, 1, 0, 0, 0, '2025-04-13 10:03:17'),
(1567, 8, 23, 1, 0, 0, 0, '2025-04-13 10:03:17'),
(1568, 8, 24, 1, 0, 0, 0, '2025-04-13 10:03:17'),
(1569, 8, 25, 1, 0, 0, 0, '2025-04-13 10:03:17'),
(1570, 8, 26, 1, 0, 0, 0, '2025-04-13 10:03:17'),
(1571, 8, 77, 1, 0, 0, 0, '2025-04-13 10:03:17'),
(1572, 8, 145, 1, 0, 0, 0, '2025-04-13 10:03:17'),
(1573, 8, 188, 1, 0, 0, 0, '2025-04-13 10:03:17'),
(1574, 8, 27, 1, 0, 0, 0, '2025-04-13 10:03:17'),
(1575, 8, 268, 1, 0, 0, 0, '2025-04-13 10:03:17'),
(1576, 8, 269, 1, 0, 0, 0, '2025-04-13 10:03:17'),
(1577, 8, 270, 1, 0, 0, 0, '2025-04-13 10:03:17'),
(1578, 8, 28, 1, 0, 0, 0, '2025-04-13 10:03:17'),
(1579, 8, 29, 1, 0, 0, 0, '2025-04-13 10:03:17'),
(1580, 8, 30, 1, 0, 0, 0, '2025-04-13 10:03:17'),
(1581, 8, 123, 1, 0, 0, 0, '2025-04-13 10:03:17'),
(1582, 8, 228, 1, 0, 0, 0, '2025-04-13 10:03:17'),
(1583, 8, 31, 1, 0, 0, 0, '2025-04-13 10:03:17'),
(1584, 8, 32, 1, 0, 0, 0, '2025-04-13 10:03:17'),
(1585, 8, 33, 1, 0, 0, 0, '2025-04-13 10:03:17'),
(1586, 8, 34, 1, 0, 0, 0, '2025-04-13 10:03:17'),
(1587, 8, 35, 1, 0, 0, 0, '2025-04-13 10:03:17'),
(1588, 8, 104, 1, 0, 0, 0, '2025-04-13 10:03:17'),
(1589, 8, 37, 1, 0, 0, 0, '2025-04-13 10:03:17'),
(1590, 8, 38, 1, 0, 0, 0, '2025-04-13 10:03:17'),
(1591, 8, 39, 1, 0, 0, 0, '2025-04-13 10:03:17'),
(1592, 8, 259, 1, 0, 0, 0, '2025-04-13 10:03:17'),
(1593, 8, 260, 1, 0, 0, 0, '2025-04-13 10:03:17'),
(1594, 8, 261, 1, 0, 0, 0, '2025-04-13 10:03:17'),
(1595, 8, 262, 1, 0, 0, 0, '2025-04-13 10:03:17'),
(1596, 8, 40, 1, 0, 0, 0, '2025-04-13 10:03:17'),
(1597, 8, 41, 1, 0, 0, 0, '2025-04-13 10:03:17'),
(1598, 8, 42, 1, 0, 0, 0, '2025-04-13 10:03:17'),
(1599, 8, 43, 1, 0, 0, 0, '2025-04-13 10:03:17'),
(1600, 8, 44, 1, 0, 0, 0, '2025-04-13 10:03:17'),
(1601, 8, 46, 1, 0, 0, 0, '2025-04-13 10:03:17'),
(1602, 8, 217, 1, 0, 0, 0, '2025-04-13 10:03:17'),
(1603, 8, 252, 1, 0, 0, 0, '2025-04-13 10:03:17'),
(1604, 8, 253, 1, 0, 0, 0, '2025-04-13 10:03:17'),
(1605, 8, 254, 1, 0, 0, 0, '2025-04-13 10:03:17'),
(1606, 8, 255, 1, 0, 0, 0, '2025-04-13 10:03:17'),
(1607, 8, 146, 1, 0, 0, 0, '2025-04-13 10:03:17'),
(1608, 8, 147, 1, 0, 0, 0, '2025-04-13 10:03:17'),
(1609, 8, 148, 1, 0, 0, 0, '2025-04-13 10:03:17'),
(1610, 8, 149, 1, 0, 0, 0, '2025-04-13 10:03:17'),
(1611, 8, 150, 1, 0, 0, 0, '2025-04-13 10:03:17'),
(1612, 8, 151, 1, 0, 0, 0, '2025-04-13 10:03:17'),
(1613, 8, 152, 1, 0, 0, 0, '2025-04-13 10:03:17'),
(1614, 8, 153, 1, 0, 0, 0, '2025-04-13 10:03:17'),
(1615, 8, 154, 1, 0, 0, 0, '2025-04-13 10:03:17'),
(1616, 8, 155, 1, 0, 0, 0, '2025-04-13 10:03:17'),
(1617, 8, 156, 1, 0, 0, 0, '2025-04-13 10:03:17'),
(1618, 8, 157, 1, 0, 0, 0, '2025-04-13 10:03:17'),
(1619, 8, 158, 1, 0, 0, 0, '2025-04-13 10:03:17'),
(1620, 8, 159, 1, 0, 0, 0, '2025-04-13 10:03:17'),
(1621, 8, 160, 1, 0, 0, 0, '2025-04-13 10:03:17'),
(1622, 8, 161, 1, 0, 0, 0, '2025-04-13 10:03:17'),
(1623, 8, 162, 1, 0, 0, 0, '2025-04-13 10:03:17'),
(1624, 8, 163, 1, 0, 0, 0, '2025-04-13 10:03:17'),
(1625, 8, 164, 1, 0, 0, 0, '2025-04-13 10:03:17'),
(1626, 8, 165, 1, 0, 0, 0, '2025-04-13 10:03:17'),
(1627, 8, 174, 1, 0, 0, 0, '2025-04-13 10:03:17'),
(1628, 8, 175, 1, 0, 0, 0, '2025-04-13 10:03:17'),
(1629, 8, 176, 1, 0, 0, 0, '2025-04-13 10:03:17'),
(1630, 8, 177, 1, 0, 0, 0, '2025-04-13 10:03:17'),
(1631, 8, 178, 1, 0, 0, 0, '2025-04-13 10:03:17'),
(1632, 8, 179, 1, 0, 0, 0, '2025-04-13 10:03:17'),
(1633, 8, 180, 1, 0, 0, 0, '2025-04-13 10:03:17'),
(1634, 8, 181, 1, 0, 0, 0, '2025-04-13 10:03:17'),
(1635, 8, 182, 1, 0, 0, 0, '2025-04-13 10:03:17'),
(1636, 8, 183, 1, 0, 0, 0, '2025-04-13 10:03:17'),
(1637, 8, 197, 1, 0, 0, 0, '2025-04-13 10:03:17'),
(1638, 8, 198, 1, 0, 0, 0, '2025-04-13 10:03:17'),
(1639, 8, 200, 1, 0, 0, 0, '2025-04-13 10:03:17'),
(1640, 8, 201, 1, 0, 0, 0, '2025-04-13 10:03:17'),
(1641, 8, 202, 1, 0, 0, 0, '2025-04-13 10:03:17'),
(1642, 8, 203, 1, 0, 0, 0, '2025-04-13 10:03:17'),
(1643, 8, 204, 1, 0, 0, 0, '2025-04-13 10:03:17'),
(1644, 8, 219, 1, 0, 0, 0, '2025-04-13 10:03:17'),
(1645, 8, 220, 1, 0, 0, 0, '2025-04-13 10:03:17'),
(1646, 8, 221, 1, 0, 0, 0, '2025-04-13 10:03:17'),
(1647, 8, 223, 1, 0, 0, 0, '2025-04-13 10:03:17'),
(1648, 8, 240, 1, 0, 0, 0, '2025-04-13 10:03:17'),
(1649, 8, 241, 1, 0, 0, 0, '2025-04-13 10:03:17'),
(1650, 8, 242, 1, 0, 0, 0, '2025-04-13 10:03:17'),
(1651, 8, 244, 1, 0, 0, 0, '2025-04-13 10:03:17'),
(1652, 8, 245, 1, 0, 0, 0, '2025-04-13 10:03:17'),
(1653, 8, 246, 1, 0, 0, 0, '2025-04-13 10:03:17'),
(1654, 8, 256, 1, 0, 0, 0, '2025-04-13 10:03:17'),
(1655, 8, 257, 1, 0, 0, 0, '2025-04-13 10:03:17'),
(1656, 8, 258, 1, 0, 0, 0, '2025-04-13 10:03:17'),
(1657, 8, 61, 1, 0, 0, 0, '2025-04-13 10:03:17'),
(1658, 8, 62, 1, 0, 0, 0, '2025-04-13 10:03:17'),
(1659, 8, 63, 1, 0, 0, 0, '2025-04-13 10:03:17'),
(1660, 8, 64, 1, 0, 0, 0, '2025-04-13 10:03:17'),
(1661, 8, 65, 1, 0, 0, 0, '2025-04-13 10:03:17'),
(1662, 8, 66, 1, 0, 0, 0, '2025-04-13 10:03:17'),
(1663, 8, 67, 1, 0, 0, 0, '2025-04-13 10:03:17'),
(1664, 8, 78, 1, 0, 0, 0, '2025-04-13 10:03:17'),
(1665, 8, 79, 1, 0, 0, 0, '2025-04-13 10:03:17'),
(1666, 8, 80, 1, 0, 0, 0, '2025-04-13 10:03:17'),
(1667, 8, 81, 1, 0, 0, 0, '2025-04-13 10:03:17'),
(1668, 8, 82, 1, 0, 0, 0, '2025-04-13 10:03:17'),
(1669, 8, 83, 1, 0, 0, 0, '2025-04-13 10:03:17'),
(1670, 8, 84, 1, 0, 0, 0, '2025-04-13 10:03:17'),
(1671, 8, 85, 1, 0, 0, 0, '2025-04-13 10:03:17'),
(1672, 8, 86, 1, 0, 0, 0, '2025-04-13 10:03:17'),
(1673, 8, 87, 1, 0, 0, 0, '2025-04-13 10:03:17'),
(1674, 8, 88, 1, 0, 0, 0, '2025-04-13 10:03:17'),
(1675, 8, 90, 1, 0, 0, 0, '2025-04-13 10:03:17'),
(1676, 8, 108, 1, 0, 0, 0, '2025-04-13 10:03:17'),
(1677, 8, 109, 1, 0, 0, 0, '2025-04-13 10:03:17'),
(1678, 8, 110, 1, 0, 0, 0, '2025-04-13 10:03:17'),
(1679, 8, 111, 1, 0, 0, 0, '2025-04-13 10:03:17'),
(1680, 8, 112, 1, 0, 0, 0, '2025-04-13 10:03:17'),
(1681, 8, 127, 1, 0, 0, 0, '2025-04-13 10:03:17'),
(1682, 8, 129, 1, 0, 0, 0, '2025-04-13 10:03:17'),
(1683, 8, 189, 1, 0, 0, 0, '2025-04-13 10:03:17'),
(1684, 8, 93, 1, 0, 0, 0, '2025-04-13 10:03:17'),
(1685, 8, 94, 1, 0, 0, 0, '2025-04-13 10:03:17'),
(1686, 8, 250, 1, 0, 0, 0, '2025-04-13 10:03:17'),
(1687, 8, 96, 1, 0, 0, 0, '2025-04-13 10:03:17'),
(1688, 8, 97, 1, 0, 0, 0, '2025-04-13 10:03:17'),
(1689, 8, 98, 1, 0, 0, 0, '2025-04-13 10:03:17'),
(1690, 8, 99, 1, 0, 0, 0, '2025-04-13 10:03:17'),
(1691, 8, 248, 1, 0, 0, 0, '2025-04-13 10:03:17'),
(1692, 8, 249, 1, 0, 0, 0, '2025-04-13 10:03:17'),
(1693, 8, 102, 1, 0, 0, 0, '2025-04-13 10:03:17'),
(1694, 8, 106, 1, 0, 0, 0, '2025-04-13 10:03:17'),
(1695, 8, 113, 1, 0, 0, 0, '2025-04-13 10:03:17'),
(1696, 8, 114, 1, 0, 0, 0, '2025-04-13 10:03:17'),
(1697, 8, 115, 1, 0, 0, 0, '2025-04-13 10:03:17'),
(1698, 8, 116, 1, 0, 0, 0, '2025-04-13 10:03:17'),
(1699, 8, 117, 1, 0, 0, 0, '2025-04-13 10:03:17'),
(1700, 8, 118, 1, 0, 0, 0, '2025-04-13 10:03:17'),
(1701, 8, 190, 1, 0, 0, 0, '2025-04-13 10:03:17'),
(1702, 8, 191, 1, 0, 0, 0, '2025-04-13 10:03:17'),
(1703, 8, 192, 1, 0, 0, 0, '2025-04-13 10:03:17'),
(1704, 8, 193, 1, 0, 0, 0, '2025-04-13 10:03:17'),
(1705, 8, 194, 1, 0, 0, 0, '2025-04-13 10:03:17'),
(1706, 8, 195, 1, 0, 0, 0, '2025-04-13 10:03:17'),
(1707, 8, 226, 1, 0, 0, 0, '2025-04-13 10:03:17'),
(1708, 8, 227, 1, 0, 0, 0, '2025-04-13 10:03:17'),
(1709, 8, 229, 1, 0, 0, 0, '2025-04-13 10:03:17'),
(1710, 8, 230, 1, 0, 0, 0, '2025-04-13 10:03:17'),
(1711, 8, 185, 1, 0, 0, 0, '2025-04-13 10:03:17'),
(1712, 8, 186, 1, 0, 0, 0, '2025-04-13 10:03:17'),
(1713, 8, 214, 1, 0, 0, 0, '2025-04-13 10:03:17'),
(1714, 8, 222, 1, 0, 0, 0, '2025-04-13 10:03:17'),
(1715, 8, 247, 1, 0, 0, 0, '2025-04-13 10:03:17'),
(1716, 8, 224, 1, 0, 0, 0, '2025-04-13 10:03:17'),
(1717, 8, 232, 1, 0, 0, 0, '2025-04-13 10:03:17'),
(1718, 8, 234, 1, 0, 0, 0, '2025-04-13 10:03:17'),
(1719, 8, 235, 1, 0, 0, 0, '2025-04-13 10:03:17'),
(1720, 8, 236, 1, 0, 0, 0, '2025-04-13 10:03:17'),
(1721, 8, 237, 1, 0, 0, 0, '2025-04-13 10:03:17'),
(1722, 8, 238, 1, 0, 0, 0, '2025-04-13 10:03:17'),
(1723, 8, 239, 1, 0, 0, 0, '2025-04-13 10:03:17'),
(1724, 8, 263, 1, 0, 0, 0, '2025-04-13 10:03:17'),
(1725, 8, 273, 1, 0, 0, 0, '2025-04-13 10:03:17'),
(1726, 8, 8001, 1, 0, 0, 0, '2025-04-13 10:03:17'),
(1727, 8, 8002, 1, 0, 0, 0, '2025-04-13 10:03:17'),
(1728, 8, 8003, 1, 0, 0, 0, '2025-04-13 10:03:17'),
(1729, 8, 8004, 1, 0, 0, 0, '2025-04-13 10:03:17'),
(1730, 8, 8005, 1, 0, 0, 0, '2025-04-13 10:03:17'),
(1731, 8, 8006, 1, 0, 0, 0, '2025-04-13 10:03:17'),
(1732, 8, 8007, 1, 0, 0, 0, '2025-04-13 10:03:17'),
(1733, 8, 8008, 1, 0, 0, 0, '2025-04-13 10:03:17'),
(1734, 8, 8009, 1, 0, 0, 0, '2025-04-13 10:03:17'),
(1735, 8, 9001, 1, 0, 0, 0, '2025-04-13 10:03:17'),
(1736, 8, 9002, 1, 0, 0, 0, '2025-04-13 10:03:17'),
(1737, 8, 9003, 1, 0, 0, 0, '2025-04-13 10:03:17'),
(1738, 8, 9004, 1, 0, 0, 0, '2025-04-13 10:03:17'),
(1739, 8, 9005, 1, 0, 0, 0, '2025-04-13 10:03:17'),
(1740, 8, 9006, 1, 0, 0, 0, '2025-04-13 10:03:17'),
(1741, 8, 9007, 1, 0, 0, 0, '2025-04-13 10:03:17'),
(1742, 8, 9008, 1, 0, 0, 0, '2025-04-13 10:03:17'),
(1743, 8, 9009, 1, 0, 0, 0, '2025-04-13 10:03:17'),
(1744, 8, 9010, 1, 0, 0, 0, '2025-04-13 10:03:17'),
(1745, 8, 9011, 1, 0, 0, 0, '2025-04-13 10:03:17'),
(1746, 8, 9012, 1, 0, 0, 0, '2025-04-13 10:03:17'),
(1747, 8, 9013, 1, 0, 0, 0, '2025-04-13 10:03:17'),
(1748, 8, 9014, 1, 0, 0, 0, '2025-04-13 10:03:17'),
(1749, 8, 9015, 1, 0, 0, 0, '2025-04-13 10:03:17'),
(1750, 8, 9016, 1, 0, 0, 0, '2025-04-13 10:03:17'),
(1751, 8, 9017, 1, 0, 0, 0, '2025-04-13 10:03:17'),
(1752, 8, 9018, 1, 0, 0, 0, '2025-04-13 10:03:17'),
(1753, 8, 9019, 1, 0, 0, 0, '2025-04-13 10:03:17'),
(1754, 8, 9020, 1, 0, 0, 0, '2025-04-13 10:03:17');

-- --------------------------------------------------------

--
-- Table structure for table `room_types`
--

CREATE TABLE `room_types` (
  `id` int(11) NOT NULL,
  `room_type` varchar(200) DEFAULT NULL,
  `description` text DEFAULT NULL,
  `created_at` timestamp NOT NULL DEFAULT current_timestamp() ON UPDATE current_timestamp(),
  `updated_at` date DEFAULT NULL
) ENGINE=InnoDB DEFAULT CHARSET=utf8 COLLATE=utf8_general_ci;

--
-- Dumping data for table `room_types`
--

INSERT INTO `room_types` (`id`, `room_type`, `description`, `created_at`, `updated_at`) VALUES
(1, 'AC', '', '2025-04-08 11:34:00', NULL),
(2, 'Non-AC', '', '2025-04-08 11:34:10', NULL);

-- --------------------------------------------------------

--
-- Table structure for table `route_pickup_point`
--

CREATE TABLE `route_pickup_point` (
  `id` int(11) NOT NULL,
  `transport_route_id` int(11) NOT NULL,
  `pickup_point_id` int(11) NOT NULL,
  `fees` float(10,2) DEFAULT 0.00,
  `destination_distance` float(10,1) DEFAULT 0.0,
  `pickup_time` time DEFAULT NULL,
  `order_number` float NOT NULL,
  `created_at` timestamp NOT NULL DEFAULT current_timestamp() ON UPDATE current_timestamp()
) ENGINE=InnoDB DEFAULT CHARSET=utf8 COLLATE=utf8_general_ci;

--
-- Dumping data for table `route_pickup_point`
--

INSERT INTO `route_pickup_point` (`id`, `transport_route_id`, `pickup_point_id`, `fees`, `destination_distance`, `pickup_time`, `order_number`, `created_at`) VALUES
(1, 1, 1, 0.00, 1.0, '09:00:00', 1, '2025-04-08 11:16:32');

-- --------------------------------------------------------

--
-- Table structure for table `school_houses`
--

CREATE TABLE `school_houses` (
  `id` int(11) NOT NULL,
  `house_name` varchar(200) NOT NULL,
  `description` varchar(400) NOT NULL,
  `is_active` varchar(50) NOT NULL
) ENGINE=InnoDB DEFAULT CHARSET=utf8 COLLATE=utf8_general_ci;

--
-- Dumping data for table `school_houses`
--

INSERT INTO `school_houses` (`id`, `house_name`, `description`, `is_active`) VALUES
(5, 'Ashoka', '', 'yes'),
(6, 'Tagore', '', 'yes'),
(7, 'Gandhi', '', 'yes'),
(8, 'Nehru', '', 'yes');

-- --------------------------------------------------------

--
-- Table structure for table `sch_settings`
--

CREATE TABLE `sch_settings` (
  `id` int(11) NOT NULL,
  `base_url` varchar(500) DEFAULT NULL,
  `folder_path` text DEFAULT NULL,
  `name` varchar(100) DEFAULT NULL,
  `biometric` int(11) DEFAULT 0,
  `biometric_device` text DEFAULT NULL,
  `email` varchar(100) DEFAULT NULL,
  `phone` varchar(50) DEFAULT NULL,
  `address` text DEFAULT NULL,
  `lang_id` int(11) DEFAULT NULL,
  `languages` varchar(500) NOT NULL,
  `dise_code` varchar(50) DEFAULT NULL,
  `date_format` varchar(50) NOT NULL,
  `time_format` varchar(255) NOT NULL,
  `currency` varchar(50) NOT NULL,
  `currency_symbol` varchar(50) NOT NULL,
  `is_rtl` varchar(10) DEFAULT 'disabled',
  `is_duplicate_fees_invoice` varchar(100) DEFAULT '0',
  `collect_back_date_fees` int(11) NOT NULL,
  `single_page_print` int(11) DEFAULT 0,
  `timezone` varchar(30) DEFAULT 'UTC',
  `session_id` int(11) DEFAULT NULL,
  `cron_secret_key` varchar(100) NOT NULL,
  `currency_place` varchar(50) NOT NULL DEFAULT 'before_number',
  `currency_format` varchar(20) DEFAULT NULL,
  `class_teacher` varchar(100) NOT NULL,
  `start_month` varchar(40) NOT NULL,
  `attendence_type` int(11) NOT NULL DEFAULT 0,
  `low_attendance_limit` float(10,2) NOT NULL,
  `image` varchar(100) DEFAULT NULL,
  `admin_logo` varchar(255) NOT NULL,
  `admin_small_logo` varchar(255) NOT NULL,
  `admin_login_page_background` varchar(255) NOT NULL,
  `user_login_page_background` varchar(255) NOT NULL,
  `theme` varchar(200) NOT NULL DEFAULT 'default.jpg',
  `fee_due_days` int(11) DEFAULT 0,
  `adm_auto_insert` int(11) NOT NULL DEFAULT 1,
  `adm_prefix` varchar(50) NOT NULL DEFAULT 'ssadm19/20',
  `adm_start_from` varchar(11) NOT NULL,
  `adm_no_digit` int(11) NOT NULL DEFAULT 6,
  `adm_update_status` int(11) NOT NULL DEFAULT 0,
  `staffid_auto_insert` int(11) NOT NULL DEFAULT 1,
  `staffid_prefix` varchar(100) NOT NULL DEFAULT 'staffss/19/20',
  `staffid_start_from` varchar(50) NOT NULL,
  `staffid_no_digit` int(11) NOT NULL DEFAULT 6,
  `staffid_update_status` int(11) NOT NULL DEFAULT 0,
  `is_active` varchar(255) DEFAULT 'no',
  `online_admission` int(11) DEFAULT 0,
  `online_admission_payment` varchar(50) NOT NULL,
  `online_admission_amount` float NOT NULL,
  `online_admission_instruction` text NOT NULL,
  `online_admission_conditions` text NOT NULL,
  `online_admission_application_form` varchar(255) DEFAULT NULL,
  `exam_result` int(11) NOT NULL,
  `is_blood_group` int(11) NOT NULL DEFAULT 1,
  `is_student_house` int(11) NOT NULL DEFAULT 1,
  `roll_no` int(11) NOT NULL DEFAULT 1,
  `category` int(11) NOT NULL,
  `religion` int(11) NOT NULL DEFAULT 1,
  `cast` int(11) NOT NULL DEFAULT 1,
  `mobile_no` int(11) NOT NULL DEFAULT 1,
  `student_email` int(11) NOT NULL DEFAULT 1,
  `admission_date` int(11) NOT NULL DEFAULT 1,
  `lastname` int(11) NOT NULL,
  `middlename` int(11) NOT NULL DEFAULT 1,
  `student_photo` int(11) NOT NULL DEFAULT 1,
  `student_height` int(11) NOT NULL DEFAULT 1,
  `student_weight` int(11) NOT NULL DEFAULT 1,
  `measurement_date` int(11) NOT NULL DEFAULT 1,
  `father_name` int(11) NOT NULL DEFAULT 1,
  `father_phone` int(11) NOT NULL DEFAULT 1,
  `father_occupation` int(11) NOT NULL DEFAULT 1,
  `father_pic` int(11) NOT NULL DEFAULT 1,
  `mother_name` int(11) NOT NULL DEFAULT 1,
  `mother_phone` int(11) NOT NULL DEFAULT 1,
  `mother_occupation` int(11) NOT NULL DEFAULT 1,
  `mother_pic` int(11) NOT NULL DEFAULT 1,
  `guardian_name` int(11) NOT NULL,
  `guardian_relation` int(11) NOT NULL DEFAULT 1,
  `guardian_phone` int(11) NOT NULL,
  `guardian_email` int(11) NOT NULL DEFAULT 1,
  `guardian_pic` int(11) NOT NULL DEFAULT 1,
  `guardian_occupation` int(11) NOT NULL,
  `guardian_address` int(11) NOT NULL DEFAULT 1,
  `current_address` int(11) NOT NULL DEFAULT 1,
  `permanent_address` int(11) NOT NULL DEFAULT 1,
  `route_list` int(11) NOT NULL DEFAULT 1,
  `hostel_id` int(11) NOT NULL DEFAULT 1,
  `bank_account_no` int(11) NOT NULL DEFAULT 1,
  `ifsc_code` int(11) NOT NULL,
  `bank_name` int(11) NOT NULL,
  `national_identification_no` int(11) NOT NULL DEFAULT 1,
  `local_identification_no` int(11) NOT NULL DEFAULT 1,
  `rte` int(11) NOT NULL DEFAULT 1,
  `previous_school_details` int(11) NOT NULL DEFAULT 1,
  `student_note` int(11) NOT NULL DEFAULT 1,
  `upload_documents` int(11) NOT NULL DEFAULT 1,
  `student_barcode` int(11) NOT NULL DEFAULT 1,
  `staff_designation` int(11) NOT NULL DEFAULT 1,
  `staff_department` int(11) NOT NULL DEFAULT 1,
  `staff_last_name` int(11) NOT NULL DEFAULT 1,
  `staff_father_name` int(11) NOT NULL DEFAULT 1,
  `staff_mother_name` int(11) NOT NULL DEFAULT 1,
  `staff_date_of_joining` int(11) NOT NULL DEFAULT 1,
  `staff_phone` int(11) NOT NULL DEFAULT 1,
  `staff_emergency_contact` int(11) NOT NULL DEFAULT 1,
  `staff_marital_status` int(11) NOT NULL DEFAULT 1,
  `staff_photo` int(11) NOT NULL DEFAULT 1,
  `staff_current_address` int(11) NOT NULL DEFAULT 1,
  `staff_permanent_address` int(11) NOT NULL DEFAULT 1,
  `staff_qualification` int(11) NOT NULL DEFAULT 1,
  `staff_work_experience` int(11) NOT NULL DEFAULT 1,
  `staff_note` int(11) NOT NULL DEFAULT 1,
  `staff_epf_no` int(11) NOT NULL DEFAULT 1,
  `staff_basic_salary` int(11) NOT NULL DEFAULT 1,
  `staff_contract_type` int(11) NOT NULL DEFAULT 1,
  `staff_work_shift` int(11) NOT NULL DEFAULT 1,
  `staff_work_location` int(11) NOT NULL DEFAULT 1,
  `staff_leaves` int(11) NOT NULL DEFAULT 1,
  `staff_account_details` int(11) NOT NULL DEFAULT 1,
  `staff_social_media` int(11) NOT NULL DEFAULT 1,
  `staff_upload_documents` int(11) NOT NULL DEFAULT 1,
  `staff_barcode` int(11) NOT NULL DEFAULT 1,
  `staff_notification_email` varchar(50) NOT NULL,
  `mobile_api_url` tinytext NOT NULL,
  `app_primary_color_code` varchar(20) DEFAULT NULL,
  `app_secondary_color_code` varchar(20) DEFAULT NULL,
  `admin_mobile_api_url` tinytext NOT NULL,
  `admin_app_primary_color_code` varchar(20) NOT NULL,
  `admin_app_secondary_color_code` varchar(20) NOT NULL,
  `app_logo` varchar(250) DEFAULT NULL,
  `student_profile_edit` int(11) NOT NULL DEFAULT 0,
  `start_week` varchar(10) NOT NULL,
  `my_question` int(11) NOT NULL,
  `superadmin_restriction` varchar(20) NOT NULL,
  `student_timeline` varchar(20) NOT NULL,
  `calendar_event_reminder` int(11) DEFAULT NULL,
  `event_reminder` varchar(20) NOT NULL,
  `student_login` varchar(100) DEFAULT NULL,
  `parent_login` varchar(100) DEFAULT NULL,
  `student_panel_login` int(11) NOT NULL DEFAULT 1,
  `parent_panel_login` int(11) NOT NULL DEFAULT 1,
  `is_student_feature_lock` int(11) NOT NULL DEFAULT 0,
  `maintenance_mode` int(11) NOT NULL DEFAULT 0,
  `lock_grace_period` int(11) NOT NULL DEFAULT 0,
  `is_offline_fee_payment` int(11) NOT NULL DEFAULT 0,
  `offline_bank_payment_instruction` text NOT NULL,
  `scan_code_type` varchar(50) NOT NULL DEFAULT 'barcode',
  `auto_publish_hw` int(11) DEFAULT 0,
  `created_at` timestamp NOT NULL DEFAULT current_timestamp() ON UPDATE current_timestamp(),
  `updated_at` date DEFAULT NULL
) ENGINE=InnoDB DEFAULT CHARSET=utf8 COLLATE=utf8_general_ci;

--
-- Dumping data for table `sch_settings`
--

INSERT INTO `sch_settings` (`id`, `base_url`, `folder_path`, `name`, `biometric`, `biometric_device`, `email`, `phone`, `address`, `lang_id`, `languages`, `dise_code`, `date_format`, `time_format`, `currency`, `currency_symbol`, `is_rtl`, `is_duplicate_fees_invoice`, `collect_back_date_fees`, `single_page_print`, `timezone`, `session_id`, `cron_secret_key`, `currency_place`, `currency_format`, `class_teacher`, `start_month`, `attendence_type`, `low_attendance_limit`, `image`, `admin_logo`, `admin_small_logo`, `admin_login_page_background`, `user_login_page_background`, `theme`, `fee_due_days`, `adm_auto_insert`, `adm_prefix`, `adm_start_from`, `adm_no_digit`, `adm_update_status`, `staffid_auto_insert`, `staffid_prefix`, `staffid_start_from`, `staffid_no_digit`, `staffid_update_status`, `is_active`, `online_admission`, `online_admission_payment`, `online_admission_amount`, `online_admission_instruction`, `online_admission_conditions`, `online_admission_application_form`, `exam_result`, `is_blood_group`, `is_student_house`, `roll_no`, `category`, `religion`, `cast`, `mobile_no`, `student_email`, `admission_date`, `lastname`, `middlename`, `student_photo`, `student_height`, `student_weight`, `measurement_date`, `father_name`, `father_phone`, `father_occupation`, `father_pic`, `mother_name`, `mother_phone`, `mother_occupation`, `mother_pic`, `guardian_name`, `guardian_relation`, `guardian_phone`, `guardian_email`, `guardian_pic`, `guardian_occupation`, `guardian_address`, `current_address`, `permanent_address`, `route_list`, `hostel_id`, `bank_account_no`, `ifsc_code`, `bank_name`, `national_identification_no`, `local_identification_no`, `rte`, `previous_school_details`, `student_note`, `upload_documents`, `student_barcode`, `staff_designation`, `staff_department`, `staff_last_name`, `staff_father_name`, `staff_mother_name`, `staff_date_of_joining`, `staff_phone`, `staff_emergency_contact`, `staff_marital_status`, `staff_photo`, `staff_current_address`, `staff_permanent_address`, `staff_qualification`, `staff_work_experience`, `staff_note`, `staff_epf_no`, `staff_basic_salary`, `staff_contract_type`, `staff_work_shift`, `staff_work_location`, `staff_leaves`, `staff_account_details`, `staff_social_media`, `staff_upload_documents`, `staff_barcode`, `staff_notification_email`, `mobile_api_url`, `app_primary_color_code`, `app_secondary_color_code`, `admin_mobile_api_url`, `admin_app_primary_color_code`, `admin_app_secondary_color_code`, `app_logo`, `student_profile_edit`, `start_week`, `my_question`, `superadmin_restriction`, `student_timeline`, `calendar_event_reminder`, `event_reminder`, `student_login`, `parent_login`, `student_panel_login`, `parent_panel_login`, `is_student_feature_lock`, `maintenance_mode`, `lock_grace_period`, `is_offline_fee_payment`, `offline_bank_payment_instruction`, `scan_code_type`, `auto_publish_hw`, `created_at`, `updated_at`) VALUES
(1, 'https://dev.primegurukul.com/', '/Applications/MAMP/htdocs/learningtreatlms/', 'PrimeGurukul', 0, '', 'demo@learningtreat.com', '1234567890', 'Sector 52, Noida', 4, '[\"4\"]', 'LTI', 'd/m/Y', '12-hour', '68', '$', 'disabled', '0', 0, 0, 'Asia/Kolkata', 20, '', 'after_number', '####.##', 'no', '4', 0, 0.00, '1724943417-194660406566d08c3955b02!170px X 184p.png', '1742795238-114868698267e0f1e6f0898!prime_gurukul_name.png', '1742795225-213361566767e0f1d9305ef!prime_gurukul_icon.png', '1742795481-207186858767e0f2d936412!OGFB4I0.jpg', '1724944389-202453276566d090057d76a!StudentPage.png', 'default.jpg', 60, 0, '', '', 0, 1, 0, '', '', 0, 1, 'no', 0, '', 0, '', '<p>&nbsp;Please enter your institution online admission terms & conditions here.</p>', NULL, 0, 1, 1, 1, 1, 1, 1, 1, 1, 1, 1, 0, 1, 1, 1, 1, 1, 1, 1, 1, 1, 1, 1, 1, 1, 1, 1, 1, 1, 1, 1, 1, 1, 1, 1, 1, 1, 1, 1, 1, 1, 1, 1, 1, 1, 1, 1, 1, 1, 1, 1, 1, 1, 1, 1, 1, 1, 1, 1, 1, 1, 1, 1, 1, 1, 1, 1, 1, 1, 1, '', '', '#424242', '#eeeeee', '', '', '', '1724943537-61469070566d08cb1d805b!290px X 51px.png', 0, 'Monday', 0, 'enabled', 'disabled', 0, 'disabled', 'null', 'null', 1, 1, 0, 0, 0, 0, '', 'qrcode', 1, '2025-04-30 11:15:37', NULL);

-- --------------------------------------------------------

--
-- Table structure for table `sections`
--

CREATE TABLE `sections` (
  `id` int(11) NOT NULL,
  `section` varchar(60) DEFAULT NULL,
  `is_active` varchar(255) DEFAULT 'no',
  `created_at` timestamp NOT NULL DEFAULT current_timestamp() ON UPDATE current_timestamp(),
  `updated_at` date DEFAULT NULL
) ENGINE=InnoDB DEFAULT CHARSET=utf8 COLLATE=utf8_general_ci;

--
-- Dumping data for table `sections`
--

INSERT INTO `sections` (`id`, `section`, `is_active`, `created_at`, `updated_at`) VALUES
(1, 'A', 'no', '2025-03-24 07:44:47', NULL),
(2, 'B', 'no', '2025-03-24 07:44:53', NULL),
(3, 'C', 'no', '2025-03-24 07:45:09', NULL);

-- --------------------------------------------------------

--
-- Table structure for table `send_notification`
--

CREATE TABLE `send_notification` (
  `id` int(11) NOT NULL,
  `title` varchar(50) DEFAULT NULL,
  `publish_date` date DEFAULT NULL,
  `date` date DEFAULT NULL,
  `attachment` varchar(500) DEFAULT NULL,
  `message` text DEFAULT NULL,
  `visible_student` varchar(10) NOT NULL DEFAULT 'no',
  `visible_staff` varchar(10) NOT NULL DEFAULT 'no',
  `visible_parent` varchar(10) NOT NULL DEFAULT 'no',
  `created_by` varchar(60) DEFAULT NULL,
  `created_id` int(11) DEFAULT NULL,
  `is_active` varchar(255) DEFAULT 'no',
  `created_at` timestamp NOT NULL DEFAULT current_timestamp() ON UPDATE current_timestamp(),
  `updated_at` date DEFAULT NULL
) ENGINE=InnoDB DEFAULT CHARSET=utf8 COLLATE=utf8_general_ci;

--
-- Dumping data for table `send_notification`
--

INSERT INTO `send_notification` (`id`, `title`, `publish_date`, `date`, `attachment`, `message`, `visible_student`, `visible_staff`, `visible_parent`, `created_by`, `created_id`, `is_active`, `created_at`, `updated_at`) VALUES
(1, 'Happy Navratari', '2025-04-02', '2025-04-02', NULL, 'Happy Navratri to all of you&nbsp;', 'Yes', 'Yes', 'No', 'Super Admin', 1, 'no', '2025-04-02 11:29:45', NULL),
(2, 'Happy Ganesh Chaturthi', '2025-04-15', '2025-04-01', NULL, 'Happy Ganesh Chaturthi', 'Yes', 'Yes', 'No', 'Super Admin', 1, 'no', '2025-04-02 11:37:29', NULL);

-- --------------------------------------------------------

--
-- Table structure for table `sessions`
--

CREATE TABLE `sessions` (
  `id` int(11) NOT NULL,
  `session` varchar(60) DEFAULT NULL,
  `is_active` varchar(255) DEFAULT 'no',
  `created_at` timestamp NOT NULL DEFAULT current_timestamp() ON UPDATE current_timestamp(),
  `updated_at` date DEFAULT NULL
) ENGINE=InnoDB DEFAULT CHARSET=utf8 COLLATE=utf8_general_ci;

--
-- Dumping data for table `sessions`
--

INSERT INTO `sessions` (`id`, `session`, `is_active`, `created_at`, `updated_at`) VALUES
(7, '2016-17', 'no', '2017-04-20 06:42:19', '0000-00-00'),
(11, '2017-18', 'no', '2017-04-20 06:41:37', '0000-00-00'),
(13, '2018-19', 'no', '2016-08-24 19:26:44', '0000-00-00'),
(14, '2019-20', 'no', '2016-08-24 19:26:55', '0000-00-00'),
(15, '2020-21', 'no', '2016-10-01 05:28:08', '0000-00-00'),
(16, '2021-22', 'no', '2016-10-01 05:28:20', '0000-00-00'),
(18, '2022-23', 'no', '2016-10-01 05:29:02', '0000-00-00'),
(19, '2023-24', 'no', '2016-10-01 05:29:10', '0000-00-00'),
(20, '2024-25', 'no', '2016-10-01 05:29:18', '0000-00-00'),
(21, '2025-26', 'no', '2016-10-01 05:30:10', '0000-00-00'),
(22, '2026-27', 'no', '2016-10-01 05:30:18', '0000-00-00'),
(23, '2027-28', 'no', '2016-10-01 05:30:24', '0000-00-00'),
(24, '2028-29', 'no', '2016-10-01 05:30:30', '0000-00-00'),
(25, '2029-30', 'no', '2016-10-01 05:30:37', '0000-00-00');

-- --------------------------------------------------------

--
-- Table structure for table `share_contents`
--

CREATE TABLE `share_contents` (
  `id` int(11) NOT NULL,
  `send_to` varchar(50) DEFAULT NULL,
  `title` text DEFAULT NULL,
  `share_date` date DEFAULT NULL,
  `valid_upto` date DEFAULT NULL,
  `description` text DEFAULT NULL,
  `created_by` int(11) DEFAULT NULL,
  `created_at` timestamp NOT NULL DEFAULT current_timestamp() ON UPDATE current_timestamp()
) ENGINE=InnoDB DEFAULT CHARSET=utf8 COLLATE=utf8_general_ci;

--
-- Dumping data for table `share_contents`
--

INSERT INTO `share_contents` (`id`, `send_to`, `title`, `share_date`, `valid_upto`, `description`, `created_by`, `created_at`) VALUES
(1, 'group', 'Video Tutorial', '2025-04-08', '2025-07-31', '', 1, '2025-04-08 10:30:54');

-- --------------------------------------------------------

--
-- Table structure for table `share_content_for`
--

CREATE TABLE `share_content_for` (
  `id` int(11) NOT NULL,
  `group_id` varchar(20) DEFAULT NULL,
  `student_id` int(11) DEFAULT NULL,
  `user_parent_id` int(11) DEFAULT NULL,
  `staff_id` int(11) DEFAULT NULL,
  `class_section_id` int(11) DEFAULT NULL,
  `share_content_id` int(11) DEFAULT NULL,
  `created_at` timestamp NOT NULL DEFAULT current_timestamp() ON UPDATE current_timestamp()
) ENGINE=InnoDB DEFAULT CHARSET=utf8 COLLATE=utf8_general_ci;

--
-- Dumping data for table `share_content_for`
--

INSERT INTO `share_content_for` (`id`, `group_id`, `student_id`, `user_parent_id`, `staff_id`, `class_section_id`, `share_content_id`, `created_at`) VALUES
(1, 'student', NULL, NULL, NULL, NULL, 1, '2025-04-08 10:30:54');

-- --------------------------------------------------------

--
-- Table structure for table `share_upload_contents`
--

CREATE TABLE `share_upload_contents` (
  `id` int(11) NOT NULL,
  `upload_content_id` int(11) DEFAULT NULL,
  `share_content_id` int(11) DEFAULT NULL,
  `created_at` timestamp NOT NULL DEFAULT current_timestamp() ON UPDATE current_timestamp()
) ENGINE=InnoDB DEFAULT CHARSET=utf8 COLLATE=utf8_general_ci;

--
-- Dumping data for table `share_upload_contents`
--

INSERT INTO `share_upload_contents` (`id`, `upload_content_id`, `share_content_id`, `created_at`) VALUES
(1, 1, 1, '2025-04-08 10:30:54');

-- --------------------------------------------------------

--
-- Table structure for table `sidebar_menus`
--

CREATE TABLE `sidebar_menus` (
  `id` int(11) NOT NULL,
  `permission_group_id` int(11) DEFAULT NULL,
  `icon` varchar(100) DEFAULT NULL,
  `menu` varchar(500) DEFAULT NULL,
  `activate_menu` varchar(100) DEFAULT NULL,
  `lang_key` varchar(250) NOT NULL,
  `system_level` int(11) DEFAULT 0,
  `level` int(11) DEFAULT NULL,
  `sidebar_display` int(11) DEFAULT 0,
  `access_permissions` text DEFAULT NULL,
  `is_active` int(11) NOT NULL DEFAULT 1,
  `created_at` timestamp NOT NULL DEFAULT current_timestamp() ON UPDATE current_timestamp()
) ENGINE=InnoDB DEFAULT CHARSET=utf8 COLLATE=utf8_general_ci;

--
-- Dumping data for table `sidebar_menus`
--

INSERT INTO `sidebar_menus` (`id`, `permission_group_id`, `icon`, `menu`, `activate_menu`, `lang_key`, `system_level`, `level`, `sidebar_display`, `access_permissions`, `is_active`, `created_at`) VALUES
(1, 17, 'fa fa-ioxhost ftlayer', 'Front Office', 'front_office', 'front_office', 10, 1, 1, '(\'admission_enquiry\', \'can_view\') || (\'visitor_book\', \'can_view\') ||       (\'phon_call_log\', \'can_view\') ||  (\'postal_dispatch\', \'can_view\') ||       (\'postal_receive\', \'can_view\') || (\'complaint\', \'can_view\') ||(\'setup_font_office\', \'can_view\')', 1, '2023-01-10 12:49:51'),
(2, 1, 'fa fa-user-plus ftlayer', 'Student Information', 'student_information', 'student_information', 20, 2, 1, '(\'student\', \'can_view\') || (\'student\', \'can_add\') || (\'student_history\', \'can_view\') || (\'student_categories\', \'can_view\') || (\'student_houses\', \'can_view\') || (\'disable_student\', \'can_view\') || (\'disable_reason\', \'can_view\') || (\'online_admission\', \'can_view\') || (\'multiclass_student\', \'can_view\') || (\'disable_reason\', \'can_view\')', 1, '2023-01-10 12:49:51'),
(3, 2, 'fa fa-money ftlayer', 'Fees Collection', 'fees_collection', 'fees_collection', 30, 3, 1, '(\'collect_fees\', \'can_view\') || (\'search_fees_payment\', \'can_view\') || (\'search_due_fees\', \'can_view\') || (\'fees_statement\', \'can_view\') || (\'fees_carry_forward\', \'can_view\') || (\'fees_master\', \'can_view\') || (\'fees_group\', \'can_view\') || (\'fees_type\', \'can_view\') || (\'fees_discount\', \'can_view\') || (\'accountants\', \'can_view\')', 1, '2023-01-10 12:49:51'),
(4, 3, 'fa fa-usd ftlayer', 'Income', 'income', 'income', 40, 10, 1, '(\'income\', \'can_view\') || (\'search_income\', \'can_view\') || (\'income_head\', \'can_view\')', 1, '2023-01-10 12:49:37'),
(7, 4, 'fa fa-credit-card ftlayer', 'Expense', 'expense', 'expenses', 50, 11, 1, '(\'expense\', \'can_view\') || (\'search_expense\', \'can_view\') || (\'expense_head\', \'can_view\')', 1, '2023-01-10 12:49:37'),
(10, 5, 'fa fa-calendar-check-o ftlayer', 'Attendance', 'attendance', 'attendance', 60, 13, 1, '(\'student_attendance\', \'can_view\')', 1, '2023-01-10 12:49:37'),
(11, 6, 'fa fa-map-o ftlayer', 'Examinations', 'examinations', 'examinations', 70, 12, 1, '(\'exam_group\', \'can_view\') || (\'exam_result\', \'can_view\') || (\'design_admit_card\', \'can_view\') || (\'print_admit_card\', \'can_view\') || (\'design_marksheet\', \'can_view\') || (\'print_marksheet\', \'can_view\') || (\'marks_grade\', \'can_view\')', 1, '2023-01-10 12:49:37'),
(12, 23, 'fa fa-rss ftlayer', 'Online Examinations', 'online_examinations', 'online_examinations', 80, 14, 1, '(\'online_examination\', \'can_view\') ||  (\'question_bank\', \'can_view\'', 1, '2023-01-10 12:49:37'),
(13, 29, 'fa fa-list-alt ftlayer', 'Lesson Plan', 'lesson_plan', 'lesson_plan', 90, 16, 1, '(\'manage_lesson_plan\', \'can_view\') || (\'manage_syllabus_status\', \'can_view\') || (\'lesson\', \'can_view\') ||  (\'topic\', \'can_view\')||  (\'copy_old_lesson\', \'can_view\')', 1, '2023-01-10 12:49:37'),
(14, 7, 'fa fa-mortar-board ftlayer', 'Academics', 'academics', 'academics', 100, 15, 1, '(\'class_timetable\', \'can_view\') || (\'teachers_timetable\', \'can_view\') || (\'assign_class_teacher\', \'can_view\') || (\'promote_student\', \'can_view\') || (\'subject_group\', \'can_view\') || (\'section\', \'can_view\') || (\'subject\', \'can_view\') || (\'class\', \'can_view\') || (\'section\', \'can_view\')', 1, '2023-01-10 12:49:37'),
(15, 18, 'fa fa-sitemap ftlayer', 'Human Resource', 'human_resource', 'human_resource', 110, 17, 1, '(\'staff\', \'can_view\') || (\'approve_leave_request\', \'can_view\') || (\'apply_leave\', \'can_view\') || (\'leave_types\', \'can_view\') || (\'teachers_rating\', \'can_view\') || (\'department\', \'can_view\') || (\'designation\', \'can_view\') || (\'disable_staff\', \'can_view\')', 1, '2023-01-10 12:49:37'),
(16, 13, 'fa fa-bullhorn ftlayer', 'Communicate', 'communicate', 'communicate', 120, 18, 1, '(\'notice_board\', \'can_view\') || (\'email\', \'can_view\') || (\'sms\', \'can_view\') || (\'email_sms_log\', \'can_view\')', 1, '2023-01-10 12:49:37'),
(17, 8, 'fa fa-download ftlayer', 'Download Center', 'download_center', 'download_center', 130, 19, 1, '(\'upload_content\', \'can_view\') || (\'video_tutorial\', \'can_view\') || (\'content_type\', \'can_view\') || (\'content_share_list\', \'can_view\')', 1, '2023-01-10 12:49:37'),
(18, 19, 'fa fa-flask ftlayer', 'Homework', 'homework', 'homework', 140, 20, 1, '(\'homework\', \'can_view\') || (\'homework\', \'can_view\')', 1, '2023-01-10 12:49:37'),
(19, 9, 'fa fa-book ftlayer', 'Library', 'library', 'library', 150, 21, 1, '(\'books\', \'can_view\') || (\'issue_return\', \'can_view\') || (\'add_staff_member\', \'can_view\') || (\'add_student\', \'can_view\')', 1, '2023-01-10 12:49:37'),
(20, 10, 'fa fa-object-group ftlayer', 'Inventory', 'inventory', 'inventory', 160, 22, 1, '(\'issue_item\', \'can_view\') || (\'item_stock\', \'can_view\') || (\'item\', \'can_view\') || (\'item_category\', \'can_view\') || (\'item_category\', \'can_view\') || (\'store\', \'can_view\') || (\'supplier\', \'can_view\')', 1, '2023-01-10 12:49:37'),
(21, 11, 'fa fa-bus ftlayer', 'Transport', 'transport', 'transport', 170, 23, 1, '(\'routes\', \'can_view\') || (\'vehicle\', \'can_view\') || (\'assign_vehicle\', \'can_view\') || (\'transport_fees_master\', \'can_view\') || (\'pickup_point\', \'can_view\') || (\'route_pickup_point\', \'can_view\') || (\'student_transport_fees\', \'can_view\')      ', 1, '2023-01-10 12:49:37'),
(22, 12, 'fa fa-building-o ftlayer', 'Hostel', 'hostel', 'hostel', 180, 24, 1, '(\'hostel_rooms\', \'can_view\') || (\'room_type\', \'can_view\') || (\'hostel\', \'can_view\')', 1, '2023-01-10 12:49:37'),
(23, 20, 'fa fa-newspaper-o ftlayer', 'Certificate', 'certificate', 'certificate', 190, 25, 1, '(\'student_certificate\', \'can_view\') || (\'generate_certificate\', \'can_view\') || (\'student_id_card\', \'can_view\') || (\'generate_id_card\', \'can_view\') || (\'staff_id_card\', \'can_view\') || (\'generate_staff_id_card\', \'can_view\')', 1, '2023-01-10 12:49:37'),
(24, 16, 'fa fa-empire ftlayer', 'Front CMS', 'front_cms', 'front_cms', 200, 26, 1, '(\'event\', \'can_view\') || (\'gallery\', \'can_view\') || (\'notice\', \'can_view\') || (\'media_manager\', \'can_view\') || (\'pages\', \'can_view\') || (\'menus\', \'can_view\') || (\'banner_images\', \'can_view\')', 1, '2023-01-10 12:49:37'),
(25, 28, 'fa fa-universal-access ftlayer', 'Alumni', 'alumni', 'alumni', 210, 27, 1, '(\'manage_alumni\', \'can_view\') || (\'events\', \'can_view\')', 1, '2023-01-10 12:49:37'),
(26, 14, 'fa fa-line-chart ftlayer', 'Reports', 'reports', 'reports', 220, 28, 1, '(\'student_report\', \'can_view\') || (\'guardian_report\', \'can_view\') || (\'student_history\', \'can_view\') || (\'student_login_credential_report\', \'can_view\') || (\'class_subject_report\', \'can_view\') || (\'admission_report\', \'can_view\') || (\'sibling_report\', \'can_view\') || (\'evaluation_report\', \'can_view\') || (\'student_profile\', \'can_view\') || (\'fees_statement\', \'can_view\') || (\'balance_fees_report\', \'can_view\') || (\'fees_collection_report\', \'can_view\') || (\'online_fees_collection_report\', \'can_view\') || (\'income_report\', \'can_view\') || (\'expense_report\', \'can_view\') || (\'payroll_report\', \'can_view\') || (\'income_group_report\', \'can_view\') || (\'expense_group_report\', \'can_view\') || (\'attendance_report\', \'can_view\') || (\'staff_attendance_report\', \'can_view\') || (\'exam_marks_report\', \'can_view\') ||        (\'online_exam_wise_report\', \'can_view\') || (\'online_exams_report\', \'can_view\') || (\'online_exams_attempt_report\', \'can_view\') || (\'online_exams_rank_report\', \'can_view\') || (\'payroll_report\', \'can_view\') || (\'transport_report\', \'can_view\') || (\'hostel_report\', \'can_view\') || (\'audit_trail_report\', \'can_view\') || (\'user_log\', \'can_view\') || (\'book_issue_report\', \'can_view\') || (\'book_due_report\', \'can_view\') || (\'book_inventory_report\', \'can_view\') || (\'stock_report\', \'can_view\') ||      (\'add_item_report\', \'can_view\') || (\'issue_inventory_report\', \'can_view\') || (\'syllabus_status_report\', \'can_view\') ||    (\'teacher_syllabus_status_report\', \'can_view\') || (\'daily_collection_report\', \'can_view\') || (\'balance_fees_statement\', \'can_view\') || (\'balance_fees_report_with_remark\', \'can_view\')', 1, '2023-01-10 12:49:37'),
(27, 15, 'fa fa-gears ftlayer', 'System Settings', 'system_settings', 'system_setting', 230, 29, 1, '(\'general_setting\', \'can_view\') || (\'session_setting\', \'can_view\') || (\'notification_setting\', \'can_view\') || (\'sms_setting\', \'can_view\') || (\'email_setting\', \'can_view\') || (\'payment_methods\', \'can_view\') || (\'languages\', \'can_view\') || (\'user_status\', \'can_view\') || (\'backup_restore\', \'can_view\') || (\'print_header_footer\', \'can_view\') || (\'backup\', \'can_view\') || (\'front_cms_setting\', \'can_view\') || (\'custom_fields\', \'can_view\') || (\'system_fields\', \'can_view\') || (\'student_profile_update\', \'can_view\') || (\'currency\', \'can_view\') || (\'language_switcher\', \'can_view\') || (\'sidebar_menu\', \'can_view\') || (\'online_admission\', \'can_view\')\r\n', 1, '2023-01-10 12:49:37'),
(31, 800, 'fa fa-map-signs ftlayer', 'Behaviour Records', 'behaviour_records', 'behaviour_records', 0, 4, 1, '(\'student_incident_report\', \'can_view\') || (\'student_behaviour_rank_report\', \'can_view\') || (\'class_wise_rank_report\', \'can_view\') || (\'class_section_wise_rank_report\', \'can_view\') || (\'house_wise_rank_report\', \'can_view\') || (\'incident_wise_report\', \'can_view\') || (\'behaviour_records_assign_incident\', \'can_view\') || (\'behaviour_records_incident\', \'can_view\') || (\'behaviour_records_setting\', \'can_view\')', 1, '2023-01-10 12:55:29'),
(34, 900, 'fa fa-file-text-o', 'CBSE Examination', 'cbse_exam', 'cbse_exam', 69, 11, 1, '(\'subject_marks_report\', \'can_view\') || (\'template_marks_report\', \'can_view\') || (\'cbse_exam\', \'can_view\') ||  (\'cbse_exam_print_marksheet\', \'can_view\') ||  (\'cbse_exam_grade\', \'can_view\') ||  (\'cbse_exam_assign_observation\', \'can_view\') || (\'cbse_exam_observation\', \'can_view\') || (\'cbse_exam_observation_parameter\', \'can_view\') || (\'cbse_exam_assessment\', \'can_view\') || (\'cbse_exam_term\', \'can_view\') || (\'cbse_exam_template\', \'can_view\') || (\'cbse_exam_schedule\', \'can_view\') ', 1, '2023-07-04 13:03:29');

-- --------------------------------------------------------

--
-- Table structure for table `sidebar_sub_menus`
--

CREATE TABLE `sidebar_sub_menus` (
  `id` int(11) NOT NULL,
  `sidebar_menu_id` int(11) DEFAULT NULL,
  `menu` varchar(500) DEFAULT NULL,
  `key` varchar(500) DEFAULT NULL,
  `lang_key` varchar(250) DEFAULT NULL,
  `url` text DEFAULT NULL,
  `level` int(11) DEFAULT NULL,
  `access_permissions` varchar(500) DEFAULT NULL,
  `permission_group_id` int(11) DEFAULT NULL,
  `activate_controller` varchar(100) DEFAULT NULL COMMENT 'income',
  `activate_methods` varchar(500) DEFAULT NULL COMMENT 'index,edit',
  `addon_permission` varchar(100) DEFAULT NULL,
  `is_active` int(11) DEFAULT 1,
  `created_at` timestamp NOT NULL DEFAULT current_timestamp() ON UPDATE current_timestamp()
) ENGINE=InnoDB DEFAULT CHARSET=utf8 COLLATE=utf8_general_ci;

--
-- Dumping data for table `sidebar_sub_menus`
--

INSERT INTO `sidebar_sub_menus` (`id`, `sidebar_menu_id`, `menu`, `key`, `lang_key`, `url`, `level`, `access_permissions`, `permission_group_id`, `activate_controller`, `activate_methods`, `addon_permission`, `is_active`, `created_at`) VALUES
(1, 1, 'admission_enquiry', NULL, 'admission_enquiry', 'admin/enquiry', 1, '(\'admission_enquiry\', \'can_view\')', NULL, 'enquiry', 'index', NULL, 1, '2022-07-11 12:04:46'),
(2, 1, 'visitor_book', NULL, 'visitor_book', 'admin/visitors', 2, '(\'visitor_book\', \'can_view\')', NULL, 'visitors', 'index', NULL, 1, '2022-07-11 12:04:46'),
(3, 1, 'phone_call_log', NULL, 'phone_call_log', 'admin/generalcall', 3, '(\'phone_call_log\', \'can_view\')', NULL, 'generalcall', 'index,edit', NULL, 1, '2022-05-10 11:40:07'),
(4, 1, 'postal_dispatch', NULL, 'postal_dispatch', 'admin/dispatch', 4, '(\'postal_dispatch\', \'can_view\')', NULL, 'dispatch', 'index,editdispatch', NULL, 1, '2022-05-10 11:40:09'),
(5, 1, 'postal_receive', NULL, 'postal_receive', 'admin/receive', 5, '(\'postal_receive\', \'can_view\')', NULL, 'receive', 'index,editreceive', NULL, 1, '2022-05-10 11:40:09'),
(6, 1, 'complain', NULL, 'complain', 'admin/complaint', 6, '(\'complaint\', \'can_view\')', NULL, 'complaint', 'index,edit', NULL, 1, '2022-05-10 11:40:00'),
(7, 1, 'setup_front_office', NULL, 'setup_front_office', 'admin/visitorspurpose', 7, '(\'setup_font_office\', \'can_view\')', NULL, 'visitorspurpose', 'index,edit', NULL, 1, '2022-04-18 15:43:15'),
(9, 2, 'student_admission', NULL, 'student_admission', 'student/create', 2, '(\'student\', \'can_add\')', NULL, 'student', 'create,import', NULL, 1, '2022-08-30 07:51:02'),
(10, 2, 'online_admission', NULL, 'online_admission', 'admin/onlinestudent', 3, '(\'online_admission\', \'can_view\')', 27, 'onlinestudent', 'index,edit', NULL, 1, '2022-05-10 11:40:30'),
(11, 2, 'disable_student', NULL, 'disabled_students', 'student/disablestudentslist', 4, '(\'disable_student\', \'can_view\')', NULL, 'student', 'disablestudentslist', '', 1, '2022-07-23 06:49:00'),
(12, 3, 'collect_fees', NULL, 'collect_fees', 'studentfee', 1, '(\'collect_fees\', \'can_view\')', NULL, 'studentfee', 'index,addfee', NULL, 1, '2022-07-23 06:53:34'),
(13, 3, 'search_fees_payment', NULL, 'search_fees_payment', 'studentfee/searchpayment', 3, '(\'search_fees_payment\', \'can_view\')', NULL, 'studentfee', 'searchpayment', NULL, 1, '2022-08-08 06:03:40'),
(14, 3, 'search_due_fees', NULL, 'search_due_fees', 'studentfee/feesearch', 4, '(\'search_due_fees\', \'can_view\')', NULL, 'studentfee', 'feesearch', NULL, 1, '2022-08-08 06:03:38'),
(15, 3, 'fees_master', NULL, 'fees_master', 'admin/feemaster', 5, '(\'fees_master\', \'can_view\')', NULL, 'feemaster', 'index,assign,edit', NULL, 1, '2022-09-24 07:35:55'),
(16, 3, 'fees_group', NULL, 'fees_group', 'admin/feegroup', 6, '(\'fees_group\', \'can_view\')', NULL, 'feegroup', 'index,edit', NULL, 1, '2022-08-08 06:03:32'),
(17, 4, 'add_income', NULL, 'add_income', 'admin/income', 1, '(\'income\', \'can_view\')', NULL, 'income', 'index,edit', NULL, 1, '2022-07-23 07:03:40'),
(18, 4, 'search_income', NULL, 'search_income', 'admin/income/incomesearch', 2, '(\'search_income\', \'can_view\')', NULL, 'income', 'incomesearch', NULL, 1, '2022-07-23 07:10:13'),
(19, 4, 'income_head', NULL, 'income_head', 'admin/incomehead', 3, '(\'income_head\', \'can_view\')', NULL, 'incomehead', 'index,edit', NULL, 1, '2022-07-23 07:11:11'),
(20, 2, 'student_details', NULL, 'student_details', 'student/search', 1, '(\'student\', \'can_view\')', NULL, 'student', 'search,view,edit', NULL, 1, '2022-08-30 07:51:05'),
(21, 2, 'multi_class_student', NULL, 'multi_class_student', 'student/multiclass', 5, '(\'multi_class_student\', \'can_view\')', 26, 'student', 'multiclass', NULL, 1, '2022-07-23 06:48:37'),
(22, 2, 'bulk_delete', NULL, 'bulk_delete', 'student/bulkdelete', 6, '(\'student\', \'can_delete\')', NULL, 'student', 'bulkdelete', NULL, 1, '2022-07-23 06:48:11'),
(23, 2, 'student_categories', NULL, 'student_categories', 'category', 7, '(\'student_categories\', \'can_view\')', NULL, 'category', 'index,edit', NULL, 1, '2022-07-23 06:47:24'),
(24, 2, 'student_house', NULL, 'student_house', 'admin/schoolhouse', 8, '(\'student_houses\', \'can_view\')', NULL, 'schoolhouse', 'index,edit', NULL, 1, '2022-07-23 06:49:59'),
(25, 2, 'disable_reason', NULL, 'disable_reason', 'admin/disable_reason', 9, '(\'disable_reason\', \'can_view\')', NULL, 'disable_reason', 'index,edit', NULL, 1, '2022-07-23 06:50:41'),
(29, 7, 'add_expense', NULL, 'add_expense', 'admin/expense', 1, '(\'expense\', \'can_view\')', NULL, 'expense', 'index,edit', '', 1, '2022-07-23 07:12:25'),
(32, 3, 'fees_type', NULL, 'fees_type', 'admin/feetype', 7, '(\'fees_type\', \'can_view\')', NULL, 'feetype', 'index,edit', '', 1, '2022-08-08 06:03:29'),
(33, 10, 'attendance_by_date', 'attendance_by_date', 'attendance_by_date', 'admin/stuattendence/attendencereport', 3, '(\'attendance_by_date\', \'can_view\')', NULL, 'stuattendence', 'attendencereport', '', 1, '2022-10-20 05:50:25'),
(34, 10, 'student_attendance', 'student_attendance', 'student_attendance', 'admin/stuattendence', 1, '(\'student_attendance\', \'can_view\')', NULL, 'stuattendence', 'index', '', 1, '2022-10-20 05:50:25'),
(35, 10, 'approve_leave', 'approve_leave', 'approve_leave', 'admin/approve_leave', 2, '(\'approve_leave\', \'can_view\')', NULL, 'approve_leave', 'index', '', 1, '2022-10-14 16:16:44'),
(36, 11, 'exam_group', NULL, 'exam_group', 'admin/examgroup', 1, '(\'exam_group\', \'can_view\')', NULL, 'examgroup', 'index,addexam,edit', '', 1, '2022-07-23 07:23:01'),
(37, 11, 'exam_schedule', NULL, 'exam_schedule', 'admin/exam_schedule', 2, '(\'student_attendance\', \'can_view\')', NULL, 'exam_schedule', 'index', '', 1, '2022-05-16 07:01:34'),
(38, 11, 'exam_result', NULL, 'exam_result', 'admin/examresult', 3, '(\'exam_result\', \'can_view\')', NULL, 'examresult', 'index', '', 1, '2022-05-16 07:01:34'),
(39, 11, 'design_admit_card', NULL, 'design_admit_card', 'admin/admitcard', 4, '(\'design_admit_card\', \'can_view\')', NULL, 'admitcard', 'index,edit', '', 1, '2022-07-23 07:28:02'),
(40, 11, 'print_admit_card', NULL, 'print_admit_card', 'admin/examresult/admitcard', 5, '(\'print_admit_card\', \'can_view\')', NULL, 'examresult', 'admitcard', '', 1, '2022-05-16 07:01:34'),
(41, 11, 'design_marksheet', NULL, 'design_marksheet', 'admin/marksheet', 6, '(\'design_marksheet\', \'can_view\')', NULL, 'marksheet', 'index,edit', '', 1, '2022-07-23 07:35:35'),
(42, 11, 'print_marksheet', NULL, 'print_marksheet', 'admin/examresult/marksheet', 7, '(\'print_marksheet\', \'can_view\')', NULL, 'examresult', 'marksheet', '', 1, '2022-05-16 07:01:38'),
(43, 11, 'marks_grade', NULL, 'marks_grade', 'admin/grade', 8, '(\'marks_grade\', \'can_view\')', NULL, 'grade', 'index,edit', '', 1, '2022-07-23 07:37:15'),
(44, 11, 'marks_division', NULL, 'marks_division', 'admin/marksdivision', 9, '(\'marks_division\', \'can_view\')', NULL, 'marksdivision', 'index,edit', '', 1, '2022-08-25 06:04:26'),
(45, 12, 'online_exam', NULL, 'online_exam', 'admin/onlineexam', 1, '(\'online_examination\', \'can_view\')', NULL, 'onlineexam', 'index,evalution,assign', '', 1, '2022-08-30 13:03:45'),
(46, 12, 'question_bank', NULL, 'question_bank', 'admin/question', 1, '(\'question_bank\', \'can_view\')', NULL, 'question', 'index,read', '', 1, '2022-08-30 11:03:13'),
(47, 13, 'manage_lesson_plan', NULL, 'manage_lesson_plan', 'admin/syllabus', 2, '(\'manage_lesson_plan\', \'can_view\')', NULL, 'syllabus', 'index', '', 1, '2022-09-03 16:59:31'),
(48, 13, 'manage_syllabus_status', NULL, 'manage_syllabus_status', 'admin/syllabus/status', 3, '(\'manage_syllabus_status\', \'can_view\')', NULL, 'syllabus', 'status', '', 1, '2022-09-03 16:59:35'),
(49, 13, 'lesson', NULL, 'lesson', 'admin/lessonplan/lesson', 4, '(\'lesson\', \'can_view\')', NULL, 'lessonplan', 'lesson,editlesson', '', 1, '2022-09-15 11:30:55'),
(50, 13, 'topic', NULL, 'topic', 'admin/lessonplan/topic', 5, '(\'topic\', \'can_view\')', NULL, 'lessonplan', 'topic,edittopic', '', 1, '2022-09-15 11:30:24'),
(51, 14, 'class_timetable', NULL, 'class_timetable', 'admin/timetable/classreport', 1, '(\'class_timetable\', \'can_view\')', NULL, 'timetable', 'classreport,create', '', 1, '2022-07-23 09:01:22'),
(52, 14, 'teachers_timetable', NULL, 'teachers_timetable', 'admin/timetable/mytimetable', 2, '(\'teachers_time_table\', \'can_view\')', NULL, 'timetable', 'mytimetable', '', 1, '2022-07-20 12:22:59'),
(53, 14, 'assign_class_teacher', NULL, 'assign_class_teacher', 'admin/teacher/assign_class_teacher', 3, '(\'assign_class_teacher\', \'can_view\')', NULL, 'teacher', 'assign_class_teacher,update_class_teacher', '', 1, '2022-07-23 09:00:19'),
(54, 14, 'promote_students', NULL, 'promote_students', 'admin/stdtransfer', 4, '(\'promote_student\', \'can_view\')', NULL, 'stdtransfer', 'index', '', 1, '2022-07-20 12:22:54'),
(55, 14, 'subject_group', NULL, 'subject_group', 'admin/subjectgroup', 5, '(\'subject_group\', \'can_view\')', NULL, 'subjectgroup', 'index,edit', '', 1, '2022-07-23 08:59:42'),
(56, 14, 'subjects', NULL, 'subjects', 'admin/subject', 6, '(\'subject\', \'can_view\')', NULL, 'subject', 'index,edit', '', 1, '2022-07-23 08:59:20'),
(57, 14, 'class', NULL, 'class', 'classes', 7, '(\'class\', \'can_view\')', NULL, 'classes', 'index,edit', '', 1, '2022-07-23 08:58:49'),
(58, 14, 'sections', NULL, 'sections', 'sections', 8, '(\'section\', \'can_view\')', NULL, 'sections', 'index,edit', '', 1, '2022-07-23 08:58:21'),
(59, 15, 'staff_directory', NULL, 'staff_directory', 'admin/staff', 1, '(\'staff\', \'can_view\')', NULL, 'staff', 'index,edit,profile,create', '', 1, '2022-10-12 09:13:24'),
(60, 15, 'staff_attendance', NULL, 'staff_attendance', 'admin/staffattendance', 1, '(\'staff_attendance\', \'can_view\')', NULL, 'staffattendance', 'index', '', 1, '2022-09-07 12:04:15'),
(61, 15, 'payroll', NULL, 'payroll', 'admin/payroll', 1, '(\'staff_payroll\', \'can_view\')', NULL, 'payroll', 'index,edit,create', '', 1, '2022-08-16 11:58:44'),
(62, 15, 'approve_leave_request', NULL, 'approve_leave_request', 'admin/leaverequest/leaverequest', 1, '(\'approve_leave_request\', \'can_view\')', NULL, 'leaverequest', 'leaverequest', '', 1, '2022-05-16 09:04:33'),
(74, 15, 'apply_leave', NULL, 'apply_leave', 'admin/staff/leaverequest', 1, '(\'apply_leave\', \'can_view\')', NULL, 'staff', 'leaverequest', '', 1, '2022-05-16 09:11:41'),
(75, 15, 'leave_type', NULL, 'leave_type', 'admin/leavetypes', 1, '(\'leave_types\', \'can_view\')', NULL, 'leavetypes', 'index,leaveedit,createleavetype', '', 1, '2022-10-18 11:19:22'),
(76, 15, 'teachers_rating', NULL, 'teachers_rating', 'admin/staff/rating', 1, '(\'teachers_rating\', \'can_view\')', NULL, 'staff', 'rating', '', 1, '2022-05-16 09:15:31'),
(77, 15, 'department', NULL, 'department', 'admin/department/department', 1, '(\'department\', \'can_view\')', NULL, 'department', 'department,departmentedit', '', 1, '2022-07-23 09:14:20'),
(78, 15, 'designation', NULL, 'designation', 'admin/designation/designation', 1, '(\'designation\', \'can_view\')', NULL, 'designation', 'designation,designationedit', '', 1, '2022-07-23 09:15:04'),
(79, 15, 'disabled_staff', NULL, 'disabled_staff', 'admin/staff/disablestafflist', 1, '(\'disable_staff\', \'can_view\')', NULL, 'staff', 'disablestafflist', '', 1, '2022-09-13 07:46:56'),
(80, 16, 'notice_board', NULL, 'notice_board', 'admin/notification', 1, '(\'notice_board\', \'can_view\')', NULL, 'notification', 'index,edit,add', '', 1, '2022-07-23 09:17:24'),
(81, 16, 'send_email', NULL, 'send_email', 'admin/mailsms/compose', 2, '(\'email\', \'can_view\')', NULL, 'mailsms', 'compose', '', 1, '2022-09-02 16:52:46'),
(82, 16, 'send_sms', NULL, 'send_sms', 'admin/mailsms/compose_sms', 3, '(\'sms\', \'can_view\')', NULL, 'mailsms', 'compose_sms', '', 1, '2022-09-02 16:52:46'),
(83, 16, 'email_sms_log', NULL, 'email_sms_log', 'admin/mailsms/index', 4, '(\'email_sms_log\', \'can_view\')', NULL, 'mailsms', 'index', '', 1, '2022-09-02 16:52:50'),
(84, 16, 'schedule_email_sms_log', NULL, 'schedule_email_sms_log', 'admin/mailsms/schedule', 5, '(\'schedule_email_sms_log\', \'can_view\')', NULL, 'mailsms', 'schedule,edit_schedule', '', 1, '2022-09-13 07:07:38'),
(85, 16, 'login_credentials_send', NULL, 'login_credentials_send', 'student/bulkmail', 6, '(\'login_credentials_send\', \'can_view\')', NULL, 'student', 'bulkmail', '', 1, '2022-09-02 16:52:46'),
(86, 16, 'email_template', NULL, 'email_template', 'admin/mailsms/email_template', 7, '(\'email_template\', \'can_view\')', NULL, 'mailsms', 'email_template', '', 1, '2022-09-02 16:52:46'),
(87, 16, 'sms_template', NULL, 'sms_template', 'admin/mailsms/sms_template', 8, '(\'sms_template\', \'can_view\')', NULL, 'mailsms', 'sms_template', '', 1, '2022-09-02 16:52:46'),
(88, 17, 'content_type', NULL, 'content_type', 'admin/contenttype', 1, '(\'content_type\', \'can_view\')', NULL, 'contenttype', 'index,edit', '', 1, '2022-07-23 09:24:45'),
(89, 17, 'content_share_list', NULL, 'content_share_list', 'admin/content/list', 1, '(\'content_share_list\', \'can_view\')', NULL, 'content', 'list', '', 1, '2022-07-22 10:07:17'),
(90, 17, 'upload_content', NULL, 'upload_content', 'admin/content/upload', 1, '(\'upload_content\', \'can_view\')', NULL, 'content', 'upload', '', 1, '2022-07-22 10:07:17'),
(91, 17, 'video_tutorial', NULL, 'video_tutorial', 'admin/video_tutorial', 1, '(\'video_tutorial\', \'can_view\')', NULL, 'video_tutorial', 'index', '', 1, '2022-07-22 10:07:17'),
(92, 18, 'add_homework', NULL, 'add_homework', 'homework', 1, '(\'homework\', \'can_view\')', NULL, 'homework', 'index', '', 1, '2022-06-25 09:50:01'),
(93, 18, 'daily_assignment', NULL, 'daily_assignment', 'homework/dailyassignment', 2, '(\'daily_assignment\', \'can_view\')', NULL, 'homework', 'dailyassignment', '', 1, '2022-07-23 09:27:23'),
(94, 19, 'book_list', NULL, 'book_list', 'admin/book/getall', 1, '(\'books\', \'can_view\')', NULL, 'book', 'getall,index,edit,import,issue_returnreport', '', 1, '2022-09-07 11:45:50'),
(95, 19, 'issue_return', NULL, 'issue_return', 'admin/member', 1, '(\'issue_return\', \'can_view\')', NULL, 'member', 'index,issue', '', 1, '2022-07-23 09:32:48'),
(96, 19, 'add_student', NULL, 'add_student', 'admin/member/student', 1, '(\'add_student\', \'can_view\')', NULL, 'member', 'student', '', 1, '2022-05-16 11:22:54'),
(97, 19, 'add_staff_member', NULL, 'add_staff_member', 'admin/member/teacher', 1, '(\'add_staff_member\', \'can_view\')', NULL, 'member', 'teacher', '', 1, '2022-05-16 11:31:43'),
(98, 7, 'search_expense', NULL, 'search_expense', 'admin/expense/expensesearch', 1, '(\'search_expense\', \'can_view\')', NULL, 'expense', 'expensesearch', '', 1, '2022-05-16 11:36:09'),
(99, 7, 'expense_head', NULL, 'expense_head', 'admin/expensehead', 1, '(\'expense_head\', \'can_view\')', NULL, 'expensehead', 'index,edit', '', 1, '2022-07-23 07:16:17'),
(100, 20, 'issue_item', NULL, 'issue_item', 'admin/issueitem', 1, '(\'issue_item\', \'can_view\')', NULL, 'issueitem', 'index,create', '', 1, '2022-07-23 09:35:03'),
(101, 20, 'add_item_stock', NULL, 'add_item_stock', 'admin/itemstock', 1, '(\'item_stock\', \'can_view\')', NULL, 'itemstock', 'index,edit', '', 1, '2022-07-23 09:36:17'),
(102, 20, 'add_item', NULL, 'add_item', 'admin/item', 1, '(\'item\', \'can_view\')', NULL, 'item', 'index,edit', '', 1, '2022-07-23 09:36:56'),
(103, 20, 'item_category', NULL, 'item_category', 'admin/itemcategory', 1, '(\'item_category\', \'can_view\')', NULL, 'itemcategory', 'index,edit', '', 1, '2022-07-23 09:37:12'),
(104, 20, 'item_store', NULL, 'item_store', 'admin/itemstore', 1, '(\'store\', \'can_view\')', NULL, 'itemstore', 'index,edit,create', '', 1, '2022-09-16 11:49:03'),
(105, 20, 'item_supplier', NULL, 'item_supplier', 'admin/itemsupplier', 1, '(\'supplier\', \'can_view\')', NULL, 'itemsupplier', 'index,edit,create', '', 1, '2022-07-23 09:38:22'),
(106, 21, 'fees_master', NULL, 'fees_master', 'admin/transport/feemaster', 1, '(\'transport_fees_master\', \'can_view\')', NULL, 'transport', 'feemaster', '', 1, '2023-03-31 05:33:14'),
(107, 21, 'pickup_point', NULL, 'pickup_point', 'admin/pickuppoint', 1, '(\'pickup_point\', \'can_view\')', NULL, 'pickuppoint', 'index', '', 1, '2023-03-31 05:24:24'),
(108, 21, 'routes', NULL, 'routes', 'admin/route', 1, '(\'routes\', \'can_view\')', NULL, 'route', 'index,edit', '', 1, '2022-09-17 06:21:23'),
(109, 21, 'vehicles', NULL, 'vehicles', 'admin/vehicle', 1, '(\'vehicle\', \'can_view\')', NULL, 'vehicle', 'index', '', 1, '2022-05-16 12:29:35'),
(110, 21, 'assign_vehicle', NULL, 'assign_vehicle', 'admin/vehroute', 1, '(\'assign_vehicle\',\'can_view\')', NULL, 'vehroute', 'index,edit', '', 1, '2022-10-19 07:06:08'),
(111, 21, 'route_pickup_point', NULL, 'route_pickup_point', 'admin/pickuppoint/assign', 1, '(\'route_pickup_point\', \'can_view\')', NULL, 'pickuppoint', 'assign', '', 1, '2023-03-31 05:25:08'),
(112, 21, 'student_transport_fees', NULL, 'student_transport_fees', 'admin/pickuppoint/student_fees', 1, '(\'student_transport_fees\', \'can_view\')', NULL, 'pickuppoint', 'student_fees', '', 1, '2023-03-31 05:25:43'),
(113, 22, 'hostel_rooms', NULL, 'hostel_rooms', 'admin/hostelroom', 1, '(\'hostel_rooms\', \'can_view\')', NULL, 'hostelroom', 'index,edit', '', 1, '2022-07-23 10:27:48'),
(114, 22, 'room_type', NULL, 'room_type', 'admin/roomtype', 2, '(\'room_type\', \'can_view\')', NULL, 'roomtype', 'index,edit', '', 1, '2022-07-23 10:32:14'),
(115, 22, 'hostel', NULL, 'hostel', 'admin/hostel', 3, '(\'hostel\', \'can_view\')', NULL, 'hostel', 'index,edit', '', 1, '2022-07-23 10:32:39'),
(116, 23, 'student_certificate', NULL, 'student_certificate', 'admin/certificate', 1, '(\'student_certificate\', \'can_view\')', NULL, 'certificate', 'index,edit', '', 1, '2022-07-23 10:44:30'),
(117, 23, 'generate_certificate', NULL, 'generate_certificate', 'admin/generatecertificate', 1, '(\'generate_certificate\', \'can_view\')', NULL, 'generatecertificate', 'index,search', '', 1, '2022-07-23 10:46:16'),
(118, 23, 'student_id_card', NULL, 'student_id_card', 'admin/studentidcard', 1, '(\'student_id_card\', \'can_view\')', NULL, 'studentidcard', 'index,edit', '', 1, '2022-07-23 10:47:01'),
(119, 23, 'generate_id_card', NULL, 'generate_id_card', 'admin/generateidcard/search', 1, '(\'generate_id_card\', \'can_view\')', NULL, 'generateidcard', 'search', '', 1, '2022-05-18 05:35:13'),
(120, 23, 'staff_id_card', NULL, 'staff_id_card', 'admin/staffidcard', 1, '(\'staff_id_card\', \'can_view\')', NULL, 'staffidcard', 'index,edit', '', 1, '2022-07-23 10:48:13'),
(121, 23, 'generate_staff_id_card', NULL, 'generate_staff_id_card', 'admin/generatestaffidcard', 1, '(\'generate_staff_id_card\', \'can_view\')', NULL, 'generatestaffidcard', 'index,search', '', 1, '2022-07-23 10:49:06'),
(122, 24, 'event', NULL, 'event', 'admin/front/events', 1, '(\'event\', \'can_view\')', NULL, 'events', 'index,edit,create', '', 1, '2022-07-23 10:51:51'),
(123, 24, 'gallery', NULL, 'gallery', 'admin/front/gallery', 1, '(\'gallery\', \'can_view\')', NULL, 'gallery', 'index,edit,create', '', 1, '2022-07-23 10:52:22'),
(124, 24, 'news', NULL, 'news', 'admin/front/notice', 1, '(\'notice\', \'can_view\')', NULL, 'notice', 'index,edit,create', '', 1, '2022-07-23 10:54:23'),
(125, 24, 'media_manager', NULL, 'media_manager', 'admin/front/media', 1, '(\'media_manager\', \'can_view\')', NULL, 'media', 'index', '', 1, '2022-05-18 06:03:32'),
(126, 24, 'pages', NULL, 'pages', 'admin/front/page', 1, '(\'pages\', \'can_view\')', NULL, 'page', 'index,edit,create', '', 1, '2022-07-23 10:55:28'),
(127, 24, 'menus', NULL, 'menus', 'admin/front/menus', 1, '(\'menus\', \'can_view\')', NULL, 'menus', 'index,additem', '', 1, '2022-07-23 10:56:31'),
(128, 24, 'banner_images', NULL, 'banner_images', 'admin/front/banner', 1, '(\'banner_images\', \'can_view\')', NULL, 'banner', 'index', '', 1, '2022-05-18 06:10:53'),
(129, 25, 'manage_alumini', NULL, 'manage_alumini', 'admin/alumni/alumnilist', 1, '(\'manage_alumni\', \'can_view\')', NULL, 'alumni', 'alumnilist', '', 1, '2022-07-23 10:58:36'),
(130, 25, 'events', NULL, 'events', 'admin/alumni/events', 1, '(\'events\', \'can_view\')', NULL, 'alumni', 'events', '', 1, '2022-07-23 10:59:09'),
(131, 26, 'student_information', NULL, 'student_information', 'report/studentinformation', 1, '(\'student_report\', \'can_view\') || (\'guardian_report\', \'can_view\') || (\'student_history\', \'can_view\') || (\'student_login_credential_report\', \'can_view\') || (\'class_subject_report\', \'can_view\') || (\'admission_report\', \'can_view\') || (\'sibling_report\', \'can_view\') || (\'homehork_evaluation_report\', \'can_view\') || (\'student_profile\', \'can_view\') || (\'student_gender_ratio_report\', \'can_view\') || (\'student_teacher_ratio_report\', \'can_view\')', NULL, 'report', 'studentinformation,studentreport,online_admission_report,student_teacher_ratio,boys_girls_ratio,student_profile,sibling_report,admission_report,class_subject,classsectionreport,guardianreport,admissionreport,logindetailreport,parentlogindetailreport', '', 1, '2022-09-26 05:26:53'),
(132, 26, 'finance', NULL, 'finance', 'financereports/finance', 2, '(\'fees_statement\', \'can_view\') || (\'balance_fees_report\', \'can_view\') || (\'fees_collection_report\', \'can_view\') || (\'online_fees_collection_report\', \'can_view\') || (\'income_report\', \'can_view\') || (\'expense_report\', \'can_view\') || (\'payroll_report\', \'can_view\') || (\'income_group_report\', \'can_view\') || (\'expense_group_report\', \'can_view\') || (\'online_admission\', \'can_view\')', NULL, 'financereports', 'finance,reportduefees,reportdailycollection,reportbyname,studentacademicreport,collection_report,onlinefees_report,duefeesremark,income,expense,payroll,incomegroup,expensegroup,onlineadmission', '', 1, '2022-09-24 12:20:32'),
(133, 26, 'attendance', NULL, 'attendance', 'attendencereports/attendance', 3, '(\'attendance_report\', \'can_view\') || (\'student_attendance_type_report\', \'can_view\') || (\'daily_attendance_report\', \'can_view\') || (\'staff_attendance_report\', \'can_view\')', NULL, 'attendencereports', 'attendance,classattendencereport,attendancereport,daily_attendance_report,staffattendancereport,biometric_attlog,reportbymonthstudent,reportbymonth', '', 1, '2022-09-26 11:36:08'),
(134, 26, 'examinations', NULL, 'examinations', 'admin/examresult/examinations', 4, '(\'rank_report\', \'can_view\')', NULL, 'examresult', 'rankreport,examinations', '', 1, '2022-09-20 08:34:13'),
(135, 26, 'lesson_plan', NULL, 'lesson_plan', 'report/lesson_plan', 6, '(\'syllabus_status_report\', \'can_view\') || (\'teacher_syllabus_status_report\', \'can_view\')', NULL, 'report', 'lesson_plan,teachersyllabusstatus', '', 1, '2022-07-25 11:39:17'),
(136, 26, 'human_resource', NULL, 'human_resource', 'report/human_resource', 7, '(\'staff_report\', \'can_view\') || (\'payroll_report\', \'can_view\')', NULL, 'report', 'human_resource,staff_report,payrollreport', '', 1, '2022-07-25 11:38:20'),
(137, 26, 'library', NULL, 'library', 'report/library', 9, '(\'book_issue_report\', \'can_view\') || (\'book_due_report\', \'can_view\') || (\'book_issue_return_report\', \'can_view\') || (\'book_inventory_report\', \'can_view\')', NULL, 'report', 'library,studentbookissuereport,bookduereport,bookinventory', '', 1, '2022-09-07 11:53:15'),
(138, 26, 'inventory', NULL, 'inventory', 'report/inventory', 10, '(\'stock_report\', \'can_view\') || (\'add_item_report\', \'can_view\') || (\'issue_item_report\', \'can_view\')', NULL, 'report', 'inventory,inventorystock,additem,issueinventory', '', 1, '2022-07-25 11:30:57'),
(139, 26, 'hostel', NULL, 'hostel', 'admin/hostelroom/studenthosteldetails', 12, '(\'hostel_report\', \'can_view\')', NULL, 'hostelroom', 'studenthosteldetails', '', 1, '2022-07-20 12:30:07'),
(140, 26, 'alumni', NULL, 'alumni', 'report/alumnireport', 13, '(\'alumni_report\', \'can_view\')', NULL, 'report', 'alumnireport', '', 1, '2022-07-20 12:30:07'),
(141, 26, 'user_log', NULL, 'user_log', 'admin/userlog', 14, '(\'user_log\', \'can_view\')', NULL, 'userlog', 'index', '', 1, '2022-07-20 12:30:07'),
(142, 26, 'audit_trail_report', NULL, 'audit_trail_report', 'admin/audit', 15, '(\'audit_trail_report\', \'can_view\')', NULL, 'audit', 'index', '', 1, '2022-07-20 12:30:07'),
(143, 26, 'online_examinations', NULL, 'online_examinations', 'admin/onlineexam/report', 5, '(\'online_exam_wise_report\', \'can_view\') || (\'online_exams_report\', \'can_view\') || (\'online_exams_attempt_report\', \'can_view\') || (\'online_exams_rank_report\', \'can_view\')', NULL, 'onlineexam', 'report,onlineexams', '', 1, '2022-07-25 11:48:23'),
(144, 26, 'homework', NULL, 'homework', 'homework/homeworkordailyassignmentreport', 8, '(\'homework\', \'can_view\') || (\'daily_assignment\', \'can_view\')', NULL, 'homework', 'homeworkordailyassignmentreport,homeworkreport,evaluation_report,dailyassignmentreport', '', 1, '2022-09-21 09:28:47'),
(145, 26, 'transport', NULL, 'transport', 'admin/route/studenttransportdetails', 11, '(\'transport_report\', \'can_view\')', NULL, 'route', 'studenttransportdetails', '', 1, '2022-07-20 12:30:07'),
(146, 27, 'general_setting', NULL, 'general_setting', 'schsettings', 1, '(\'general_setting\', \'can_view\')', NULL, 'schsettings', 'index,logo,miscellaneous,backendtheme,mobileapp,studentguardianpanel,fees,idautogeneration,attendancetype,maintenance', '', 1, '2022-07-25 11:14:13'),
(147, 27, 'session_setting', NULL, 'session_setting', 'sessions', 2, '(\'session_setting\', \'can_view\')', NULL, 'sessions', 'index,edit', '', 1, '2022-07-23 11:57:16'),
(148, 27, 'notification_setting', NULL, 'notification_setting', 'admin/notification/setting', 3, '(\'notification_setting\', \'can_view\')', NULL, 'notification', 'setting', '', 1, '2022-07-08 08:12:28'),
(149, 27, 'sms_setting', NULL, 'sms_setting', 'smsconfig', 4, '(\'sms_setting\', \'can_view\')', NULL, 'smsconfig', 'index', '', 1, '2022-07-08 08:12:28'),
(150, 27, 'email_setting', NULL, 'email_setting', 'emailconfig', 5, '(\'email_setting\', \'can_view\')', NULL, 'emailconfig', 'index', '', 1, '2022-07-08 08:12:28'),
(151, 27, 'payment_methods', NULL, 'payment_methods', 'admin/paymentsettings', 6, '(\'payment_methods\', \'can_view\')', NULL, 'paymentsettings', 'index', '', 1, '2022-07-08 08:12:28'),
(152, 27, 'print_headerfooter', NULL, 'print_headerfooter', 'admin/print_headerfooter', 7, '(\'print_header_footer\', \'can_view\')', NULL, 'print_headerfooter', 'index', '', 1, '2022-07-08 08:12:28'),
(153, 27, 'front_cms_setting', NULL, 'front_cms_setting', 'admin/frontcms', 8, '(\'front_cms_setting\', \'can_view\')', NULL, 'frontcms', 'index', '', 1, '2022-07-08 08:12:28'),
(154, 27, 'roles_permissions', NULL, 'roles_permissions', 'admin/roles', 9, '(\'superadmin\', \'can_view\')', NULL, 'roles', 'index,permission', '', 1, '2022-09-09 11:03:34'),
(155, 27, 'backup_restore', NULL, 'backup_restore', 'admin/admin/backup', 10, '(\'backup\', \'can_view\')', NULL, 'admin', 'backup', '', 1, '2022-07-08 08:12:28'),
(156, 27, 'users', NULL, 'users', 'admin/users', 13, '(\'user_status\', \'can_view\')', NULL, 'users', 'index', '', 1, '2022-07-20 12:34:09'),
(157, 27, 'languages', NULL, 'languages', 'admin/language', 11, '(\'languages\', \'can_view\')', NULL, 'language', 'index,create', '', 1, '2022-09-10 09:14:52'),
(158, 27, 'modules', NULL, 'modules', 'admin/module', 14, '(\'superadmin\', \'can_view\')', NULL, 'module', 'index', '', 1, '2022-07-20 12:34:06'),
(159, 27, 'custom_fields', NULL, 'custom_fields', 'admin/customfield', 15, '(\'custom_fields\', \'can_view\')', NULL, 'customfield', 'index,edit', '', 1, '2022-07-23 12:02:14'),
(160, 27, 'captcha_setting', NULL, 'captcha_setting', 'admin/captcha', 16, '(\'superadmin\', \'can_view\')', NULL, 'captcha', 'index', '', 1, '2022-07-20 12:34:06'),
(161, 27, 'system_fields', NULL, 'system_fields', 'admin/systemfield', 17, '(\'system_fields\', \'can_view\')', NULL, 'systemfield', 'index', '', 1, '2022-07-22 06:07:38'),
(162, 27, 'student_profile_update', NULL, 'student_profile_update', 'student/profilesetting', 18, '(\'student_profile_update\', \'can_view\')', NULL, 'student', 'profilesetting', '', 1, '2022-07-20 12:34:06'),
(163, 27, 'online_admission', NULL, 'online_admission', 'admin/onlineadmission/admissionsetting', 19, '(\'online_admission\', \'can_view\')', NULL, 'onlineadmission', 'admissionsetting', '', 1, '2022-07-20 12:34:06'),
(164, 27, 'file_types', NULL, 'file_types', 'admin/admin/filetype', 20, '(\'superadmin\', \'can_view\')', NULL, 'admin', 'filetype', '', 1, '2022-07-20 12:34:30'),
(165, 27, 'system_update', NULL, 'system_update', 'admin/updater', 22, '(\'superadmin\', \'can_view\')', NULL, 'updater', 'index', '', 1, '2022-10-13 11:49:51'),
(166, 27, 'sidebar_menu', NULL, 'sidebar_menu', 'admin/sidemenu', 21, '(\'sidebar_menu\', \'can_view\')', NULL, 'sidemenu', 'index', '', 1, '2022-10-13 11:49:51'),
(181, 3, 'fees_discount', NULL, 'fees_discount', 'admin/feediscount', 8, '(\'fees_discount\', \'can_view\')', NULL, 'feediscount', 'index,edit,assign', '', 1, '2022-08-08 06:03:27'),
(182, 3, 'fees_carry_forward', NULL, 'fees_carry_forward', 'admin/feesforward', 9, '(\'fees_carry_forward\', \'can_view\')', NULL, 'feesforward', 'index', '', 1, '2022-08-08 06:03:24'),
(183, 3, 'fees_reminder', NULL, 'fees_reminder', 'admin/feereminder/setting', 10, '(\'fees_reminder\', \'can_view\')', NULL, 'feereminder', 'setting', '', 1, '2022-08-08 06:03:21'),
(184, 27, 'currency', NULL, 'currency', 'admin/currency', 12, '(\'currency\', \'can_view\')', NULL, 'currency', 'index', '', 1, '2022-07-20 12:34:09'),
(186, 31, 'assign_incident', NULL, 'assign_incident', 'behaviour/studentincidents', 1, '(\'behaviour_records_assign_incident\', \'can_view\')', NULL, 'studentincidents', 'index', 'ssbr', 1, '2022-07-27 04:55:37'),
(187, 31, 'incidents', NULL, 'incidents', 'behaviour/incidents', 1, '(\'behaviour_records_incident\', \'can_view\')', NULL, 'incidents', 'index', 'ssbr', 1, '2022-09-06 13:02:04'),
(188, 31, 'reports', NULL, 'reports', 'behaviour/BehavReport', 1, '(\'student_incident_report\', \'can_view\') || (\'student_behaviour_rank_report\', \'can_view\') || (\'class_wise_rank_report\', \'can_view\') || (\'class_section_wise_rank_report\', \'can_view\') || (\'house_wise_rank_report\', \'can_view\') || (\'incident_wise_report\', \'can_view\')', NULL, 'report', 'index,studentincidentreport,studentbehaviorsrankreport,classwiserankreport,classsectionwiserank,housewiserank,incidentwisereport', 'ssbr', 1, '2025-04-25 10:13:17'),
(189, 31, 'setting', NULL, 'setting', 'behaviour/setting', 1, '(\'behaviour_records_setting\', \'can_view\')', NULL, 'setting', 'index', '', 1, '2022-09-06 13:02:20'),
(190, 3, 'offline_bank_payments', NULL, 'offline_bank_payments', 'admin/offlinepayment', 2, '(\'offline_bank_payments\', \'can_view\')', NULL, 'offlinepayment', 'index', '', 1, '2022-08-08 06:05:29'),
(191, 13, 'Copy Old Lessons', NULL, 'copy_old_lesson', 'admin/lessonplan/copylesson', 1, '(\'copy_old_lesson\', \'can_view\')', NULL, 'lessonplan', 'copylesson', NULL, 1, '2022-09-09 10:20:37'),
(192, 10, 'Period Attendance', 'period_attendance', 'period_attendance', 'admin/subjectattendence/index', 4, '(\'student_attendance\',\'can_view\')', NULL, 'subjectattendence', 'index', NULL, 0, '2022-10-20 05:50:25'),
(193, 10, 'Period Attendance By Date', 'period_attendance_by_date', 'period_attendance_by_date', 'admin/subjectattendence/reportbydate', 5, '(\'attendance_by_date\', \'can_view\')', NULL, 'subjectattendence', 'reportbydate', NULL, 0, '2022-10-20 05:50:25'),
(201, 34, 'exam', NULL, 'exam', 'cbseexam/exam', 1, '(\'cbse_exam\', \'can_view\')', NULL, 'exam', 'index,examwiserank', 'sscbse', 1, '2023-07-04 09:57:01'),
(202, 34, 'exam_schedule', NULL, 'exam_schedule', 'cbseexam/exam/examtimetable', 1, '(\'cbse_exam_schedule\', \'can_view\')', NULL, 'exam', 'examtimetable', 'sscbse', 1, '2023-07-04 13:01:15'),
(203, 34, 'print_marksheet', NULL, 'print_marksheet', 'cbseexam/result/marksheet', 1, '(\'cbse_exam_print_marksheet\', \'can_view\')', NULL, 'result', 'marksheet', 'sscbse', 1, '2023-05-25 05:23:50'),
(204, 34, 'exam_grade', NULL, 'exam_grade', 'cbseexam/grade/gradelist', 1, '(\'cbse_exam_grade\', \'can_view\')', NULL, 'grade', 'gradelist', 'sscbse', 1, '2023-07-05 07:17:24'),
(205, 34, 'assign_observation', NULL, 'assign_observation', 'cbseexam/observation/assign', 1, '(\'cbse_exam_assign_observation\', \'can_view\')', NULL, 'observation', 'assign', 'sscbse', 1, '2023-05-25 05:31:49'),
(206, 34, 'observation', NULL, 'observation', 'cbseexam/observation', 1, '(\'cbse_exam_observation\', \'can_view\')', NULL, 'observation', 'index', 'sscbse', 1, '2023-07-05 07:17:37'),
(207, 34, 'observation_parameter', NULL, 'observation_parameter', 'cbseexam/observationparameter', 1, '(\'cbse_exam_observation_parameter\', \'can_view\')', NULL, 'observationparameter', 'index,edit', 'sscbse', 1, '2023-06-30 07:39:42'),
(208, 34, 'assessment', NULL, 'assessment', 'cbseexam/assessment', 1, '(\'cbse_exam_assessment\', \'can_view\')', NULL, 'assessment', 'index', 'sscbse', 1, '2023-05-25 05:34:19'),
(209, 34, 'term', NULL, 'term', 'cbseexam/term', 1, '(\'cbse_exam_term\', \'can_view\')', NULL, 'term', 'index', 'sscbse', 1, '2023-05-25 05:34:53'),
(210, 34, 'template', NULL, 'template', 'cbseexam/template', 1, '(\'cbse_exam_template\', \'can_view\')', NULL, 'template', 'index,templatewiserank', 'sscbse', 1, '2023-07-04 09:57:06'),
(211, 34, 'reports', NULL, 'reports', 'cbseexam/CbseReport/index', 1, '(\'subject_marks_report\', \'can_view\') || (\'template_marks_report\', \'can_view\')', NULL, 'report', 'index,templatewise,examsubject', 'sscbse', 1, '2025-04-25 10:13:29'),
(213, 17, 'recommended', '', 'recommended', 'admin/recommended', 5, '(\'recommended\', \'can_view\')', NULL, 'recommended', 'recommended', NULL, 1, '2025-03-22 09:59:12'),
(214, 26, 'student_anylytics', NULL, 'student_anylytics', 'admin/students/analytics', 5, '(\'online_exam_wise_report\', \'can_view\') || (\'online_exams_report\', \'can_view\') || (\'online_exams_attempt_report\', \'can_view\') || (\'online_exams_rank_report\', \'can_view\')', NULL, 'analytics', 'analytics', NULL, 1, '2025-03-22 09:59:58'),
(215, 12, 'autocreated_exams', NULL, 'autocreated_exams', 'admin/onlineexam/autoCreated', 1, '(\'autocreated_exams\', \'can_view\')', NULL, 'onlineexam', 'index,autoCreated', NULL, 1, '2025-03-31 09:52:03'),
(216, 31, 'category', NULL, 'category', 'behaviour/BehavCategory', 1, '(\'student_incident_report\', \'can_view\') || (\'student_behaviour_rank_report\', \'can_view\') || (\'class_wise_rank_report\', \'can_view\') || (\'class_section_wise_rank_report\', \'can_view\') || (\'house_wise_rank_report\', \'can_view\') || (\'incident_wise_report\', \'can_view\')', NULL, 'behaviourCategory', 'index,studentincidentreport,studentbehaviorsrankreport,classwiserankreport,classsectionwiserank,housewiserank,incidentwisereport', 'ssbr', 1, '2025-04-18 11:01:40'),
(217, 4, 'income_category', NULL, 'income_category', 'admin/IncomeCategory', 4, '(\'income_head\', \'can_view\')', NULL, 'IncomeCategory', 'index,edit', 'ssbr', 1, '2025-04-28 11:15:34'),
(218, 7, 'expense_category', NULL, 'expense_category', 'admin/ExpenseCategory', 4, '(\'expense_head\', \'can_view\')', NULL, 'ExpenseCategory', 'index,edit', 'ssbr', 1, '2025-04-28 11:15:34');

-- --------------------------------------------------------

--
-- Table structure for table `sms_config`
--

CREATE TABLE `sms_config` (
  `id` int(11) NOT NULL,
  `type` varchar(50) NOT NULL,
  `name` varchar(100) NOT NULL,
  `api_id` varchar(100) NOT NULL,
  `authkey` varchar(100) NOT NULL,
  `senderid` varchar(100) NOT NULL,
  `contact` text DEFAULT NULL,
  `username` varchar(150) DEFAULT NULL,
  `url` varchar(150) DEFAULT NULL,
  `password` varchar(150) DEFAULT NULL,
  `is_active` varchar(255) DEFAULT 'disabled',
  `created_at` timestamp NOT NULL DEFAULT current_timestamp() ON UPDATE current_timestamp(),
  `updated_at` date DEFAULT NULL
) ENGINE=InnoDB DEFAULT CHARSET=utf8 COLLATE=utf8_general_ci;

-- --------------------------------------------------------

--
-- Table structure for table `sms_template`
--

CREATE TABLE `sms_template` (
  `id` int(11) NOT NULL,
  `title` varchar(100) NOT NULL,
  `message` text NOT NULL,
  `created_at` date NOT NULL
) ENGINE=InnoDB DEFAULT CHARSET=utf8 COLLATE=utf8_general_ci;

-- --------------------------------------------------------

--
-- Table structure for table `source`
--

CREATE TABLE `source` (
  `id` int(11) NOT NULL,
  `source` varchar(100) NOT NULL,
  `description` text NOT NULL
) ENGINE=InnoDB DEFAULT CHARSET=utf8 COLLATE=utf8_general_ci;

--
-- Dumping data for table `source`
--

INSERT INTO `source` (`id`, `source`, `description`) VALUES
(1, 'Newspaper', ''),
(2, 'Website', ''),
(3, 'Parent', ''),
(4, 'Admission Ads', '');

-- --------------------------------------------------------

--
-- Table structure for table `staff`
--

CREATE TABLE `staff` (
  `id` int(11) NOT NULL,
  `employee_id` varchar(200) NOT NULL,
  `lang_id` int(11) NOT NULL,
  `currency_id` int(11) DEFAULT 0,
  `department` int(11) DEFAULT NULL,
  `designation` int(11) DEFAULT NULL,
  `qualification` varchar(200) NOT NULL,
  `work_exp` varchar(200) NOT NULL,
  `name` varchar(200) NOT NULL,
  `surname` varchar(200) NOT NULL,
  `father_name` varchar(200) NOT NULL,
  `mother_name` varchar(200) NOT NULL,
  `contact_no` varchar(200) NOT NULL,
  `emergency_contact_no` varchar(200) NOT NULL,
  `email` varchar(200) NOT NULL,
  `dob` date NOT NULL,
  `marital_status` varchar(100) NOT NULL,
  `date_of_joining` date DEFAULT NULL,
  `date_of_leaving` date DEFAULT NULL,
  `local_address` varchar(300) NOT NULL,
  `permanent_address` varchar(200) NOT NULL,
  `note` varchar(200) NOT NULL,
  `image` varchar(200) NOT NULL,
  `password` varchar(250) NOT NULL,
  `gender` varchar(50) NOT NULL,
  `account_title` varchar(200) NOT NULL,
  `bank_account_no` varchar(200) NOT NULL,
  `bank_name` varchar(200) NOT NULL,
  `ifsc_code` varchar(200) NOT NULL,
  `bank_branch` varchar(100) NOT NULL,
  `payscale` varchar(200) NOT NULL,
  `basic_salary` int(11) DEFAULT NULL,
  `epf_no` varchar(200) NOT NULL,
  `contract_type` varchar(100) NOT NULL,
  `shift` varchar(100) NOT NULL,
  `location` varchar(100) NOT NULL,
  `facebook` varchar(200) NOT NULL,
  `twitter` varchar(200) NOT NULL,
  `linkedin` varchar(200) NOT NULL,
  `instagram` varchar(200) NOT NULL,
  `resume` varchar(200) NOT NULL,
  `joining_letter` varchar(200) NOT NULL,
  `resignation_letter` varchar(200) NOT NULL,
  `other_document_name` varchar(200) NOT NULL,
  `other_document_file` varchar(200) NOT NULL,
  `user_id` int(11) NOT NULL,
  `is_active` int(11) NOT NULL,
  `verification_code` varchar(100) NOT NULL,
  `disable_at` date DEFAULT NULL
) ENGINE=InnoDB DEFAULT CHARSET=utf8 COLLATE=utf8_general_ci;

--
-- Dumping data for table `staff`
--

INSERT INTO `staff` (`id`, `employee_id`, `lang_id`, `currency_id`, `department`, `designation`, `qualification`, `work_exp`, `name`, `surname`, `father_name`, `mother_name`, `contact_no`, `emergency_contact_no`, `email`, `dob`, `marital_status`, `date_of_joining`, `date_of_leaving`, `local_address`, `permanent_address`, `note`, `image`, `password`, `gender`, `account_title`, `bank_account_no`, `bank_name`, `ifsc_code`, `bank_branch`, `payscale`, `basic_salary`, `epf_no`, `contract_type`, `shift`, `location`, `facebook`, `twitter`, `linkedin`, `instagram`, `resume`, `joining_letter`, `resignation_letter`, `other_document_name`, `other_document_file`, `user_id`, `is_active`, `verification_code`, `disable_at`) VALUES
(1, '9000', 0, 0, NULL, NULL, '', '', 'Super Admin', '', '', '', '', '', 'demo@pgsms.com', '2020-01-01', '', NULL, NULL, '', '', '', '', '$2y$10$RnmRGGG0UoQImDhge03fcu.1cz1VuE4UL50T.epHQDIBi4BJPrYra', 'Male', '', '', '', '', '', '', 0, '', '', '', '', '', '', '', '', '', '', '', '', '', 0, 1, '', NULL),
(2, '11234', 0, 0, 1, 1, 'PGT', '2 years', 'Preeti', 'Singh', 'Raju Singh', 'Urmila Raju Singh', '9835687678', '876558762', 'preeti@pgsms.com', '1990-01-01', 'Married', '2025-03-25', NULL, 'Mr. Rajesh Kumar\r\n123, MG Road,\r\nVijay Nagar,\r\nIndore, Madhya Pradesh,\r\n452001, India', 'Mr. Rajesh Kumar\r\n123, MG Road,\r\nVijay Nagar,\r\nIndore, Madhya Pradesh,\r\n452001, India', '', '', '$2y$10$//e9R/snRD8ctExEJEh2aua1lOEkH.YQot0ttJPyK0rE56TWPnZhO', 'Female', '', '', '', '', '', '', 0, '', '', '', '', '', '', '', '', '', '', '', 'Other Document', '', 0, 1, '', NULL),
(3, '8000', 0, 0, NULL, NULL, '', '', 'Admin', '', '', '', '', '', 'admin@learningtreat.com', '1970-01-01', '', NULL, NULL, '', '', '', '', '$2y$10$1lrIWFwzBid8sfv1clZt6ec7Zgy3AxIWJc9Ho.jVctAZVqs77vfIu', 'Male', '', '', '', '', '', '', 0, '', '', '', '', '', '', '', '', '', '', '', '', '', 0, 1, '', NULL),
(4, '11211', 0, 0, 3, 3, '', '', 'David', 'Mishra', '', '', '9821017881', '9878967972', 'principal@pg.com', '1999-01-01', 'Married', '2025-04-13', NULL, 'Some sample address', '', '', '', '$2y$10$sTYv5EMCH2N9sqN/XDj3XOP9euFNfMqyB5VTDV4BiWmVSiGcOW1IK', 'Male', '', '', '', '', '', '', 0, '', '', '', '', '', '', '', '', '', '', '', '', '', 0, 1, '', NULL),
(5, '9898', 0, 0, 1, 2, '', '', 'Aman', 'Kumar', '', '', '09821018981', '', 'amankumar020003@gmail.com', '2003-05-14', '', NULL, NULL, 'A-103 FF Zamrudpur Greater Kailash Part 1', '', '', '', '$2y$10$lbgfEi6hpz5lCEgIrBkx7.Yk46QBZbscm8sKebA1iBk7Tt1L2pv2u', 'Male', '', '', '', '', '', '', 0, '', '', '', '', '', '', '', '', '', '', '', '', '', 0, 1, '', NULL);

-- --------------------------------------------------------

--
-- Table structure for table `staff_attendance`
--

CREATE TABLE `staff_attendance` (
  `id` int(11) NOT NULL,
  `date` date NOT NULL,
  `staff_id` int(11) NOT NULL,
  `staff_attendance_type_id` int(11) NOT NULL,
  `biometric_attendence` int(11) DEFAULT 0,
  `qrcode_attendance` int(11) NOT NULL DEFAULT 0,
  `biometric_device_data` text DEFAULT NULL,
  `user_agent` varchar(250) DEFAULT NULL,
  `remark` varchar(200) NOT NULL,
  `is_active` int(11) NOT NULL,
  `created_at` datetime NOT NULL,
  `updated_at` date DEFAULT NULL
) ENGINE=InnoDB DEFAULT CHARSET=utf8 COLLATE=utf8_general_ci;

--
-- Dumping data for table `staff_attendance`
--

INSERT INTO `staff_attendance` (`id`, `date`, `staff_id`, `staff_attendance_type_id`, `biometric_attendence`, `qrcode_attendance`, `biometric_device_data`, `user_agent`, `remark`, `is_active`, `created_at`, `updated_at`) VALUES
(1, '2025-04-08', 2, 1, 0, 0, NULL, NULL, '', 0, '0000-00-00 00:00:00', NULL),
(2, '2025-03-07', 2, 1, 0, 0, NULL, NULL, '', 0, '0000-00-00 00:00:00', NULL);

-- --------------------------------------------------------

--
-- Table structure for table `staff_attendance_type`
--

CREATE TABLE `staff_attendance_type` (
  `id` int(11) NOT NULL,
  `type` varchar(200) NOT NULL,
  `key_value` varchar(200) NOT NULL,
  `is_active` varchar(50) NOT NULL,
  `for_qr_attendance` int(11) NOT NULL DEFAULT 1,
  `long_lang_name` varchar(250) DEFAULT NULL,
  `long_name_style` varchar(250) DEFAULT NULL,
  `created_at` timestamp NOT NULL DEFAULT current_timestamp() ON UPDATE current_timestamp(),
  `updated_at` date DEFAULT NULL
) ENGINE=InnoDB DEFAULT CHARSET=utf8 COLLATE=utf8_general_ci;

--
-- Dumping data for table `staff_attendance_type`
--

INSERT INTO `staff_attendance_type` (`id`, `type`, `key_value`, `is_active`, `for_qr_attendance`, `long_lang_name`, `long_name_style`, `created_at`, `updated_at`) VALUES
(1, 'Present', '<b class=\"text text-success\">P</b>', 'yes', 1, 'present', 'label label-success', '2023-12-13 10:15:57', '2023-11-10'),
(2, 'Late', '<b class=\"text text-warning\">L</b>', 'yes', 1, 'late', 'label label-warning', '2023-12-13 10:16:01', '2023-11-10'),
(3, 'Absent', '<b class=\"text text-danger\">A</b>', 'yes', 0, 'absent', 'label label-danger', '2023-12-13 10:16:06', '2023-11-10'),
(4, 'Half Day', '<b class=\"text text-warning\">F</b>', 'yes', 1, 'half_day', 'label label-info', '2023-12-14 12:57:07', '2023-11-10'),
(5, 'Holiday', 'H', 'yes', 0, 'holiday', 'label label-warning text-dark', '2023-12-13 10:16:17', '2023-11-10');

-- --------------------------------------------------------

--
-- Table structure for table `staff_designation`
--

CREATE TABLE `staff_designation` (
  `id` int(11) NOT NULL,
  `designation` varchar(200) NOT NULL,
  `is_active` varchar(100) NOT NULL
) ENGINE=InnoDB DEFAULT CHARSET=utf8 COLLATE=utf8_general_ci;

--
-- Dumping data for table `staff_designation`
--

INSERT INTO `staff_designation` (`id`, `designation`, `is_active`) VALUES
(1, 'Teacher', 'yes'),
(2, 'Admin Manager', 'yes'),
(3, 'Principal', 'yes');

-- --------------------------------------------------------

--
-- Table structure for table `staff_id_card`
--

CREATE TABLE `staff_id_card` (
  `id` int(11) NOT NULL,
  `title` varchar(255) NOT NULL,
  `school_name` varchar(255) NOT NULL,
  `school_address` varchar(255) NOT NULL,
  `background` varchar(100) NOT NULL,
  `logo` varchar(100) NOT NULL,
  `sign_image` varchar(100) NOT NULL,
  `header_color` varchar(100) NOT NULL,
  `enable_vertical_card` int(11) NOT NULL DEFAULT 0,
  `enable_staff_role` tinyint(1) NOT NULL COMMENT '0=disable,1=enable',
  `enable_staff_id` tinyint(1) NOT NULL COMMENT '0=disable,1=enable',
  `enable_staff_department` tinyint(1) NOT NULL COMMENT '0=disable,1=enable',
  `enable_designation` tinyint(1) NOT NULL COMMENT '0=disable,1=enable',
  `enable_name` tinyint(1) NOT NULL COMMENT '0=disable,1=enable',
  `enable_fathers_name` tinyint(1) NOT NULL COMMENT '0=disable,1=enable',
  `enable_mothers_name` tinyint(1) NOT NULL COMMENT '0=disable,1=enable',
  `enable_date_of_joining` tinyint(1) NOT NULL COMMENT '0=disable,1=enable',
  `enable_permanent_address` tinyint(1) NOT NULL COMMENT '0=disable,1=enable',
  `enable_staff_dob` tinyint(1) NOT NULL COMMENT '0=disable,1=enable',
  `enable_staff_phone` tinyint(1) NOT NULL COMMENT '0=disable,1=enable',
  `enable_staff_barcode` tinyint(1) NOT NULL COMMENT '0=disable,1=enable',
  `status` tinyint(1) NOT NULL COMMENT '0=disable,1=enable'
) ENGINE=InnoDB DEFAULT CHARSET=utf8 COLLATE=utf8_general_ci;

--
-- Dumping data for table `staff_id_card`
--

INSERT INTO `staff_id_card` (`id`, `title`, `school_name`, `school_address`, `background`, `logo`, `sign_image`, `header_color`, `enable_vertical_card`, `enable_staff_role`, `enable_staff_id`, `enable_staff_department`, `enable_designation`, `enable_name`, `enable_fathers_name`, `enable_mothers_name`, `enable_date_of_joining`, `enable_permanent_address`, `enable_staff_dob`, `enable_staff_phone`, `enable_staff_barcode`, `status`) VALUES
(1, 'Sample Staff ID Card Horizontal', 'Mount Carmel School', '110 Kings Street, CA', 'background1.png', 'logo1.png', 'sign1.png', '#9b1818', 0, 0, 1, 0, 0, 1, 1, 1, 1, 1, 1, 1, 0, 1),
(2, 'Sample Staff ID Card Vertical', 'Mount Carmel School', '110 Kings Street, CA', 'background1.png', 'logo1.png', 'sign1.png', '#9b1818', 1, 0, 1, 0, 0, 1, 1, 1, 1, 1, 1, 1, 0, 1);

-- --------------------------------------------------------

--
-- Table structure for table `staff_leave_details`
--

CREATE TABLE `staff_leave_details` (
  `id` int(11) NOT NULL,
  `staff_id` int(11) NOT NULL,
  `leave_type_id` int(11) NOT NULL,
  `alloted_leave` varchar(100) NOT NULL
) ENGINE=InnoDB DEFAULT CHARSET=utf8 COLLATE=utf8_general_ci;

--
-- Dumping data for table `staff_leave_details`
--

INSERT INTO `staff_leave_details` (`id`, `staff_id`, `leave_type_id`, `alloted_leave`) VALUES
(1, 2, 1, '5'),
(2, 2, 2, '5'),
(3, 2, 3, '5'),
(4, 2, 4, ''),
(5, 2, 5, '10'),
(6, 4, 1, ''),
(7, 4, 2, ''),
(8, 4, 3, ''),
(9, 4, 4, ''),
(10, 4, 5, ''),
(11, 1, 1, ''),
(12, 1, 2, ''),
(13, 1, 3, ''),
(14, 1, 4, ''),
(15, 1, 5, ''),
(16, 5, 1, ''),
(17, 5, 2, ''),
(18, 5, 3, ''),
(19, 5, 4, ''),
(20, 5, 5, '');

-- --------------------------------------------------------

--
-- Table structure for table `staff_leave_request`
--

CREATE TABLE `staff_leave_request` (
  `id` int(11) NOT NULL,
  `staff_id` int(11) NOT NULL,
  `leave_type_id` int(11) NOT NULL,
  `leave_from` date NOT NULL,
  `leave_to` date NOT NULL,
  `leave_days` int(11) NOT NULL,
  `employee_remark` varchar(200) NOT NULL,
  `admin_remark` varchar(200) NOT NULL,
  `status` varchar(50) NOT NULL,
  `applied_by` int(11) DEFAULT NULL,
  `document_file` varchar(200) NOT NULL,
  `date` date NOT NULL,
  `created_at` timestamp NOT NULL DEFAULT current_timestamp()
) ENGINE=InnoDB DEFAULT CHARSET=utf8 COLLATE=utf8_general_ci;

--
-- Dumping data for table `staff_leave_request`
--

INSERT INTO `staff_leave_request` (`id`, `staff_id`, `leave_type_id`, `leave_from`, `leave_to`, `leave_days`, `employee_remark`, `admin_remark`, `status`, `applied_by`, `document_file`, `date`, `created_at`) VALUES
(1, 2, 3, '2025-04-09', '2025-04-10', 2, '', '', 'pending', 1, '', '2025-04-09', '2025-04-09 03:17:26'),
(2, 2, 5, '2025-04-10', '2025-04-14', 5, '', '', 'pending', 2, '', '2025-04-09', '2025-04-09 03:26:35'),
(3, 2, 3, '2025-03-01', '2025-03-02', 2, '', '', 'pending', 2, '', '2025-04-18', '2025-04-18 09:49:53');

-- --------------------------------------------------------

--
-- Table structure for table `staff_payroll`
--

CREATE TABLE `staff_payroll` (
  `id` int(11) NOT NULL,
  `basic_salary` int(11) NOT NULL,
  `pay_scale` varchar(200) NOT NULL,
  `grade` varchar(50) NOT NULL,
  `is_active` varchar(50) NOT NULL
) ENGINE=InnoDB DEFAULT CHARSET=utf8 COLLATE=utf8_general_ci;

-- --------------------------------------------------------

--
-- Table structure for table `staff_payslip`
--

CREATE TABLE `staff_payslip` (
  `id` int(11) NOT NULL,
  `staff_id` int(11) NOT NULL,
  `basic` float(10,2) NOT NULL,
  `total_allowance` float(10,2) NOT NULL,
  `total_deduction` float(10,2) NOT NULL,
  `leave_deduction` int(11) NOT NULL,
  `tax` varchar(200) NOT NULL,
  `net_salary` float(10,2) NOT NULL,
  `status` varchar(100) NOT NULL,
  `month` varchar(200) NOT NULL,
  `year` varchar(200) NOT NULL,
  `payment_mode` varchar(200) NOT NULL,
  `payment_date` date NOT NULL,
  `remark` varchar(200) NOT NULL,
  `generated_by` int(11) DEFAULT NULL,
  `created_at` timestamp NOT NULL DEFAULT current_timestamp() ON UPDATE current_timestamp()
) ENGINE=InnoDB DEFAULT CHARSET=utf8 COLLATE=utf8_general_ci;

--
-- Dumping data for table `staff_payslip`
--

INSERT INTO `staff_payslip` (`id`, `staff_id`, `basic`, `total_allowance`, `total_deduction`, `leave_deduction`, `tax`, `net_salary`, `status`, `month`, `year`, `payment_mode`, `payment_date`, `remark`, `generated_by`, `created_at`) VALUES
(1, 2, 0.00, 40000.00, 1000.00, 0, '0', 39000.00, 'paid', 'March', '2025', 'cash', '2025-04-08', '', NULL, '2025-04-08 07:37:33');

-- --------------------------------------------------------

--
-- Table structure for table `staff_rating`
--

CREATE TABLE `staff_rating` (
  `id` int(11) NOT NULL,
  `staff_id` int(11) NOT NULL,
  `comment` text NOT NULL,
  `rate` int(11) NOT NULL,
  `user_id` int(11) NOT NULL,
  `role` varchar(255) NOT NULL,
  `status` int(11) NOT NULL COMMENT '0 decline, 1 Approve',
  `entrydt` timestamp NOT NULL DEFAULT current_timestamp() ON UPDATE current_timestamp()
) ENGINE=InnoDB DEFAULT CHARSET=utf8 COLLATE=utf8_general_ci;

-- --------------------------------------------------------

--
-- Table structure for table `staff_roles`
--

CREATE TABLE `staff_roles` (
  `id` int(11) NOT NULL,
  `role_id` int(11) DEFAULT NULL,
  `staff_id` int(11) DEFAULT NULL,
  `is_active` int(11) DEFAULT 0,
  `created_at` timestamp NOT NULL DEFAULT current_timestamp() ON UPDATE current_timestamp(),
  `updated_at` date DEFAULT NULL
) ENGINE=InnoDB DEFAULT CHARSET=utf8 COLLATE=utf8_general_ci;

--
-- Dumping data for table `staff_roles`
--

INSERT INTO `staff_roles` (`id`, `role_id`, `staff_id`, `is_active`, `created_at`, `updated_at`) VALUES
(1, 7, 1, 0, '2024-08-29 14:34:25', NULL),
(2, 2, 2, 0, '2025-03-25 00:13:45', NULL),
(3, 1, 3, 0, '2025-04-03 13:16:54', NULL),
(4, 8, 4, 0, '2025-04-13 09:56:04', NULL),
(5, 3, 5, 0, '2025-05-09 08:43:07', NULL);

-- --------------------------------------------------------

--
-- Table structure for table `staff_timeline`
--

CREATE TABLE `staff_timeline` (
  `id` int(11) NOT NULL,
  `staff_id` int(11) NOT NULL,
  `title` varchar(200) NOT NULL,
  `timeline_date` date NOT NULL,
  `description` varchar(300) NOT NULL,
  `document` varchar(200) NOT NULL,
  `status` varchar(200) NOT NULL,
  `date` date NOT NULL,
  `created_at` timestamp NOT NULL DEFAULT current_timestamp()
) ENGINE=InnoDB DEFAULT CHARSET=utf8 COLLATE=utf8_general_ci;

-- --------------------------------------------------------

--
-- Table structure for table `students`
--

CREATE TABLE `students` (
  `id` int(11) NOT NULL,
  `parent_id` int(11) NOT NULL,
  `admission_no` varchar(100) DEFAULT NULL,
  `roll_no` varchar(100) DEFAULT NULL,
  `admission_date` date DEFAULT NULL,
  `firstname` varchar(100) DEFAULT NULL,
  `middlename` varchar(255) DEFAULT NULL,
  `lastname` varchar(100) DEFAULT NULL,
  `rte` varchar(20) DEFAULT NULL,
  `image` varchar(100) DEFAULT NULL,
  `mobileno` varchar(100) DEFAULT NULL,
  `email` varchar(100) DEFAULT NULL,
  `state` varchar(100) DEFAULT NULL,
  `city` varchar(100) DEFAULT NULL,
  `pincode` varchar(100) DEFAULT NULL,
  `religion` varchar(100) DEFAULT NULL,
  `cast` varchar(50) DEFAULT NULL,
  `dob` date DEFAULT NULL,
  `gender` varchar(100) DEFAULT NULL,
  `current_address` text DEFAULT NULL,
  `permanent_address` text DEFAULT NULL,
  `category_id` varchar(100) DEFAULT NULL,
  `school_house_id` int(11) DEFAULT NULL,
  `blood_group` varchar(200) NOT NULL,
  `hostel_room_id` int(11) DEFAULT NULL,
  `adhar_no` varchar(100) DEFAULT NULL,
  `samagra_id` varchar(100) DEFAULT NULL,
  `bank_account_no` varchar(100) DEFAULT NULL,
  `bank_name` varchar(100) DEFAULT NULL,
  `ifsc_code` varchar(100) DEFAULT NULL,
  `guardian_is` varchar(100) NOT NULL,
  `father_name` varchar(100) DEFAULT NULL,
  `father_phone` varchar(100) DEFAULT NULL,
  `father_occupation` varchar(100) DEFAULT NULL,
  `mother_name` varchar(100) DEFAULT NULL,
  `mother_phone` varchar(100) DEFAULT NULL,
  `mother_occupation` varchar(100) DEFAULT NULL,
  `guardian_name` varchar(100) DEFAULT NULL,
  `guardian_relation` varchar(100) DEFAULT NULL,
  `guardian_phone` varchar(100) DEFAULT NULL,
  `guardian_occupation` varchar(150) NOT NULL,
  `guardian_address` text DEFAULT NULL,
  `guardian_email` varchar(100) DEFAULT NULL,
  `father_pic` varchar(200) NOT NULL,
  `mother_pic` varchar(200) NOT NULL,
  `guardian_pic` varchar(200) NOT NULL,
  `is_active` varchar(255) DEFAULT 'yes',
  `previous_school` text DEFAULT NULL,
  `height` varchar(100) NOT NULL,
  `weight` varchar(100) NOT NULL,
  `measurement_date` date DEFAULT NULL,
  `dis_reason` int(11) NOT NULL,
  `note` varchar(200) DEFAULT NULL,
  `dis_note` text NOT NULL,
  `app_key` text DEFAULT NULL,
  `parent_app_key` text DEFAULT NULL,
  `disable_at` date DEFAULT NULL,
  `created_at` timestamp NOT NULL DEFAULT current_timestamp() ON UPDATE current_timestamp(),
  `updated_at` date DEFAULT NULL
) ENGINE=InnoDB DEFAULT CHARSET=utf8 COLLATE=utf8_general_ci;

--
-- Dumping data for table `students`
--

INSERT INTO `students` (`id`, `parent_id`, `admission_no`, `roll_no`, `admission_date`, `firstname`, `middlename`, `lastname`, `rte`, `image`, `mobileno`, `email`, `state`, `city`, `pincode`, `religion`, `cast`, `dob`, `gender`, `current_address`, `permanent_address`, `category_id`, `school_house_id`, `blood_group`, `hostel_room_id`, `adhar_no`, `samagra_id`, `bank_account_no`, `bank_name`, `ifsc_code`, `guardian_is`, `father_name`, `father_phone`, `father_occupation`, `mother_name`, `mother_phone`, `mother_occupation`, `guardian_name`, `guardian_relation`, `guardian_phone`, `guardian_occupation`, `guardian_address`, `guardian_email`, `father_pic`, `mother_pic`, `guardian_pic`, `is_active`, `previous_school`, `height`, `weight`, `measurement_date`, `dis_reason`, `note`, `dis_note`, `app_key`, `parent_app_key`, `disable_at`, `created_at`, `updated_at`) VALUES
(41, 82, '20160001', '101', '2016-01-16', 'Rishi', 'Sai', 'Tiwari', 'No', NULL, '6136505587', '101@lt.com', NULL, NULL, NULL, 'Buddhism', 'Middle', '2011-07-13', 'Male', '160, Civil Lines, Anna Nagar, Pune, Karnataka 498382', '160, Civil Lines, Anna Nagar, Pune, Karnataka 498382', 'General', 0, 'A-', NULL, '94374605', '748564', '60806024', 'ICICI Bank', 'UCBA0407419', 'mother', 'Mr. Kian Tiwari', '7929338154', 'Chef', 'Mrs. Saanvi Tiwari', '', 'Consultant', 'Mrs. Saanvi Tiwari', 'Mother', '', 'Consultant', '160, Jubilee Hills, Malad, Kanpur, Uttarakhand 230889', 'saanvi.tiwari@hotmail.com', '', '', '', 'yes', 'DPS Das Academy', '3\'8', '32 kg', '2024-08-02', 0, 'Good in cultural activities', '', NULL, NULL, NULL, '2025-03-24 16:26:25', NULL),
(42, 84, '20190001', '102', '2019-04-18', 'Krish', '', 'Malhotra', 'No', NULL, '7525876051', '102@lt.com', NULL, NULL, NULL, 'Islam', 'Middle', '2014-10-13', 'Male', '842, MG Road, T Nagar, Goa, Uttar Pradesh 169403', '842, MG Road, T Nagar, Goa, Uttar Pradesh 169403', 'SC', 0, 'AB+', NULL, '43101783', '881177', '71586053', 'Bank of Baroda', 'BKID0246413', 'other', 'Mr. Rohan Malhotra', '6701808367', 'Electrician', 'Mrs. Janhvi Malhotra', '9974524834', '', 'Mr. Kian Sodhi', 'Grandfather', '9620021413', 'Businessman', '842, Indira Nagar, Saket, Varanasi, Andhra Pradesh 774079', 'kian.sodhi@yahoo.com', '', '', '', 'yes', 'Jawahar Nanda Convent School', '3\'9', '60 kg', '2020-09-30', 0, '', '', NULL, NULL, NULL, '2025-03-24 16:26:25', NULL),
(43, 86, '20210001', '103', '2021-12-15', 'Tara', '', 'Menon', 'No', NULL, '6687117441', '103@lt.com', NULL, NULL, NULL, 'Islam', 'Low', '2019-02-18', 'Female', '162, Shivaji Nagar, Andheri, Kochi, Odisha 898975', '162, Shivaji Nagar, Andheri, Kochi, Odisha 898975', 'General', 0, 'O+', NULL, '81182864', '100599', '30513739', 'IndusInd Bank', 'CNRB0665579', 'other', 'Mr. Virat Menon', '9697020653', 'Teacher', 'Mrs. Trisha Menon', '', '', 'Mr. Rohit Saini', 'Grandfather', '6479112937', 'Artist', '162, HSR Layout, Bodakdev, Allahabad, Chhattisgarh 308573', 'rohit.saini@outlook.com', '', '', '', 'yes', 'Sacred Patel Academy', '6\'9', '49 kg', '2025-02-02', 0, '', '', NULL, NULL, NULL, '2025-04-04 11:49:14', NULL),
(44, 88, '20190002', '104', '2019-03-06', 'Arjun', '', 'Yadav', 'Yes', NULL, '9289233844', '104@lt.com', NULL, NULL, NULL, 'Hinduism', 'Low', '2019-03-29', 'Male', '124, Sector 18, Indiranagar, Chennai, Madhya Pradesh 122056', '124, Sector 18, Indiranagar, Chennai, Madhya Pradesh 122056', 'ST', 0, 'B+', NULL, '94705205', '161733', '39557077', 'State Bank of India', 'ICIC0842225', 'mother', 'Mr. Sanjay Yadav', '6909666337', 'Police Officer', 'Mrs. Vandana Yadav', '8884873529', '', 'Mrs. Vandana Yadav', 'Mother', '8884873529', '', '124, Sector 18, Indiranagar, Chennai, Madhya Pradesh 122056', 'vandana.yadav@outlook.com', '', '', '', 'yes', 'Delhi Singh Model School', '4\'4', '53 kg', '2025-03-19', 0, 'Good in cultural activities', '', NULL, NULL, NULL, '2025-04-04 11:49:14', NULL),
(45, 90, '20190003', '105', '2019-02-18', 'Divyanshi', 'Rekha', 'Malik', 'No', NULL, '6817804383', '105@lt.com', NULL, NULL, NULL, 'Sikhism', 'Middle', '2012-04-29', 'Female', '144, Hazratganj, Dwarka, Coimbatore, Kerala 361941', '144, Patel Nagar, Alipore, Shimla, Telangana 153045', 'OBC', 0, 'A-', NULL, '41726318', '274389', '82556484', 'State Bank of India', 'ICIC0890170', 'father', 'Mr. Muhammad Malik', '6260329455', 'Sales Manager', 'Mrs. Yamini Malik', '9700855390', 'Police Officer', 'Mr. Muhammad Malik', 'Father', '6260329455', 'Sales Manager', '144, Hazratganj, Dwarka, Coimbatore, Kerala 361941', 'muhammad.malik@outlook.com', '', '', '', 'yes', 'Sacred Goel International School', '6\'6', '49 kg', '2025-01-07', 0, '', '', NULL, NULL, NULL, '2025-03-24 16:26:25', NULL),
(46, 92, '20150001', '106', '2024-04-01', 'Sahil', '', 'Sharma', 'No', 'uploads/student_images/1743682403-200111866467ee7b6374319!1743682277601m09dhnoc.png', '9137496438', '106@lt.com', NULL, NULL, NULL, 'Sikhism', 'low', '2017-04-10', 'Male', '984, Viman Nagar, Worli, Bhopal, Karnataka 723939', '984, Viman Nagar, Worli, Bhopal, Karnataka 723939', '1', 8, 'O-', 0, '66267415', '789305', '89795010', 'HDFC Bank', 'CORP0185965', 'father', 'Mr. Raghav Sharma', '6245522987', 'Businessman', 'Mrs. Renuka Sharma', '9948737639', '', 'Mr. Raghav Sharma', 'Father', '6245522987', 'Businessman', '984, Gomti Nagar, Chembur, Mysore, Rajasthan 707040', 'raghav.sharma@gmail.com', '', '', '', 'yes', 'Indian Dutta Model School', '4\'0', '57 kg', '2023-02-01', 0, 'Skilled in art and craft', '', '12345', NULL, NULL, '2025-04-09 01:17:00', NULL),
(47, 94, '20170001', '107', '2017-02-07', 'Lakshmi', '', 'Arora', 'No', NULL, '6429416213', '107@lt.com', NULL, NULL, NULL, 'Buddhism', 'Low', '2019-01-10', 'Female', '962, Tagore Lane, Whitefield, Ahmedabad, Telangana 878480', '962, Tagore Lane, Whitefield, Ahmedabad, Telangana 878480', 'ST', 0, 'B-', NULL, '95125977', '994343', '91178885', 'Axis Bank', 'KKBK0313487', 'other', 'Mr. Rajat Arora', '6677517496', 'Contractor', 'Mrs. Priyanka Arora', '', '', 'Mr. Ved Verma', 'Elder Brother', '9509435546', 'Musician', '962, Tagore Lane, Whitefield, Ahmedabad, Telangana 878480', 'ved.verma@gmail.com', '', '', '', 'yes', 'DAV Grover High School', '5\'1', '76 kg', '2020-07-08', 0, '', '', NULL, NULL, NULL, '2025-04-04 11:49:14', NULL),
(48, 96, '20150002', '108', '2015-10-10', 'Sanjay', 'Rakesh', 'Shetty', 'Yes', NULL, '7897669065', '108@lt.com', NULL, NULL, NULL, 'Islam', 'low', '2008-05-13', 'Male', '921, Vasant Vihar, Saket, Vadodara, Himachal Pradesh 207786', '921, Vasant Vihar, Saket, Vadodara, Himachal Pradesh 207786', '2', 0, 'O+', 0, '31810617', '938742', '64543049', 'Corporation Bank', 'BARB0348237', 'mother', 'Mr. Diya Shetty', '9584558315', 'Civil Servant', 'Mrs. Renuka Shetty', '7845919895', 'Musician', 'Mrs. Renuka Shetty', 'Mother', '7845919895', 'Musician', '921, Vasant Vihar, Saket, Vadodara, Himachal Pradesh 207786', 'renuka.shetty@gmail.com', '', '', '', 'yes', 'Holy Gupta Vidyalaya', '3\'11', '77 kg', '2017-10-07', 0, '', '', NULL, NULL, NULL, '2025-04-04 12:16:14', NULL),
(49, 98, '20200001', '109', '2020-08-28', 'Swati', '', 'Wadhwa', 'No', NULL, '9687629943', '109@lt.com', NULL, NULL, NULL, 'Sikhism', 'High', '2016-06-12', 'Female', '696, Deccan Gymkhana, Anna Nagar, Delhi, Telangana 373903', '696, Deccan Gymkhana, Anna Nagar, Delhi, Telangana 373903', 'General', 0, 'B-', NULL, '78642041', '221263', '56397338', 'Kotak Mahindra Bank', 'FDRL0735656', 'mother', 'Mr. Ananya Wadhwa', '8834820954', 'Police Officer', 'Mrs. Jyoti Wadhwa', '9712367625', 'Chef', 'Mrs. Jyoti Wadhwa', 'Mother', '9712367625', 'Chef', '696, Jubilee Hills, Malad, Pune, Chhattisgarh 555673', 'jyoti.wadhwa@outlook.com', '', '', '', 'yes', 'DPS Das High School', '5\'4', '72 kg', '2021-04-25', 0, 'Good in languages', '', NULL, NULL, NULL, '2025-03-24 16:26:25', NULL),
(50, 100, '20150003', '110', '2015-06-08', 'Shivam', 'Rakesh', 'Dhillon', 'Yes', NULL, '8178074590', '110@lt.com', NULL, NULL, NULL, 'Jainism', 'low', '2011-11-18', 'Male', '216, Hazratganj, Navrangpura, Nashik, Goa 437902', '216, Hazratganj, Navrangpura, Nashik, Goa 437902', '3', 5, 'O+', 0, '32775593', '790855', '38682516', 'Indian Overseas Bank', 'CBIN0932291', 'mother', 'Mr. Sahil Dhillon', '8909058412', 'Professor', 'Mrs. Seema Dhillon', '7744079573', 'Teacher', 'Mrs. Seema Dhillon', 'Mother', '7744079573', 'Teacher', '216, Hazratganj, Navrangpura, Nashik, Goa 437902', 'seema.dhillon@hotmail.com', '', '', '', 'yes', 'Indian Kakkar Senior Secondary School', '5\'8', '28 kg', '2018-08-04', 0, '', '', NULL, NULL, NULL, '2025-04-09 17:27:58', NULL),
(51, 102, '20180001', '111', '2018-11-19', 'Tara', 'Pari', 'Bose', 'Yes', NULL, '7780010572', '111@lt.com', NULL, NULL, NULL, 'Hinduism', 'Middle', '2018-05-02', 'Female', '137, Shivaji Nagar, Paldi, Jodhpur, Uttarakhand 724377', '137, Shivaji Nagar, Paldi, Jodhpur, Uttarakhand 724377', 'EWS', 0, 'B-', NULL, '83534128', '567574', '69401199', 'Corporation Bank', 'IOBA0547470', 'other', 'Mr. Aarav Bose', '9833944737', 'Shopkeeper', 'Mrs. Kareena Bose', '9453625530', '', 'Mr. Tarun Jain', 'Elder Brother', '7070298438', 'Lawyer', '137, Shivaji Nagar, Paldi, Jodhpur, Uttarakhand 724377', 'tarun.jain@outlook.com', '', '', '', 'yes', 'Jawahar Gill Grammar School', '6\'6', '35 kg', '2020-12-01', 0, 'Good in cultural activities', '', NULL, NULL, NULL, '2025-03-24 16:26:26', NULL),
(52, 104, '20190004', '112', '2019-10-04', 'Shruti', 'Diya', 'Yadav', 'No', NULL, '7373142116', '112@lt.com', NULL, NULL, NULL, 'Christianity', 'Middle', '2009-10-20', 'Female', '878, Hauz Khas, Howrah, Mumbai, Bihar 413118', '878, Aliganj, Baner, Udaipur, Chhattisgarh 331251', 'OBC', 0, 'A-', NULL, '62191530', '452457', '46632757', 'Federal Bank', 'CBIN0130434', 'mother', 'Mr. Vivaan Yadav', '7781844052', 'Software Developer', 'Mrs. Gayatri Yadav', '7785736751', 'Software Developer', 'Mrs. Gayatri Yadav', 'Mother', '7785736751', 'Software Developer', '878, Hauz Khas, Howrah, Mumbai, Bihar 413118', 'gayatri.yadav@gmail.com', '', '', '', 'yes', 'Jawahar Mukherjee Grammar School', '6\'11', '29 kg', '2024-04-19', 0, '', '', NULL, NULL, NULL, '2025-03-24 16:26:26', NULL),
(53, 106, '20230001', '113', '2023-01-26', 'Sameer', '', 'Narang', 'No', NULL, '6780520225', '113@lt.com', NULL, NULL, NULL, 'Islam', 'Middle', '2020-03-26', 'Male', '800, MG Road, Bandra, Vadodara, Gujarat 979995', '800, MG Road, Bandra, Vadodara, Gujarat 979995', 'ST', 0, 'AB+', NULL, '39254705', '587623', '26941092', 'Central Bank of India', 'PUNB0691364', 'father', 'Mr. Sachin Narang', '7083497965', 'Farmer', 'Mrs. Madhuri Narang', '8316787198', 'Scientist', 'Mr. Sachin Narang', 'Father', '7083497965', 'Farmer', '800, MG Road, Bandra, Vadodara, Gujarat 979995', 'sachin.narang@gmail.com', '', '', '', 'no', 'Bharatiya Bhatt Vidyalaya', '6\'5', '41 kg', '2024-05-22', 1, '', '', NULL, NULL, '2025-04-01', '2025-04-01 09:13:00', NULL),
(54, 108, '20160002', '114', '2016-02-08', 'Ranveer', '', 'Kapoor', 'No', NULL, '6851819913', '114@lt.com', NULL, NULL, NULL, 'Sikhism', 'Low', '2017-08-12', 'Male', '444, Greater Kailash, Bodakdev, Kanpur, Jammu and Kashmir 260422', '444, Greater Kailash, Bodakdev, Kanpur, Jammu and Kashmir 260422', 'ST', 0, 'B-', NULL, '82232344', '912270', '97302916', 'Bank of India', 'CORP0947458', 'mother', 'Mr. Vedant Kapoor', '7839869544', 'Civil Servant', 'Mrs. Angel Kapoor', '7465576748', 'Software Developer', 'Mrs. Angel Kapoor', 'Mother', '7465576748', 'Software Developer', '444, Greater Kailash, Bodakdev, Kanpur, Jammu and Kashmir 260422', 'angel.kapoor@gmail.com', '', '', '', 'yes', 'Sacred Dhillon Senior Secondary School', '3\'9', '70 kg', '2016-08-03', 0, 'Good in cultural activities', '', NULL, NULL, NULL, '2025-04-04 11:49:14', NULL),
(55, 110, '20160003', '115', '2016-06-15', 'Komal', '', 'Tiwari', 'No', NULL, '8123030247', '115@lt.com', NULL, NULL, NULL, 'Christianity', 'High', '2012-09-16', 'Female', '96, Koramangala, Indiranagar, Goa, Jammu and Kashmir 355123', '96, Koramangala, Indiranagar, Goa, Jammu and Kashmir 355123', 'ST', 0, 'B+', NULL, '67110154', '882169', '73519947', 'UCO Bank', 'IOBA0460455', 'other', 'Mr. Vikram Tiwari', '6043598698', 'Security Guard', 'Mrs. Aarav Tiwari', '9092697141', 'Architect', 'Mr. Tanay Saini', 'Elder Brother', '8108061573', 'Contractor', '96, Koramangala, Indiranagar, Goa, Jammu and Kashmir 355123', 'tanay.saini@gmail.com', '', '', '', 'yes', 'Central Talwar Grammar School', '5\'5', '37 kg', '2025-02-05', 0, 'Participated in national level competitions', '', NULL, NULL, NULL, '2025-03-24 16:26:26', NULL),
(56, 112, '20180002', '116', '2018-09-05', 'Dhruv', 'Vedant', 'Arora', 'Yes', NULL, '9172282824', '116@lt.com', NULL, NULL, NULL, 'Islam', 'High', '2009-12-07', 'Male', '715, Tagore Lane, Bodakdev, Varanasi, Telangana 112861', '715, Tagore Lane, Bodakdev, Varanasi, Telangana 112861', 'OBC', 0, 'AB+', NULL, '43887075', '600935', '69118721', 'Kotak Mahindra Bank', 'CNRB0153872', 'father', 'Mr. Krish Arora', '7549972386', 'Professor', 'Mrs. Divya Arora', '8294092753', 'Engineer', 'Mr. Krish Arora', 'Father', '7549972386', 'Professor', '715, Tagore Lane, Bodakdev, Varanasi, Telangana 112861', 'krish.arora@hotmail.com', '', '', '', 'yes', 'Mehta Convent School', '5\'1', '73 kg', '2021-06-01', 0, '', '', NULL, NULL, NULL, '2025-03-24 16:26:26', NULL),
(57, 114, '20150004', '117', '2015-11-02', 'Atharva', '', 'Modi', 'No', NULL, '8604114475', '117@lt.com', NULL, NULL, NULL, 'Buddhism', 'Middle', '2019-09-12', 'Male', '178, Patel Nagar, Connaught Place, Mumbai, Haryana 572387', '178, Patel Nagar, Connaught Place, Mumbai, Haryana 572387', 'General', 0, 'B-', NULL, '47945817', '837135', '14380847', 'Union Bank of India', 'IDIB0841296', 'other', 'Mr. Ranveer Modi', '8442244963', 'Businessman', 'Mrs. Seema Modi', '', 'Army Officer', 'Mr. Aarush Chowdhury', 'Elder Brother', '6348697524', 'IT Professional', '178, Patel Nagar, Connaught Place, Mumbai, Haryana 572387', 'aarush.chowdhury@yahoo.com', '', '', '', 'yes', 'Delhi Sodhi International School', '6\'7', '39 kg', '2024-08-07', 0, '', '', NULL, NULL, NULL, '2025-03-24 16:26:26', NULL),
(58, 116, '20180003', '118', '2018-06-07', 'Anvi', 'Akshara', 'Malik', 'No', NULL, '9404313767', '118@lt.com', NULL, NULL, NULL, 'Hinduism', 'High', '2016-05-25', 'Female', '591, MG Road, Dwarka, Agra, Odisha 783157', '591, MG Road, Dwarka, Agra, Odisha 783157', 'General', 0, 'AB+', NULL, '73083727', '464863', '88561612', 'Federal Bank', 'CBIN0195674', 'other', 'Mr. Varun Malik', '8120834317', 'Contractor', 'Mrs. Myra Malik', '9820042236', 'Dentist', 'Mr. Raj Gupta', 'Uncle', '6983222878', 'Doctor', '591, MG Road, Dwarka, Agra, Odisha 783157', 'raj.gupta@hotmail.com', '', '', '', 'yes', 'Central Ahuja Academy', '5\'11', '45 kg', '2022-09-14', 0, '', '', NULL, NULL, NULL, '2025-03-24 16:26:26', NULL),
(59, 118, '20200002', '119', '2020-05-09', 'Uma', 'Jyoti', 'Johar', 'Yes', NULL, '7350840898', '119@lt.com', NULL, NULL, NULL, 'Sikhism', 'High', '2008-07-17', 'Female', '274, Tagore Lane, Malleshwaram, Ludhiana, Jammu and Kashmir 608257', '274, Tagore Lane, Malleshwaram, Ludhiana, Jammu and Kashmir 608257', 'General', 0, 'AB-', NULL, '40158811', '982277', '11835355', 'UCO Bank', 'FDRL0197736', 'father', 'Mr. Sagar Johar', '6232804774', 'Police Officer', 'Mrs. Niti Johar', '9248898619', 'Contractor', 'Mr. Sagar Johar', 'Father', '6232804774', 'Police Officer', '274, Sector 18, Indira Nagar, Chandigarh, Punjab 677596', 'sagar.johar@yahoo.com', '', '', '', 'yes', 'Sacred Reddy Vidyalaya', '3\'10', '75 kg', '2024-08-24', 0, '', '', NULL, NULL, NULL, '2025-03-24 16:26:26', NULL),
(60, 120, '20190005', '120', '2019-11-03', 'Kamala', '', 'Goel', 'Yes', NULL, '6818665301', '120@lt.com', NULL, NULL, NULL, 'Islam', 'Middle', '2018-04-13', 'Female', '341, Deccan Gymkhana, Besant Nagar, Kanpur, Madhya Pradesh 297816', '341, Sector 18, Shivaji Nagar, Patna, Rajasthan 997594', 'EWS', 0, 'B+', NULL, '61167978', '504832', '15858241', 'Kotak Mahindra Bank', 'CBIN0839485', 'other', 'Mr. Rohit Goel', '9524233168', 'Teacher', 'Mrs. Chetna Goel', '', '', 'Mr. Tejas Rao', 'Grandfather', '8313185971', 'Plumber', '341, Deccan Gymkhana, Besant Nagar, Kanpur, Madhya Pradesh 297816', 'tejas.rao@hotmail.com', '', '', '', 'yes', 'Sacred Singh Vidyalaya', '5\'6', '41 kg', '2025-03-06', 0, '', '', NULL, NULL, NULL, '2025-03-24 16:26:26', NULL),
(61, 122, '20200003', '121', '2020-02-08', 'Suresh', '', 'Malhotra', 'Yes', NULL, '6662976399', '121@lt.com', NULL, NULL, NULL, 'Sikhism', 'Low', '2013-01-16', 'Male', '647, Koramangala, Indiranagar, Kolkata, Haryana 203225', '647, Tilak Nagar, Alipore, Chandigarh, Jammu and Kashmir 414012', 'OBC', 0, 'O-', NULL, '81291936', '532067', '60310319', 'Federal Bank', 'BARB0356059', 'other', 'Mr. Aryan Malhotra', '9658304095', 'Pharmacist', 'Mrs. Tanvi Malhotra', '', 'Dentist', 'Mr. Tejas Malik', 'Uncle', '8651968205', 'Government Employee', '647, MG Road, T Nagar, Hyderabad, Punjab 475876', 'tejas.malik@yahoo.com', '', '', '', 'yes', 'Modern Chatterjee Academy', '5\'9', '64 kg', '2023-11-29', 0, '', '', NULL, NULL, NULL, '2025-04-04 11:49:14', NULL),
(62, 124, '20210002', '122', '2021-08-27', 'Tushar', 'Tarun', 'Nanda', 'Yes', NULL, '6040361651', '122@lt.com', NULL, NULL, NULL, 'Christianity', 'Low', '2010-09-18', 'Male', '243, Hauz Khas, Shivaji Nagar, Ranchi, Jharkhand 410244', '243, Koramangala, Bandra, Goa, Uttar Pradesh 108491', 'ST', 0, 'AB+', NULL, '48412328', '913423', '16582607', 'Corporation Bank', 'CBIN0973294', 'mother', 'Mr. Ranbir Nanda', '8744220825', 'Consultant', 'Mrs. Uma Nanda', '9630552730', 'Marketing Executive', 'Mrs. Uma Nanda', 'Mother', '9630552730', 'Marketing Executive', '243, Hauz Khas, Shivaji Nagar, Ranchi, Jharkhand 410244', 'uma.nanda@gmail.com', '', '', '', 'yes', 'DPS Bedi International School', '3\'7', '80 kg', '2023-10-28', 0, '', '', NULL, NULL, NULL, '2025-04-04 11:49:14', NULL),
(63, 126, '20190006', '123', '2019-03-09', 'Muhammad', '', 'Roy', 'No', NULL, '9145461251', '123@lt.com', NULL, NULL, NULL, 'Buddhism', 'Middle', '2017-03-27', 'Male', '991, Koramangala, Mahanagar, Dehradun, Telangana 591081', '991, Bose Road, Indiranagar, Goa, Uttarakhand 483542', 'General', 0, 'A-', NULL, '26587799', '576877', '62958901', 'State Bank of India', 'BKID0662636', 'mother', 'Mr. Krishna Roy', '9378046814', 'Civil Servant', 'Mrs. Pallavi Roy', '7170496062', '', 'Mrs. Pallavi Roy', 'Mother', '7170496062', '', '991, Koramangala, Mahanagar, Dehradun, Telangana 591081', 'pallavi.roy@outlook.com', '', '', '', 'yes', 'Kendriya Walia High School', '5\'11', '46 kg', '2020-04-12', 0, '', '', NULL, NULL, NULL, '2025-03-24 16:26:26', NULL),
(64, 128, '20200004', '124', '2020-08-25', 'Krish', 'Vikram', 'Gill', 'No', NULL, '8729039064', '124@lt.com', NULL, NULL, NULL, 'Jainism', 'High', '2016-09-16', 'Male', '602, Bose Road, New Town, Pune, Assam 745558', '602, Bose Road, New Town, Pune, Assam 745558', 'OBC', 0, 'AB+', NULL, '59302863', '670913', '69686067', 'Union Bank of India', 'INDB0204180', 'mother', 'Mr. Tushar Gill', '6498733671', 'Shopkeeper', 'Mrs. Aishwarya Gill', '', 'Electrician', 'Mrs. Aishwarya Gill', 'Mother', '', 'Electrician', '602, MG Road, Hazratganj, Raipur, Gujarat 564920', 'aishwarya.gill@outlook.com', '', '', '', 'yes', 'St. Chand High School', '4\'0', '80 kg', '2020-11-10', 0, 'Active in extracurricular activities', '', NULL, NULL, NULL, '2025-03-24 16:26:26', NULL),
(65, 130, '20220001', '125', '2022-10-17', 'Aarush', '', 'Saini', 'No', NULL, '9380045208', '125@lt.com', NULL, NULL, NULL, 'Islam', 'High', '2020-02-21', 'Male', '16, Vasant Vihar, Koramangala, Mangalore, Madhya Pradesh 116547', '16, Vasant Vihar, Koramangala, Mangalore, Madhya Pradesh 116547', 'SC', 0, 'B-', NULL, '18530615', '599380', '66500369', 'Indian Overseas Bank', 'PUNB0881886', 'other', 'Mr. Shaurya Saini', '9387199116', 'Teacher', 'Mrs. Bhavya Saini', '', 'Accountant', 'Mr. Raj Chatterjee', 'Uncle', '8839220941', 'Doctor', '16, Vasant Vihar, Koramangala, Mangalore, Madhya Pradesh 116547', 'raj.chatterjee@yahoo.com', '', '', '', 'yes', 'Bharatiya Bhalla English School', '4\'9', '33 kg', '2023-06-18', 0, '', '', NULL, NULL, NULL, '2025-03-24 16:26:26', NULL),
(66, 132, '20220002', '126', '2022-01-16', 'Advik', '', 'Venkatesh', 'No', NULL, '8763127185', '126@lt.com', NULL, NULL, NULL, 'Christianity', 'Middle', '2008-11-05', 'Male', '465, Viman Nagar, Satellite, Amritsar, Telangana 931621', '465, Civil Lines, Ballygunge, Ludhiana, Rajasthan 533914', 'EWS', 0, 'A+', NULL, '22762205', '427730', '70867592', 'Yes Bank', 'FDRL0865054', 'mother', 'Mr. Suresh Venkatesh', '6315640205', 'Farmer', 'Mrs. Gauri Venkatesh', '6282103057', 'Dentist', 'Mrs. Gauri Venkatesh', 'Mother', '6282103057', 'Dentist', '465, Viman Nagar, Satellite, Amritsar, Telangana 931621', 'gauri.venkatesh@hotmail.com', '', '', '', 'yes', 'Central Shukla High School', '6\'6', '63 kg', '2022-09-24', 0, '', '', NULL, NULL, NULL, '2025-03-24 16:26:26', NULL),
(67, 134, '20170002', '127', '2017-03-08', 'Angel', '', 'Agarwal', 'Yes', NULL, '7600506062', '127@lt.com', NULL, NULL, NULL, 'Jainism', 'Low', '2020-03-18', 'Female', '673, FC Road, Indiranagar, Pune, Bihar 986438', '673, FC Road, Indiranagar, Pune, Bihar 986438', 'General', 0, 'A+', NULL, '67594492', '986209', '47388792', 'Syndicate Bank', 'UBIN0946432', 'father', 'Mr. Sanjay Agarwal', '9728427375', 'Businessman', 'Mrs. Chetna Agarwal', '7510308881', 'Driver', 'Mr. Sanjay Agarwal', 'Father', '9728427375', 'Businessman', '673, FC Road, Indiranagar, Pune, Bihar 986438', 'sanjay.agarwal@yahoo.com', '', '', '', 'yes', 'DPS Sethi High School', '5\'10', '27 kg', '2023-07-01', 0, 'Participated in national level competitions', '', NULL, NULL, NULL, '2025-04-04 11:49:14', NULL),
(68, 136, '20190007', '128', '2019-11-21', 'Harshita', 'Anaya', 'Sharma', 'No', NULL, '9182437887', '128@lt.com', NULL, NULL, NULL, 'Hinduism', 'High', '2012-11-04', 'Female', '773, Subhash Marg, Gomti Nagar, Kolkata, Uttar Pradesh 564637', '773, Subhash Marg, Gomti Nagar, Kolkata, Uttar Pradesh 564637', 'ST', 0, 'A+', NULL, '78765957', '219346', '69330166', 'Federal Bank', 'BKID0326040', 'father', 'Mr. Rudra Sharma', '7589365925', 'Musician', 'Mrs. Vidya Sharma', '8437795758', 'Businessman', 'Mr. Rudra Sharma', 'Father', '7589365925', 'Musician', '773, Subhash Marg, Gomti Nagar, Kolkata, Uttar Pradesh 564637', 'rudra.sharma@yahoo.com', '', '', '', 'yes', 'Holy Bhatia High School', '4\'6', '46 kg', '2022-06-24', 0, '', '', NULL, NULL, NULL, '2025-03-24 16:26:27', NULL),
(69, 138, '20220003', '129', '2022-03-12', 'Pari', '', 'Patil', 'No', NULL, '6907243029', '129@lt.com', NULL, NULL, NULL, 'Islam', 'Middle', '2011-02-26', 'Female', '883, MG Road, Ballygunge, Delhi, Kerala 181644', '883, Hazratganj, Shivaji Nagar, Goa, Jammu and Kashmir 771237', 'General', 0, 'AB+', NULL, '33068427', '940247', '25458308', 'Yes Bank', 'SBIN0440544', 'father', 'Mr. Krishna Patil', '7632978535', 'Nurse', 'Mrs. Neha Patil', '8869245055', '', 'Mr. Krishna Patil', 'Father', '7632978535', 'Nurse', '883, MG Road, Ballygunge, Delhi, Kerala 181644', 'krishna.patil@outlook.com', '', '', '', 'yes', 'Suri Model School', '3\'7', '67 kg', '2025-01-23', 0, 'Active in extracurricular activities', '', NULL, NULL, NULL, '2025-03-24 16:26:27', NULL),
(70, 140, '20180004', '130', '2018-03-28', 'Ritika', '', 'Chandra', 'Yes', NULL, '9346285771', '130@lt.com', NULL, NULL, NULL, 'Islam', 'Middle', '2014-11-14', 'Female', '698, Indira Nagar, Bodakdev, Bhubaneswar, Tamil Nadu 561124', '698, Indira Nagar, Bodakdev, Bhubaneswar, Tamil Nadu 561124', 'SC', 0, 'A-', NULL, '57236885', '631981', '50643870', 'Bank of India', 'SYNB0158900', 'other', 'Mr. Sai Chandra', '6628973138', 'Journalist', 'Mrs. Advika Chandra', '6656570734', '', 'Mr. Aditya Chatterjee', 'Elder Brother', '8122216473', 'Electrician', '698, Indira Nagar, Bodakdev, Bhubaneswar, Tamil Nadu 561124', 'aditya.chatterjee@outlook.com', '', '', '', 'yes', 'Indian Ganguly Grammar School', '4\'5', '42 kg', '2020-04-30', 0, 'Talented in music', '', NULL, NULL, NULL, '2025-03-24 16:26:27', NULL),
(71, 142, '20190008', '131', '2019-01-22', 'Reyansh', '', 'Rajan', 'Yes', NULL, '9847761430', '131@lt.com', NULL, NULL, NULL, 'Buddhism', 'Low', '2015-04-19', 'Male', '725, Mahanagar, Alipore, Jodhpur, Odisha 739427', '725, Mahanagar, Alipore, Jodhpur, Odisha 739427', 'EWS', 0, 'O-', NULL, '55414869', '811875', '47969333', 'Yes Bank', 'FDRL0912085', 'other', 'Mr. Atharva Rajan', '6265745534', 'Contractor', 'Mrs. Ahana Rajan', '', '', 'Mr. Aryan Joshi', 'Elder Brother', '6741134891', 'Engineer', '725, Mahanagar, Alipore, Jodhpur, Odisha 739427', 'aryan.joshi@yahoo.com', '', '', '', 'yes', 'Bharatiya Roy Model School', '4\'5', '58 kg', '2022-09-14', 0, 'Active in extracurricular activities', '', NULL, NULL, NULL, '2025-04-04 11:49:14', NULL),
(72, 144, '20230002', '132', '2023-12-06', 'Chetna', '', 'Pandey', 'Yes', NULL, '8502847163', '132@lt.com', NULL, NULL, NULL, 'Christianity', 'High', '2011-09-10', 'Female', '662, Hazratganj, Hinjewadi, Raipur, Maharashtra 480211', '662, Hazratganj, Hinjewadi, Raipur, Maharashtra 480211', 'OBC', 0, 'B+', NULL, '23574883', '632351', '30796389', 'ICICI Bank', 'IDIB0985447', 'father', 'Mr. Krishna Pandey', '8555682594', 'Farmer', 'Mrs. Esha Pandey', '8763782498', '', 'Mr. Krishna Pandey', 'Father', '8555682594', 'Farmer', '662, Defence Colony, Kharadi, Indore, Rajasthan 244247', 'krishna.pandey@gmail.com', '', '', '', 'yes', 'Kendriya Bajaj Senior Secondary School', '5\'10', '64 kg', '2025-02-20', 0, 'Skilled in art and craft', '', NULL, NULL, NULL, '2025-03-24 16:26:27', NULL),
(73, 146, '20170003', '133', '2017-12-13', 'Advaith', '', 'Suri', 'No', NULL, '7564654057', '133@lt.com', NULL, NULL, NULL, 'Hinduism', 'Middle', '2008-06-18', 'Male', '797, Hauz Khas, Hinjewadi, Jodhpur, Haryana 269930', '797, Tagore Lane, Whitefield, Hyderabad, Goa 603935', 'ST', 0, 'B-', NULL, '78901038', '254506', '21257528', 'Canara Bank', 'BKID0571145', 'mother', 'Mr. Vedant Suri', '7027220866', 'Musician', 'Mrs. Madhuri Suri', '', 'Contractor', 'Mrs. Madhuri Suri', 'Mother', '', 'Contractor', '797, Tilak Nagar, Indira Nagar, Jodhpur, Telangana 398910', 'madhuri.suri@hotmail.com', '', '', '', 'yes', 'Delhi Patil Grammar School', '5\'11', '70 kg', '2024-04-29', 0, '', '', NULL, NULL, NULL, '2025-03-24 16:26:27', NULL),
(74, 148, '20150005', '134', '2015-06-13', 'Anika', '', 'Chand', 'No', NULL, '6121064582', '134@lt.com', NULL, NULL, NULL, 'Christianity', 'High', '2018-01-31', 'Female', '221, Bose Road, Aundh, Nashik, Odisha 543814', '221, Bose Road, Aundh, Nashik, Odisha 543814', 'General', 0, 'A-', NULL, '66348030', '769989', '50419829', 'Punjab National Bank', 'HDFC0350021', 'father', 'Mr. Tanay Chand', '8989606411', 'Accountant', 'Mrs. Vaani Chand', '8642900640', 'Farmer', 'Mr. Tanay Chand', 'Father', '8989606411', 'Accountant', '221, Bose Road, Aundh, Nashik, Odisha 543814', 'tanay.chand@hotmail.com', '', '', '', 'yes', 'Delhi Bhatia Grammar School', '5\'2', '28 kg', '2015-08-25', 0, '', '', NULL, NULL, NULL, '2025-03-24 16:26:27', NULL),
(75, 150, '20150006', '135', '2015-12-07', 'Shaurya', '', 'Saxena', 'Yes', NULL, '6804507108', '135@lt.com', NULL, NULL, NULL, 'Buddhism', 'Middle', '2011-12-28', 'Male', '366, Patel Nagar, Velachery, Vadodara, Himachal Pradesh 758775', '366, Patel Nagar, Velachery, Vadodara, Himachal Pradesh 758775', 'OBC', 0, 'A-', NULL, '83284724', '454992', '54629892', 'Bank of Baroda', 'HDFC0469412', 'mother', 'Mr. Virat Saxena', '6087335169', 'Marketing Executive', 'Mrs. Madhuri Saxena', '7661642599', '', 'Mrs. Madhuri Saxena', 'Mother', '7661642599', '', '366, Patel Nagar, Velachery, Vadodara, Himachal Pradesh 758775', 'madhuri.saxena@gmail.com', '', '', '', 'yes', 'Sodhi Grammar School', '3\'8', '54 kg', '2023-09-17', 0, '', '', NULL, NULL, NULL, '2025-03-24 16:26:27', NULL),
(76, 152, '20220004', '136', '2022-04-13', 'Ishaan', '', 'Mehta', 'Yes', NULL, '9397788197', '136@lt.com', NULL, NULL, NULL, 'Islam', 'High', '2013-02-07', 'Male', '911, Gomti Nagar, Mahanagar, Ludhiana, Andhra Pradesh 455505', '911, Kothrud, Hazratganj, Varanasi, Bihar 936020', 'SC', 0, 'A+', NULL, '90859912', '962287', '21087928', 'Federal Bank', 'ICIC0551524', 'mother', 'Mr. Dhruv Mehta', '7228836941', 'Scientist', 'Mrs. Anika Mehta', '', 'Lawyer', 'Mrs. Anika Mehta', 'Mother', '', 'Lawyer', '911, Gomti Nagar, Mahanagar, Ludhiana, Andhra Pradesh 455505', 'anika.mehta@outlook.com', '', '', '', 'yes', 'DAV Saxena Model School', '6\'8', '50 kg', '2024-01-19', 0, 'Good in science subjects', '', NULL, NULL, NULL, '2025-03-24 16:26:27', NULL),
(77, 154, '20190009', '137', '2019-06-30', 'Komal', '', 'Puri', 'Yes', NULL, '6181914018', '137@lt.com', NULL, NULL, NULL, 'Christianity', 'Middle', '2019-12-08', 'Female', '130, Patel Nagar, Koramangala, Raipur, Bihar 501451', '130, MG Road, Satellite, Lucknow, Himachal Pradesh 571778', 'ST', 0, 'O+', NULL, '97182566', '392227', '81062902', 'IndusInd Bank', 'YESB0429657', 'mother', 'Mr. Utkarsh Puri', '9440681022', 'IT Professional', 'Mrs. Aaradhya Puri', '8609505739', '', 'Mrs. Aaradhya Puri', 'Mother', '8609505739', '', '130, Greater Kailash, Alipore, Chennai, Jharkhand 244383', 'aaradhya.puri@gmail.com', '', '', '', 'yes', 'Delhi Gupta Vidyalaya', '3\'10', '60 kg', '2022-07-06', 0, '', '', NULL, NULL, NULL, '2025-03-24 16:26:27', NULL),
(78, 156, '20210003', '138', '2021-03-04', 'Ronit', '', 'Chowdhury', 'No', NULL, '6859759428', '138@lt.com', NULL, NULL, NULL, 'Jainism', 'Middle', '2018-09-19', 'Male', '813, Greater Kailash, Hinjewadi, Surat, Telangana 310743', '813, Sector 18, Kharadi, Delhi, Bihar 680933', 'SC', 0, 'B+', NULL, '21571646', '168941', '72734149', 'UCO Bank', 'BARB0741674', 'father', 'Mr. Raghav Chowdhury', '8868350055', 'Scientist', 'Mrs. Vaani Chowdhury', '8328608265', 'Musician', 'Mr. Raghav Chowdhury', 'Father', '8868350055', 'Scientist', '813, Greater Kailash, Hinjewadi, Surat, Telangana 310743', 'raghav.chowdhury@yahoo.com', '', '', '', 'yes', 'Holy Thakur Grammar School', '6\'2', '77 kg', '2024-02-14', 0, '', '', NULL, NULL, NULL, '2025-03-24 16:26:27', NULL),
(79, 158, '20210004', '139', '2021-10-10', 'Krishna', '', 'Arora', 'Yes', NULL, '9770810142', '139@lt.com', NULL, NULL, NULL, 'Christianity', 'High', '2014-04-23', 'Male', '257, Chandni Chowk, Bodakdev, Shimla, Uttar Pradesh 231250', '257, Chandni Chowk, Bodakdev, Shimla, Uttar Pradesh 231250', 'EWS', 0, 'B+', NULL, '87933054', '261684', '22539748', 'Indian Overseas Bank', 'CNRB0720556', 'mother', 'Mr. Umang Arora', '6657196424', 'Musician', 'Mrs. Shanaya Arora', '9046558332', 'Security Guard', 'Mrs. Shanaya Arora', 'Mother', '9046558332', 'Security Guard', '257, Chandni Chowk, Bodakdev, Shimla, Uttar Pradesh 231250', 'shanaya.arora@gmail.com', '', '', '', 'yes', 'Kendriya Rathore Senior Secondary School', '6\'8', '78 kg', '2021-10-25', 0, '', '', NULL, NULL, NULL, '2025-03-24 16:26:27', NULL),
(80, 160, '20150007', '140', '2015-10-20', 'Aryan', '', 'Kumar', 'No', NULL, '9294063811', '140@lt.com', NULL, NULL, NULL, 'Jainism', 'High', '2009-08-13', 'Male', '426, FC Road, Park Street, Nagpur, Madhya Pradesh 736129', '426, FC Road, Park Street, Nagpur, Madhya Pradesh 736129', 'SC', 0, 'O+', NULL, '52831009', '353480', '59733063', 'Indian Overseas Bank', 'UCBA0211341', 'father', 'Mr. Ranbir Kumar', '8074232200', 'Architect', 'Mrs. Trisha Kumar', '7947957237', 'Businessman', 'Mr. Ranbir Kumar', 'Father', '8074232200', 'Architect', '426, Indira Nagar, Aliganj, Ranchi, Andhra Pradesh 237118', 'ranbir.kumar@outlook.com', '', '', '', 'yes', 'Delhi Trivedi Grammar School', '6\'10', '54 kg', '2019-11-25', 0, 'Active in extracurricular activities', '', NULL, NULL, NULL, '2025-03-24 16:26:27', NULL),
(81, 162, '20150008', '141', '2015-04-08', 'Jasmine', '', 'Rajan', 'Yes', NULL, '7343100352', '141@lt.com', NULL, NULL, NULL, 'Buddhism', 'Low', '2007-06-13', 'Female', '289, Kothrud, Satellite, Agra, Punjab 662761', '289, Kothrud, Satellite, Agra, Punjab 662761', 'SC', 0, 'B+', NULL, '64123845', '483713', '27976443', 'Bank of India', 'INDB0900961', 'father', 'Mr. Vivaan Rajan', '6386757895', 'Sales Manager', 'Mrs. Neha Rajan', '7033921654', 'Scientist', 'Mr. Vivaan Rajan', 'Father', '6386757895', 'Sales Manager', '289, Kothrud, Satellite, Agra, Punjab 662761', 'vivaan.rajan@gmail.com', '', '', '', 'yes', 'Holy Jain Senior Secondary School', '6\'7', '76 kg', '2019-09-12', 0, '', '', NULL, NULL, NULL, '2025-04-04 11:49:14', NULL),
(82, 164, '20200005', '142', '2020-03-01', 'Diya', '', 'Chakraborty', 'No', NULL, '8624410325', '142@lt.com', NULL, NULL, NULL, 'Buddhism', 'Low', '2009-07-17', 'Female', '731, Defence Colony, Howrah, Jodhpur, Kerala 256175', '731, Defence Colony, Howrah, Jodhpur, Kerala 256175', 'SC', 0, 'B+', NULL, '62741471', '746447', '54018830', 'Corporation Bank', 'KKBK0270395', 'father', 'Mr. Shivam Chakraborty', '9242550727', 'Bank Employee', 'Mrs. Advika Chakraborty', '7723944394', 'Engineer', 'Mr. Shivam Chakraborty', 'Father', '9242550727', 'Bank Employee', '731, Defence Colony, Howrah, Jodhpur, Kerala 256175', 'shivam.chakraborty@yahoo.com', '', '', '', 'yes', 'DPS Bajaj English School', '6\'5', '70 kg', '2022-10-13', 0, '', '', NULL, NULL, NULL, '2025-04-04 11:49:14', NULL),
(83, 166, '20230003', '143', '2023-12-19', 'Vaani', 'Aadhya', 'Modi', 'Yes', NULL, '7321466224', '143@lt.com', NULL, NULL, NULL, 'Sikhism', 'Low', '2015-12-06', 'Female', '452, Indira Nagar, New Town, Lucknow, Haryana 824042', '452, Indira Nagar, New Town, Lucknow, Haryana 824042', 'General', 0, 'A+', NULL, '28533117', '643878', '92071195', 'Central Bank of India', 'HDFC0840058', 'father', 'Mr. Pranav Modi', '8251560728', 'Marketing Executive', 'Mrs. Anaya Modi', '', 'Lawyer', 'Mr. Pranav Modi', 'Father', '8251560728', 'Marketing Executive', '452, Indira Nagar, New Town, Lucknow, Haryana 824042', 'pranav.modi@gmail.com', '', '', '', 'no', 'DAV Ahuja Grammar School', '4\'11', '23 kg', '2025-03-03', 1, '', 'Left School', NULL, NULL, '2025-04-01', '2025-04-04 11:49:14', NULL),
(84, 168, '20200006', '144', '2020-05-06', 'Shyam', '', 'Mahajan', 'No', NULL, '6825768309', '144@lt.com', NULL, NULL, NULL, 'Buddhism', 'Middle', '2016-11-23', 'Male', '588, Deccan Gymkhana, Besant Nagar, Goa, Bihar 910616', '588, Koramangala, Malad, Visakhapatnam, Jammu and Kashmir 182868', 'SC', 0, 'AB+', NULL, '37121108', '968170', '69374716', 'Bank of India', 'CBIN0324381', 'mother', 'Mr. Tejas Mahajan', '7361679629', 'Plumber', 'Mrs. Harshita Mahajan', '9416239981', '', 'Mrs. Harshita Mahajan', 'Mother', '9416239981', '', '588, Deccan Gymkhana, Besant Nagar, Goa, Bihar 910616', 'harshita.mahajan@gmail.com', '', '', '', 'yes', 'DAV Talwar High School', '5\'4', '65 kg', '2021-12-20', 0, 'Good in physical education', '', NULL, NULL, NULL, '2025-03-24 16:26:28', NULL),
(85, 170, '20180005', '145', '2018-06-19', 'Kabir', '', 'Shukla', 'No', NULL, '7775115854', '145@lt.com', NULL, NULL, NULL, 'Hinduism', 'High', '2018-10-16', 'Male', '428, Sarojini Market, Malad, Goa, Assam 295361', '428, Koramangala, Malad, Mumbai, Punjab 695551', 'OBC', 0, 'O-', NULL, '82920556', '649787', '54968591', 'Indian Bank', 'IBKL0772464', 'other', 'Mr. Tanay Shukla', '8050625761', 'Police Officer', 'Mrs. Chetna Shukla', '8774110439', 'Farmer', 'Mr. Vinay Joshi', 'Elder Brother', '9172634443', 'Engineer', '428, Sarojini Market, Malad, Goa, Assam 295361', 'vinay.joshi@yahoo.com', '', '', '', 'yes', 'Modern Joshi Grammar School', '3\'8', '79 kg', '2020-07-27', 0, 'Good in public speaking', '', NULL, NULL, NULL, '2025-03-24 16:26:28', NULL),
(86, 172, '20160004', '146', '2016-05-31', 'Eva', '', 'Venkatesh', 'No', NULL, '9396321272', '146@lt.com', NULL, NULL, NULL, 'Jainism', 'Middle', '2016-07-09', 'Female', '393, Sector 18, Alipore, Coimbatore, Madhya Pradesh 416613', '393, Sector 18, Alipore, Coimbatore, Madhya Pradesh 416613', 'General', 0, 'B-', NULL, '99628735', '223967', '45105069', 'IndusInd Bank', 'UBIN0165142', 'father', 'Mr. Sarthak Venkatesh', '8874432021', 'Shopkeeper', 'Mrs. Siya Venkatesh', '', 'Architect', 'Mr. Sarthak Venkatesh', 'Father', '8874432021', 'Shopkeeper', '393, Sector 18, Alipore, Coimbatore, Madhya Pradesh 416613', 'sarthak.venkatesh@hotmail.com', '', '', '', 'yes', 'Indian Pillai Convent School', '6\'6', '52 kg', '2021-02-14', 0, '', '', NULL, NULL, NULL, '2025-03-24 16:26:28', NULL),
(87, 174, '20190010', '147', '2019-11-07', 'Rishabh', '', 'Bhatt', 'Yes', NULL, '9211496671', '147@lt.com', NULL, NULL, NULL, 'Islam', 'Middle', '2017-05-17', 'Male', '587, Deccan Gymkhana, Hauz Khas, Chandigarh, Madhya Pradesh 995993', '587, Deccan Gymkhana, Hauz Khas, Chandigarh, Madhya Pradesh 995993', 'ST', 0, 'AB-', NULL, '78501420', '567122', '37568520', 'Syndicate Bank', 'CBIN0195359', 'father', 'Mr. Rohan Bhatt', '8922046273', 'Farmer', 'Mrs. Pallavi Bhatt', '9022652502', 'Lawyer', 'Mr. Rohan Bhatt', 'Father', '8922046273', 'Farmer', '587, Deccan Gymkhana, Hauz Khas, Chandigarh, Madhya Pradesh 995993', 'rohan.bhatt@yahoo.com', '', '', '', 'yes', 'Sacred Nair English School', '6\'8', '71 kg', '2024-04-21', 0, '', '', NULL, NULL, NULL, '2025-03-24 16:26:28', NULL),
(88, 176, '20150009', '148', '2015-02-07', 'Tanvi', '', 'Khanna', 'No', NULL, '8483827971', '148@lt.com', NULL, NULL, NULL, 'Jainism', 'High', '2014-09-18', 'Female', '83, Deccan Gymkhana, Vasant Kunj, Ranchi, Telangana 287143', '83, Gomti Nagar, Wakad, Jaipur, Rajasthan 975373', 'General', 0, 'A+', NULL, '83074216', '544730', '13051483', 'Indian Bank', 'IBKL0806215', 'other', 'Mr. Diya Khanna', '7233045201', 'Software Developer', 'Mrs. Siya Khanna', '', '', 'Mr. Sachin Bhatt', 'Grandfather', '7926452312', 'Marketing Executive', '83, Deccan Gymkhana, Vasant Kunj, Ranchi, Telangana 287143', 'sachin.bhatt@outlook.com', '', '', '', 'yes', 'Joshi International School', '3\'8', '23 kg', '2016-08-29', 0, '', '', NULL, NULL, NULL, '2025-03-24 16:26:28', NULL),
(89, 178, '20170004', '149', '2017-04-16', 'Aarav', '', 'Varma', 'Yes', NULL, '7033653860', '149@lt.com', NULL, NULL, NULL, 'Buddhism', 'High', '2021-11-07', 'Female', '516, Koramangala, Indiranagar, Mysore, Madhya Pradesh 705526', '516, Koramangala, Indiranagar, Mysore, Madhya Pradesh 705526', 'ST', 0, 'A-', NULL, '98612211', '646571', '53038943', 'Union Bank of India', 'IDIB0250219', 'father', 'Mr. Advik Varma', '7727716512', 'Contractor', 'Mrs. Kiara Varma', '9240061941', '', 'Mr. Advik Varma', 'Father', '7727716512', 'Contractor', '516, Koramangala, Indiranagar, Mysore, Madhya Pradesh 705526', 'advik.varma@yahoo.com', '', '', '', 'yes', 'Holy Chopra High School', '6\'9', '63 kg', '2017-08-19', 0, 'Participated in olympiads', '', NULL, NULL, NULL, '2025-03-24 16:26:28', NULL),
(90, 180, '20170005', '150', '2017-08-02', 'Rakhi', 'Harshita', 'Johar', 'Yes', NULL, '8990621826', '150@lt.com', NULL, NULL, NULL, 'Buddhism', 'Middle', '2011-11-19', 'Female', '339, Rajiv Chowk, Alipore, Raipur, Karnataka 661654', '339, Chandni Chowk, Powai, Coimbatore, Andhra Pradesh 806396', 'ST', 0, 'O+', NULL, '88864147', '859489', '15307982', 'ICICI Bank', 'UTIB0943737', 'other', 'Mr. Ranbir Johar', '9683111580', 'Bank Employee', 'Mrs. Lalita Johar', '', 'Software Developer', 'Mr. Ved Menon', 'Grandfather', '7043069385', 'Journalist', '339, Rajiv Chowk, Alipore, Raipur, Karnataka 661654', 'ved.menon@yahoo.com', '', '', '', 'yes', 'Sacred Dutta Model School', '4\'8', '50 kg', '2020-04-25', 0, '', '', NULL, NULL, NULL, '2025-03-24 16:26:28', NULL),
(92, 184, '20200118', '1089', '2022-06-19', 'Ahana', 'Kamala', 'Wason', 'No', NULL, '8570524348', '1089@lt.com', NULL, NULL, NULL, 'Christianity', 'High', '2010-07-15', 'Female', '781, Nehru Street, Wakad, Chennai, Karnataka 103801', '781, Nehru Street, Wakad, Chennai, Karnataka 103801', 'General', 0, 'O+', NULL, '42814461', '917844', '33410233', 'Axis Bank', 'YESB0126913', 'other', 'Mr. Samar Wason', '8634966731', 'Musician', 'Mrs. Diya Wason', '7370540529', 'Security Guard', 'Mr. Yash Sinha', 'Uncle', '8909243126', 'Driver', '781, Nehru Street, Wakad, Chennai, Karnataka 103801', 'yash.sinha@outlook.com', '', '', '', 'yes', 'DAV Gupta English School', '5\'10', '22 kg', '2025-03-16', 0, '', '', NULL, NULL, NULL, '2025-04-04 11:46:09', NULL),
(93, 186, '20230102', '1090', '2022-12-30', 'Aditi', 'Meera', 'Trivedi', 'No', NULL, '9688875019', '1090@lt.com', NULL, NULL, NULL, 'Islam', 'High', '2018-04-26', 'Female', '716, Sector 18, Malad, Mangalore, Assam 697682', '716, Defence Colony, Besant Nagar, Allahabad, Jammu and Kashmir 925337', 'OBC', 0, 'O-', NULL, '14422092', '168898', '25736338', 'UCO Bank', 'PUNB0683154', 'father', 'Mr. Aditya Trivedi', '9071345202', 'Government Employee', 'Mrs. Trisha Trivedi', '', 'Musician', 'Mr. Aditya Trivedi', 'Father', '9071345202', 'Government Employee', '716, Sector 18, Malad, Mangalore, Assam 697682', 'aditya.trivedi@hotmail.com', '', '', '', 'yes', 'Indian Ganguly Vidyalaya', '6\'3', '75 kg', '2025-01-29', 0, '', '', NULL, NULL, NULL, '2025-04-04 11:46:09', NULL),
(94, 188, '20180116', '1091', '2022-04-22', 'Ayaan', '', 'Pillai', 'Yes', NULL, '6031654390', '1091@lt.com', NULL, NULL, NULL, 'Christianity', 'High', '2016-09-25', 'Male', '539, Deccan Gymkhana, Aundh, Kolkata, Karnataka 658956', '539, Deccan Gymkhana, Aundh, Kolkata, Karnataka 658956', 'ST', 0, 'A+', NULL, '27486991', '575558', '45126461', 'Punjab National Bank', 'YESB0460783', 'mother', 'Mr. Arnav Pillai', '7923157977', 'Doctor', 'Mrs. Esha Pillai', '7050110363', '', 'Mrs. Esha Pillai', 'Mother', '7050110363', '', '539, Nehru Street, New Town, Nagpur, Maharashtra 998666', 'esha.pillai@hotmail.com', '', '', '', 'yes', 'Holy Agarwal English School', '3\'2', '24 kg', '2025-03-09', 0, '', '', NULL, NULL, NULL, '2025-04-04 11:46:09', NULL),
(95, 190, '20160105', '1092', '2023-06-14', 'Vinay', 'Advik', 'Basu', 'Yes', NULL, '9254457859', '1092@lt.com', NULL, NULL, NULL, 'Buddhism', 'Middle', '2020-03-12', 'Male', '631, Hauz Khas, Worli, Vadodara, Andhra Pradesh 137596', '631, Kothrud, Hauz Khas, Varanasi, West Bengal 138091', 'ST', 0, 'A-', NULL, '86693202', '678192', '47894785', 'IndusInd Bank', 'HDFC0829922', 'other', 'Mr. Vivaan Basu', '6322816583', 'Army Officer', 'Mrs. Sunita Basu', '6137391294', 'Farmer', 'Mr. Ranveer Sharma', 'Uncle', '9717631013', 'Chef', '631, Hauz Khas, Worli, Vadodara, Andhra Pradesh 137596', 'ranveer.sharma@outlook.com', '', '', '', 'yes', 'Holy Wadhwa International School', '4\'2', '32 kg', '2024-11-29', 0, '', '', NULL, NULL, NULL, '2025-04-04 11:45:16', NULL),
(96, 192, '20200119', '1093', '2023-06-04', 'Rahul', '', 'Dutta', 'No', NULL, '7397834042', '1093@lt.com', NULL, NULL, NULL, 'Sikhism', 'Middle', '2020-02-16', 'Male', '227, Tagore Lane, Bandra, Mangalore, Andhra Pradesh 564655', '227, Tagore Lane, Bandra, Mangalore, Andhra Pradesh 564655', 'OBC', 0, 'A+', NULL, '94794224', '813319', '22531026', 'Axis Bank', 'KKBK0694608', 'father', 'Mr. Rohan Dutta', '6152452111', 'Civil Servant', 'Mrs. Swati Dutta', '9131987378', '', 'Mr. Rohan Dutta', 'Father', '6152452111', 'Civil Servant', '227, Bose Road, Malleshwaram, Mumbai, Assam 424428', 'rohan.dutta@yahoo.com', '', '', '', 'yes', 'Holy Bajaj International School', '5\'6', '80 kg', '2020-10-09', 0, 'Excellent in sports', '', NULL, NULL, NULL, '2025-04-04 11:45:16', NULL),
(97, 194, '20180117', '1094', '2023-06-21', 'Tara', '', 'Sethi', 'No', NULL, '8598506298', '1094@lt.com', NULL, NULL, NULL, 'Islam', 'Middle', '2016-05-07', 'Female', '401, Greater Kailash, Andheri, Delhi, Rajasthan 705600', '401, Greater Kailash, Andheri, Delhi, Rajasthan 705600', 'SC', 0, 'AB-', NULL, '48984039', '507382', '59683156', 'IndusInd Bank', 'IOBA0851419', 'other', 'Mr. Ranbir Sethi', '6437964986', 'Sales Manager', 'Mrs. Anaya Sethi', '8096556471', 'Farmer', 'Mr. Ranveer Dhillon', 'Elder Brother', '7035809561', 'Lawyer', '401, Greater Kailash, Andheri, Delhi, Rajasthan 705600', 'ranveer.dhillon@hotmail.com', '', '', '', 'yes', 'Kendriya Pillai Public School', '3\'11', '20 kg', '2018-11-30', 0, 'Active in extracurricular activities', '', NULL, NULL, NULL, '2025-04-04 11:45:16', NULL),
(98, 196, '20150116', '1095', '2023-11-06', 'Aarush', 'Sahil', 'Mukherjee', 'No', NULL, '9999980859', '1095@lt.com', NULL, NULL, NULL, 'Buddhism', 'Low', '2015-04-18', 'Male', '822, Nehru Street, Jayanagar, Goa, Telangana 510467', '822, Nehru Street, Jayanagar, Goa, Telangana 510467', 'EWS', 0, 'A+', NULL, '91080336', '806602', '95546801', 'Indian Overseas Bank', 'IDIB0305813', 'mother', 'Mr. Shyam Mukherjee', '7475517503', 'Lawyer', 'Mrs. Renuka Mukherjee', '', 'Electrician', 'Mrs. Renuka Mukherjee', 'Mother', '', 'Electrician', '822, Nehru Street, Jayanagar, Goa, Telangana 510467', 'renuka.mukherjee@hotmail.com', '', '', '', 'yes', 'Central Dhar English School', '3\'7', '69 kg', '2020-01-17', 0, '', '', NULL, NULL, NULL, '2025-04-04 11:49:14', NULL),
(99, 198, '20230103', '1096', '2023-04-27', 'Shanaya', 'Saanvi', 'Verma', 'Yes', NULL, '9557971799', '1096@lt.com', NULL, NULL, NULL, 'Hinduism', 'High', '2017-07-23', 'Female', '346, Civil Lines, Dadar, Visakhapatnam, Bihar 708664', '346, Civil Lines, Dadar, Visakhapatnam, Bihar 708664', 'ST', 0, 'O+', NULL, '94306105', '747193', '85152905', 'HDFC Bank', 'HDFC0252198', 'other', 'Mr. Reyansh Verma', '7084571188', 'Artist', 'Mrs. Anaya Verma', '', '', 'Mr. Tanay Bhatia', 'Elder Brother', '9895015804', 'Contractor', '346, Civil Lines, Dadar, Visakhapatnam, Bihar 708664', 'tanay.bhatia@hotmail.com', '', '', '', 'yes', 'Holy Varma Senior Secondary School', '4\'4', '51 kg', '2024-05-31', 0, '', '', NULL, NULL, NULL, '2025-04-04 11:46:57', NULL),
(100, 200, '20190122', '1080', '2024-11-15', 'Komal', '', 'Modi', 'No', NULL, '7495574564', '1080@lt.com', NULL, NULL, NULL, 'Islam', 'High', '2012-06-05', 'Female', '605, Vasant Vihar, Bandra, Ahmedabad, Gujarat 993413', '605, Civil Lines, Besant Nagar, Ludhiana, Tamil Nadu 862129', 'SC', 0, 'O+', NULL, '80045908', '169347', '18809566', 'Kotak Mahindra Bank', 'YESB0567746', 'other', 'Mr. Surya Modi', '7089356731', 'Driver', 'Mrs. Siya Modi', '', 'Engineer', 'Mr. Suresh Mehta', 'Grandfather', '7105281823', 'Mechanic', '605, Vasant Vihar, Bandra, Ahmedabad, Gujarat 993413', 'suresh.mehta@hotmail.com', '', '', '', 'yes', 'St. Mahajan Vidyalaya', '6\'8', '63 kg', '2022-04-01', 0, '', '', NULL, NULL, NULL, '2025-04-04 11:46:09', NULL),
(101, 202, '20170107', '1081', '2024-06-16', 'Jyoti', '', 'Khanna', 'No', NULL, '7804489213', '1081@lt.com', NULL, NULL, NULL, 'Sikhism', 'High', '2010-05-02', 'Female', '374, Tilak Nagar, Hinjewadi, Chennai, Jammu and Kashmir 353030', '374, Tilak Nagar, Hinjewadi, Chennai, Jammu and Kashmir 353030', 'OBC', 0, 'A+', NULL, '89744306', '150498', '13145143', 'State Bank of India', 'BKID0561476', 'father', 'Mr. Sai Khanna', '7605030099', 'Software Developer', 'Mrs. Sneha Khanna', '8313631779', 'Nurse', 'Mr. Sai Khanna', 'Father', '7605030099', 'Software Developer', '374, Tilak Nagar, Hinjewadi, Chennai, Jammu and Kashmir 353030', 'sai.khanna@gmail.com', '', '', '', 'yes', 'Holy Venkatesh High School', '4\'10', '71 kg', '2020-12-04', 0, 'Participated in national level competitions', '', NULL, NULL, NULL, '2025-04-04 11:46:57', NULL),
(102, 204, '20150115', '1082', '2024-10-14', 'Trisha', 'Iraa', 'Malik', 'Yes', NULL, '8123920753', '1082@lt.com', NULL, NULL, NULL, 'Christianity', 'Middle', '2011-08-17', 'Female', '914, Koramangala, Adyar, Kolkata, Haryana 769711', '914, Koramangala, Adyar, Kolkata, Haryana 769711', 'EWS', 0, 'A-', NULL, '72625478', '818102', '22887196', 'Punjab National Bank', 'CBIN0896120', 'other', 'Mr. Vedant Malik', '8562058209', 'Businessman', 'Mrs. Aadhya Malik', '9624481008', '', 'Mr. Kabir Sabharwal', 'Grandfather', '9551358557', 'Security Guard', '914, Koramangala, Adyar, Kolkata, Haryana 769711', 'kabir.sabharwal@gmail.com', '', '', '', 'yes', 'Puri High School', '3\'9', '63 kg', '2017-08-11', 0, 'Good in academics', '', NULL, NULL, NULL, '2025-04-04 11:45:16', NULL),
(103, 206, '20210107', '1083', '2024-12-14', 'Anika', '', 'Mittal', 'No', NULL, '7203151602', '1083@lt.com', NULL, NULL, NULL, 'Buddhism', 'Middle', '2016-06-15', 'Female', '95, Mahanagar, Velachery, Mangalore, Uttarakhand 738437', '95, Mahanagar, Velachery, Mangalore, Uttarakhand 738437', 'SC', 0, 'A+', NULL, '72846951', '539715', '51623014', 'Corporation Bank', 'IDIB0764448', 'father', 'Mr. Tanish Mittal', '6758660966', 'Artist', 'Mrs. Saanvi Mittal', '6252199807', 'Civil Servant', 'Mr. Tanish Mittal', 'Father', '6758660966', 'Artist', '95, Mahanagar, Velachery, Mangalore, Uttarakhand 738437', 'tanish.mittal@outlook.com', '', '', '', 'yes', 'Kendriya Malhotra Senior Secondary School', '6\'7', '65 kg', '2025-02-11', 0, 'Needs improvement in handwriting', '', NULL, NULL, NULL, '2025-04-04 11:45:16', NULL),
(104, 208, '20200116', '1084', '2024-04-18', 'Advaith', 'Vinay', 'Bhalla', 'Yes', NULL, '6998173670', '1084@lt.com', NULL, NULL, NULL, 'Islam', 'High', '2020-03-25', 'Male', '632, Greater Kailash, Mahanagar, Raipur, Uttar Pradesh 308149', '632, Greater Kailash, Mahanagar, Raipur, Uttar Pradesh 308149', 'General', 0, 'AB+', NULL, '95038842', '104386', '34405556', 'ICICI Bank', 'UBIN0647972', 'father', 'Mr. Tanay Bhalla', '6235643696', 'Dentist', 'Mrs. Rekha Bhalla', '8916253772', 'Driver', 'Mr. Tanay Bhalla', 'Father', '6235643696', 'Dentist', '632, Greater Kailash, Mahanagar, Raipur, Uttar Pradesh 308149', 'tanay.bhalla@yahoo.com', '', '', '', 'yes', 'Delhi Arora Model School', '4\'2', '48 kg', '2023-12-24', 0, '', '', NULL, NULL, NULL, '2025-04-04 11:46:09', NULL);
INSERT INTO `students` (`id`, `parent_id`, `admission_no`, `roll_no`, `admission_date`, `firstname`, `middlename`, `lastname`, `rte`, `image`, `mobileno`, `email`, `state`, `city`, `pincode`, `religion`, `cast`, `dob`, `gender`, `current_address`, `permanent_address`, `category_id`, `school_house_id`, `blood_group`, `hostel_room_id`, `adhar_no`, `samagra_id`, `bank_account_no`, `bank_name`, `ifsc_code`, `guardian_is`, `father_name`, `father_phone`, `father_occupation`, `mother_name`, `mother_phone`, `mother_occupation`, `guardian_name`, `guardian_relation`, `guardian_phone`, `guardian_occupation`, `guardian_address`, `guardian_email`, `father_pic`, `mother_pic`, `guardian_pic`, `is_active`, `previous_school`, `height`, `weight`, `measurement_date`, `dis_reason`, `note`, `dis_note`, `app_key`, `parent_app_key`, `disable_at`, `created_at`, `updated_at`) VALUES
(105, 210, '20190123', '1085', '2024-04-15', 'Soham', 'Varun', 'Kapoor', 'Yes', NULL, '9889788372', '1085@lt.com', NULL, NULL, NULL, 'Islam', 'Middle', '2009-01-06', 'Male', '716, Bose Road, Juhu, Nagpur, Jharkhand 466409', '716, FC Road, Shivaji Nagar, Amritsar, Madhya Pradesh 558411', 'SC', 0, 'O-', NULL, '60168687', '119928', '10870749', 'Central Bank of India', 'UTIB0333508', 'father', 'Mr. Tarun Kapoor', '7372742193', 'IT Professional', 'Mrs. Falguni Kapoor', '9081073892', 'Chef', 'Mr. Tarun Kapoor', 'Father', '7372742193', 'IT Professional', '716, Bose Road, Juhu, Nagpur, Jharkhand 466409', 'tarun.kapoor@hotmail.com', '', '', '', 'yes', 'Holy Tandon High School', '4\'9', '51 kg', '2020-03-01', 0, '', '', NULL, NULL, NULL, '2025-04-04 11:45:16', NULL),
(106, 212, '20200117', '1086', '2024-08-31', 'Vidya', 'Esha', 'Khurana', 'Yes', NULL, '6178959050', '1086@lt.com', NULL, NULL, NULL, 'Buddhism', 'Low', '2009-06-14', 'Female', '890, Viman Nagar, Park Street, Nagpur, Andhra Pradesh 120415', '890, Viman Nagar, Park Street, Nagpur, Andhra Pradesh 120415', 'OBC', 0, 'B+', NULL, '29274393', '892442', '82275179', 'Bank of Baroda', 'BARB0538373', 'father', 'Mr. Advaith Khurana', '8476221045', 'Police Officer', 'Mrs. Yamini Khurana', '', 'Consultant', 'Mr. Advaith Khurana', 'Father', '8476221045', 'Police Officer', '890, Viman Nagar, Park Street, Nagpur, Andhra Pradesh 120415', 'advaith.khurana@hotmail.com', '', '', '', 'yes', 'Jawahar Shukla Academy', '5\'11', '42 kg', '2024-08-13', 0, '', '', NULL, NULL, NULL, '2025-04-04 11:49:58', NULL),
(107, 214, '20220098', '1087', '2024-04-21', 'Aadhya', 'Advika', 'Mehta', 'No', NULL, '9330486618', '1087@lt.com', NULL, NULL, NULL, 'Jainism', 'High', '2007-05-19', 'Female', '883, Defence Colony, Koramangala, Allahabad, West Bengal 665837', '883, Patel Nagar, Dwarka, Lucknow, Goa 920847', 'ST', 0, 'AB+', NULL, '54304598', '574901', '98444685', 'Corporation Bank', 'YESB0939963', 'other', 'Mr. Varun Mehta', '8187528928', 'Software Developer', 'Mrs. Divyanshi Mehta', '', 'Contractor', 'Mr. Yuvraj Mahajan', 'Grandfather', '6033936501', 'Security Guard', '883, Defence Colony, Koramangala, Allahabad, West Bengal 665837', 'yuvraj.mahajan@gmail.com', '', '', '', 'yes', 'Das Grammar School', '6\'7', '79 kg', '2024-07-13', 0, '', '', NULL, NULL, NULL, '2025-04-04 11:46:57', NULL);

-- --------------------------------------------------------

--
-- Table structure for table `student_applyleave`
--

CREATE TABLE `student_applyleave` (
  `id` int(11) NOT NULL,
  `student_session_id` int(11) NOT NULL,
  `from_date` date NOT NULL,
  `to_date` date NOT NULL,
  `apply_date` date NOT NULL,
  `status` int(11) NOT NULL,
  `docs` varchar(200) DEFAULT NULL,
  `reason` text NOT NULL,
  `approve_by` int(11) DEFAULT NULL,
  `approve_date` date DEFAULT NULL,
  `request_type` int(11) NOT NULL COMMENT '0 student,1 staff',
  `created_at` timestamp NOT NULL DEFAULT current_timestamp() ON UPDATE current_timestamp()
) ENGINE=InnoDB DEFAULT CHARSET=utf8 COLLATE=utf8_general_ci;

--
-- Dumping data for table `student_applyleave`
--

INSERT INTO `student_applyleave` (`id`, `student_session_id`, `from_date`, `to_date`, `apply_date`, `status`, `docs`, `reason`, `approve_by`, `approve_date`, `request_type`, `created_at`) VALUES
(1, 41, '2025-04-09', '2025-04-09', '2025-04-08', 1, NULL, 'Go to Wedding', 1, '2025-04-08', 1, '2025-04-08 07:00:24'),
(2, 75, '2025-04-19', '2025-04-21', '2025-04-18', 0, NULL, '', NULL, NULL, 1, '2025-04-18 09:30:58');

-- --------------------------------------------------------

--
-- Table structure for table `student_attendences`
--

CREATE TABLE `student_attendences` (
  `id` int(11) NOT NULL,
  `student_session_id` int(11) DEFAULT NULL,
  `biometric_attendence` int(11) NOT NULL DEFAULT 0,
  `qrcode_attendance` int(11) NOT NULL DEFAULT 0,
  `date` date DEFAULT NULL,
  `attendence_type_id` int(11) DEFAULT NULL,
  `remark` varchar(200) NOT NULL,
  `biometric_device_data` text DEFAULT NULL,
  `user_agent` varchar(250) DEFAULT NULL,
  `is_active` varchar(255) DEFAULT 'no',
  `created_at` timestamp NOT NULL DEFAULT current_timestamp() ON UPDATE current_timestamp(),
  `updated_at` timestamp NULL DEFAULT NULL
) ENGINE=InnoDB DEFAULT CHARSET=utf8 COLLATE=utf8_general_ci;

--
-- Dumping data for table `student_attendences`
--

INSERT INTO `student_attendences` (`id`, `student_session_id`, `biometric_attendence`, `qrcode_attendance`, `date`, `attendence_type_id`, `remark`, `biometric_device_data`, `user_agent`, `is_active`, `created_at`, `updated_at`) VALUES
(1, 46, 0, 0, '2025-03-15', 1, '', NULL, NULL, 'no', '2025-03-25 06:53:03', NULL),
(2, 48, 0, 0, '2025-03-15', 1, '', NULL, NULL, 'no', '2025-03-25 06:53:03', NULL),
(3, 50, 0, 0, '2025-03-15', 1, '', NULL, NULL, 'no', '2025-03-25 06:53:03', NULL),
(4, 57, 0, 0, '2025-03-15', 1, '', NULL, NULL, 'no', '2025-03-25 06:53:03', NULL),
(5, 74, 0, 0, '2025-03-15', 4, '', NULL, NULL, 'no', '2025-03-25 12:59:04', NULL),
(6, 75, 0, 0, '2025-03-15', 1, '', NULL, NULL, 'no', '2025-03-25 06:53:03', NULL),
(7, 80, 0, 0, '2025-03-15', 1, '', NULL, NULL, 'no', '2025-03-25 06:53:03', NULL),
(8, 81, 0, 0, '2025-03-15', 1, '', NULL, NULL, 'no', '2025-03-25 06:53:03', NULL),
(9, 88, 0, 0, '2025-03-15', 1, '', NULL, NULL, 'no', '2025-03-25 06:53:03', NULL),
(10, 41, 0, 0, '2025-03-15', 1, '', NULL, NULL, 'no', '2025-03-25 06:53:03', NULL),
(11, 54, 0, 0, '2025-03-15', 1, '', NULL, NULL, 'no', '2025-03-25 06:53:03', NULL),
(12, 55, 0, 0, '2025-03-15', 1, '', NULL, NULL, 'no', '2025-03-25 06:53:03', NULL),
(13, 86, 0, 0, '2025-03-15', 1, '', NULL, NULL, 'no', '2025-03-25 06:53:03', NULL),
(14, 47, 0, 0, '2025-03-15', 1, '', NULL, NULL, 'no', '2025-03-25 06:53:03', NULL),
(15, 67, 0, 0, '2025-03-15', 1, '', NULL, NULL, 'no', '2025-03-25 06:53:03', NULL),
(16, 73, 0, 0, '2025-03-15', 1, '', NULL, NULL, 'no', '2025-03-25 06:53:03', NULL),
(17, 89, 0, 0, '2025-03-15', 1, '', NULL, NULL, 'no', '2025-03-25 06:53:03', NULL),
(18, 90, 0, 0, '2025-03-15', 1, '', NULL, NULL, 'no', '2025-03-25 06:53:03', NULL),
(19, 51, 0, 0, '2025-03-15', 1, '', NULL, NULL, 'no', '2025-03-25 06:53:03', NULL),
(20, 56, 0, 0, '2025-03-15', 4, '', NULL, NULL, 'no', '2025-03-25 12:59:04', NULL),
(21, 58, 0, 0, '2025-03-15', 1, '', NULL, NULL, 'no', '2025-03-25 06:53:03', NULL),
(22, 70, 0, 0, '2025-03-15', 1, '', NULL, NULL, 'no', '2025-03-25 06:53:03', NULL),
(23, 85, 0, 0, '2025-03-15', 1, '', NULL, NULL, 'no', '2025-03-25 06:53:03', NULL),
(24, 42, 0, 0, '2025-03-15', 1, '', NULL, NULL, 'no', '2025-03-25 06:53:03', NULL),
(25, 44, 0, 0, '2025-03-15', 1, '', NULL, NULL, 'no', '2025-03-25 06:53:03', NULL),
(26, 45, 0, 0, '2025-03-15', 1, '', NULL, NULL, 'no', '2025-03-25 06:53:03', NULL),
(27, 52, 0, 0, '2025-03-15', 1, '', NULL, NULL, 'no', '2025-03-25 06:53:03', NULL),
(28, 60, 0, 0, '2025-03-15', 1, '', NULL, NULL, 'no', '2025-03-25 06:53:03', NULL),
(29, 63, 0, 0, '2025-03-15', 1, '', NULL, NULL, 'no', '2025-03-25 06:53:03', NULL),
(30, 68, 0, 0, '2025-03-15', 1, '', NULL, NULL, 'no', '2025-03-25 06:53:03', NULL),
(31, 71, 0, 0, '2025-03-15', 1, '', NULL, NULL, 'no', '2025-03-25 06:53:03', NULL),
(32, 77, 0, 0, '2025-03-15', 1, '', NULL, NULL, 'no', '2025-03-25 06:53:03', NULL),
(33, 87, 0, 0, '2025-03-15', 1, '', NULL, NULL, 'no', '2025-03-25 06:53:03', NULL),
(34, 49, 0, 0, '2025-03-15', 1, '', NULL, NULL, 'no', '2025-03-25 06:53:03', NULL),
(35, 59, 0, 0, '2025-03-15', 1, '', NULL, NULL, 'no', '2025-03-25 06:53:03', NULL),
(36, 61, 0, 0, '2025-03-15', 1, '', NULL, NULL, 'no', '2025-03-25 06:53:03', NULL),
(37, 64, 0, 0, '2025-03-15', 1, '', NULL, NULL, 'no', '2025-03-25 06:53:03', NULL),
(38, 82, 0, 0, '2025-03-15', 1, '', NULL, NULL, 'no', '2025-03-25 06:53:03', NULL),
(39, 84, 0, 0, '2025-03-15', 1, '', NULL, NULL, 'no', '2025-03-25 06:53:03', NULL),
(40, 43, 0, 0, '2025-03-15', 1, '', NULL, NULL, 'no', '2025-03-25 06:53:03', NULL),
(41, 62, 0, 0, '2025-03-15', 1, '', NULL, NULL, 'no', '2025-03-25 06:53:03', NULL),
(42, 78, 0, 0, '2025-03-15', 1, '', NULL, NULL, 'no', '2025-03-25 06:53:03', NULL),
(43, 79, 0, 0, '2025-03-15', 1, '', NULL, NULL, 'no', '2025-03-25 06:53:03', NULL),
(44, 65, 0, 0, '2025-03-15', 1, '', NULL, NULL, 'no', '2025-03-25 06:53:03', NULL),
(45, 66, 0, 0, '2025-03-15', 1, '', NULL, NULL, 'no', '2025-03-25 06:53:03', NULL),
(46, 69, 0, 0, '2025-03-15', 1, '', NULL, NULL, 'no', '2025-03-25 06:53:03', NULL),
(47, 76, 0, 0, '2025-03-15', 1, '', NULL, NULL, 'no', '2025-03-25 06:53:03', NULL),
(48, 53, 0, 0, '2025-03-15', 1, '', NULL, NULL, 'no', '2025-03-25 06:53:03', NULL),
(49, 72, 0, 0, '2025-03-15', 1, '', NULL, NULL, 'no', '2025-03-25 06:53:03', NULL),
(50, 83, 0, 0, '2025-03-15', 1, '', NULL, NULL, 'no', '2025-03-25 06:53:03', NULL),
(51, 46, 0, 0, '2025-03-26', 1, '', NULL, NULL, 'no', '2025-03-25 06:53:18', NULL),
(52, 48, 0, 0, '2025-03-26', 1, '', NULL, NULL, 'no', '2025-03-25 10:56:21', NULL),
(53, 50, 0, 0, '2025-03-26', 1, '', NULL, NULL, 'no', '2025-03-25 10:56:21', NULL),
(54, 57, 0, 0, '2025-03-26', 1, '', NULL, NULL, 'no', '2025-03-25 10:56:21', NULL),
(55, 74, 0, 0, '2025-03-26', 1, '', NULL, NULL, 'no', '2025-03-25 06:53:18', NULL),
(56, 75, 0, 0, '2025-03-26', 1, '', NULL, NULL, 'no', '2025-03-25 06:53:18', NULL),
(57, 80, 0, 0, '2025-03-26', 1, '', NULL, NULL, 'no', '2025-03-25 10:56:21', NULL),
(58, 81, 0, 0, '2025-03-26', 1, '', NULL, NULL, 'no', '2025-03-25 06:53:18', NULL),
(59, 88, 0, 0, '2025-03-26', 1, '', NULL, NULL, 'no', '2025-03-25 06:53:18', NULL),
(60, 41, 0, 0, '2025-03-26', 1, '', NULL, NULL, 'no', '2025-03-25 06:53:18', NULL),
(61, 54, 0, 0, '2025-03-26', 4, '', NULL, NULL, 'no', '2025-03-25 10:56:21', NULL),
(62, 55, 0, 0, '2025-03-26', 1, '', NULL, NULL, 'no', '2025-03-25 06:53:18', NULL),
(63, 86, 0, 0, '2025-03-26', 1, '', NULL, NULL, 'no', '2025-03-25 10:56:21', NULL),
(64, 47, 0, 0, '2025-03-26', 1, '', NULL, NULL, 'no', '2025-03-25 06:53:18', NULL),
(65, 67, 0, 0, '2025-03-26', 1, '', NULL, NULL, 'no', '2025-03-25 06:53:18', NULL),
(66, 73, 0, 0, '2025-03-26', 1, '', NULL, NULL, 'no', '2025-03-25 10:56:21', NULL),
(67, 89, 0, 0, '2025-03-26', 1, '', NULL, NULL, 'no', '2025-03-25 06:53:18', NULL),
(68, 90, 0, 0, '2025-03-26', 1, '', NULL, NULL, 'no', '2025-03-25 06:53:18', NULL),
(69, 51, 0, 0, '2025-03-26', 1, '', NULL, NULL, 'no', '2025-03-25 06:53:18', NULL),
(70, 56, 0, 0, '2025-03-26', 1, '', NULL, NULL, 'no', '2025-03-25 06:53:18', NULL),
(71, 58, 0, 0, '2025-03-26', 1, '', NULL, NULL, 'no', '2025-03-25 06:53:18', NULL),
(72, 70, 0, 0, '2025-03-26', 1, '', NULL, NULL, 'no', '2025-03-25 06:53:18', NULL),
(73, 85, 0, 0, '2025-03-26', 1, '', NULL, NULL, 'no', '2025-03-25 06:53:18', NULL),
(74, 42, 0, 0, '2025-03-26', 1, '', NULL, NULL, 'no', '2025-03-25 10:56:21', NULL),
(75, 44, 0, 0, '2025-03-26', 4, '', NULL, NULL, 'no', '2025-03-25 10:56:21', NULL),
(76, 45, 0, 0, '2025-03-26', 1, '', NULL, NULL, 'no', '2025-03-25 06:53:18', NULL),
(77, 52, 0, 0, '2025-03-26', 1, '', NULL, NULL, 'no', '2025-03-25 10:56:21', NULL),
(78, 60, 0, 0, '2025-03-26', 1, '', NULL, NULL, 'no', '2025-03-25 06:53:18', NULL),
(79, 63, 0, 0, '2025-03-26', 1, '', NULL, NULL, 'no', '2025-03-25 06:53:18', NULL),
(80, 68, 0, 0, '2025-03-26', 1, '', NULL, NULL, 'no', '2025-03-25 06:53:18', NULL),
(81, 71, 0, 0, '2025-03-26', 1, '', NULL, NULL, 'no', '2025-03-25 06:53:18', NULL),
(82, 77, 0, 0, '2025-03-26', 1, '', NULL, NULL, 'no', '2025-03-25 06:53:18', NULL),
(83, 87, 0, 0, '2025-03-26', 1, '', NULL, NULL, 'no', '2025-03-25 10:56:21', NULL),
(84, 49, 0, 0, '2025-03-26', 1, '', NULL, NULL, 'no', '2025-03-25 06:53:18', NULL),
(85, 59, 0, 0, '2025-03-26', 1, '', NULL, NULL, 'no', '2025-03-25 06:53:18', NULL),
(86, 61, 0, 0, '2025-03-26', 1, '', NULL, NULL, 'no', '2025-03-25 06:53:18', NULL),
(87, 64, 0, 0, '2025-03-26', 1, '', NULL, NULL, 'no', '2025-03-25 06:53:18', NULL),
(88, 82, 0, 0, '2025-03-26', 1, '', NULL, NULL, 'no', '2025-03-25 06:53:18', NULL),
(89, 84, 0, 0, '2025-03-26', 1, '', NULL, NULL, 'no', '2025-03-25 06:53:18', NULL),
(90, 43, 0, 0, '2025-03-26', 1, '', NULL, NULL, 'no', '2025-03-25 10:56:21', NULL),
(91, 62, 0, 0, '2025-03-26', 4, '', NULL, NULL, 'no', '2025-03-25 10:56:21', NULL),
(92, 78, 0, 0, '2025-03-26', 1, '', NULL, NULL, 'no', '2025-03-25 10:56:21', NULL),
(93, 79, 0, 0, '2025-03-26', 1, '', NULL, NULL, 'no', '2025-03-25 06:53:18', NULL),
(94, 65, 0, 0, '2025-03-26', 1, '', NULL, NULL, 'no', '2025-03-25 06:53:18', NULL),
(95, 66, 0, 0, '2025-03-26', 1, '', NULL, NULL, 'no', '2025-03-25 06:53:18', NULL),
(96, 69, 0, 0, '2025-03-26', 1, '', NULL, NULL, 'no', '2025-03-25 06:53:18', NULL),
(97, 76, 0, 0, '2025-03-26', 4, '', NULL, NULL, 'no', '2025-03-25 10:56:21', NULL),
(98, 53, 0, 0, '2025-03-26', 1, '', NULL, NULL, 'no', '2025-03-25 06:53:18', NULL),
(99, 72, 0, 0, '2025-03-26', 1, '', NULL, NULL, 'no', '2025-03-25 06:53:18', NULL),
(100, 83, 0, 0, '2025-03-26', 1, '', NULL, NULL, 'no', '2025-03-25 06:53:18', NULL),
(101, 46, 0, 0, '2025-03-18', 1, '', NULL, NULL, 'no', '2025-03-25 06:54:30', NULL),
(102, 48, 0, 0, '2025-03-18', 1, '', NULL, NULL, 'no', '2025-03-25 06:54:30', NULL),
(103, 50, 0, 0, '2025-03-18', 1, '', NULL, NULL, 'no', '2025-03-25 06:54:30', NULL),
(104, 57, 0, 0, '2025-03-18', 1, '', NULL, NULL, 'no', '2025-03-25 06:54:30', NULL),
(105, 74, 0, 0, '2025-03-18', 1, '', NULL, NULL, 'no', '2025-03-25 06:54:30', NULL),
(106, 75, 0, 0, '2025-03-18', 1, '', NULL, NULL, 'no', '2025-03-25 06:54:30', NULL),
(107, 80, 0, 0, '2025-03-18', 1, '', NULL, NULL, 'no', '2025-03-25 06:54:30', NULL),
(108, 81, 0, 0, '2025-03-18', 1, '', NULL, NULL, 'no', '2025-03-25 06:54:30', NULL),
(109, 88, 0, 0, '2025-03-18', 1, '', NULL, NULL, 'no', '2025-03-25 06:54:30', NULL),
(110, 41, 0, 0, '2025-03-18', 1, '', NULL, NULL, 'no', '2025-03-25 06:54:30', NULL),
(111, 54, 0, 0, '2025-03-18', 1, '', NULL, NULL, 'no', '2025-03-25 06:54:30', NULL),
(112, 55, 0, 0, '2025-03-18', 1, '', NULL, NULL, 'no', '2025-03-25 06:54:30', NULL),
(113, 86, 0, 0, '2025-03-18', 1, '', NULL, NULL, 'no', '2025-03-25 06:54:30', NULL),
(114, 47, 0, 0, '2025-03-18', 1, '', NULL, NULL, 'no', '2025-03-25 06:54:30', NULL),
(115, 67, 0, 0, '2025-03-18', 1, '', NULL, NULL, 'no', '2025-03-25 06:54:30', NULL),
(116, 73, 0, 0, '2025-03-18', 1, '', NULL, NULL, 'no', '2025-03-25 06:54:30', NULL),
(117, 89, 0, 0, '2025-03-18', 1, '', NULL, NULL, 'no', '2025-03-25 06:54:30', NULL),
(118, 90, 0, 0, '2025-03-18', 1, '', NULL, NULL, 'no', '2025-03-25 06:54:30', NULL),
(119, 51, 0, 0, '2025-03-18', 1, '', NULL, NULL, 'no', '2025-03-25 06:54:30', NULL),
(120, 56, 0, 0, '2025-03-18', 1, '', NULL, NULL, 'no', '2025-03-25 06:54:30', NULL),
(121, 58, 0, 0, '2025-03-18', 1, '', NULL, NULL, 'no', '2025-03-25 06:54:30', NULL),
(122, 70, 0, 0, '2025-03-18', 1, '', NULL, NULL, 'no', '2025-03-25 06:54:30', NULL),
(123, 85, 0, 0, '2025-03-18', 1, '', NULL, NULL, 'no', '2025-03-25 06:54:30', NULL),
(124, 42, 0, 0, '2025-03-18', 1, '', NULL, NULL, 'no', '2025-03-25 06:54:30', NULL),
(125, 44, 0, 0, '2025-03-18', 1, '', NULL, NULL, 'no', '2025-03-25 06:54:30', NULL),
(126, 45, 0, 0, '2025-03-18', 1, '', NULL, NULL, 'no', '2025-03-25 06:54:30', NULL),
(127, 52, 0, 0, '2025-03-18', 1, '', NULL, NULL, 'no', '2025-03-25 06:54:30', NULL),
(128, 60, 0, 0, '2025-03-18', 1, '', NULL, NULL, 'no', '2025-03-25 06:54:30', NULL),
(129, 63, 0, 0, '2025-03-18', 1, '', NULL, NULL, 'no', '2025-03-25 06:54:30', NULL),
(130, 68, 0, 0, '2025-03-18', 1, '', NULL, NULL, 'no', '2025-03-25 06:54:30', NULL),
(131, 71, 0, 0, '2025-03-18', 1, '', NULL, NULL, 'no', '2025-03-25 06:54:30', NULL),
(132, 77, 0, 0, '2025-03-18', 1, '', NULL, NULL, 'no', '2025-03-25 06:54:30', NULL),
(133, 87, 0, 0, '2025-03-18', 1, '', NULL, NULL, 'no', '2025-03-25 06:54:30', NULL),
(134, 49, 0, 0, '2025-03-18', 1, '', NULL, NULL, 'no', '2025-03-25 06:54:30', NULL),
(135, 59, 0, 0, '2025-03-18', 1, '', NULL, NULL, 'no', '2025-03-25 06:54:30', NULL),
(136, 61, 0, 0, '2025-03-18', 1, '', NULL, NULL, 'no', '2025-03-25 06:54:30', NULL),
(137, 64, 0, 0, '2025-03-18', 1, '', NULL, NULL, 'no', '2025-03-25 06:54:30', NULL),
(138, 82, 0, 0, '2025-03-18', 1, '', NULL, NULL, 'no', '2025-03-25 06:54:30', NULL),
(139, 84, 0, 0, '2025-03-18', 1, '', NULL, NULL, 'no', '2025-03-25 06:54:30', NULL),
(140, 43, 0, 0, '2025-03-18', 1, '', NULL, NULL, 'no', '2025-03-25 06:54:30', NULL),
(141, 62, 0, 0, '2025-03-18', 1, '', NULL, NULL, 'no', '2025-03-25 06:54:30', NULL),
(142, 78, 0, 0, '2025-03-18', 1, '', NULL, NULL, 'no', '2025-03-25 06:54:30', NULL),
(143, 79, 0, 0, '2025-03-18', 1, '', NULL, NULL, 'no', '2025-03-25 06:54:30', NULL),
(144, 65, 0, 0, '2025-03-18', 1, '', NULL, NULL, 'no', '2025-03-25 06:54:30', NULL),
(145, 66, 0, 0, '2025-03-18', 1, '', NULL, NULL, 'no', '2025-03-25 06:54:30', NULL),
(146, 69, 0, 0, '2025-03-18', 1, '', NULL, NULL, 'no', '2025-03-25 06:54:30', NULL),
(147, 76, 0, 0, '2025-03-18', 1, '', NULL, NULL, 'no', '2025-03-25 06:54:30', NULL),
(148, 53, 0, 0, '2025-03-18', 1, '', NULL, NULL, 'no', '2025-03-25 06:54:30', NULL),
(149, 72, 0, 0, '2025-03-18', 1, '', NULL, NULL, 'no', '2025-03-25 06:54:30', NULL),
(150, 83, 0, 0, '2025-03-18', 1, '', NULL, NULL, 'no', '2025-03-25 06:54:30', NULL),
(151, 46, 0, 0, '2025-03-19', 1, '', NULL, NULL, 'no', '2025-03-25 06:54:44', NULL),
(152, 48, 0, 0, '2025-03-19', 1, '', NULL, NULL, 'no', '2025-03-25 06:54:44', NULL),
(153, 50, 0, 0, '2025-03-19', 1, '', NULL, NULL, 'no', '2025-03-25 06:54:44', NULL),
(154, 57, 0, 0, '2025-03-19', 1, '', NULL, NULL, 'no', '2025-03-25 06:54:44', NULL),
(155, 74, 0, 0, '2025-03-19', 1, '', NULL, NULL, 'no', '2025-03-25 06:54:44', NULL),
(156, 75, 0, 0, '2025-03-19', 1, '', NULL, NULL, 'no', '2025-03-25 06:54:44', NULL),
(157, 80, 0, 0, '2025-03-19', 1, '', NULL, NULL, 'no', '2025-03-25 06:54:44', NULL),
(158, 81, 0, 0, '2025-03-19', 1, '', NULL, NULL, 'no', '2025-03-25 06:54:44', NULL),
(159, 88, 0, 0, '2025-03-19', 1, '', NULL, NULL, 'no', '2025-03-25 06:54:44', NULL),
(160, 41, 0, 0, '2025-03-19', 1, '', NULL, NULL, 'no', '2025-03-25 06:54:44', NULL),
(161, 54, 0, 0, '2025-03-19', 1, '', NULL, NULL, 'no', '2025-03-25 06:54:44', NULL),
(162, 55, 0, 0, '2025-03-19', 1, '', NULL, NULL, 'no', '2025-03-25 06:54:44', NULL),
(163, 86, 0, 0, '2025-03-19', 1, '', NULL, NULL, 'no', '2025-03-25 06:54:44', NULL),
(164, 47, 0, 0, '2025-03-19', 1, '', NULL, NULL, 'no', '2025-03-25 06:54:44', NULL),
(165, 67, 0, 0, '2025-03-19', 1, '', NULL, NULL, 'no', '2025-03-25 06:54:44', NULL),
(166, 73, 0, 0, '2025-03-19', 1, '', NULL, NULL, 'no', '2025-03-25 06:54:44', NULL),
(167, 89, 0, 0, '2025-03-19', 1, '', NULL, NULL, 'no', '2025-03-25 06:54:44', NULL),
(168, 90, 0, 0, '2025-03-19', 1, '', NULL, NULL, 'no', '2025-03-25 06:54:44', NULL),
(169, 51, 0, 0, '2025-03-19', 1, '', NULL, NULL, 'no', '2025-03-25 06:54:44', NULL),
(170, 56, 0, 0, '2025-03-19', 1, '', NULL, NULL, 'no', '2025-03-25 06:54:44', NULL),
(171, 58, 0, 0, '2025-03-19', 1, '', NULL, NULL, 'no', '2025-03-25 06:54:44', NULL),
(172, 70, 0, 0, '2025-03-19', 1, '', NULL, NULL, 'no', '2025-03-25 06:54:44', NULL),
(173, 85, 0, 0, '2025-03-19', 1, '', NULL, NULL, 'no', '2025-03-25 06:54:44', NULL),
(174, 42, 0, 0, '2025-03-19', 1, '', NULL, NULL, 'no', '2025-03-25 06:54:44', NULL),
(175, 44, 0, 0, '2025-03-19', 1, '', NULL, NULL, 'no', '2025-03-25 06:54:44', NULL),
(176, 45, 0, 0, '2025-03-19', 1, '', NULL, NULL, 'no', '2025-03-25 06:54:44', NULL),
(177, 52, 0, 0, '2025-03-19', 1, '', NULL, NULL, 'no', '2025-03-25 06:54:44', NULL),
(178, 60, 0, 0, '2025-03-19', 1, '', NULL, NULL, 'no', '2025-03-25 06:54:44', NULL),
(179, 63, 0, 0, '2025-03-19', 1, '', NULL, NULL, 'no', '2025-03-25 06:54:44', NULL),
(180, 68, 0, 0, '2025-03-19', 1, '', NULL, NULL, 'no', '2025-03-25 06:54:44', NULL),
(181, 71, 0, 0, '2025-03-19', 1, '', NULL, NULL, 'no', '2025-03-25 06:54:44', NULL),
(182, 77, 0, 0, '2025-03-19', 1, '', NULL, NULL, 'no', '2025-03-25 06:54:44', NULL),
(183, 87, 0, 0, '2025-03-19', 1, '', NULL, NULL, 'no', '2025-03-25 06:54:44', NULL),
(184, 49, 0, 0, '2025-03-19', 1, '', NULL, NULL, 'no', '2025-03-25 06:54:44', NULL),
(185, 59, 0, 0, '2025-03-19', 1, '', NULL, NULL, 'no', '2025-03-25 06:54:44', NULL),
(186, 61, 0, 0, '2025-03-19', 1, '', NULL, NULL, 'no', '2025-03-25 06:54:44', NULL),
(187, 64, 0, 0, '2025-03-19', 1, '', NULL, NULL, 'no', '2025-03-25 06:54:44', NULL),
(188, 82, 0, 0, '2025-03-19', 1, '', NULL, NULL, 'no', '2025-03-25 06:54:44', NULL),
(189, 84, 0, 0, '2025-03-19', 1, '', NULL, NULL, 'no', '2025-03-25 06:54:44', NULL),
(190, 43, 0, 0, '2025-03-19', 1, '', NULL, NULL, 'no', '2025-03-25 06:54:44', NULL),
(191, 62, 0, 0, '2025-03-19', 1, '', NULL, NULL, 'no', '2025-03-25 06:54:44', NULL),
(192, 78, 0, 0, '2025-03-19', 1, '', NULL, NULL, 'no', '2025-03-25 06:54:44', NULL),
(193, 79, 0, 0, '2025-03-19', 1, '', NULL, NULL, 'no', '2025-03-25 06:54:44', NULL),
(194, 65, 0, 0, '2025-03-19', 1, '', NULL, NULL, 'no', '2025-03-25 06:54:44', NULL),
(195, 66, 0, 0, '2025-03-19', 1, '', NULL, NULL, 'no', '2025-03-25 06:54:44', NULL),
(196, 69, 0, 0, '2025-03-19', 1, '', NULL, NULL, 'no', '2025-03-25 06:54:44', NULL),
(197, 76, 0, 0, '2025-03-19', 1, '', NULL, NULL, 'no', '2025-03-25 06:54:44', NULL),
(198, 53, 0, 0, '2025-03-19', 1, '', NULL, NULL, 'no', '2025-03-25 06:54:44', NULL),
(199, 72, 0, 0, '2025-03-19', 1, '', NULL, NULL, 'no', '2025-03-25 06:54:44', NULL),
(200, 83, 0, 0, '2025-03-19', 1, '', NULL, NULL, 'no', '2025-03-25 06:54:44', NULL),
(201, 46, 0, 0, '2025-03-21', 1, '', NULL, NULL, 'no', '2025-03-25 06:56:29', NULL),
(202, 48, 0, 0, '2025-03-21', 1, '', NULL, NULL, 'no', '2025-03-25 06:56:29', NULL),
(203, 50, 0, 0, '2025-03-21', 1, '', NULL, NULL, 'no', '2025-03-25 06:56:29', NULL),
(204, 57, 0, 0, '2025-03-21', 1, '', NULL, NULL, 'no', '2025-03-25 06:56:29', NULL),
(205, 74, 0, 0, '2025-03-21', 1, '', NULL, NULL, 'no', '2025-03-25 06:56:29', NULL),
(206, 75, 0, 0, '2025-03-21', 1, '', NULL, NULL, 'no', '2025-03-25 06:56:29', NULL),
(207, 80, 0, 0, '2025-03-21', 1, '', NULL, NULL, 'no', '2025-03-25 06:56:29', NULL),
(208, 81, 0, 0, '2025-03-21', 1, '', NULL, NULL, 'no', '2025-03-25 06:56:29', NULL),
(209, 88, 0, 0, '2025-03-21', 1, '', NULL, NULL, 'no', '2025-03-25 06:56:29', NULL),
(210, 41, 0, 0, '2025-03-21', 1, '', NULL, NULL, 'no', '2025-03-25 06:56:29', NULL),
(211, 54, 0, 0, '2025-03-21', 1, '', NULL, NULL, 'no', '2025-03-25 06:56:29', NULL),
(212, 55, 0, 0, '2025-03-21', 1, '', NULL, NULL, 'no', '2025-03-25 06:56:29', NULL),
(213, 86, 0, 0, '2025-03-21', 1, '', NULL, NULL, 'no', '2025-03-25 06:56:29', NULL),
(214, 47, 0, 0, '2025-03-21', 1, '', NULL, NULL, 'no', '2025-03-25 06:56:29', NULL),
(215, 67, 0, 0, '2025-03-21', 1, '', NULL, NULL, 'no', '2025-03-25 06:56:29', NULL),
(216, 73, 0, 0, '2025-03-21', 1, '', NULL, NULL, 'no', '2025-03-25 06:56:29', NULL),
(217, 89, 0, 0, '2025-03-21', 1, '', NULL, NULL, 'no', '2025-03-25 06:56:29', NULL),
(218, 90, 0, 0, '2025-03-21', 1, '', NULL, NULL, 'no', '2025-03-25 06:56:29', NULL),
(219, 51, 0, 0, '2025-03-21', 1, '', NULL, NULL, 'no', '2025-03-25 06:56:29', NULL),
(220, 56, 0, 0, '2025-03-21', 1, '', NULL, NULL, 'no', '2025-03-25 06:56:29', NULL),
(221, 58, 0, 0, '2025-03-21', 1, '', NULL, NULL, 'no', '2025-03-25 06:56:29', NULL),
(222, 70, 0, 0, '2025-03-21', 1, '', NULL, NULL, 'no', '2025-03-25 06:56:29', NULL),
(223, 85, 0, 0, '2025-03-21', 1, '', NULL, NULL, 'no', '2025-03-25 06:56:29', NULL),
(224, 42, 0, 0, '2025-03-21', 1, '', NULL, NULL, 'no', '2025-03-25 06:56:29', NULL),
(225, 44, 0, 0, '2025-03-21', 1, '', NULL, NULL, 'no', '2025-03-25 06:56:29', NULL),
(226, 45, 0, 0, '2025-03-21', 1, '', NULL, NULL, 'no', '2025-03-25 06:56:29', NULL),
(227, 52, 0, 0, '2025-03-21', 1, '', NULL, NULL, 'no', '2025-03-25 06:56:29', NULL),
(228, 60, 0, 0, '2025-03-21', 1, '', NULL, NULL, 'no', '2025-03-25 06:56:29', NULL),
(229, 63, 0, 0, '2025-03-21', 1, '', NULL, NULL, 'no', '2025-03-25 06:56:29', NULL),
(230, 68, 0, 0, '2025-03-21', 1, '', NULL, NULL, 'no', '2025-03-25 06:56:29', NULL),
(231, 71, 0, 0, '2025-03-21', 1, '', NULL, NULL, 'no', '2025-03-25 06:56:29', NULL),
(232, 77, 0, 0, '2025-03-21', 1, '', NULL, NULL, 'no', '2025-03-25 06:56:29', NULL),
(233, 87, 0, 0, '2025-03-21', 1, '', NULL, NULL, 'no', '2025-03-25 06:56:29', NULL),
(234, 49, 0, 0, '2025-03-21', 1, '', NULL, NULL, 'no', '2025-03-25 06:56:29', NULL),
(235, 59, 0, 0, '2025-03-21', 1, '', NULL, NULL, 'no', '2025-03-25 06:56:29', NULL),
(236, 61, 0, 0, '2025-03-21', 1, '', NULL, NULL, 'no', '2025-03-25 06:56:29', NULL),
(237, 64, 0, 0, '2025-03-21', 1, '', NULL, NULL, 'no', '2025-03-25 06:56:29', NULL),
(238, 82, 0, 0, '2025-03-21', 1, '', NULL, NULL, 'no', '2025-03-25 06:56:29', NULL),
(239, 84, 0, 0, '2025-03-21', 1, '', NULL, NULL, 'no', '2025-03-25 06:56:29', NULL),
(240, 43, 0, 0, '2025-03-21', 1, '', NULL, NULL, 'no', '2025-03-25 06:56:29', NULL),
(241, 62, 0, 0, '2025-03-21', 1, '', NULL, NULL, 'no', '2025-03-25 06:56:29', NULL),
(242, 78, 0, 0, '2025-03-21', 1, '', NULL, NULL, 'no', '2025-03-25 06:56:29', NULL),
(243, 79, 0, 0, '2025-03-21', 1, '', NULL, NULL, 'no', '2025-03-25 06:56:29', NULL),
(244, 65, 0, 0, '2025-03-21', 1, '', NULL, NULL, 'no', '2025-03-25 06:56:29', NULL),
(245, 66, 0, 0, '2025-03-21', 1, '', NULL, NULL, 'no', '2025-03-25 06:56:29', NULL),
(246, 69, 0, 0, '2025-03-21', 1, '', NULL, NULL, 'no', '2025-03-25 06:56:29', NULL),
(247, 76, 0, 0, '2025-03-21', 1, '', NULL, NULL, 'no', '2025-03-25 06:56:29', NULL),
(248, 53, 0, 0, '2025-03-21', 1, '', NULL, NULL, 'no', '2025-03-25 06:56:29', NULL),
(249, 72, 0, 0, '2025-03-21', 1, '', NULL, NULL, 'no', '2025-03-25 06:56:29', NULL),
(250, 83, 0, 0, '2025-03-21', 1, '', NULL, NULL, 'no', '2025-03-25 06:56:29', NULL),
(251, 46, 0, 0, '2025-03-24', 1, '', NULL, NULL, 'no', '2025-03-25 06:59:57', NULL),
(252, 48, 0, 0, '2025-03-24', 1, '', NULL, NULL, 'no', '2025-03-25 06:59:57', NULL),
(253, 50, 0, 0, '2025-03-24', 1, '', NULL, NULL, 'no', '2025-03-25 06:59:57', NULL),
(254, 57, 0, 0, '2025-03-24', 1, '', NULL, NULL, 'no', '2025-03-25 06:59:57', NULL),
(255, 74, 0, 0, '2025-03-24', 1, '', NULL, NULL, 'no', '2025-03-25 06:59:57', NULL),
(256, 75, 0, 0, '2025-03-24', 1, '', NULL, NULL, 'no', '2025-03-25 06:59:57', NULL),
(257, 80, 0, 0, '2025-03-24', 1, '', NULL, NULL, 'no', '2025-03-25 06:59:57', NULL),
(258, 81, 0, 0, '2025-03-24', 1, '', NULL, NULL, 'no', '2025-03-25 06:59:57', NULL),
(259, 88, 0, 0, '2025-03-24', 1, '', NULL, NULL, 'no', '2025-03-25 06:59:57', NULL),
(260, 41, 0, 0, '2025-03-24', 1, '', NULL, NULL, 'no', '2025-03-25 06:59:57', NULL),
(261, 54, 0, 0, '2025-03-24', 1, '', NULL, NULL, 'no', '2025-03-25 06:59:57', NULL),
(262, 55, 0, 0, '2025-03-24', 1, '', NULL, NULL, 'no', '2025-03-25 06:59:57', NULL),
(263, 86, 0, 0, '2025-03-24', 1, '', NULL, NULL, 'no', '2025-03-25 06:59:57', NULL),
(264, 47, 0, 0, '2025-03-24', 1, '', NULL, NULL, 'no', '2025-03-25 06:59:57', NULL),
(265, 67, 0, 0, '2025-03-24', 1, '', NULL, NULL, 'no', '2025-03-25 06:59:57', NULL),
(266, 73, 0, 0, '2025-03-24', 1, '', NULL, NULL, 'no', '2025-03-25 06:59:57', NULL),
(267, 89, 0, 0, '2025-03-24', 1, '', NULL, NULL, 'no', '2025-03-25 06:59:57', NULL),
(268, 90, 0, 0, '2025-03-24', 1, '', NULL, NULL, 'no', '2025-03-25 06:59:57', NULL),
(269, 51, 0, 0, '2025-03-24', 1, '', NULL, NULL, 'no', '2025-03-25 06:59:57', NULL),
(270, 56, 0, 0, '2025-03-24', 1, '', NULL, NULL, 'no', '2025-03-25 06:59:57', NULL),
(271, 58, 0, 0, '2025-03-24', 1, '', NULL, NULL, 'no', '2025-03-25 06:59:57', NULL),
(272, 70, 0, 0, '2025-03-24', 1, '', NULL, NULL, 'no', '2025-03-25 06:59:57', NULL),
(273, 85, 0, 0, '2025-03-24', 1, '', NULL, NULL, 'no', '2025-03-25 06:59:57', NULL),
(274, 42, 0, 0, '2025-03-24', 1, '', NULL, NULL, 'no', '2025-03-25 06:59:57', NULL),
(275, 44, 0, 0, '2025-03-24', 1, '', NULL, NULL, 'no', '2025-03-25 06:59:57', NULL),
(276, 45, 0, 0, '2025-03-24', 1, '', NULL, NULL, 'no', '2025-03-25 06:59:57', NULL),
(277, 52, 0, 0, '2025-03-24', 1, '', NULL, NULL, 'no', '2025-03-25 06:59:57', NULL),
(278, 60, 0, 0, '2025-03-24', 1, '', NULL, NULL, 'no', '2025-03-25 06:59:57', NULL),
(279, 63, 0, 0, '2025-03-24', 1, '', NULL, NULL, 'no', '2025-03-25 06:59:57', NULL),
(280, 68, 0, 0, '2025-03-24', 1, '', NULL, NULL, 'no', '2025-03-25 06:59:57', NULL),
(281, 71, 0, 0, '2025-03-24', 1, '', NULL, NULL, 'no', '2025-03-25 06:59:57', NULL),
(282, 77, 0, 0, '2025-03-24', 1, '', NULL, NULL, 'no', '2025-03-25 06:59:57', NULL),
(283, 87, 0, 0, '2025-03-24', 1, '', NULL, NULL, 'no', '2025-03-25 06:59:57', NULL),
(284, 49, 0, 0, '2025-03-24', 1, '', NULL, NULL, 'no', '2025-03-25 06:59:57', NULL),
(285, 59, 0, 0, '2025-03-24', 1, '', NULL, NULL, 'no', '2025-03-25 06:59:57', NULL),
(286, 61, 0, 0, '2025-03-24', 1, '', NULL, NULL, 'no', '2025-03-25 06:59:57', NULL),
(287, 64, 0, 0, '2025-03-24', 1, '', NULL, NULL, 'no', '2025-03-25 06:59:57', NULL),
(288, 82, 0, 0, '2025-03-24', 1, '', NULL, NULL, 'no', '2025-03-25 06:59:57', NULL),
(289, 84, 0, 0, '2025-03-24', 1, '', NULL, NULL, 'no', '2025-03-25 06:59:57', NULL),
(290, 43, 0, 0, '2025-03-24', 1, '', NULL, NULL, 'no', '2025-03-25 06:59:57', NULL),
(291, 62, 0, 0, '2025-03-24', 1, '', NULL, NULL, 'no', '2025-03-25 06:59:57', NULL),
(292, 78, 0, 0, '2025-03-24', 1, '', NULL, NULL, 'no', '2025-03-25 06:59:57', NULL),
(293, 79, 0, 0, '2025-03-24', 1, '', NULL, NULL, 'no', '2025-03-25 06:59:57', NULL),
(294, 65, 0, 0, '2025-03-24', 1, '', NULL, NULL, 'no', '2025-03-25 06:59:57', NULL),
(295, 66, 0, 0, '2025-03-24', 1, '', NULL, NULL, 'no', '2025-03-25 06:59:57', NULL),
(296, 69, 0, 0, '2025-03-24', 1, '', NULL, NULL, 'no', '2025-03-25 06:59:57', NULL),
(297, 76, 0, 0, '2025-03-24', 1, '', NULL, NULL, 'no', '2025-03-25 06:59:57', NULL),
(298, 53, 0, 0, '2025-03-24', 1, '', NULL, NULL, 'no', '2025-03-25 06:59:57', NULL),
(299, 72, 0, 0, '2025-03-24', 1, '', NULL, NULL, 'no', '2025-03-25 06:59:57', NULL),
(300, 83, 0, 0, '2025-03-24', 1, '', NULL, NULL, 'no', '2025-03-25 06:59:57', NULL),
(301, 46, 0, 0, '2025-03-20', 4, '', NULL, NULL, 'no', '2025-03-25 07:02:02', NULL),
(302, 48, 0, 0, '2025-03-20', 1, '', NULL, NULL, 'no', '2025-03-25 07:02:02', NULL),
(303, 50, 0, 0, '2025-03-20', 1, '', NULL, NULL, 'no', '2025-03-25 07:02:02', NULL),
(304, 57, 0, 0, '2025-03-20', 4, '', NULL, NULL, 'no', '2025-03-25 07:02:02', NULL),
(305, 74, 0, 0, '2025-03-20', 1, '', NULL, NULL, 'no', '2025-03-25 07:02:02', NULL),
(306, 75, 0, 0, '2025-03-20', 1, '', NULL, NULL, 'no', '2025-03-25 07:02:02', NULL),
(307, 80, 0, 0, '2025-03-20', 1, '', NULL, NULL, 'no', '2025-03-25 07:02:02', NULL),
(308, 81, 0, 0, '2025-03-20', 1, '', NULL, NULL, 'no', '2025-03-25 07:02:02', NULL),
(309, 88, 0, 0, '2025-03-20', 1, '', NULL, NULL, 'no', '2025-03-25 07:02:02', NULL),
(310, 41, 0, 0, '2025-03-20', 4, '', NULL, NULL, 'no', '2025-03-25 07:02:02', NULL),
(311, 54, 0, 0, '2025-03-20', 4, '', NULL, NULL, 'no', '2025-03-25 07:02:02', NULL),
(312, 55, 0, 0, '2025-03-20', 1, '', NULL, NULL, 'no', '2025-03-25 07:02:02', NULL),
(313, 86, 0, 0, '2025-03-20', 1, '', NULL, NULL, 'no', '2025-03-25 07:02:02', NULL),
(314, 47, 0, 0, '2025-03-20', 1, '', NULL, NULL, 'no', '2025-03-25 07:02:02', NULL),
(315, 67, 0, 0, '2025-03-20', 1, '', NULL, NULL, 'no', '2025-03-25 07:02:02', NULL),
(316, 73, 0, 0, '2025-03-20', 1, '', NULL, NULL, 'no', '2025-03-25 07:02:02', NULL),
(317, 89, 0, 0, '2025-03-20', 1, '', NULL, NULL, 'no', '2025-03-25 07:02:02', NULL),
(318, 90, 0, 0, '2025-03-20', 1, '', NULL, NULL, 'no', '2025-03-25 07:02:02', NULL),
(319, 51, 0, 0, '2025-03-20', 1, '', NULL, NULL, 'no', '2025-03-25 07:02:02', NULL),
(320, 56, 0, 0, '2025-03-20', 1, '', NULL, NULL, 'no', '2025-03-25 07:02:02', NULL),
(321, 58, 0, 0, '2025-03-20', 4, '', NULL, NULL, 'no', '2025-03-25 07:02:02', NULL),
(322, 70, 0, 0, '2025-03-20', 4, '', NULL, NULL, 'no', '2025-03-25 07:02:02', NULL),
(323, 85, 0, 0, '2025-03-20', 1, '', NULL, NULL, 'no', '2025-03-25 07:02:02', NULL),
(324, 42, 0, 0, '2025-03-20', 1, '', NULL, NULL, 'no', '2025-03-25 07:02:02', NULL),
(325, 44, 0, 0, '2025-03-20', 1, '', NULL, NULL, 'no', '2025-03-25 07:02:02', NULL),
(326, 45, 0, 0, '2025-03-20', 1, '', NULL, NULL, 'no', '2025-03-25 07:02:02', NULL),
(327, 52, 0, 0, '2025-03-20', 1, '', NULL, NULL, 'no', '2025-03-25 07:02:02', NULL),
(328, 60, 0, 0, '2025-03-20', 1, '', NULL, NULL, 'no', '2025-03-25 07:02:02', NULL),
(329, 63, 0, 0, '2025-03-20', 1, '', NULL, NULL, 'no', '2025-03-25 07:02:02', NULL),
(330, 68, 0, 0, '2025-03-20', 1, '', NULL, NULL, 'no', '2025-03-25 07:02:02', NULL),
(331, 71, 0, 0, '2025-03-20', 1, '', NULL, NULL, 'no', '2025-03-25 07:02:02', NULL),
(332, 77, 0, 0, '2025-03-20', 1, '', NULL, NULL, 'no', '2025-03-25 07:02:02', NULL),
(333, 87, 0, 0, '2025-03-20', 1, '', NULL, NULL, 'no', '2025-03-25 07:02:02', NULL),
(334, 49, 0, 0, '2025-03-20', 1, '', NULL, NULL, 'no', '2025-03-25 07:02:02', NULL),
(335, 59, 0, 0, '2025-03-20', 1, '', NULL, NULL, 'no', '2025-03-25 07:02:02', NULL),
(336, 61, 0, 0, '2025-03-20', 1, '', NULL, NULL, 'no', '2025-03-25 07:02:02', NULL),
(337, 64, 0, 0, '2025-03-20', 1, '', NULL, NULL, 'no', '2025-03-25 07:02:02', NULL),
(338, 82, 0, 0, '2025-03-20', 1, '', NULL, NULL, 'no', '2025-03-25 07:02:02', NULL),
(339, 84, 0, 0, '2025-03-20', 1, '', NULL, NULL, 'no', '2025-03-25 07:02:02', NULL),
(340, 43, 0, 0, '2025-03-20', 1, '', NULL, NULL, 'no', '2025-03-25 07:02:02', NULL),
(341, 62, 0, 0, '2025-03-20', 1, '', NULL, NULL, 'no', '2025-03-25 07:02:02', NULL),
(342, 78, 0, 0, '2025-03-20', 1, '', NULL, NULL, 'no', '2025-03-25 07:02:02', NULL),
(343, 79, 0, 0, '2025-03-20', 1, '', NULL, NULL, 'no', '2025-03-25 07:02:02', NULL),
(344, 65, 0, 0, '2025-03-20', 1, '', NULL, NULL, 'no', '2025-03-25 07:02:02', NULL),
(345, 66, 0, 0, '2025-03-20', 1, '', NULL, NULL, 'no', '2025-03-25 07:02:02', NULL),
(346, 69, 0, 0, '2025-03-20', 1, '', NULL, NULL, 'no', '2025-03-25 07:02:02', NULL),
(347, 76, 0, 0, '2025-03-20', 1, '', NULL, NULL, 'no', '2025-03-25 07:02:02', NULL),
(348, 53, 0, 0, '2025-03-20', 1, '', NULL, NULL, 'no', '2025-03-25 07:02:02', NULL),
(349, 72, 0, 0, '2025-03-20', 1, '', NULL, NULL, 'no', '2025-03-25 07:02:02', NULL),
(350, 83, 0, 0, '2025-03-20', 1, '', NULL, NULL, 'no', '2025-03-25 07:02:02', NULL),
(351, 46, 0, 0, '2025-03-22', 1, '', NULL, NULL, 'no', '2025-03-25 10:52:08', NULL),
(352, 48, 0, 0, '2025-03-22', 1, '', NULL, NULL, 'no', '2025-03-25 10:52:08', NULL),
(353, 50, 0, 0, '2025-03-22', 1, '', NULL, NULL, 'no', '2025-03-25 10:52:08', NULL),
(354, 57, 0, 0, '2025-03-22', 4, '', NULL, NULL, 'no', '2025-03-25 10:52:08', NULL),
(355, 74, 0, 0, '2025-03-22', 4, '', NULL, NULL, 'no', '2025-03-25 10:52:08', NULL),
(356, 75, 0, 0, '2025-03-22', 1, '', NULL, NULL, 'no', '2025-03-25 10:52:08', NULL),
(357, 80, 0, 0, '2025-03-22', 1, '', NULL, NULL, 'no', '2025-03-25 10:52:08', NULL),
(358, 81, 0, 0, '2025-03-22', 1, '', NULL, NULL, 'no', '2025-03-25 10:52:08', NULL),
(359, 88, 0, 0, '2025-03-22', 1, '', NULL, NULL, 'no', '2025-03-25 10:52:08', NULL),
(360, 41, 0, 0, '2025-03-22', 1, '', NULL, NULL, 'no', '2025-03-25 10:52:08', NULL),
(361, 54, 0, 0, '2025-03-22', 1, '', NULL, NULL, 'no', '2025-03-25 10:52:08', NULL),
(362, 55, 0, 0, '2025-03-22', 1, '', NULL, NULL, 'no', '2025-03-25 10:52:08', NULL),
(363, 86, 0, 0, '2025-03-22', 1, '', NULL, NULL, 'no', '2025-03-25 10:52:08', NULL),
(364, 47, 0, 0, '2025-03-22', 1, '', NULL, NULL, 'no', '2025-03-25 10:52:08', NULL),
(365, 67, 0, 0, '2025-03-22', 4, '', NULL, NULL, 'no', '2025-03-25 10:52:08', NULL),
(366, 73, 0, 0, '2025-03-22', 1, '', NULL, NULL, 'no', '2025-03-25 10:52:08', NULL),
(367, 89, 0, 0, '2025-03-22', 4, '', NULL, NULL, 'no', '2025-03-25 10:52:08', NULL),
(368, 90, 0, 0, '2025-03-22', 1, '', NULL, NULL, 'no', '2025-03-25 10:52:08', NULL),
(369, 51, 0, 0, '2025-03-22', 1, '', NULL, NULL, 'no', '2025-03-25 10:52:08', NULL),
(370, 56, 0, 0, '2025-03-22', 1, '', NULL, NULL, 'no', '2025-03-25 10:52:08', NULL),
(371, 58, 0, 0, '2025-03-22', 1, '', NULL, NULL, 'no', '2025-03-25 10:52:08', NULL),
(372, 70, 0, 0, '2025-03-22', 1, '', NULL, NULL, 'no', '2025-03-25 10:52:08', NULL),
(373, 85, 0, 0, '2025-03-22', 4, '', NULL, NULL, 'no', '2025-03-25 10:52:08', NULL),
(374, 42, 0, 0, '2025-03-22', 4, '', NULL, NULL, 'no', '2025-03-25 10:52:08', NULL),
(375, 44, 0, 0, '2025-03-22', 4, '', NULL, NULL, 'no', '2025-03-25 10:52:08', NULL),
(376, 45, 0, 0, '2025-03-22', 1, '', NULL, NULL, 'no', '2025-03-25 10:52:08', NULL),
(377, 52, 0, 0, '2025-03-22', 4, '', NULL, NULL, 'no', '2025-03-25 10:52:08', NULL),
(378, 60, 0, 0, '2025-03-22', 1, '', NULL, NULL, 'no', '2025-03-25 10:52:08', NULL),
(379, 63, 0, 0, '2025-03-22', 1, '', NULL, NULL, 'no', '2025-03-25 10:52:08', NULL),
(380, 68, 0, 0, '2025-03-22', 1, '', NULL, NULL, 'no', '2025-03-25 10:52:08', NULL),
(381, 71, 0, 0, '2025-03-22', 1, '', NULL, NULL, 'no', '2025-03-25 10:52:08', NULL),
(382, 77, 0, 0, '2025-03-22', 1, '', NULL, NULL, 'no', '2025-03-25 10:52:08', NULL),
(383, 87, 0, 0, '2025-03-22', 1, '', NULL, NULL, 'no', '2025-03-25 10:52:08', NULL),
(384, 49, 0, 0, '2025-03-22', 1, '', NULL, NULL, 'no', '2025-03-25 10:52:08', NULL),
(385, 59, 0, 0, '2025-03-22', 1, '', NULL, NULL, 'no', '2025-03-25 10:52:08', NULL),
(386, 61, 0, 0, '2025-03-22', 4, '', NULL, NULL, 'no', '2025-03-25 10:52:08', NULL),
(387, 64, 0, 0, '2025-03-22', 1, '', NULL, NULL, 'no', '2025-03-25 10:52:08', NULL),
(388, 82, 0, 0, '2025-03-22', 1, '', NULL, NULL, 'no', '2025-03-25 10:52:08', NULL),
(389, 84, 0, 0, '2025-03-22', 1, '', NULL, NULL, 'no', '2025-03-25 10:52:08', NULL),
(390, 43, 0, 0, '2025-03-22', 1, '', NULL, NULL, 'no', '2025-03-25 10:52:08', NULL),
(391, 62, 0, 0, '2025-03-22', 1, '', NULL, NULL, 'no', '2025-03-25 10:52:08', NULL),
(392, 78, 0, 0, '2025-03-22', 1, '', NULL, NULL, 'no', '2025-03-25 10:52:08', NULL),
(393, 79, 0, 0, '2025-03-22', 1, '', NULL, NULL, 'no', '2025-03-25 10:52:08', NULL),
(394, 65, 0, 0, '2025-03-22', 1, '', NULL, NULL, 'no', '2025-03-25 10:52:08', NULL),
(395, 66, 0, 0, '2025-03-22', 1, '', NULL, NULL, 'no', '2025-03-25 10:52:08', NULL),
(396, 69, 0, 0, '2025-03-22', 1, '', NULL, NULL, 'no', '2025-03-25 10:52:08', NULL),
(397, 76, 0, 0, '2025-03-22', 4, '', NULL, NULL, 'no', '2025-03-25 10:52:08', NULL),
(398, 53, 0, 0, '2025-03-22', 1, '', NULL, NULL, 'no', '2025-03-25 10:52:08', NULL),
(399, 72, 0, 0, '2025-03-22', 1, '', NULL, NULL, 'no', '2025-03-25 10:52:08', NULL),
(400, 83, 0, 0, '2025-03-22', 1, '', NULL, NULL, 'no', '2025-03-25 10:52:08', NULL),
(401, 46, 0, 0, '2025-03-25', 1, '', NULL, NULL, 'no', '2025-03-25 10:54:20', NULL),
(402, 48, 0, 0, '2025-03-25', 1, '', NULL, NULL, 'no', '2025-03-25 10:54:20', NULL),
(403, 50, 0, 0, '2025-03-25', 1, '', NULL, NULL, 'no', '2025-03-25 10:54:20', NULL),
(404, 57, 0, 0, '2025-03-25', 1, '', NULL, NULL, 'no', '2025-03-25 10:54:20', NULL),
(405, 74, 0, 0, '2025-03-25', 1, '', NULL, NULL, 'no', '2025-03-25 10:54:20', NULL),
(406, 75, 0, 0, '2025-03-25', 1, '', NULL, NULL, 'no', '2025-03-25 10:54:20', NULL),
(407, 80, 0, 0, '2025-03-25', 1, '', NULL, NULL, 'no', '2025-03-25 10:54:20', NULL),
(408, 81, 0, 0, '2025-03-25', 1, '', NULL, NULL, 'no', '2025-03-25 10:54:20', NULL),
(409, 88, 0, 0, '2025-03-25', 1, '', NULL, NULL, 'no', '2025-03-25 10:54:20', NULL),
(410, 41, 0, 0, '2025-03-25', 1, '', NULL, NULL, 'no', '2025-03-25 10:54:20', NULL),
(411, 54, 0, 0, '2025-03-25', 1, '', NULL, NULL, 'no', '2025-03-25 10:54:20', NULL),
(412, 55, 0, 0, '2025-03-25', 1, '', NULL, NULL, 'no', '2025-03-25 10:54:20', NULL),
(413, 86, 0, 0, '2025-03-25', 1, '', NULL, NULL, 'no', '2025-03-25 10:54:20', NULL),
(414, 47, 0, 0, '2025-03-25', 1, '', NULL, NULL, 'no', '2025-03-25 10:54:20', NULL),
(415, 67, 0, 0, '2025-03-25', 1, '', NULL, NULL, 'no', '2025-03-25 10:54:20', NULL),
(416, 73, 0, 0, '2025-03-25', 1, '', NULL, NULL, 'no', '2025-03-25 10:54:20', NULL),
(417, 89, 0, 0, '2025-03-25', 1, '', NULL, NULL, 'no', '2025-03-25 10:54:20', NULL),
(418, 90, 0, 0, '2025-03-25', 1, '', NULL, NULL, 'no', '2025-03-25 10:54:20', NULL),
(419, 51, 0, 0, '2025-03-25', 1, '', NULL, NULL, 'no', '2025-03-25 10:54:20', NULL),
(420, 56, 0, 0, '2025-03-25', 1, '', NULL, NULL, 'no', '2025-03-25 10:54:20', NULL),
(421, 58, 0, 0, '2025-03-25', 1, '', NULL, NULL, 'no', '2025-03-25 10:54:20', NULL),
(422, 70, 0, 0, '2025-03-25', 1, '', NULL, NULL, 'no', '2025-03-25 10:54:20', NULL),
(423, 85, 0, 0, '2025-03-25', 1, '', NULL, NULL, 'no', '2025-03-25 10:54:20', NULL),
(424, 42, 0, 0, '2025-03-25', 1, '', NULL, NULL, 'no', '2025-03-25 10:54:20', NULL),
(425, 44, 0, 0, '2025-03-25', 1, '', NULL, NULL, 'no', '2025-03-25 10:54:20', NULL),
(426, 45, 0, 0, '2025-03-25', 1, '', NULL, NULL, 'no', '2025-03-25 10:54:20', NULL),
(427, 52, 0, 0, '2025-03-25', 1, '', NULL, NULL, 'no', '2025-03-25 10:54:20', NULL),
(428, 60, 0, 0, '2025-03-25', 1, '', NULL, NULL, 'no', '2025-03-25 10:54:20', NULL),
(429, 63, 0, 0, '2025-03-25', 1, '', NULL, NULL, 'no', '2025-03-25 10:54:20', NULL),
(430, 68, 0, 0, '2025-03-25', 1, '', NULL, NULL, 'no', '2025-03-25 10:54:20', NULL),
(431, 71, 0, 0, '2025-03-25', 1, '', NULL, NULL, 'no', '2025-03-25 10:54:20', NULL),
(432, 77, 0, 0, '2025-03-25', 1, '', NULL, NULL, 'no', '2025-03-25 10:54:20', NULL),
(433, 87, 0, 0, '2025-03-25', 1, '', NULL, NULL, 'no', '2025-03-25 10:54:20', NULL),
(434, 49, 0, 0, '2025-03-25', 1, '', NULL, NULL, 'no', '2025-03-25 10:54:20', NULL),
(435, 59, 0, 0, '2025-03-25', 1, '', NULL, NULL, 'no', '2025-03-25 10:54:20', NULL),
(436, 61, 0, 0, '2025-03-25', 1, '', NULL, NULL, 'no', '2025-03-25 10:54:20', NULL),
(437, 64, 0, 0, '2025-03-25', 1, '', NULL, NULL, 'no', '2025-03-25 10:54:20', NULL),
(438, 82, 0, 0, '2025-03-25', 1, '', NULL, NULL, 'no', '2025-03-25 10:54:20', NULL),
(439, 84, 0, 0, '2025-03-25', 1, '', NULL, NULL, 'no', '2025-03-25 10:54:20', NULL),
(440, 43, 0, 0, '2025-03-25', 1, '', NULL, NULL, 'no', '2025-03-25 10:54:20', NULL),
(441, 62, 0, 0, '2025-03-25', 1, '', NULL, NULL, 'no', '2025-03-25 10:54:20', NULL),
(442, 78, 0, 0, '2025-03-25', 1, '', NULL, NULL, 'no', '2025-03-25 10:54:20', NULL),
(443, 79, 0, 0, '2025-03-25', 1, '', NULL, NULL, 'no', '2025-03-25 10:54:20', NULL),
(444, 65, 0, 0, '2025-03-25', 1, '', NULL, NULL, 'no', '2025-03-25 10:54:20', NULL),
(445, 66, 0, 0, '2025-03-25', 1, '', NULL, NULL, 'no', '2025-03-25 10:54:20', NULL),
(446, 69, 0, 0, '2025-03-25', 1, '', NULL, NULL, 'no', '2025-03-25 10:54:20', NULL),
(447, 76, 0, 0, '2025-03-25', 1, '', NULL, NULL, 'no', '2025-03-25 10:54:20', NULL),
(448, 53, 0, 0, '2025-03-25', 1, '', NULL, NULL, 'no', '2025-03-25 10:54:20', NULL),
(449, 72, 0, 0, '2025-03-25', 1, '', NULL, NULL, 'no', '2025-03-25 10:54:20', NULL),
(450, 83, 0, 0, '2025-03-25', 1, '', NULL, NULL, 'no', '2025-03-25 10:54:20', NULL),
(451, 46, 0, 0, '2025-03-27', 1, '', NULL, NULL, 'no', '2025-03-25 10:56:58', NULL),
(452, 48, 0, 0, '2025-03-27', 1, '', NULL, NULL, 'no', '2025-03-25 10:56:58', NULL),
(453, 50, 0, 0, '2025-03-27', 1, '', NULL, NULL, 'no', '2025-03-25 10:56:58', NULL),
(454, 57, 0, 0, '2025-03-27', 1, '', NULL, NULL, 'no', '2025-03-25 10:56:58', NULL),
(455, 74, 0, 0, '2025-03-27', 1, '', NULL, NULL, 'no', '2025-03-25 10:56:58', NULL),
(456, 75, 0, 0, '2025-03-27', 1, '', NULL, NULL, 'no', '2025-03-25 10:56:58', NULL),
(457, 80, 0, 0, '2025-03-27', 1, '', NULL, NULL, 'no', '2025-03-25 10:56:58', NULL),
(458, 81, 0, 0, '2025-03-27', 1, '', NULL, NULL, 'no', '2025-03-25 10:56:58', NULL),
(459, 88, 0, 0, '2025-03-27', 1, '', NULL, NULL, 'no', '2025-03-25 10:56:58', NULL),
(460, 41, 0, 0, '2025-03-27', 1, '', NULL, NULL, 'no', '2025-03-25 10:56:58', NULL),
(461, 54, 0, 0, '2025-03-27', 1, '', NULL, NULL, 'no', '2025-03-25 10:56:58', NULL),
(462, 55, 0, 0, '2025-03-27', 1, '', NULL, NULL, 'no', '2025-03-25 10:56:58', NULL),
(463, 86, 0, 0, '2025-03-27', 1, '', NULL, NULL, 'no', '2025-03-25 10:56:58', NULL),
(464, 47, 0, 0, '2025-03-27', 1, '', NULL, NULL, 'no', '2025-03-25 10:56:58', NULL),
(465, 67, 0, 0, '2025-03-27', 1, '', NULL, NULL, 'no', '2025-03-25 10:56:58', NULL),
(466, 73, 0, 0, '2025-03-27', 4, '', NULL, NULL, 'no', '2025-03-25 10:56:58', NULL),
(467, 89, 0, 0, '2025-03-27', 1, '', NULL, NULL, 'no', '2025-03-25 10:56:58', NULL),
(468, 90, 0, 0, '2025-03-27', 4, '', NULL, NULL, 'no', '2025-03-25 10:56:58', NULL),
(469, 51, 0, 0, '2025-03-27', 1, '', NULL, NULL, 'no', '2025-03-25 10:56:58', NULL),
(470, 56, 0, 0, '2025-03-27', 1, '', NULL, NULL, 'no', '2025-03-25 10:56:58', NULL),
(471, 58, 0, 0, '2025-03-27', 1, '', NULL, NULL, 'no', '2025-03-25 10:56:58', NULL),
(472, 70, 0, 0, '2025-03-27', 1, '', NULL, NULL, 'no', '2025-03-25 10:56:58', NULL),
(473, 85, 0, 0, '2025-03-27', 1, '', NULL, NULL, 'no', '2025-03-25 10:56:58', NULL),
(474, 42, 0, 0, '2025-03-27', 1, '', NULL, NULL, 'no', '2025-03-25 10:56:58', NULL),
(475, 44, 0, 0, '2025-03-27', 1, '', NULL, NULL, 'no', '2025-03-25 10:56:58', NULL),
(476, 45, 0, 0, '2025-03-27', 1, '', NULL, NULL, 'no', '2025-03-25 10:56:58', NULL),
(477, 52, 0, 0, '2025-03-27', 1, '', NULL, NULL, 'no', '2025-03-25 10:56:58', NULL),
(478, 60, 0, 0, '2025-03-27', 1, '', NULL, NULL, 'no', '2025-03-25 10:56:58', NULL),
(479, 63, 0, 0, '2025-03-27', 1, '', NULL, NULL, 'no', '2025-03-25 10:56:58', NULL),
(480, 68, 0, 0, '2025-03-27', 1, '', NULL, NULL, 'no', '2025-03-25 10:56:58', NULL),
(481, 71, 0, 0, '2025-03-27', 1, '', NULL, NULL, 'no', '2025-03-25 10:56:58', NULL),
(482, 77, 0, 0, '2025-03-27', 1, '', NULL, NULL, 'no', '2025-03-25 10:56:58', NULL),
(483, 87, 0, 0, '2025-03-27', 1, '', NULL, NULL, 'no', '2025-03-25 10:56:58', NULL),
(484, 49, 0, 0, '2025-03-27', 1, '', NULL, NULL, 'no', '2025-03-25 10:56:58', NULL),
(485, 59, 0, 0, '2025-03-27', 1, '', NULL, NULL, 'no', '2025-03-25 10:56:58', NULL),
(486, 61, 0, 0, '2025-03-27', 1, '', NULL, NULL, 'no', '2025-03-25 10:56:58', NULL),
(487, 64, 0, 0, '2025-03-27', 1, '', NULL, NULL, 'no', '2025-03-25 10:56:58', NULL),
(488, 82, 0, 0, '2025-03-27', 1, '', NULL, NULL, 'no', '2025-03-25 10:56:58', NULL),
(489, 84, 0, 0, '2025-03-27', 1, '', NULL, NULL, 'no', '2025-03-25 10:56:58', NULL),
(490, 43, 0, 0, '2025-03-27', 1, '', NULL, NULL, 'no', '2025-03-25 10:56:58', NULL),
(491, 62, 0, 0, '2025-03-27', 1, '', NULL, NULL, 'no', '2025-03-25 10:56:58', NULL),
(492, 78, 0, 0, '2025-03-27', 1, '', NULL, NULL, 'no', '2025-03-25 10:56:58', NULL),
(493, 79, 0, 0, '2025-03-27', 1, '', NULL, NULL, 'no', '2025-03-25 10:56:58', NULL),
(494, 65, 0, 0, '2025-03-27', 1, '', NULL, NULL, 'no', '2025-03-25 10:56:58', NULL),
(495, 66, 0, 0, '2025-03-27', 1, '', NULL, NULL, 'no', '2025-03-25 10:56:58', NULL),
(496, 69, 0, 0, '2025-03-27', 1, '', NULL, NULL, 'no', '2025-03-25 10:56:58', NULL),
(497, 76, 0, 0, '2025-03-27', 1, '', NULL, NULL, 'no', '2025-03-25 10:56:58', NULL),
(498, 53, 0, 0, '2025-03-27', 4, '', NULL, NULL, 'no', '2025-03-25 10:56:58', NULL),
(499, 72, 0, 0, '2025-03-27', 4, '', NULL, NULL, 'no', '2025-03-25 10:56:58', NULL),
(500, 83, 0, 0, '2025-03-27', 1, '', NULL, NULL, 'no', '2025-03-25 10:56:58', NULL),
(501, 46, 0, 0, '2025-03-28', 4, '', NULL, NULL, 'no', '2025-04-02 10:38:54', NULL),
(502, 48, 0, 0, '2025-03-28', 4, '', NULL, NULL, 'no', '2025-04-02 10:38:54', NULL),
(503, 50, 0, 0, '2025-03-28', 4, '', NULL, NULL, 'no', '2025-04-02 10:38:54', NULL),
(504, 57, 0, 0, '2025-03-28', 4, '', NULL, NULL, 'no', '2025-04-02 10:38:54', NULL),
(505, 74, 0, 0, '2025-03-28', 4, '', NULL, NULL, 'no', '2025-04-02 10:38:54', NULL),
(506, 75, 0, 0, '2025-03-28', 4, '', NULL, NULL, 'no', '2025-04-02 10:38:54', NULL),
(507, 80, 0, 0, '2025-03-28', 4, '', NULL, NULL, 'no', '2025-04-02 10:38:54', NULL),
(508, 81, 0, 0, '2025-03-28', 4, '', NULL, NULL, 'no', '2025-04-02 10:38:54', NULL),
(509, 88, 0, 0, '2025-03-28', 4, '', NULL, NULL, 'no', '2025-04-02 10:38:54', NULL),
(510, 41, 0, 0, '2025-03-28', 4, '', NULL, NULL, 'no', '2025-04-02 10:38:54', NULL),
(511, 54, 0, 0, '2025-03-28', 4, '', NULL, NULL, 'no', '2025-04-02 10:38:54', NULL),
(512, 55, 0, 0, '2025-03-28', 4, '', NULL, NULL, 'no', '2025-04-02 10:38:54', NULL),
(513, 86, 0, 0, '2025-03-28', 4, '', NULL, NULL, 'no', '2025-04-02 10:38:54', NULL),
(514, 47, 0, 0, '2025-03-28', 4, '', NULL, NULL, 'no', '2025-04-02 10:38:54', NULL),
(515, 67, 0, 0, '2025-03-28', 4, '', NULL, NULL, 'no', '2025-04-02 10:38:54', NULL),
(516, 73, 0, 0, '2025-03-28', 4, '', NULL, NULL, 'no', '2025-04-02 10:38:54', NULL),
(517, 89, 0, 0, '2025-03-28', 4, '', NULL, NULL, 'no', '2025-04-02 10:38:54', NULL),
(518, 90, 0, 0, '2025-03-28', 4, '', NULL, NULL, 'no', '2025-04-02 10:38:54', NULL),
(519, 51, 0, 0, '2025-03-28', 4, '', NULL, NULL, 'no', '2025-04-02 10:38:54', NULL),
(520, 56, 0, 0, '2025-03-28', 4, '', NULL, NULL, 'no', '2025-04-02 10:38:54', NULL),
(521, 58, 0, 0, '2025-03-28', 4, '', NULL, NULL, 'no', '2025-04-02 10:38:54', NULL),
(522, 70, 0, 0, '2025-03-28', 4, '', NULL, NULL, 'no', '2025-04-02 10:38:54', NULL),
(523, 85, 0, 0, '2025-03-28', 4, '', NULL, NULL, 'no', '2025-04-02 10:38:54', NULL),
(524, 42, 0, 0, '2025-03-28', 4, '', NULL, NULL, 'no', '2025-04-02 10:38:54', NULL),
(525, 44, 0, 0, '2025-03-28', 4, '', NULL, NULL, 'no', '2025-04-02 10:38:54', NULL),
(526, 45, 0, 0, '2025-03-28', 4, '', NULL, NULL, 'no', '2025-04-02 10:38:54', NULL),
(527, 52, 0, 0, '2025-03-28', 4, '', NULL, NULL, 'no', '2025-04-02 10:38:54', NULL),
(528, 60, 0, 0, '2025-03-28', 4, '', NULL, NULL, 'no', '2025-04-02 10:38:54', NULL),
(529, 63, 0, 0, '2025-03-28', 4, '', NULL, NULL, 'no', '2025-04-02 10:38:54', NULL),
(530, 68, 0, 0, '2025-03-28', 4, '', NULL, NULL, 'no', '2025-04-02 10:38:54', NULL),
(531, 71, 0, 0, '2025-03-28', 4, '', NULL, NULL, 'no', '2025-04-02 10:38:54', NULL),
(532, 77, 0, 0, '2025-03-28', 4, '', NULL, NULL, 'no', '2025-04-02 10:38:54', NULL),
(533, 87, 0, 0, '2025-03-28', 4, '', NULL, NULL, 'no', '2025-04-02 10:38:54', NULL),
(534, 49, 0, 0, '2025-03-28', 4, '', NULL, NULL, 'no', '2025-04-02 10:38:54', NULL),
(535, 59, 0, 0, '2025-03-28', 4, '', NULL, NULL, 'no', '2025-04-02 10:38:54', NULL),
(536, 61, 0, 0, '2025-03-28', 4, '', NULL, NULL, 'no', '2025-04-02 10:38:54', NULL),
(537, 64, 0, 0, '2025-03-28', 4, '', NULL, NULL, 'no', '2025-04-02 10:38:54', NULL),
(538, 82, 0, 0, '2025-03-28', 4, '', NULL, NULL, 'no', '2025-04-02 10:38:54', NULL),
(539, 84, 0, 0, '2025-03-28', 4, '', NULL, NULL, 'no', '2025-04-02 10:38:54', NULL),
(540, 43, 0, 0, '2025-03-28', 4, '', NULL, NULL, 'no', '2025-04-02 10:38:54', NULL),
(541, 62, 0, 0, '2025-03-28', 4, '', NULL, NULL, 'no', '2025-04-02 10:38:54', NULL),
(542, 78, 0, 0, '2025-03-28', 4, '', NULL, NULL, 'no', '2025-04-02 10:38:54', NULL),
(543, 79, 0, 0, '2025-03-28', 4, '', NULL, NULL, 'no', '2025-03-25 10:58:29', NULL),
(544, 65, 0, 0, '2025-03-28', 1, '', NULL, NULL, 'no', '2025-03-25 10:58:29', NULL),
(545, 66, 0, 0, '2025-03-28', 1, '', NULL, NULL, 'no', '2025-03-25 10:58:29', NULL),
(546, 69, 0, 0, '2025-03-28', 1, '', NULL, NULL, 'no', '2025-03-25 10:58:29', NULL),
(547, 76, 0, 0, '2025-03-28', 1, '', NULL, NULL, 'no', '2025-04-02 10:38:54', NULL),
(548, 53, 0, 0, '2025-03-28', 1, '', NULL, NULL, 'no', '2025-03-25 10:58:29', NULL),
(549, 72, 0, 0, '2025-03-28', 1, '', NULL, NULL, 'no', '2025-03-25 10:58:29', NULL),
(550, 83, 0, 0, '2025-03-28', 1, '', NULL, NULL, 'no', '2025-03-25 10:58:29', NULL),
(551, 46, 0, 0, '2025-03-29', 4, '', NULL, NULL, 'no', '2025-03-25 11:02:45', NULL),
(552, 48, 0, 0, '2025-03-29', 1, '', NULL, NULL, 'no', '2025-03-25 11:02:45', NULL),
(553, 50, 0, 0, '2025-03-29', 1, '', NULL, NULL, 'no', '2025-03-25 11:02:45', NULL),
(554, 57, 0, 0, '2025-03-29', 1, '', NULL, NULL, 'no', '2025-03-25 11:02:45', NULL),
(555, 74, 0, 0, '2025-03-29', 1, '', NULL, NULL, 'no', '2025-03-25 11:02:45', NULL),
(556, 75, 0, 0, '2025-03-29', 1, '', NULL, NULL, 'no', '2025-03-25 11:02:45', NULL),
(557, 80, 0, 0, '2025-03-29', 1, '', NULL, NULL, 'no', '2025-03-25 11:02:45', NULL),
(558, 81, 0, 0, '2025-03-29', 4, '', NULL, NULL, 'no', '2025-03-25 11:02:45', NULL),
(559, 88, 0, 0, '2025-03-29', 4, '', NULL, NULL, 'no', '2025-03-25 11:02:45', NULL),
(560, 41, 0, 0, '2025-03-29', 1, '', NULL, NULL, 'no', '2025-03-25 11:02:45', NULL),
(561, 54, 0, 0, '2025-03-29', 1, '', NULL, NULL, 'no', '2025-03-25 11:02:45', NULL),
(562, 55, 0, 0, '2025-03-29', 1, '', NULL, NULL, 'no', '2025-03-25 11:02:45', NULL),
(563, 86, 0, 0, '2025-03-29', 1, '', NULL, NULL, 'no', '2025-03-25 11:02:45', NULL),
(564, 47, 0, 0, '2025-03-29', 1, '', NULL, NULL, 'no', '2025-03-25 11:02:45', NULL),
(565, 67, 0, 0, '2025-03-29', 1, '', NULL, NULL, 'no', '2025-03-25 11:02:45', NULL),
(566, 73, 0, 0, '2025-03-29', 1, '', NULL, NULL, 'no', '2025-03-25 11:02:45', NULL),
(567, 89, 0, 0, '2025-03-29', 1, '', NULL, NULL, 'no', '2025-03-25 11:02:45', NULL),
(568, 90, 0, 0, '2025-03-29', 1, '', NULL, NULL, 'no', '2025-03-25 11:02:45', NULL),
(569, 51, 0, 0, '2025-03-29', 1, '', NULL, NULL, 'no', '2025-03-25 11:02:45', NULL),
(570, 56, 0, 0, '2025-03-29', 1, '', NULL, NULL, 'no', '2025-03-25 11:02:45', NULL),
(571, 58, 0, 0, '2025-03-29', 1, '', NULL, NULL, 'no', '2025-03-25 11:02:45', NULL),
(572, 70, 0, 0, '2025-03-29', 1, '', NULL, NULL, 'no', '2025-03-25 11:02:45', NULL),
(573, 85, 0, 0, '2025-03-29', 1, '', NULL, NULL, 'no', '2025-03-25 11:02:45', NULL),
(574, 42, 0, 0, '2025-03-29', 1, '', NULL, NULL, 'no', '2025-03-25 11:02:45', NULL),
(575, 44, 0, 0, '2025-03-29', 1, '', NULL, NULL, 'no', '2025-03-25 11:02:45', NULL),
(576, 45, 0, 0, '2025-03-29', 1, '', NULL, NULL, 'no', '2025-03-25 11:02:45', NULL),
(577, 52, 0, 0, '2025-03-29', 4, '', NULL, NULL, 'no', '2025-03-25 11:02:45', NULL),
(578, 60, 0, 0, '2025-03-29', 1, '', NULL, NULL, 'no', '2025-03-25 11:02:45', NULL),
(579, 63, 0, 0, '2025-03-29', 1, '', NULL, NULL, 'no', '2025-03-25 11:02:45', NULL),
(580, 68, 0, 0, '2025-03-29', 1, '', NULL, NULL, 'no', '2025-03-25 11:02:45', NULL),
(581, 71, 0, 0, '2025-03-29', 1, '', NULL, NULL, 'no', '2025-03-25 11:02:45', NULL),
(582, 77, 0, 0, '2025-03-29', 1, '', NULL, NULL, 'no', '2025-03-25 11:02:45', NULL),
(583, 87, 0, 0, '2025-03-29', 1, '', NULL, NULL, 'no', '2025-03-25 11:02:45', NULL),
(584, 49, 0, 0, '2025-03-29', 1, '', NULL, NULL, 'no', '2025-03-25 11:02:45', NULL),
(585, 59, 0, 0, '2025-03-29', 1, '', NULL, NULL, 'no', '2025-03-25 11:02:45', NULL),
(586, 61, 0, 0, '2025-03-29', 1, '', NULL, NULL, 'no', '2025-03-25 11:02:45', NULL),
(587, 64, 0, 0, '2025-03-29', 1, '', NULL, NULL, 'no', '2025-03-25 11:02:45', NULL),
(588, 82, 0, 0, '2025-03-29', 1, '', NULL, NULL, 'no', '2025-03-25 11:02:45', NULL),
(589, 84, 0, 0, '2025-03-29', 1, '', NULL, NULL, 'no', '2025-03-25 11:02:45', NULL),
(590, 43, 0, 0, '2025-03-29', 1, '', NULL, NULL, 'no', '2025-03-25 11:02:45', NULL),
(591, 62, 0, 0, '2025-03-29', 1, '', NULL, NULL, 'no', '2025-03-25 11:02:45', NULL),
(592, 78, 0, 0, '2025-03-29', 1, '', NULL, NULL, 'no', '2025-03-25 11:02:45', NULL),
(593, 79, 0, 0, '2025-03-29', 1, '', NULL, NULL, 'no', '2025-03-25 11:02:45', NULL),
(594, 65, 0, 0, '2025-03-29', 1, '', NULL, NULL, 'no', '2025-03-25 11:02:45', NULL),
(595, 66, 0, 0, '2025-03-29', 1, '', NULL, NULL, 'no', '2025-03-25 11:02:45', NULL),
(596, 69, 0, 0, '2025-03-29', 1, '', NULL, NULL, 'no', '2025-03-25 11:02:45', NULL),
(597, 76, 0, 0, '2025-03-29', 1, '', NULL, NULL, 'no', '2025-03-25 11:02:45', NULL),
(598, 53, 0, 0, '2025-03-29', 1, '', NULL, NULL, 'no', '2025-03-25 11:02:45', NULL),
(599, 72, 0, 0, '2025-03-29', 4, '', NULL, NULL, 'no', '2025-03-25 11:02:45', NULL),
(600, 83, 0, 0, '2025-03-29', 1, '', NULL, NULL, 'no', '2025-03-25 11:02:45', NULL);
INSERT INTO `student_attendences` (`id`, `student_session_id`, `biometric_attendence`, `qrcode_attendance`, `date`, `attendence_type_id`, `remark`, `biometric_device_data`, `user_agent`, `is_active`, `created_at`, `updated_at`) VALUES
(601, 46, 0, 0, '2025-03-01', 1, '', NULL, NULL, 'no', '2025-03-25 11:05:45', NULL),
(602, 48, 0, 0, '2025-03-01', 1, '', NULL, NULL, 'no', '2025-03-25 11:05:45', NULL),
(603, 50, 0, 0, '2025-03-01', 1, '', NULL, NULL, 'no', '2025-03-25 11:05:45', NULL),
(604, 57, 0, 0, '2025-03-01', 1, '', NULL, NULL, 'no', '2025-03-25 11:05:45', NULL),
(605, 74, 0, 0, '2025-03-01', 4, '', NULL, NULL, 'no', '2025-03-25 11:05:45', NULL),
(606, 75, 0, 0, '2025-03-01', 1, '', NULL, NULL, 'no', '2025-03-25 11:05:45', NULL),
(607, 80, 0, 0, '2025-03-01', 4, '', NULL, NULL, 'no', '2025-03-25 11:05:45', NULL),
(608, 81, 0, 0, '2025-03-01', 1, '', NULL, NULL, 'no', '2025-03-25 11:05:45', NULL),
(609, 88, 0, 0, '2025-03-01', 1, '', NULL, NULL, 'no', '2025-03-25 11:05:45', NULL),
(610, 41, 0, 0, '2025-03-01', 1, '', NULL, NULL, 'no', '2025-03-25 11:05:45', NULL),
(611, 54, 0, 0, '2025-03-01', 1, '', NULL, NULL, 'no', '2025-03-25 11:05:45', NULL),
(612, 55, 0, 0, '2025-03-01', 1, '', NULL, NULL, 'no', '2025-03-25 11:05:45', NULL),
(613, 86, 0, 0, '2025-03-01', 1, '', NULL, NULL, 'no', '2025-03-25 11:05:45', NULL),
(614, 47, 0, 0, '2025-03-01', 1, '', NULL, NULL, 'no', '2025-03-25 11:05:45', NULL),
(615, 67, 0, 0, '2025-03-01', 1, '', NULL, NULL, 'no', '2025-03-25 11:05:45', NULL),
(616, 73, 0, 0, '2025-03-01', 1, '', NULL, NULL, 'no', '2025-03-25 11:05:45', NULL),
(617, 89, 0, 0, '2025-03-01', 1, '', NULL, NULL, 'no', '2025-03-25 11:05:45', NULL),
(618, 90, 0, 0, '2025-03-01', 1, '', NULL, NULL, 'no', '2025-03-25 11:05:45', NULL),
(619, 51, 0, 0, '2025-03-01', 1, '', NULL, NULL, 'no', '2025-03-25 11:05:45', NULL),
(620, 56, 0, 0, '2025-03-01', 1, '', NULL, NULL, 'no', '2025-03-25 11:05:45', NULL),
(621, 58, 0, 0, '2025-03-01', 1, '', NULL, NULL, 'no', '2025-03-25 11:05:45', NULL),
(622, 70, 0, 0, '2025-03-01', 1, '', NULL, NULL, 'no', '2025-03-25 11:05:45', NULL),
(623, 85, 0, 0, '2025-03-01', 1, '', NULL, NULL, 'no', '2025-03-25 11:05:45', NULL),
(624, 42, 0, 0, '2025-03-01', 1, '', NULL, NULL, 'no', '2025-03-25 11:05:45', NULL),
(625, 44, 0, 0, '2025-03-01', 1, '', NULL, NULL, 'no', '2025-03-25 11:05:45', NULL),
(626, 45, 0, 0, '2025-03-01', 1, '', NULL, NULL, 'no', '2025-03-25 11:05:45', NULL),
(627, 52, 0, 0, '2025-03-01', 4, '', NULL, NULL, 'no', '2025-03-25 11:05:45', NULL),
(628, 60, 0, 0, '2025-03-01', 4, '', NULL, NULL, 'no', '2025-03-25 11:05:45', NULL),
(629, 63, 0, 0, '2025-03-01', 1, '', NULL, NULL, 'no', '2025-03-25 11:05:45', NULL),
(630, 68, 0, 0, '2025-03-01', 1, '', NULL, NULL, 'no', '2025-03-25 11:05:45', NULL),
(631, 71, 0, 0, '2025-03-01', 1, '', NULL, NULL, 'no', '2025-03-25 11:05:45', NULL),
(632, 77, 0, 0, '2025-03-01', 1, '', NULL, NULL, 'no', '2025-03-25 11:05:45', NULL),
(633, 87, 0, 0, '2025-03-01', 1, '', NULL, NULL, 'no', '2025-03-25 11:05:45', NULL),
(634, 49, 0, 0, '2025-03-01', 1, '', NULL, NULL, 'no', '2025-03-25 11:05:45', NULL),
(635, 59, 0, 0, '2025-03-01', 1, '', NULL, NULL, 'no', '2025-03-25 11:05:45', NULL),
(636, 61, 0, 0, '2025-03-01', 1, '', NULL, NULL, 'no', '2025-03-25 11:05:45', NULL),
(637, 64, 0, 0, '2025-03-01', 1, '', NULL, NULL, 'no', '2025-03-25 11:05:45', NULL),
(638, 82, 0, 0, '2025-03-01', 1, '', NULL, NULL, 'no', '2025-03-25 11:05:45', NULL),
(639, 84, 0, 0, '2025-03-01', 1, '', NULL, NULL, 'no', '2025-03-25 11:05:45', NULL),
(640, 43, 0, 0, '2025-03-01', 1, '', NULL, NULL, 'no', '2025-03-25 11:05:45', NULL),
(641, 62, 0, 0, '2025-03-01', 1, '', NULL, NULL, 'no', '2025-03-25 11:05:45', NULL),
(642, 78, 0, 0, '2025-03-01', 1, '', NULL, NULL, 'no', '2025-03-25 11:05:45', NULL),
(643, 79, 0, 0, '2025-03-01', 1, '', NULL, NULL, 'no', '2025-03-25 11:05:45', NULL),
(644, 65, 0, 0, '2025-03-01', 1, '', NULL, NULL, 'no', '2025-03-25 11:05:45', NULL),
(645, 66, 0, 0, '2025-03-01', 1, '', NULL, NULL, 'no', '2025-03-25 11:05:45', NULL),
(646, 69, 0, 0, '2025-03-01', 1, '', NULL, NULL, 'no', '2025-03-25 11:05:45', NULL),
(647, 76, 0, 0, '2025-03-01', 1, '', NULL, NULL, 'no', '2025-03-25 11:05:45', NULL),
(648, 53, 0, 0, '2025-03-01', 1, '', NULL, NULL, 'no', '2025-03-25 11:05:45', NULL),
(649, 72, 0, 0, '2025-03-01', 1, '', NULL, NULL, 'no', '2025-03-25 11:05:45', NULL),
(650, 83, 0, 0, '2025-03-01', 1, '', NULL, NULL, 'no', '2025-03-25 11:05:45', NULL),
(651, 46, 0, 0, '2025-03-02', 1, '', NULL, NULL, 'no', '2025-03-25 11:06:41', NULL),
(652, 48, 0, 0, '2025-03-02', 1, '', NULL, NULL, 'no', '2025-03-25 11:06:41', NULL),
(653, 50, 0, 0, '2025-03-02', 1, '', NULL, NULL, 'no', '2025-03-25 11:06:41', NULL),
(654, 57, 0, 0, '2025-03-02', 1, '', NULL, NULL, 'no', '2025-03-25 11:06:41', NULL),
(655, 74, 0, 0, '2025-03-02', 1, '', NULL, NULL, 'no', '2025-03-25 11:06:41', NULL),
(656, 75, 0, 0, '2025-03-02', 1, '', NULL, NULL, 'no', '2025-03-25 11:06:41', NULL),
(657, 80, 0, 0, '2025-03-02', 1, '', NULL, NULL, 'no', '2025-03-25 11:06:41', NULL),
(658, 81, 0, 0, '2025-03-02', 1, '', NULL, NULL, 'no', '2025-03-25 11:06:41', NULL),
(659, 88, 0, 0, '2025-03-02', 1, '', NULL, NULL, 'no', '2025-03-25 11:06:41', NULL),
(660, 41, 0, 0, '2025-03-02', 1, '', NULL, NULL, 'no', '2025-03-25 11:06:41', NULL),
(661, 54, 0, 0, '2025-03-02', 4, '', NULL, NULL, 'no', '2025-03-25 11:06:41', NULL),
(662, 55, 0, 0, '2025-03-02', 1, '', NULL, NULL, 'no', '2025-03-25 11:06:41', NULL),
(663, 86, 0, 0, '2025-03-02', 1, '', NULL, NULL, 'no', '2025-03-25 11:06:41', NULL),
(664, 47, 0, 0, '2025-03-02', 1, '', NULL, NULL, 'no', '2025-03-25 11:06:41', NULL),
(665, 67, 0, 0, '2025-03-02', 1, '', NULL, NULL, 'no', '2025-03-25 11:06:41', NULL),
(666, 73, 0, 0, '2025-03-02', 1, '', NULL, NULL, 'no', '2025-03-25 11:06:41', NULL),
(667, 89, 0, 0, '2025-03-02', 1, '', NULL, NULL, 'no', '2025-03-25 11:06:41', NULL),
(668, 90, 0, 0, '2025-03-02', 1, '', NULL, NULL, 'no', '2025-03-25 11:06:41', NULL),
(669, 51, 0, 0, '2025-03-02', 6, '', NULL, NULL, 'no', '2025-03-25 11:06:41', NULL),
(670, 56, 0, 0, '2025-03-02', 1, '', NULL, NULL, 'no', '2025-03-25 11:06:41', NULL),
(671, 58, 0, 0, '2025-03-02', 1, '', NULL, NULL, 'no', '2025-03-25 11:06:41', NULL),
(672, 70, 0, 0, '2025-03-02', 1, '', NULL, NULL, 'no', '2025-03-25 11:06:41', NULL),
(673, 85, 0, 0, '2025-03-02', 1, '', NULL, NULL, 'no', '2025-03-25 11:06:41', NULL),
(674, 42, 0, 0, '2025-03-02', 1, '', NULL, NULL, 'no', '2025-03-25 11:06:41', NULL),
(675, 44, 0, 0, '2025-03-02', 4, '', NULL, NULL, 'no', '2025-03-25 11:06:41', NULL),
(676, 45, 0, 0, '2025-03-02', 1, '', NULL, NULL, 'no', '2025-03-25 11:06:41', NULL),
(677, 52, 0, 0, '2025-03-02', 1, '', NULL, NULL, 'no', '2025-03-25 11:06:41', NULL),
(678, 60, 0, 0, '2025-03-02', 1, '', NULL, NULL, 'no', '2025-03-25 11:06:41', NULL),
(679, 63, 0, 0, '2025-03-02', 1, '', NULL, NULL, 'no', '2025-03-25 11:06:41', NULL),
(680, 68, 0, 0, '2025-03-02', 1, '', NULL, NULL, 'no', '2025-03-25 11:06:41', NULL),
(681, 71, 0, 0, '2025-03-02', 1, '', NULL, NULL, 'no', '2025-03-25 11:06:41', NULL),
(682, 77, 0, 0, '2025-03-02', 4, '', NULL, NULL, 'no', '2025-03-25 11:06:41', NULL),
(683, 87, 0, 0, '2025-03-02', 1, '', NULL, NULL, 'no', '2025-03-25 11:06:41', NULL),
(684, 49, 0, 0, '2025-03-02', 1, '', NULL, NULL, 'no', '2025-03-25 11:06:41', NULL),
(685, 59, 0, 0, '2025-03-02', 1, '', NULL, NULL, 'no', '2025-03-25 11:06:41', NULL),
(686, 61, 0, 0, '2025-03-02', 1, '', NULL, NULL, 'no', '2025-03-25 11:06:41', NULL),
(687, 64, 0, 0, '2025-03-02', 1, '', NULL, NULL, 'no', '2025-03-25 11:06:41', NULL),
(688, 82, 0, 0, '2025-03-02', 1, '', NULL, NULL, 'no', '2025-03-25 11:06:41', NULL),
(689, 84, 0, 0, '2025-03-02', 1, '', NULL, NULL, 'no', '2025-03-25 11:06:41', NULL),
(690, 43, 0, 0, '2025-03-02', 1, '', NULL, NULL, 'no', '2025-03-25 11:06:41', NULL),
(691, 62, 0, 0, '2025-03-02', 1, '', NULL, NULL, 'no', '2025-03-25 11:06:41', NULL),
(692, 78, 0, 0, '2025-03-02', 1, '', NULL, NULL, 'no', '2025-03-25 11:06:41', NULL),
(693, 79, 0, 0, '2025-03-02', 4, '', NULL, NULL, 'no', '2025-03-25 11:06:41', NULL),
(694, 65, 0, 0, '2025-03-02', 1, '', NULL, NULL, 'no', '2025-03-25 11:06:41', NULL),
(695, 66, 0, 0, '2025-03-02', 1, '', NULL, NULL, 'no', '2025-03-25 11:06:41', NULL),
(696, 69, 0, 0, '2025-03-02', 1, '', NULL, NULL, 'no', '2025-03-25 11:06:41', NULL),
(697, 76, 0, 0, '2025-03-02', 1, '', NULL, NULL, 'no', '2025-03-25 11:06:41', NULL),
(698, 53, 0, 0, '2025-03-02', 1, '', NULL, NULL, 'no', '2025-03-25 11:06:41', NULL),
(699, 72, 0, 0, '2025-03-02', 1, '', NULL, NULL, 'no', '2025-03-25 11:06:41', NULL),
(700, 83, 0, 0, '2025-03-02', 1, '', NULL, NULL, 'no', '2025-03-25 11:06:41', NULL),
(701, 46, 0, 0, '2025-03-10', 1, '', NULL, NULL, 'no', '2025-03-25 12:54:03', NULL),
(702, 48, 0, 0, '2025-03-10', 4, '', NULL, NULL, 'no', '2025-03-25 12:54:03', NULL),
(703, 50, 0, 0, '2025-03-10', 1, '', NULL, NULL, 'no', '2025-03-25 12:54:03', NULL),
(704, 57, 0, 0, '2025-03-10', 1, '', NULL, NULL, 'no', '2025-03-25 12:54:03', NULL),
(705, 74, 0, 0, '2025-03-10', 1, '', NULL, NULL, 'no', '2025-03-25 12:54:03', NULL),
(706, 75, 0, 0, '2025-03-10', 1, '', NULL, NULL, 'no', '2025-03-25 12:54:03', NULL),
(707, 80, 0, 0, '2025-03-10', 1, '', NULL, NULL, 'no', '2025-03-25 12:54:03', NULL),
(708, 81, 0, 0, '2025-03-10', 1, '', NULL, NULL, 'no', '2025-03-25 12:54:03', NULL),
(709, 88, 0, 0, '2025-03-10', 4, '', NULL, NULL, 'no', '2025-03-25 12:54:03', NULL),
(710, 41, 0, 0, '2025-03-10', 1, '', NULL, NULL, 'no', '2025-03-25 12:54:03', NULL),
(711, 54, 0, 0, '2025-03-10', 1, '', NULL, NULL, 'no', '2025-03-25 12:54:03', NULL),
(712, 55, 0, 0, '2025-03-10', 1, '', NULL, NULL, 'no', '2025-03-25 12:54:03', NULL),
(713, 86, 0, 0, '2025-03-10', 1, '', NULL, NULL, 'no', '2025-03-25 12:54:03', NULL),
(714, 47, 0, 0, '2025-03-10', 1, '', NULL, NULL, 'no', '2025-03-25 12:54:03', NULL),
(715, 67, 0, 0, '2025-03-10', 1, '', NULL, NULL, 'no', '2025-03-25 12:54:03', NULL),
(716, 73, 0, 0, '2025-03-10', 1, '', NULL, NULL, 'no', '2025-03-25 12:54:03', NULL),
(717, 89, 0, 0, '2025-03-10', 1, '', NULL, NULL, 'no', '2025-03-25 12:54:03', NULL),
(718, 90, 0, 0, '2025-03-10', 1, '', NULL, NULL, 'no', '2025-03-25 12:54:03', NULL),
(719, 51, 0, 0, '2025-03-10', 1, '', NULL, NULL, 'no', '2025-03-25 12:54:03', NULL),
(720, 56, 0, 0, '2025-03-10', 1, '', NULL, NULL, 'no', '2025-03-25 12:54:03', NULL),
(721, 58, 0, 0, '2025-03-10', 1, '', NULL, NULL, 'no', '2025-03-25 12:54:03', NULL),
(722, 70, 0, 0, '2025-03-10', 1, '', NULL, NULL, 'no', '2025-03-25 12:54:03', NULL),
(723, 85, 0, 0, '2025-03-10', 1, '', NULL, NULL, 'no', '2025-03-25 12:54:03', NULL),
(724, 42, 0, 0, '2025-03-10', 1, '', NULL, NULL, 'no', '2025-03-25 12:54:03', NULL),
(725, 44, 0, 0, '2025-03-10', 1, '', NULL, NULL, 'no', '2025-03-25 12:54:03', NULL),
(726, 45, 0, 0, '2025-03-10', 1, '', NULL, NULL, 'no', '2025-03-25 12:54:03', NULL),
(727, 52, 0, 0, '2025-03-10', 1, '', NULL, NULL, 'no', '2025-03-25 12:54:03', NULL),
(728, 60, 0, 0, '2025-03-10', 1, '', NULL, NULL, 'no', '2025-03-25 12:54:03', NULL),
(729, 63, 0, 0, '2025-03-10', 1, '', NULL, NULL, 'no', '2025-03-25 12:54:03', NULL),
(730, 68, 0, 0, '2025-03-10', 1, '', NULL, NULL, 'no', '2025-03-25 12:54:03', NULL),
(731, 71, 0, 0, '2025-03-10', 1, '', NULL, NULL, 'no', '2025-03-25 12:54:03', NULL),
(732, 77, 0, 0, '2025-03-10', 1, '', NULL, NULL, 'no', '2025-03-25 12:54:03', NULL),
(733, 87, 0, 0, '2025-03-10', 1, '', NULL, NULL, 'no', '2025-03-25 12:54:03', NULL),
(734, 49, 0, 0, '2025-03-10', 1, '', NULL, NULL, 'no', '2025-03-25 12:54:03', NULL),
(735, 59, 0, 0, '2025-03-10', 1, '', NULL, NULL, 'no', '2025-03-25 12:54:03', NULL),
(736, 61, 0, 0, '2025-03-10', 4, '', NULL, NULL, 'no', '2025-03-25 12:54:03', NULL),
(737, 64, 0, 0, '2025-03-10', 1, '', NULL, NULL, 'no', '2025-03-25 12:54:03', NULL),
(738, 82, 0, 0, '2025-03-10', 1, '', NULL, NULL, 'no', '2025-03-25 12:54:03', NULL),
(739, 84, 0, 0, '2025-03-10', 1, '', NULL, NULL, 'no', '2025-03-25 12:54:03', NULL),
(740, 43, 0, 0, '2025-03-10', 1, '', NULL, NULL, 'no', '2025-03-25 12:54:03', NULL),
(741, 62, 0, 0, '2025-03-10', 1, '', NULL, NULL, 'no', '2025-03-25 12:54:03', NULL),
(742, 78, 0, 0, '2025-03-10', 4, '', NULL, NULL, 'no', '2025-03-25 12:54:03', NULL),
(743, 79, 0, 0, '2025-03-10', 1, '', NULL, NULL, 'no', '2025-03-25 12:54:03', NULL),
(744, 65, 0, 0, '2025-03-10', 1, '', NULL, NULL, 'no', '2025-03-25 12:54:03', NULL),
(745, 66, 0, 0, '2025-03-10', 1, '', NULL, NULL, 'no', '2025-03-25 12:54:03', NULL),
(746, 69, 0, 0, '2025-03-10', 1, '', NULL, NULL, 'no', '2025-03-25 12:54:03', NULL),
(747, 76, 0, 0, '2025-03-10', 4, '', NULL, NULL, 'no', '2025-03-25 12:54:03', NULL),
(748, 53, 0, 0, '2025-03-10', 1, '', NULL, NULL, 'no', '2025-03-25 12:54:03', NULL),
(749, 72, 0, 0, '2025-03-10', 1, '', NULL, NULL, 'no', '2025-03-25 12:54:03', NULL),
(750, 83, 0, 0, '2025-03-10', 4, '', NULL, NULL, 'no', '2025-03-25 12:54:03', NULL),
(751, 46, 0, 0, '2025-03-11', 4, '', NULL, NULL, 'no', '2025-03-25 12:54:35', NULL),
(752, 48, 0, 0, '2025-03-11', 1, '', NULL, NULL, 'no', '2025-03-25 12:54:35', NULL),
(753, 50, 0, 0, '2025-03-11', 1, '', NULL, NULL, 'no', '2025-03-25 12:54:35', NULL),
(754, 57, 0, 0, '2025-03-11', 1, '', NULL, NULL, 'no', '2025-03-25 12:54:35', NULL),
(755, 74, 0, 0, '2025-03-11', 1, '', NULL, NULL, 'no', '2025-03-25 12:54:35', NULL),
(756, 75, 0, 0, '2025-03-11', 1, '', NULL, NULL, 'no', '2025-03-25 12:54:35', NULL),
(757, 80, 0, 0, '2025-03-11', 1, '', NULL, NULL, 'no', '2025-03-25 12:54:35', NULL),
(758, 81, 0, 0, '2025-03-11', 1, '', NULL, NULL, 'no', '2025-03-25 12:54:35', NULL),
(759, 88, 0, 0, '2025-03-11', 4, '', NULL, NULL, 'no', '2025-03-25 12:54:35', NULL),
(760, 41, 0, 0, '2025-03-11', 1, '', NULL, NULL, 'no', '2025-03-25 12:54:35', NULL),
(761, 54, 0, 0, '2025-03-11', 1, '', NULL, NULL, 'no', '2025-03-25 12:54:35', NULL),
(762, 55, 0, 0, '2025-03-11', 1, '', NULL, NULL, 'no', '2025-03-25 12:54:35', NULL),
(763, 86, 0, 0, '2025-03-11', 1, '', NULL, NULL, 'no', '2025-03-25 12:54:35', NULL),
(764, 47, 0, 0, '2025-03-11', 1, '', NULL, NULL, 'no', '2025-03-25 12:54:35', NULL),
(765, 67, 0, 0, '2025-03-11', 1, '', NULL, NULL, 'no', '2025-03-25 12:54:35', NULL),
(766, 73, 0, 0, '2025-03-11', 1, '', NULL, NULL, 'no', '2025-03-25 12:54:35', NULL),
(767, 89, 0, 0, '2025-03-11', 1, '', NULL, NULL, 'no', '2025-03-25 12:54:35', NULL),
(768, 90, 0, 0, '2025-03-11', 1, '', NULL, NULL, 'no', '2025-03-25 12:54:35', NULL),
(769, 51, 0, 0, '2025-03-11', 1, '', NULL, NULL, 'no', '2025-03-25 12:54:35', NULL),
(770, 56, 0, 0, '2025-03-11', 1, '', NULL, NULL, 'no', '2025-03-25 12:54:35', NULL),
(771, 58, 0, 0, '2025-03-11', 1, '', NULL, NULL, 'no', '2025-03-25 12:54:35', NULL),
(772, 70, 0, 0, '2025-03-11', 1, '', NULL, NULL, 'no', '2025-03-25 12:54:35', NULL),
(773, 85, 0, 0, '2025-03-11', 1, '', NULL, NULL, 'no', '2025-03-25 12:54:35', NULL),
(774, 42, 0, 0, '2025-03-11', 1, '', NULL, NULL, 'no', '2025-03-25 12:54:35', NULL),
(775, 44, 0, 0, '2025-03-11', 1, '', NULL, NULL, 'no', '2025-03-25 12:54:35', NULL),
(776, 45, 0, 0, '2025-03-11', 4, '', NULL, NULL, 'no', '2025-03-25 12:54:35', NULL),
(777, 52, 0, 0, '2025-03-11', 1, '', NULL, NULL, 'no', '2025-03-25 12:54:35', NULL),
(778, 60, 0, 0, '2025-03-11', 1, '', NULL, NULL, 'no', '2025-03-25 12:54:35', NULL),
(779, 63, 0, 0, '2025-03-11', 1, '', NULL, NULL, 'no', '2025-03-25 12:54:35', NULL),
(780, 68, 0, 0, '2025-03-11', 1, '', NULL, NULL, 'no', '2025-03-25 12:54:35', NULL),
(781, 71, 0, 0, '2025-03-11', 1, '', NULL, NULL, 'no', '2025-03-25 12:54:35', NULL),
(782, 77, 0, 0, '2025-03-11', 1, '', NULL, NULL, 'no', '2025-03-25 12:54:35', NULL),
(783, 87, 0, 0, '2025-03-11', 1, '', NULL, NULL, 'no', '2025-03-25 12:54:35', NULL),
(784, 49, 0, 0, '2025-03-11', 1, '', NULL, NULL, 'no', '2025-03-25 12:54:35', NULL),
(785, 59, 0, 0, '2025-03-11', 1, '', NULL, NULL, 'no', '2025-03-25 12:54:35', NULL),
(786, 61, 0, 0, '2025-03-11', 1, '', NULL, NULL, 'no', '2025-03-25 12:54:35', NULL),
(787, 64, 0, 0, '2025-03-11', 1, '', NULL, NULL, 'no', '2025-03-25 12:54:35', NULL),
(788, 82, 0, 0, '2025-03-11', 4, '', NULL, NULL, 'no', '2025-03-25 12:54:35', NULL),
(789, 84, 0, 0, '2025-03-11', 1, '', NULL, NULL, 'no', '2025-03-25 12:54:35', NULL),
(790, 43, 0, 0, '2025-03-11', 1, '', NULL, NULL, 'no', '2025-03-25 12:54:35', NULL),
(791, 62, 0, 0, '2025-03-11', 1, '', NULL, NULL, 'no', '2025-03-25 12:54:35', NULL),
(792, 78, 0, 0, '2025-03-11', 1, '', NULL, NULL, 'no', '2025-03-25 12:54:35', NULL),
(793, 79, 0, 0, '2025-03-11', 1, '', NULL, NULL, 'no', '2025-03-25 12:54:35', NULL),
(794, 65, 0, 0, '2025-03-11', 1, '', NULL, NULL, 'no', '2025-03-25 12:54:35', NULL),
(795, 66, 0, 0, '2025-03-11', 1, '', NULL, NULL, 'no', '2025-03-25 12:54:35', NULL),
(796, 69, 0, 0, '2025-03-11', 1, '', NULL, NULL, 'no', '2025-03-25 12:54:35', NULL),
(797, 76, 0, 0, '2025-03-11', 1, '', NULL, NULL, 'no', '2025-03-25 12:54:35', NULL),
(798, 53, 0, 0, '2025-03-11', 1, '', NULL, NULL, 'no', '2025-03-25 12:54:35', NULL),
(799, 72, 0, 0, '2025-03-11', 1, '', NULL, NULL, 'no', '2025-03-25 12:54:35', NULL),
(800, 83, 0, 0, '2025-03-11', 1, '', NULL, NULL, 'no', '2025-03-25 12:54:35', NULL),
(801, 46, 0, 0, '2025-03-12', 1, '', NULL, NULL, 'no', '2025-03-25 12:55:25', NULL),
(802, 48, 0, 0, '2025-03-12', 4, '', NULL, NULL, 'no', '2025-03-25 12:55:25', NULL),
(803, 50, 0, 0, '2025-03-12', 4, '', NULL, NULL, 'no', '2025-03-25 12:55:25', NULL),
(804, 57, 0, 0, '2025-03-12', 1, '', NULL, NULL, 'no', '2025-03-25 12:55:25', NULL),
(805, 74, 0, 0, '2025-03-12', 1, '', NULL, NULL, 'no', '2025-03-25 12:55:25', NULL),
(806, 75, 0, 0, '2025-03-12', 1, '', NULL, NULL, 'no', '2025-03-25 12:55:25', NULL),
(807, 80, 0, 0, '2025-03-12', 1, '', NULL, NULL, 'no', '2025-03-25 12:55:25', NULL),
(808, 81, 0, 0, '2025-03-12', 1, '', NULL, NULL, 'no', '2025-03-25 12:55:25', NULL),
(809, 88, 0, 0, '2025-03-12', 1, '', NULL, NULL, 'no', '2025-03-25 12:55:25', NULL),
(810, 41, 0, 0, '2025-03-12', 1, '', NULL, NULL, 'no', '2025-03-25 12:55:25', NULL),
(811, 54, 0, 0, '2025-03-12', 1, '', NULL, NULL, 'no', '2025-03-25 12:55:25', NULL),
(812, 55, 0, 0, '2025-03-12', 1, '', NULL, NULL, 'no', '2025-03-25 12:55:25', NULL),
(813, 86, 0, 0, '2025-03-12', 1, '', NULL, NULL, 'no', '2025-03-25 12:55:25', NULL),
(814, 47, 0, 0, '2025-03-12', 1, '', NULL, NULL, 'no', '2025-03-25 12:55:25', NULL),
(815, 67, 0, 0, '2025-03-12', 1, '', NULL, NULL, 'no', '2025-03-25 12:55:25', NULL),
(816, 73, 0, 0, '2025-03-12', 1, '', NULL, NULL, 'no', '2025-03-25 12:55:25', NULL),
(817, 89, 0, 0, '2025-03-12', 1, '', NULL, NULL, 'no', '2025-03-25 12:55:25', NULL),
(818, 90, 0, 0, '2025-03-12', 1, '', NULL, NULL, 'no', '2025-03-25 12:55:25', NULL),
(819, 51, 0, 0, '2025-03-12', 1, '', NULL, NULL, 'no', '2025-03-25 12:55:25', NULL),
(820, 56, 0, 0, '2025-03-12', 1, '', NULL, NULL, 'no', '2025-03-25 12:55:25', NULL),
(821, 58, 0, 0, '2025-03-12', 1, '', NULL, NULL, 'no', '2025-03-25 12:55:25', NULL),
(822, 70, 0, 0, '2025-03-12', 1, '', NULL, NULL, 'no', '2025-03-25 12:55:25', NULL),
(823, 85, 0, 0, '2025-03-12', 1, '', NULL, NULL, 'no', '2025-03-25 12:55:25', NULL),
(824, 42, 0, 0, '2025-03-12', 1, '', NULL, NULL, 'no', '2025-03-25 12:55:25', NULL),
(825, 44, 0, 0, '2025-03-12', 1, '', NULL, NULL, 'no', '2025-03-25 12:55:25', NULL),
(826, 45, 0, 0, '2025-03-12', 1, '', NULL, NULL, 'no', '2025-03-25 12:55:25', NULL),
(827, 52, 0, 0, '2025-03-12', 1, '', NULL, NULL, 'no', '2025-03-25 12:55:25', NULL),
(828, 60, 0, 0, '2025-03-12', 4, '', NULL, NULL, 'no', '2025-03-25 12:55:25', NULL),
(829, 63, 0, 0, '2025-03-12', 1, '', NULL, NULL, 'no', '2025-03-25 12:55:25', NULL),
(830, 68, 0, 0, '2025-03-12', 1, '', NULL, NULL, 'no', '2025-03-25 12:55:25', NULL),
(831, 71, 0, 0, '2025-03-12', 1, '', NULL, NULL, 'no', '2025-03-25 12:55:25', NULL),
(832, 77, 0, 0, '2025-03-12', 1, '', NULL, NULL, 'no', '2025-03-25 12:55:25', NULL),
(833, 87, 0, 0, '2025-03-12', 1, '', NULL, NULL, 'no', '2025-03-25 12:55:25', NULL),
(834, 49, 0, 0, '2025-03-12', 1, '', NULL, NULL, 'no', '2025-03-25 12:55:25', NULL),
(835, 59, 0, 0, '2025-03-12', 4, '', NULL, NULL, 'no', '2025-03-25 12:55:25', NULL),
(836, 61, 0, 0, '2025-03-12', 1, '', NULL, NULL, 'no', '2025-03-25 12:55:25', NULL),
(837, 64, 0, 0, '2025-03-12', 1, '', NULL, NULL, 'no', '2025-03-25 12:55:25', NULL),
(838, 82, 0, 0, '2025-03-12', 1, '', NULL, NULL, 'no', '2025-03-25 12:55:25', NULL),
(839, 84, 0, 0, '2025-03-12', 1, '', NULL, NULL, 'no', '2025-03-25 12:55:25', NULL),
(840, 43, 0, 0, '2025-03-12', 1, '', NULL, NULL, 'no', '2025-03-25 12:55:25', NULL),
(841, 62, 0, 0, '2025-03-12', 1, '', NULL, NULL, 'no', '2025-03-25 12:55:25', NULL),
(842, 78, 0, 0, '2025-03-12', 4, '', NULL, NULL, 'no', '2025-03-25 12:55:25', NULL),
(843, 79, 0, 0, '2025-03-12', 1, '', NULL, NULL, 'no', '2025-03-25 12:55:25', NULL),
(844, 65, 0, 0, '2025-03-12', 1, '', NULL, NULL, 'no', '2025-03-25 12:55:25', NULL),
(845, 66, 0, 0, '2025-03-12', 1, '', NULL, NULL, 'no', '2025-03-25 12:55:25', NULL),
(846, 69, 0, 0, '2025-03-12', 1, '', NULL, NULL, 'no', '2025-03-25 12:55:25', NULL),
(847, 76, 0, 0, '2025-03-12', 1, '', NULL, NULL, 'no', '2025-03-25 12:55:25', NULL),
(848, 53, 0, 0, '2025-03-12', 1, '', NULL, NULL, 'no', '2025-03-25 12:55:25', NULL),
(849, 72, 0, 0, '2025-03-12', 1, '', NULL, NULL, 'no', '2025-03-25 12:55:25', NULL),
(850, 83, 0, 0, '2025-03-12', 1, '', NULL, NULL, 'no', '2025-03-25 12:55:25', NULL),
(851, 46, 0, 0, '2025-03-14', 4, '', NULL, NULL, 'no', '2025-03-25 12:55:58', NULL),
(852, 48, 0, 0, '2025-03-14', 1, '', NULL, NULL, 'no', '2025-03-25 12:55:58', NULL),
(853, 50, 0, 0, '2025-03-14', 1, '', NULL, NULL, 'no', '2025-03-25 12:55:58', NULL),
(854, 57, 0, 0, '2025-03-14', 1, '', NULL, NULL, 'no', '2025-03-25 12:55:58', NULL),
(855, 74, 0, 0, '2025-03-14', 1, '', NULL, NULL, 'no', '2025-03-25 12:55:58', NULL),
(856, 75, 0, 0, '2025-03-14', 1, '', NULL, NULL, 'no', '2025-03-25 12:55:58', NULL),
(857, 80, 0, 0, '2025-03-14', 1, '', NULL, NULL, 'no', '2025-03-25 12:55:58', NULL),
(858, 81, 0, 0, '2025-03-14', 1, '', NULL, NULL, 'no', '2025-03-25 12:55:58', NULL),
(859, 88, 0, 0, '2025-03-14', 1, '', NULL, NULL, 'no', '2025-03-25 12:55:58', NULL),
(860, 41, 0, 0, '2025-03-14', 4, '', NULL, NULL, 'no', '2025-03-25 12:55:58', NULL),
(861, 54, 0, 0, '2025-03-14', 1, '', NULL, NULL, 'no', '2025-03-25 12:55:58', NULL),
(862, 55, 0, 0, '2025-03-14', 1, '', NULL, NULL, 'no', '2025-03-25 12:55:58', NULL),
(863, 86, 0, 0, '2025-03-14', 1, '', NULL, NULL, 'no', '2025-03-25 12:55:58', NULL),
(864, 47, 0, 0, '2025-03-14', 1, '', NULL, NULL, 'no', '2025-03-25 12:55:58', NULL),
(865, 67, 0, 0, '2025-03-14', 1, '', NULL, NULL, 'no', '2025-03-25 12:55:58', NULL),
(866, 73, 0, 0, '2025-03-14', 1, '', NULL, NULL, 'no', '2025-03-25 12:55:58', NULL),
(867, 89, 0, 0, '2025-03-14', 1, '', NULL, NULL, 'no', '2025-03-25 12:55:58', NULL),
(868, 90, 0, 0, '2025-03-14', 1, '', NULL, NULL, 'no', '2025-03-25 12:55:58', NULL),
(869, 51, 0, 0, '2025-03-14', 1, '', NULL, NULL, 'no', '2025-03-25 12:55:58', NULL),
(870, 56, 0, 0, '2025-03-14', 1, '', NULL, NULL, 'no', '2025-03-25 12:55:58', NULL),
(871, 58, 0, 0, '2025-03-14', 1, '', NULL, NULL, 'no', '2025-03-25 12:55:58', NULL),
(872, 70, 0, 0, '2025-03-14', 1, '', NULL, NULL, 'no', '2025-03-25 12:55:58', NULL),
(873, 85, 0, 0, '2025-03-14', 1, '', NULL, NULL, 'no', '2025-03-25 12:55:58', NULL),
(874, 42, 0, 0, '2025-03-14', 1, '', NULL, NULL, 'no', '2025-03-25 12:55:58', NULL),
(875, 44, 0, 0, '2025-03-14', 1, '', NULL, NULL, 'no', '2025-03-25 12:55:58', NULL),
(876, 45, 0, 0, '2025-03-14', 1, '', NULL, NULL, 'no', '2025-03-25 12:55:58', NULL),
(877, 52, 0, 0, '2025-03-14', 1, '', NULL, NULL, 'no', '2025-03-25 12:55:58', NULL),
(878, 60, 0, 0, '2025-03-14', 1, '', NULL, NULL, 'no', '2025-03-25 12:55:58', NULL),
(879, 63, 0, 0, '2025-03-14', 1, '', NULL, NULL, 'no', '2025-03-25 12:55:58', NULL),
(880, 68, 0, 0, '2025-03-14', 1, '', NULL, NULL, 'no', '2025-03-25 12:55:58', NULL),
(881, 71, 0, 0, '2025-03-14', 1, '', NULL, NULL, 'no', '2025-03-25 12:55:58', NULL),
(882, 77, 0, 0, '2025-03-14', 1, '', NULL, NULL, 'no', '2025-03-25 12:55:58', NULL),
(883, 87, 0, 0, '2025-03-14', 1, '', NULL, NULL, 'no', '2025-03-25 12:55:58', NULL),
(884, 49, 0, 0, '2025-03-14', 1, '', NULL, NULL, 'no', '2025-03-25 12:55:58', NULL),
(885, 59, 0, 0, '2025-03-14', 1, '', NULL, NULL, 'no', '2025-03-25 12:55:58', NULL),
(886, 61, 0, 0, '2025-03-14', 1, '', NULL, NULL, 'no', '2025-03-25 12:55:58', NULL),
(887, 64, 0, 0, '2025-03-14', 1, '', NULL, NULL, 'no', '2025-03-25 12:55:58', NULL),
(888, 82, 0, 0, '2025-03-14', 1, '', NULL, NULL, 'no', '2025-03-25 12:55:58', NULL),
(889, 84, 0, 0, '2025-03-14', 1, '', NULL, NULL, 'no', '2025-03-25 12:55:58', NULL),
(890, 43, 0, 0, '2025-03-14', 1, '', NULL, NULL, 'no', '2025-03-25 12:55:58', NULL),
(891, 62, 0, 0, '2025-03-14', 1, '', NULL, NULL, 'no', '2025-03-25 12:55:58', NULL),
(892, 78, 0, 0, '2025-03-14', 1, '', NULL, NULL, 'no', '2025-03-25 12:55:58', NULL),
(893, 79, 0, 0, '2025-03-14', 1, '', NULL, NULL, 'no', '2025-03-25 12:55:58', NULL),
(894, 65, 0, 0, '2025-03-14', 1, '', NULL, NULL, 'no', '2025-03-25 12:55:58', NULL),
(895, 66, 0, 0, '2025-03-14', 1, '', NULL, NULL, 'no', '2025-03-25 12:55:58', NULL),
(896, 69, 0, 0, '2025-03-14', 1, '', NULL, NULL, 'no', '2025-03-25 12:55:58', NULL),
(897, 76, 0, 0, '2025-03-14', 1, '', NULL, NULL, 'no', '2025-03-25 12:55:58', NULL),
(898, 53, 0, 0, '2025-03-14', 1, '', NULL, NULL, 'no', '2025-03-25 12:55:58', NULL),
(899, 72, 0, 0, '2025-03-14', 4, '', NULL, NULL, 'no', '2025-03-25 12:55:58', NULL),
(900, 83, 0, 0, '2025-03-14', 1, '', NULL, NULL, 'no', '2025-03-25 12:55:58', NULL),
(901, 46, 0, 0, '2025-03-03', 4, '', NULL, NULL, 'no', '2025-03-25 13:10:48', NULL),
(902, 48, 0, 0, '2025-03-03', 1, '', NULL, NULL, 'no', '2025-03-25 13:10:48', NULL),
(903, 50, 0, 0, '2025-03-03', 1, '', NULL, NULL, 'no', '2025-03-25 13:10:48', NULL),
(904, 57, 0, 0, '2025-03-03', 1, '', NULL, NULL, 'no', '2025-03-25 13:10:48', NULL),
(905, 74, 0, 0, '2025-03-03', 1, '', NULL, NULL, 'no', '2025-03-25 13:10:48', NULL),
(906, 75, 0, 0, '2025-03-03', 1, '', NULL, NULL, 'no', '2025-03-25 13:10:48', NULL),
(907, 80, 0, 0, '2025-03-03', 1, '', NULL, NULL, 'no', '2025-03-25 13:10:48', NULL),
(908, 81, 0, 0, '2025-03-03', 1, '', NULL, NULL, 'no', '2025-03-25 13:10:48', NULL),
(909, 88, 0, 0, '2025-03-03', 1, '', NULL, NULL, 'no', '2025-03-25 13:10:48', NULL),
(910, 41, 0, 0, '2025-03-03', 1, '', NULL, NULL, 'no', '2025-03-25 13:10:48', NULL),
(911, 54, 0, 0, '2025-03-03', 1, '', NULL, NULL, 'no', '2025-03-25 13:10:48', NULL),
(912, 55, 0, 0, '2025-03-03', 1, '', NULL, NULL, 'no', '2025-03-25 13:10:48', NULL),
(913, 86, 0, 0, '2025-03-03', 1, '', NULL, NULL, 'no', '2025-03-25 13:10:48', NULL),
(914, 47, 0, 0, '2025-03-03', 1, '', NULL, NULL, 'no', '2025-03-25 13:10:48', NULL),
(915, 67, 0, 0, '2025-03-03', 1, '', NULL, NULL, 'no', '2025-03-25 13:10:48', NULL),
(916, 73, 0, 0, '2025-03-03', 1, '', NULL, NULL, 'no', '2025-03-25 13:10:48', NULL),
(917, 89, 0, 0, '2025-03-03', 1, '', NULL, NULL, 'no', '2025-03-25 13:10:48', NULL),
(918, 90, 0, 0, '2025-03-03', 4, '', NULL, NULL, 'no', '2025-03-25 13:10:48', NULL),
(919, 51, 0, 0, '2025-03-03', 1, '', NULL, NULL, 'no', '2025-03-25 13:10:48', NULL),
(920, 56, 0, 0, '2025-03-03', 1, '', NULL, NULL, 'no', '2025-03-25 13:10:48', NULL),
(921, 58, 0, 0, '2025-03-03', 1, '', NULL, NULL, 'no', '2025-03-25 13:10:48', NULL),
(922, 70, 0, 0, '2025-03-03', 1, '', NULL, NULL, 'no', '2025-03-25 13:10:48', NULL),
(923, 85, 0, 0, '2025-03-03', 1, '', NULL, NULL, 'no', '2025-03-25 13:10:48', NULL),
(924, 42, 0, 0, '2025-03-03', 1, '', NULL, NULL, 'no', '2025-03-25 13:10:48', NULL),
(925, 44, 0, 0, '2025-03-03', 1, '', NULL, NULL, 'no', '2025-03-25 13:10:48', NULL),
(926, 45, 0, 0, '2025-03-03', 4, '', NULL, NULL, 'no', '2025-03-25 13:10:48', NULL),
(927, 52, 0, 0, '2025-03-03', 1, '', NULL, NULL, 'no', '2025-03-25 13:10:48', NULL),
(928, 60, 0, 0, '2025-03-03', 1, '', NULL, NULL, 'no', '2025-03-25 13:10:48', NULL),
(929, 63, 0, 0, '2025-03-03', 1, '', NULL, NULL, 'no', '2025-03-25 13:10:48', NULL),
(930, 68, 0, 0, '2025-03-03', 1, '', NULL, NULL, 'no', '2025-03-25 13:10:48', NULL),
(931, 71, 0, 0, '2025-03-03', 1, '', NULL, NULL, 'no', '2025-03-25 13:10:48', NULL),
(932, 77, 0, 0, '2025-03-03', 1, '', NULL, NULL, 'no', '2025-03-25 13:10:48', NULL),
(933, 87, 0, 0, '2025-03-03', 1, '', NULL, NULL, 'no', '2025-03-25 13:10:48', NULL),
(934, 49, 0, 0, '2025-03-03', 1, '', NULL, NULL, 'no', '2025-03-25 13:10:48', NULL),
(935, 59, 0, 0, '2025-03-03', 1, '', NULL, NULL, 'no', '2025-03-25 13:10:48', NULL),
(936, 61, 0, 0, '2025-03-03', 1, '', NULL, NULL, 'no', '2025-03-25 13:10:48', NULL),
(937, 64, 0, 0, '2025-03-03', 1, '', NULL, NULL, 'no', '2025-03-25 13:10:48', NULL),
(938, 82, 0, 0, '2025-03-03', 1, '', NULL, NULL, 'no', '2025-03-25 13:10:48', NULL),
(939, 84, 0, 0, '2025-03-03', 1, '', NULL, NULL, 'no', '2025-03-25 13:10:48', NULL),
(940, 43, 0, 0, '2025-03-03', 1, '', NULL, NULL, 'no', '2025-03-25 13:10:48', NULL),
(941, 62, 0, 0, '2025-03-03', 1, '', NULL, NULL, 'no', '2025-03-25 13:10:48', NULL),
(942, 78, 0, 0, '2025-03-03', 1, '', NULL, NULL, 'no', '2025-03-25 13:10:48', NULL),
(943, 79, 0, 0, '2025-03-03', 1, '', NULL, NULL, 'no', '2025-03-25 13:10:48', NULL),
(944, 65, 0, 0, '2025-03-03', 1, '', NULL, NULL, 'no', '2025-03-25 13:10:48', NULL),
(945, 66, 0, 0, '2025-03-03', 1, '', NULL, NULL, 'no', '2025-03-25 13:10:48', NULL),
(946, 69, 0, 0, '2025-03-03', 1, '', NULL, NULL, 'no', '2025-03-25 13:10:48', NULL),
(947, 76, 0, 0, '2025-03-03', 1, '', NULL, NULL, 'no', '2025-03-25 13:10:48', NULL),
(948, 53, 0, 0, '2025-03-03', 1, '', NULL, NULL, 'no', '2025-03-25 13:10:48', NULL),
(949, 72, 0, 0, '2025-03-03', 1, '', NULL, NULL, 'no', '2025-03-25 13:10:48', NULL),
(950, 83, 0, 0, '2025-03-03', 1, '', NULL, NULL, 'no', '2025-03-25 13:10:48', NULL),
(951, 46, 0, 0, '2025-03-05', 4, '', NULL, NULL, 'no', '2025-03-25 13:11:20', NULL),
(952, 48, 0, 0, '2025-03-05', 1, '', NULL, NULL, 'no', '2025-03-25 13:11:20', NULL),
(953, 50, 0, 0, '2025-03-05', 1, '', NULL, NULL, 'no', '2025-03-25 13:11:20', NULL),
(954, 57, 0, 0, '2025-03-05', 1, '', NULL, NULL, 'no', '2025-03-25 13:11:20', NULL),
(955, 74, 0, 0, '2025-03-05', 1, '', NULL, NULL, 'no', '2025-03-25 13:11:20', NULL),
(956, 75, 0, 0, '2025-03-05', 1, '', NULL, NULL, 'no', '2025-03-25 13:11:20', NULL),
(957, 80, 0, 0, '2025-03-05', 1, '', NULL, NULL, 'no', '2025-03-25 13:11:20', NULL),
(958, 81, 0, 0, '2025-03-05', 1, '', NULL, NULL, 'no', '2025-03-25 13:11:20', NULL),
(959, 88, 0, 0, '2025-03-05', 1, '', NULL, NULL, 'no', '2025-03-25 13:11:20', NULL),
(960, 41, 0, 0, '2025-03-05', 1, '', NULL, NULL, 'no', '2025-03-25 13:11:20', NULL),
(961, 54, 0, 0, '2025-03-05', 1, '', NULL, NULL, 'no', '2025-03-25 13:11:20', NULL),
(962, 55, 0, 0, '2025-03-05', 1, '', NULL, NULL, 'no', '2025-03-25 13:11:20', NULL),
(963, 86, 0, 0, '2025-03-05', 1, '', NULL, NULL, 'no', '2025-03-25 13:11:20', NULL),
(964, 47, 0, 0, '2025-03-05', 1, '', NULL, NULL, 'no', '2025-03-25 13:11:20', NULL),
(965, 67, 0, 0, '2025-03-05', 1, '', NULL, NULL, 'no', '2025-03-25 13:11:20', NULL),
(966, 73, 0, 0, '2025-03-05', 1, '', NULL, NULL, 'no', '2025-03-25 13:11:20', NULL),
(967, 89, 0, 0, '2025-03-05', 1, '', NULL, NULL, 'no', '2025-03-25 13:11:20', NULL),
(968, 90, 0, 0, '2025-03-05', 1, '', NULL, NULL, 'no', '2025-03-25 13:11:20', NULL),
(969, 51, 0, 0, '2025-03-05', 1, '', NULL, NULL, 'no', '2025-03-25 13:11:20', NULL),
(970, 56, 0, 0, '2025-03-05', 1, '', NULL, NULL, 'no', '2025-03-25 13:11:20', NULL),
(971, 58, 0, 0, '2025-03-05', 1, '', NULL, NULL, 'no', '2025-03-25 13:11:20', NULL),
(972, 70, 0, 0, '2025-03-05', 1, '', NULL, NULL, 'no', '2025-03-25 13:11:20', NULL),
(973, 85, 0, 0, '2025-03-05', 1, '', NULL, NULL, 'no', '2025-03-25 13:11:20', NULL),
(974, 42, 0, 0, '2025-03-05', 1, '', NULL, NULL, 'no', '2025-03-25 13:11:20', NULL),
(975, 44, 0, 0, '2025-03-05', 1, '', NULL, NULL, 'no', '2025-03-25 13:11:20', NULL),
(976, 45, 0, 0, '2025-03-05', 1, '', NULL, NULL, 'no', '2025-03-25 13:11:20', NULL),
(977, 52, 0, 0, '2025-03-05', 1, '', NULL, NULL, 'no', '2025-03-25 13:11:20', NULL),
(978, 60, 0, 0, '2025-03-05', 1, '', NULL, NULL, 'no', '2025-03-25 13:11:20', NULL),
(979, 63, 0, 0, '2025-03-05', 1, '', NULL, NULL, 'no', '2025-03-25 13:11:20', NULL),
(980, 68, 0, 0, '2025-03-05', 1, '', NULL, NULL, 'no', '2025-03-25 13:11:20', NULL),
(981, 71, 0, 0, '2025-03-05', 1, '', NULL, NULL, 'no', '2025-03-25 13:11:20', NULL),
(982, 77, 0, 0, '2025-03-05', 1, '', NULL, NULL, 'no', '2025-03-25 13:11:20', NULL),
(983, 87, 0, 0, '2025-03-05', 1, '', NULL, NULL, 'no', '2025-03-25 13:11:20', NULL),
(984, 49, 0, 0, '2025-03-05', 1, '', NULL, NULL, 'no', '2025-03-25 13:11:20', NULL),
(985, 59, 0, 0, '2025-03-05', 4, '', NULL, NULL, 'no', '2025-03-25 13:11:20', NULL),
(986, 61, 0, 0, '2025-03-05', 1, '', NULL, NULL, 'no', '2025-03-25 13:11:20', NULL),
(987, 64, 0, 0, '2025-03-05', 1, '', NULL, NULL, 'no', '2025-03-25 13:11:20', NULL),
(988, 82, 0, 0, '2025-03-05', 1, '', NULL, NULL, 'no', '2025-03-25 13:11:20', NULL),
(989, 84, 0, 0, '2025-03-05', 1, '', NULL, NULL, 'no', '2025-03-25 13:11:20', NULL),
(990, 43, 0, 0, '2025-03-05', 1, '', NULL, NULL, 'no', '2025-03-25 13:11:20', NULL),
(991, 62, 0, 0, '2025-03-05', 1, '', NULL, NULL, 'no', '2025-03-25 13:11:20', NULL),
(992, 78, 0, 0, '2025-03-05', 1, '', NULL, NULL, 'no', '2025-03-25 13:11:20', NULL),
(993, 79, 0, 0, '2025-03-05', 1, '', NULL, NULL, 'no', '2025-03-25 13:11:20', NULL),
(994, 65, 0, 0, '2025-03-05', 1, '', NULL, NULL, 'no', '2025-03-25 13:11:20', NULL),
(995, 66, 0, 0, '2025-03-05', 1, '', NULL, NULL, 'no', '2025-03-25 13:11:20', NULL),
(996, 69, 0, 0, '2025-03-05', 4, '', NULL, NULL, 'no', '2025-03-25 13:11:20', NULL),
(997, 76, 0, 0, '2025-03-05', 1, '', NULL, NULL, 'no', '2025-03-25 13:11:20', NULL),
(998, 53, 0, 0, '2025-03-05', 1, '', NULL, NULL, 'no', '2025-03-25 13:11:20', NULL),
(999, 72, 0, 0, '2025-03-05', 1, '', NULL, NULL, 'no', '2025-03-25 13:11:20', NULL),
(1000, 83, 0, 0, '2025-03-05', 1, '', NULL, NULL, 'no', '2025-03-25 13:11:20', NULL),
(1001, 46, 0, 0, '2025-03-07', 1, '', NULL, NULL, 'no', '2025-03-25 13:12:38', NULL),
(1002, 48, 0, 0, '2025-03-07', 1, '', NULL, NULL, 'no', '2025-03-25 13:12:38', NULL),
(1003, 50, 0, 0, '2025-03-07', 1, '', NULL, NULL, 'no', '2025-03-25 13:12:38', NULL),
(1004, 57, 0, 0, '2025-03-07', 4, '', NULL, NULL, 'no', '2025-03-25 13:12:38', NULL),
(1005, 74, 0, 0, '2025-03-07', 1, '', NULL, NULL, 'no', '2025-03-25 13:12:38', NULL),
(1006, 75, 0, 0, '2025-03-07', 1, '', NULL, NULL, 'no', '2025-03-25 13:12:38', NULL),
(1007, 80, 0, 0, '2025-03-07', 1, '', NULL, NULL, 'no', '2025-03-25 13:12:38', NULL),
(1008, 81, 0, 0, '2025-03-07', 1, '', NULL, NULL, 'no', '2025-03-25 13:12:38', NULL),
(1009, 88, 0, 0, '2025-03-07', 1, '', NULL, NULL, 'no', '2025-03-25 13:12:38', NULL),
(1010, 41, 0, 0, '2025-03-07', 1, '', NULL, NULL, 'no', '2025-03-25 13:12:38', NULL),
(1011, 54, 0, 0, '2025-03-07', 4, '', NULL, NULL, 'no', '2025-03-25 13:12:58', NULL),
(1012, 55, 0, 0, '2025-03-07', 1, '', NULL, NULL, 'no', '2025-03-25 13:12:38', NULL),
(1013, 86, 0, 0, '2025-03-07', 1, '', NULL, NULL, 'no', '2025-03-25 13:12:38', NULL),
(1014, 47, 0, 0, '2025-03-07', 1, '', NULL, NULL, 'no', '2025-03-25 13:12:38', NULL),
(1015, 67, 0, 0, '2025-03-07', 1, '', NULL, NULL, 'no', '2025-03-25 13:12:38', NULL),
(1016, 73, 0, 0, '2025-03-07', 4, '', NULL, NULL, 'no', '2025-03-25 13:12:58', NULL),
(1017, 89, 0, 0, '2025-03-07', 4, '', NULL, NULL, 'no', '2025-03-25 13:12:38', NULL),
(1018, 90, 0, 0, '2025-03-07', 1, '', NULL, NULL, 'no', '2025-03-25 13:12:38', NULL),
(1019, 51, 0, 0, '2025-03-07', 1, '', NULL, NULL, 'no', '2025-03-25 13:12:38', NULL),
(1020, 56, 0, 0, '2025-03-07', 1, '', NULL, NULL, 'no', '2025-03-25 13:12:38', NULL),
(1021, 58, 0, 0, '2025-03-07', 1, '', NULL, NULL, 'no', '2025-03-25 13:12:38', NULL),
(1022, 70, 0, 0, '2025-03-07', 1, '', NULL, NULL, 'no', '2025-03-25 13:12:38', NULL),
(1023, 85, 0, 0, '2025-03-07', 4, '', NULL, NULL, 'no', '2025-03-25 13:12:38', NULL),
(1024, 42, 0, 0, '2025-03-07', 1, '', NULL, NULL, 'no', '2025-03-25 13:12:38', NULL),
(1025, 44, 0, 0, '2025-03-07', 1, '', NULL, NULL, 'no', '2025-03-25 13:12:38', NULL),
(1026, 45, 0, 0, '2025-03-07', 1, '', NULL, NULL, 'no', '2025-03-25 13:12:38', NULL),
(1027, 52, 0, 0, '2025-03-07', 1, '', NULL, NULL, 'no', '2025-03-25 13:12:38', NULL),
(1028, 60, 0, 0, '2025-03-07', 1, '', NULL, NULL, 'no', '2025-03-25 13:12:38', NULL),
(1029, 63, 0, 0, '2025-03-07', 1, '', NULL, NULL, 'no', '2025-03-25 13:12:38', NULL),
(1030, 68, 0, 0, '2025-03-07', 1, '', NULL, NULL, 'no', '2025-03-25 13:12:38', NULL),
(1031, 71, 0, 0, '2025-03-07', 1, '', NULL, NULL, 'no', '2025-03-25 13:12:38', NULL),
(1032, 77, 0, 0, '2025-03-07', 1, '', NULL, NULL, 'no', '2025-03-25 13:12:38', NULL),
(1033, 87, 0, 0, '2025-03-07', 1, '', NULL, NULL, 'no', '2025-03-25 13:12:38', NULL),
(1034, 49, 0, 0, '2025-03-07', 1, '', NULL, NULL, 'no', '2025-03-25 13:12:38', NULL),
(1035, 59, 0, 0, '2025-03-07', 1, '', NULL, NULL, 'no', '2025-03-25 13:12:38', NULL),
(1036, 61, 0, 0, '2025-03-07', 1, '', NULL, NULL, 'no', '2025-03-25 13:12:38', NULL),
(1037, 64, 0, 0, '2025-03-07', 1, '', NULL, NULL, 'no', '2025-03-25 13:12:38', NULL),
(1038, 82, 0, 0, '2025-03-07', 1, '', NULL, NULL, 'no', '2025-03-25 13:12:38', NULL),
(1039, 84, 0, 0, '2025-03-07', 1, '', NULL, NULL, 'no', '2025-03-25 13:12:38', NULL),
(1040, 43, 0, 0, '2025-03-07', 1, '', NULL, NULL, 'no', '2025-03-25 13:12:38', NULL),
(1041, 62, 0, 0, '2025-03-07', 1, '', NULL, NULL, 'no', '2025-03-25 13:12:38', NULL),
(1042, 78, 0, 0, '2025-03-07', 1, '', NULL, NULL, 'no', '2025-03-25 13:12:38', NULL),
(1043, 79, 0, 0, '2025-03-07', 1, '', NULL, NULL, 'no', '2025-03-25 13:12:38', NULL),
(1044, 65, 0, 0, '2025-03-07', 1, '', NULL, NULL, 'no', '2025-03-25 13:12:38', NULL),
(1045, 66, 0, 0, '2025-03-07', 1, '', NULL, NULL, 'no', '2025-03-25 13:12:38', NULL),
(1046, 69, 0, 0, '2025-03-07', 1, '', NULL, NULL, 'no', '2025-03-25 13:12:38', NULL),
(1047, 76, 0, 0, '2025-03-07', 1, '', NULL, NULL, 'no', '2025-03-25 13:12:38', NULL),
(1048, 53, 0, 0, '2025-03-07', 1, '', NULL, NULL, 'no', '2025-03-25 13:12:38', NULL),
(1049, 72, 0, 0, '2025-03-07', 1, '', NULL, NULL, 'no', '2025-03-25 13:12:38', NULL),
(1050, 83, 0, 0, '2025-03-07', 1, '', NULL, NULL, 'no', '2025-03-25 13:12:38', NULL),
(1051, 46, 0, 0, '2025-04-02', 4, '', NULL, NULL, 'no', '2025-04-02 10:24:44', NULL),
(1052, 48, 0, 0, '2025-04-02', 4, '', NULL, NULL, 'no', '2025-04-02 10:24:44', NULL),
(1053, 50, 0, 0, '2025-04-02', 4, '', NULL, NULL, 'no', '2025-04-02 10:24:44', NULL),
(1054, 57, 0, 0, '2025-04-02', 4, '', NULL, NULL, 'no', '2025-04-02 10:24:44', NULL),
(1055, 74, 0, 0, '2025-04-02', 4, '', NULL, NULL, 'no', '2025-04-02 10:24:44', NULL),
(1056, 75, 0, 0, '2025-04-02', 4, '', NULL, NULL, 'no', '2025-04-02 10:24:44', NULL),
(1057, 80, 0, 0, '2025-04-02', 4, '', NULL, NULL, 'no', '2025-04-02 10:24:44', NULL),
(1058, 81, 0, 0, '2025-04-02', 4, '', NULL, NULL, 'no', '2025-04-02 10:24:44', NULL),
(1059, 88, 0, 0, '2025-04-02', 4, '', NULL, NULL, 'no', '2025-04-02 10:24:44', NULL),
(1060, 41, 0, 0, '2025-04-02', 1, '', NULL, NULL, 'no', '2025-04-02 10:24:44', NULL),
(1061, 54, 0, 0, '2025-04-02', 4, '', NULL, NULL, 'no', '2025-04-02 10:24:44', NULL),
(1062, 55, 0, 0, '2025-04-02', 1, '', NULL, NULL, 'no', '2025-04-02 10:24:44', NULL),
(1063, 86, 0, 0, '2025-04-02', 1, '', NULL, NULL, 'no', '2025-04-02 10:24:44', NULL),
(1064, 47, 0, 0, '2025-04-02', 4, '', NULL, NULL, 'no', '2025-04-02 10:24:44', NULL),
(1065, 67, 0, 0, '2025-04-02', 4, '', NULL, NULL, 'no', '2025-04-02 10:24:44', NULL),
(1066, 73, 0, 0, '2025-04-02', 1, '', NULL, NULL, 'no', '2025-04-02 10:24:44', NULL),
(1067, 89, 0, 0, '2025-04-02', 4, '', NULL, NULL, 'no', '2025-04-02 10:24:44', NULL),
(1068, 90, 0, 0, '2025-04-02', 1, '', NULL, NULL, 'no', '2025-04-02 10:24:44', NULL),
(1069, 51, 0, 0, '2025-04-02', 4, '', NULL, NULL, 'no', '2025-04-02 10:24:44', NULL),
(1070, 56, 0, 0, '2025-04-02', 4, '', NULL, NULL, 'no', '2025-04-02 10:24:44', NULL),
(1071, 58, 0, 0, '2025-04-02', 1, '', NULL, NULL, 'no', '2025-04-02 10:24:44', NULL),
(1072, 70, 0, 0, '2025-04-02', 4, '', NULL, NULL, 'no', '2025-04-02 10:24:44', NULL),
(1073, 85, 0, 0, '2025-04-02', 4, '', NULL, NULL, 'no', '2025-04-02 10:24:44', NULL),
(1074, 42, 0, 0, '2025-04-02', 4, '', NULL, NULL, 'no', '2025-04-02 10:24:44', NULL),
(1075, 44, 0, 0, '2025-04-02', 4, '', NULL, NULL, 'no', '2025-04-02 10:24:44', NULL),
(1076, 45, 0, 0, '2025-04-02', 4, '', NULL, NULL, 'no', '2025-04-02 10:24:44', NULL),
(1077, 52, 0, 0, '2025-04-02', 4, '', NULL, NULL, 'no', '2025-04-02 10:24:44', NULL),
(1078, 60, 0, 0, '2025-04-02', 4, '', NULL, NULL, 'no', '2025-04-02 10:24:44', NULL),
(1079, 63, 0, 0, '2025-04-02', 4, '', NULL, NULL, 'no', '2025-04-02 10:24:44', NULL),
(1080, 68, 0, 0, '2025-04-02', 4, '', NULL, NULL, 'no', '2025-04-02 10:24:44', NULL),
(1081, 71, 0, 0, '2025-04-02', 4, '', NULL, NULL, 'no', '2025-04-02 10:24:44', NULL),
(1082, 77, 0, 0, '2025-04-02', 4, '', NULL, NULL, 'no', '2025-04-02 10:24:44', NULL),
(1083, 87, 0, 0, '2025-04-02', 1, '', NULL, NULL, 'no', '2025-04-02 10:24:44', NULL),
(1084, 49, 0, 0, '2025-04-02', 1, '', NULL, NULL, 'no', '2025-04-02 10:24:44', NULL),
(1085, 59, 0, 0, '2025-04-02', 1, '', NULL, NULL, 'no', '2025-04-02 10:24:44', NULL),
(1086, 61, 0, 0, '2025-04-02', 1, '', NULL, NULL, 'no', '2025-04-02 10:24:44', NULL),
(1087, 64, 0, 0, '2025-04-02', 1, '', NULL, NULL, 'no', '2025-04-02 10:24:44', NULL),
(1088, 82, 0, 0, '2025-04-02', 1, '', NULL, NULL, 'no', '2025-04-02 10:24:44', NULL),
(1089, 84, 0, 0, '2025-04-02', 1, '', NULL, NULL, 'no', '2025-04-02 10:24:44', NULL),
(1090, 43, 0, 0, '2025-04-02', 1, '', NULL, NULL, 'no', '2025-04-02 10:24:44', NULL),
(1091, 62, 0, 0, '2025-04-02', 1, '', NULL, NULL, 'no', '2025-04-02 10:24:44', NULL),
(1092, 78, 0, 0, '2025-04-02', 1, '', NULL, NULL, 'no', '2025-04-02 10:24:44', NULL),
(1093, 79, 0, 0, '2025-04-02', 1, '', NULL, NULL, 'no', '2025-04-02 10:24:44', NULL),
(1094, 65, 0, 0, '2025-04-02', 1, '', NULL, NULL, 'no', '2025-04-02 10:24:44', NULL),
(1095, 66, 0, 0, '2025-04-02', 1, '', NULL, NULL, 'no', '2025-04-02 10:24:44', NULL),
(1096, 69, 0, 0, '2025-04-02', 1, '', NULL, NULL, 'no', '2025-04-02 10:24:44', NULL),
(1097, 76, 0, 0, '2025-04-02', 1, '', NULL, NULL, 'no', '2025-04-02 10:24:44', NULL),
(1098, 72, 0, 0, '2025-04-02', 1, '', NULL, NULL, 'no', '2025-04-02 10:24:44', NULL),
(1099, 46, 0, 0, '2025-02-01', 1, '', NULL, NULL, 'no', '2025-04-03 10:18:35', NULL),
(1100, 48, 0, 0, '2025-02-01', 1, '', NULL, NULL, 'no', '2025-04-03 10:18:35', NULL),
(1101, 50, 0, 0, '2025-02-01', 1, '', NULL, NULL, 'no', '2025-04-03 10:18:35', NULL),
(1102, 57, 0, 0, '2025-02-01', 1, '', NULL, NULL, 'no', '2025-04-03 10:18:35', NULL),
(1103, 74, 0, 0, '2025-02-01', 1, '', NULL, NULL, 'no', '2025-04-03 10:18:35', NULL),
(1104, 75, 0, 0, '2025-02-01', 1, '', NULL, NULL, 'no', '2025-04-03 10:18:35', NULL),
(1105, 80, 0, 0, '2025-02-01', 1, '', NULL, NULL, 'no', '2025-04-03 10:18:35', NULL),
(1106, 81, 0, 0, '2025-02-01', 1, '', NULL, NULL, 'no', '2025-04-03 10:18:35', NULL),
(1107, 88, 0, 0, '2025-02-01', 1, '', NULL, NULL, 'no', '2025-04-03 10:18:35', NULL),
(1108, 41, 0, 0, '2025-02-01', 1, '', NULL, NULL, 'no', '2025-04-03 10:18:35', NULL),
(1109, 54, 0, 0, '2025-02-01', 1, '', NULL, NULL, 'no', '2025-04-03 10:18:35', NULL),
(1110, 55, 0, 0, '2025-02-01', 1, '', NULL, NULL, 'no', '2025-04-03 10:18:35', NULL),
(1111, 86, 0, 0, '2025-02-01', 1, '', NULL, NULL, 'no', '2025-04-03 10:18:35', NULL),
(1112, 47, 0, 0, '2025-02-01', 1, '', NULL, NULL, 'no', '2025-04-03 10:18:35', NULL),
(1113, 67, 0, 0, '2025-02-01', 1, '', NULL, NULL, 'no', '2025-04-03 10:18:35', NULL),
(1114, 73, 0, 0, '2025-02-01', 1, '', NULL, NULL, 'no', '2025-04-03 10:18:35', NULL),
(1115, 89, 0, 0, '2025-02-01', 1, '', NULL, NULL, 'no', '2025-04-03 10:18:35', NULL),
(1116, 90, 0, 0, '2025-02-01', 1, '', NULL, NULL, 'no', '2025-04-03 10:18:35', NULL),
(1117, 51, 0, 0, '2025-02-01', 1, '', NULL, NULL, 'no', '2025-04-03 10:18:35', NULL),
(1118, 56, 0, 0, '2025-02-01', 1, '', NULL, NULL, 'no', '2025-04-03 10:18:35', NULL),
(1119, 58, 0, 0, '2025-02-01', 1, '', NULL, NULL, 'no', '2025-04-03 10:18:35', NULL),
(1120, 70, 0, 0, '2025-02-01', 1, '', NULL, NULL, 'no', '2025-04-03 10:18:35', NULL),
(1121, 85, 0, 0, '2025-02-01', 1, '', NULL, NULL, 'no', '2025-04-03 10:18:35', NULL),
(1122, 42, 0, 0, '2025-02-01', 1, '', NULL, NULL, 'no', '2025-04-03 10:18:35', NULL),
(1123, 44, 0, 0, '2025-02-01', 1, '', NULL, NULL, 'no', '2025-04-03 10:18:35', NULL),
(1124, 45, 0, 0, '2025-02-01', 1, '', NULL, NULL, 'no', '2025-04-03 10:18:35', NULL),
(1125, 52, 0, 0, '2025-02-01', 1, '', NULL, NULL, 'no', '2025-04-03 10:18:35', NULL),
(1126, 60, 0, 0, '2025-02-01', 1, '', NULL, NULL, 'no', '2025-04-03 10:18:35', NULL),
(1127, 63, 0, 0, '2025-02-01', 1, '', NULL, NULL, 'no', '2025-04-03 10:18:35', NULL),
(1128, 68, 0, 0, '2025-02-01', 1, '', NULL, NULL, 'no', '2025-04-03 10:18:35', NULL),
(1129, 71, 0, 0, '2025-02-01', 1, '', NULL, NULL, 'no', '2025-04-03 10:18:35', NULL),
(1130, 77, 0, 0, '2025-02-01', 1, '', NULL, NULL, 'no', '2025-04-03 10:18:35', NULL),
(1131, 87, 0, 0, '2025-02-01', 1, '', NULL, NULL, 'no', '2025-04-03 10:18:35', NULL),
(1132, 49, 0, 0, '2025-02-01', 1, '', NULL, NULL, 'no', '2025-04-03 10:18:35', NULL),
(1133, 59, 0, 0, '2025-02-01', 1, '', NULL, NULL, 'no', '2025-04-03 10:18:35', NULL),
(1134, 61, 0, 0, '2025-02-01', 1, '', NULL, NULL, 'no', '2025-04-03 10:18:35', NULL),
(1135, 64, 0, 0, '2025-02-01', 1, '', NULL, NULL, 'no', '2025-04-03 10:18:35', NULL),
(1136, 82, 0, 0, '2025-02-01', 1, '', NULL, NULL, 'no', '2025-04-03 10:18:35', NULL),
(1137, 84, 0, 0, '2025-02-01', 1, '', NULL, NULL, 'no', '2025-04-03 10:18:35', NULL),
(1138, 43, 0, 0, '2025-02-01', 1, '', NULL, NULL, 'no', '2025-04-03 10:18:35', NULL),
(1139, 62, 0, 0, '2025-02-01', 1, '', NULL, NULL, 'no', '2025-04-03 10:18:35', NULL),
(1140, 78, 0, 0, '2025-02-01', 1, '', NULL, NULL, 'no', '2025-04-03 10:18:35', NULL),
(1141, 79, 0, 0, '2025-02-01', 1, '', NULL, NULL, 'no', '2025-04-03 10:18:35', NULL),
(1142, 65, 0, 0, '2025-02-01', 1, '', NULL, NULL, 'no', '2025-04-03 10:18:35', NULL),
(1143, 66, 0, 0, '2025-02-01', 1, '', NULL, NULL, 'no', '2025-04-03 10:18:35', NULL),
(1144, 69, 0, 0, '2025-02-01', 1, '', NULL, NULL, 'no', '2025-04-03 10:18:35', NULL),
(1145, 76, 0, 0, '2025-02-01', 1, '', NULL, NULL, 'no', '2025-04-03 10:18:35', NULL),
(1146, 72, 0, 0, '2025-02-01', 1, '', NULL, NULL, 'no', '2025-04-03 10:18:35', NULL),
(1147, 46, 0, 0, '2025-04-08', 1, '', NULL, NULL, 'no', '2025-04-08 06:58:23', NULL),
(1148, 48, 0, 0, '2025-04-08', 1, '', NULL, NULL, 'no', '2025-04-08 06:58:23', NULL),
(1149, 50, 0, 0, '2025-04-08', 1, '', NULL, NULL, 'no', '2025-04-08 06:58:23', NULL),
(1150, 57, 0, 0, '2025-04-08', 1, '', NULL, NULL, 'no', '2025-04-08 06:58:23', NULL),
(1151, 74, 0, 0, '2025-04-08', 1, '', NULL, NULL, 'no', '2025-04-08 06:58:23', NULL),
(1152, 75, 0, 0, '2025-04-08', 1, '', NULL, NULL, 'no', '2025-04-08 06:58:23', NULL),
(1153, 80, 0, 0, '2025-04-08', 1, '', NULL, NULL, 'no', '2025-04-08 06:58:23', NULL),
(1154, 81, 0, 0, '2025-04-08', 1, '', NULL, NULL, 'no', '2025-04-08 06:58:23', NULL),
(1155, 88, 0, 0, '2025-04-08', 1, '', NULL, NULL, 'no', '2025-04-08 06:58:23', NULL),
(1156, 102, 0, 0, '2025-04-08', 1, '', NULL, NULL, 'no', '2025-04-08 06:58:23', NULL),
(1157, 98, 0, 0, '2025-04-08', 1, '', NULL, NULL, 'no', '2025-04-08 06:58:23', NULL),
(1158, 41, 0, 0, '2025-04-08', 1, '', NULL, NULL, 'no', '2025-04-08 06:58:23', NULL),
(1159, 54, 0, 0, '2025-04-08', 1, '', NULL, NULL, 'no', '2025-04-08 06:58:23', NULL),
(1160, 55, 0, 0, '2025-04-08', 1, '', NULL, NULL, 'no', '2025-04-08 06:58:23', NULL),
(1161, 86, 0, 0, '2025-04-08', 1, '', NULL, NULL, 'no', '2025-04-08 06:58:23', NULL),
(1162, 95, 0, 0, '2025-04-08', 1, '', NULL, NULL, 'no', '2025-04-08 06:58:23', NULL),
(1163, 47, 0, 0, '2025-04-08', 1, '', NULL, NULL, 'no', '2025-04-08 06:58:23', NULL),
(1164, 67, 0, 0, '2025-04-08', 1, '', NULL, NULL, 'no', '2025-04-08 06:58:23', NULL),
(1165, 73, 0, 0, '2025-04-08', 1, '', NULL, NULL, 'no', '2025-04-08 06:58:23', NULL),
(1166, 89, 0, 0, '2025-04-08', 1, '', NULL, NULL, 'no', '2025-04-08 06:58:23', NULL),
(1167, 90, 0, 0, '2025-04-08', 1, '', NULL, NULL, 'no', '2025-04-08 06:58:23', NULL),
(1168, 101, 0, 0, '2025-04-08', 1, '', NULL, NULL, 'no', '2025-04-08 06:58:23', NULL),
(1169, 51, 0, 0, '2025-04-08', 1, '', NULL, NULL, 'no', '2025-04-08 06:58:23', NULL),
(1170, 56, 0, 0, '2025-04-08', 1, '', NULL, NULL, 'no', '2025-04-08 06:58:23', NULL),
(1171, 58, 0, 0, '2025-04-08', 1, '', NULL, NULL, 'no', '2025-04-08 06:58:23', NULL),
(1172, 70, 0, 0, '2025-04-08', 1, '', NULL, NULL, 'no', '2025-04-08 06:58:23', NULL),
(1173, 85, 0, 0, '2025-04-08', 1, '', NULL, NULL, 'no', '2025-04-08 06:58:23', NULL),
(1174, 94, 0, 0, '2025-04-08', 1, '', NULL, NULL, 'no', '2025-04-08 06:58:23', NULL),
(1175, 97, 0, 0, '2025-04-08', 1, '', NULL, NULL, 'no', '2025-04-08 06:58:23', NULL),
(1176, 42, 0, 0, '2025-04-08', 1, '', NULL, NULL, 'no', '2025-04-08 06:58:23', NULL),
(1177, 44, 0, 0, '2025-04-08', 1, '', NULL, NULL, 'no', '2025-04-08 06:58:23', NULL),
(1178, 45, 0, 0, '2025-04-08', 1, '', NULL, NULL, 'no', '2025-04-08 06:58:23', NULL),
(1179, 52, 0, 0, '2025-04-08', 1, '', NULL, NULL, 'no', '2025-04-08 06:58:23', NULL),
(1180, 60, 0, 0, '2025-04-08', 1, '', NULL, NULL, 'no', '2025-04-08 06:58:23', NULL),
(1181, 63, 0, 0, '2025-04-08', 1, '', NULL, NULL, 'no', '2025-04-08 06:58:23', NULL),
(1182, 68, 0, 0, '2025-04-08', 1, '', NULL, NULL, 'no', '2025-04-08 06:58:23', NULL),
(1183, 71, 0, 0, '2025-04-08', 1, '', NULL, NULL, 'no', '2025-04-08 06:58:23', NULL),
(1184, 77, 0, 0, '2025-04-08', 1, '', NULL, NULL, 'no', '2025-04-08 06:58:23', NULL),
(1185, 87, 0, 0, '2025-04-08', 1, '', NULL, NULL, 'no', '2025-04-08 06:58:23', NULL),
(1186, 100, 0, 0, '2025-04-08', 1, '', NULL, NULL, 'no', '2025-04-08 06:58:23', NULL),
(1187, 105, 0, 0, '2025-04-08', 1, '', NULL, NULL, 'no', '2025-04-08 06:58:23', NULL),
(1188, 49, 0, 0, '2025-04-08', 1, '', NULL, NULL, 'no', '2025-04-08 06:58:23', NULL),
(1189, 59, 0, 0, '2025-04-08', 1, '', NULL, NULL, 'no', '2025-04-08 06:58:23', NULL),
(1190, 61, 0, 0, '2025-04-08', 1, '', NULL, NULL, 'no', '2025-04-08 06:58:23', NULL),
(1191, 64, 0, 0, '2025-04-08', 1, '', NULL, NULL, 'no', '2025-04-08 06:58:23', NULL),
(1192, 82, 0, 0, '2025-04-08', 1, '', NULL, NULL, 'no', '2025-04-08 06:58:23', NULL),
(1193, 84, 0, 0, '2025-04-08', 1, '', NULL, NULL, 'no', '2025-04-08 06:58:23', NULL),
(1194, 104, 0, 0, '2025-04-08', 1, '', NULL, NULL, 'no', '2025-04-08 06:58:23', NULL),
(1195, 106, 0, 0, '2025-04-08', 1, '', NULL, NULL, 'no', '2025-04-08 06:58:23', NULL),
(1196, 92, 0, 0, '2025-04-08', 1, '', NULL, NULL, 'no', '2025-04-08 06:58:23', NULL),
(1197, 96, 0, 0, '2025-04-08', 1, '', NULL, NULL, 'no', '2025-04-08 06:58:23', NULL);
INSERT INTO `student_attendences` (`id`, `student_session_id`, `biometric_attendence`, `qrcode_attendance`, `date`, `attendence_type_id`, `remark`, `biometric_device_data`, `user_agent`, `is_active`, `created_at`, `updated_at`) VALUES
(1198, 43, 0, 0, '2025-04-08', 1, '', NULL, NULL, 'no', '2025-04-08 06:58:23', NULL),
(1199, 62, 0, 0, '2025-04-08', 1, '', NULL, NULL, 'no', '2025-04-08 06:58:23', NULL),
(1200, 78, 0, 0, '2025-04-08', 1, '', NULL, NULL, 'no', '2025-04-08 06:58:23', NULL),
(1201, 79, 0, 0, '2025-04-08', 1, '', NULL, NULL, 'no', '2025-04-08 06:58:23', NULL),
(1202, 103, 0, 0, '2025-04-08', 1, '', NULL, NULL, 'no', '2025-04-08 06:58:23', NULL),
(1203, 65, 0, 0, '2025-04-08', 1, '', NULL, NULL, 'no', '2025-04-08 06:58:23', NULL),
(1204, 66, 0, 0, '2025-04-08', 1, '', NULL, NULL, 'no', '2025-04-08 06:58:23', NULL),
(1205, 69, 0, 0, '2025-04-08', 1, '', NULL, NULL, 'no', '2025-04-08 06:58:23', NULL),
(1206, 76, 0, 0, '2025-04-08', 1, '', NULL, NULL, 'no', '2025-04-08 06:58:23', NULL),
(1207, 107, 0, 0, '2025-04-08', 1, '', NULL, NULL, 'no', '2025-04-08 06:58:23', NULL),
(1208, 72, 0, 0, '2025-04-08', 1, '', NULL, NULL, 'no', '2025-04-08 06:58:23', NULL),
(1209, 93, 0, 0, '2025-04-08', 1, '', NULL, NULL, 'no', '2025-04-08 06:58:23', NULL),
(1210, 99, 0, 0, '2025-04-08', 1, '', NULL, NULL, 'no', '2025-04-08 06:58:23', NULL),
(1211, 46, 0, 0, '2025-04-07', 1, '', NULL, NULL, 'no', '2025-04-08 11:18:16', NULL),
(1212, 48, 0, 0, '2025-04-07', 1, '', NULL, NULL, 'no', '2025-04-08 11:18:16', NULL),
(1213, 50, 0, 0, '2025-04-07', 1, '', NULL, NULL, 'no', '2025-04-08 11:18:16', NULL),
(1214, 57, 0, 0, '2025-04-07', 1, '', NULL, NULL, 'no', '2025-04-08 11:18:16', NULL),
(1215, 74, 0, 0, '2025-04-07', 1, '', NULL, NULL, 'no', '2025-04-08 11:18:16', NULL),
(1216, 75, 0, 0, '2025-04-07', 1, '', NULL, NULL, 'no', '2025-04-08 11:18:16', NULL),
(1217, 80, 0, 0, '2025-04-07', 1, '', NULL, NULL, 'no', '2025-04-08 11:18:16', NULL),
(1218, 81, 0, 0, '2025-04-07', 1, '', NULL, NULL, 'no', '2025-04-08 11:18:16', NULL),
(1219, 88, 0, 0, '2025-04-07', 4, '', NULL, NULL, 'no', '2025-04-08 11:19:50', NULL),
(1220, 102, 0, 0, '2025-04-07', 1, '', NULL, NULL, 'no', '2025-04-08 11:18:16', NULL),
(1221, 98, 0, 0, '2025-04-07', 1, '', NULL, NULL, 'no', '2025-04-08 11:18:16', NULL),
(1222, 41, 0, 0, '2025-04-07', 1, '', NULL, NULL, 'no', '2025-04-08 11:18:16', NULL),
(1223, 54, 0, 0, '2025-04-07', 4, '', NULL, NULL, 'no', '2025-04-08 11:19:50', NULL),
(1224, 55, 0, 0, '2025-04-07', 1, '', NULL, NULL, 'no', '2025-04-08 11:18:16', NULL),
(1225, 86, 0, 0, '2025-04-07', 1, '', NULL, NULL, 'no', '2025-04-08 11:18:16', NULL),
(1226, 95, 0, 0, '2025-04-07', 1, '', NULL, NULL, 'no', '2025-04-08 11:18:16', NULL),
(1227, 47, 0, 0, '2025-04-07', 1, '', NULL, NULL, 'no', '2025-04-08 11:18:16', NULL),
(1228, 67, 0, 0, '2025-04-07', 1, '', NULL, NULL, 'no', '2025-04-08 11:18:16', NULL),
(1229, 73, 0, 0, '2025-04-07', 1, '', NULL, NULL, 'no', '2025-04-08 11:18:16', NULL),
(1230, 89, 0, 0, '2025-04-07', 1, '', NULL, NULL, 'no', '2025-04-08 11:18:16', NULL),
(1231, 90, 0, 0, '2025-04-07', 4, '', NULL, NULL, 'no', '2025-04-08 11:18:16', NULL),
(1232, 101, 0, 0, '2025-04-07', 4, '', NULL, NULL, 'no', '2025-04-08 11:18:16', NULL),
(1233, 51, 0, 0, '2025-04-07', 1, '', NULL, NULL, 'no', '2025-04-08 11:18:16', NULL),
(1234, 56, 0, 0, '2025-04-07', 1, '', NULL, NULL, 'no', '2025-04-08 11:18:16', NULL),
(1235, 58, 0, 0, '2025-04-07', 1, '', NULL, NULL, 'no', '2025-04-08 11:18:16', NULL),
(1236, 70, 0, 0, '2025-04-07', 1, '', NULL, NULL, 'no', '2025-04-08 11:18:16', NULL),
(1237, 85, 0, 0, '2025-04-07', 1, '', NULL, NULL, 'no', '2025-04-08 11:18:16', NULL),
(1238, 94, 0, 0, '2025-04-07', 1, '', NULL, NULL, 'no', '2025-04-08 11:18:16', NULL),
(1239, 97, 0, 0, '2025-04-07', 1, '', NULL, NULL, 'no', '2025-04-08 11:18:16', NULL),
(1240, 42, 0, 0, '2025-04-07', 1, '', NULL, NULL, 'no', '2025-04-08 11:18:16', NULL),
(1241, 44, 0, 0, '2025-04-07', 1, '', NULL, NULL, 'no', '2025-04-08 11:18:16', NULL),
(1242, 45, 0, 0, '2025-04-07', 1, '', NULL, NULL, 'no', '2025-04-08 11:18:16', NULL),
(1243, 52, 0, 0, '2025-04-07', 1, '', NULL, NULL, 'no', '2025-04-08 11:18:16', NULL),
(1244, 60, 0, 0, '2025-04-07', 1, '', NULL, NULL, 'no', '2025-04-08 11:18:16', NULL),
(1245, 63, 0, 0, '2025-04-07', 1, '', NULL, NULL, 'no', '2025-04-08 11:18:16', NULL),
(1246, 68, 0, 0, '2025-04-07', 1, '', NULL, NULL, 'no', '2025-04-08 11:18:16', NULL),
(1247, 71, 0, 0, '2025-04-07', 1, '', NULL, NULL, 'no', '2025-04-08 11:18:16', NULL),
(1248, 77, 0, 0, '2025-04-07', 1, '', NULL, NULL, 'no', '2025-04-08 11:18:16', NULL),
(1249, 87, 0, 0, '2025-04-07', 1, '', NULL, NULL, 'no', '2025-04-08 11:18:16', NULL),
(1250, 100, 0, 0, '2025-04-07', 1, '', NULL, NULL, 'no', '2025-04-08 11:18:16', NULL),
(1251, 105, 0, 0, '2025-04-07', 1, '', NULL, NULL, 'no', '2025-04-08 11:18:16', NULL),
(1252, 49, 0, 0, '2025-04-07', 1, '', NULL, NULL, 'no', '2025-04-08 11:18:16', NULL),
(1253, 59, 0, 0, '2025-04-07', 1, '', NULL, NULL, 'no', '2025-04-08 11:18:16', NULL),
(1254, 61, 0, 0, '2025-04-07', 1, '', NULL, NULL, 'no', '2025-04-08 11:18:16', NULL),
(1255, 64, 0, 0, '2025-04-07', 1, '', NULL, NULL, 'no', '2025-04-08 11:18:16', NULL),
(1256, 82, 0, 0, '2025-04-07', 1, '', NULL, NULL, 'no', '2025-04-08 11:18:16', NULL),
(1257, 84, 0, 0, '2025-04-07', 1, '', NULL, NULL, 'no', '2025-04-08 11:18:16', NULL),
(1258, 104, 0, 0, '2025-04-07', 1, '', NULL, NULL, 'no', '2025-04-08 11:18:16', NULL),
(1259, 106, 0, 0, '2025-04-07', 1, '', NULL, NULL, 'no', '2025-04-08 11:18:16', NULL),
(1260, 92, 0, 0, '2025-04-07', 1, '', NULL, NULL, 'no', '2025-04-08 11:18:16', NULL),
(1261, 96, 0, 0, '2025-04-07', 1, '', NULL, NULL, 'no', '2025-04-08 11:18:16', NULL),
(1262, 43, 0, 0, '2025-04-07', 1, '', NULL, NULL, 'no', '2025-04-08 11:18:16', NULL),
(1263, 62, 0, 0, '2025-04-07', 1, '', NULL, NULL, 'no', '2025-04-08 11:18:16', NULL),
(1264, 78, 0, 0, '2025-04-07', 1, '', NULL, NULL, 'no', '2025-04-08 11:18:16', NULL),
(1265, 79, 0, 0, '2025-04-07', 1, '', NULL, NULL, 'no', '2025-04-08 11:18:16', NULL),
(1266, 103, 0, 0, '2025-04-07', 1, '', NULL, NULL, 'no', '2025-04-08 11:18:16', NULL),
(1267, 65, 0, 0, '2025-04-07', 1, '', NULL, NULL, 'no', '2025-04-08 11:18:16', NULL),
(1268, 66, 0, 0, '2025-04-07', 1, '', NULL, NULL, 'no', '2025-04-08 11:18:16', NULL),
(1269, 69, 0, 0, '2025-04-07', 1, '', NULL, NULL, 'no', '2025-04-08 11:18:16', NULL),
(1270, 76, 0, 0, '2025-04-07', 1, '', NULL, NULL, 'no', '2025-04-08 11:18:16', NULL),
(1271, 107, 0, 0, '2025-04-07', 1, '', NULL, NULL, 'no', '2025-04-08 11:18:16', NULL),
(1272, 72, 0, 0, '2025-04-07', 1, '', NULL, NULL, 'no', '2025-04-08 11:18:16', NULL),
(1273, 93, 0, 0, '2025-04-07', 1, '', NULL, NULL, 'no', '2025-04-08 11:18:16', NULL),
(1274, 99, 0, 0, '2025-04-07', 1, '', NULL, NULL, 'no', '2025-04-08 11:18:16', NULL),
(1275, 46, 0, 0, '2025-04-05', 1, '', NULL, NULL, 'no', '2025-04-08 11:19:22', NULL),
(1276, 48, 0, 0, '2025-04-05', 4, '', NULL, NULL, 'no', '2025-04-08 11:19:22', NULL),
(1277, 50, 0, 0, '2025-04-05', 1, '', NULL, NULL, 'no', '2025-04-08 11:19:22', NULL),
(1278, 57, 0, 0, '2025-04-05', 1, '', NULL, NULL, 'no', '2025-04-08 11:19:22', NULL),
(1279, 74, 0, 0, '2025-04-05', 1, '', NULL, NULL, 'no', '2025-04-08 11:19:22', NULL),
(1280, 75, 0, 0, '2025-04-05', 1, '', NULL, NULL, 'no', '2025-04-08 11:19:22', NULL),
(1281, 80, 0, 0, '2025-04-05', 1, '', NULL, NULL, 'no', '2025-04-08 11:19:22', NULL),
(1282, 81, 0, 0, '2025-04-05', 1, '', NULL, NULL, 'no', '2025-04-08 11:19:22', NULL),
(1283, 88, 0, 0, '2025-04-05', 1, '', NULL, NULL, 'no', '2025-04-08 11:19:22', NULL),
(1284, 102, 0, 0, '2025-04-05', 1, '', NULL, NULL, 'no', '2025-04-08 11:19:22', NULL),
(1285, 98, 0, 0, '2025-04-05', 1, '', NULL, NULL, 'no', '2025-04-08 11:19:22', NULL),
(1286, 41, 0, 0, '2025-04-05', 1, '', NULL, NULL, 'no', '2025-04-08 11:19:22', NULL),
(1287, 54, 0, 0, '2025-04-05', 1, '', NULL, NULL, 'no', '2025-04-08 11:19:22', NULL),
(1288, 55, 0, 0, '2025-04-05', 1, '', NULL, NULL, 'no', '2025-04-08 11:19:22', NULL),
(1289, 86, 0, 0, '2025-04-05', 1, '', NULL, NULL, 'no', '2025-04-08 11:19:22', NULL),
(1290, 95, 0, 0, '2025-04-05', 4, '', NULL, NULL, 'no', '2025-04-08 11:19:22', NULL),
(1291, 47, 0, 0, '2025-04-05', 1, '', NULL, NULL, 'no', '2025-04-08 11:19:22', NULL),
(1292, 67, 0, 0, '2025-04-05', 1, '', NULL, NULL, 'no', '2025-04-08 11:19:22', NULL),
(1293, 73, 0, 0, '2025-04-05', 1, '', NULL, NULL, 'no', '2025-04-08 11:19:22', NULL),
(1294, 89, 0, 0, '2025-04-05', 1, '', NULL, NULL, 'no', '2025-04-08 11:19:22', NULL),
(1295, 90, 0, 0, '2025-04-05', 1, '', NULL, NULL, 'no', '2025-04-08 11:19:22', NULL),
(1296, 101, 0, 0, '2025-04-05', 1, '', NULL, NULL, 'no', '2025-04-08 11:19:22', NULL),
(1297, 51, 0, 0, '2025-04-05', 1, '', NULL, NULL, 'no', '2025-04-08 11:19:22', NULL),
(1298, 56, 0, 0, '2025-04-05', 1, '', NULL, NULL, 'no', '2025-04-08 11:19:22', NULL),
(1299, 58, 0, 0, '2025-04-05', 1, '', NULL, NULL, 'no', '2025-04-08 11:19:22', NULL),
(1300, 70, 0, 0, '2025-04-05', 1, '', NULL, NULL, 'no', '2025-04-08 11:19:22', NULL),
(1301, 85, 0, 0, '2025-04-05', 1, '', NULL, NULL, 'no', '2025-04-08 11:19:22', NULL),
(1302, 94, 0, 0, '2025-04-05', 1, '', NULL, NULL, 'no', '2025-04-08 11:19:22', NULL),
(1303, 97, 0, 0, '2025-04-05', 1, '', NULL, NULL, 'no', '2025-04-08 11:19:22', NULL),
(1304, 42, 0, 0, '2025-04-05', 1, '', NULL, NULL, 'no', '2025-04-08 11:19:22', NULL),
(1305, 44, 0, 0, '2025-04-05', 1, '', NULL, NULL, 'no', '2025-04-08 11:19:22', NULL),
(1306, 45, 0, 0, '2025-04-05', 1, '', NULL, NULL, 'no', '2025-04-08 11:19:22', NULL),
(1307, 52, 0, 0, '2025-04-05', 1, '', NULL, NULL, 'no', '2025-04-08 11:19:22', NULL),
(1308, 60, 0, 0, '2025-04-05', 1, '', NULL, NULL, 'no', '2025-04-08 11:19:22', NULL),
(1309, 63, 0, 0, '2025-04-05', 1, '', NULL, NULL, 'no', '2025-04-08 11:19:22', NULL),
(1310, 68, 0, 0, '2025-04-05', 1, '', NULL, NULL, 'no', '2025-04-08 11:19:22', NULL),
(1311, 71, 0, 0, '2025-04-05', 1, '', NULL, NULL, 'no', '2025-04-08 11:19:22', NULL),
(1312, 77, 0, 0, '2025-04-05', 1, '', NULL, NULL, 'no', '2025-04-08 11:19:22', NULL),
(1313, 87, 0, 0, '2025-04-05', 1, '', NULL, NULL, 'no', '2025-04-08 11:19:22', NULL),
(1314, 100, 0, 0, '2025-04-05', 1, '', NULL, NULL, 'no', '2025-04-08 11:19:22', NULL),
(1315, 105, 0, 0, '2025-04-05', 1, '', NULL, NULL, 'no', '2025-04-08 11:19:22', NULL),
(1316, 49, 0, 0, '2025-04-05', 1, '', NULL, NULL, 'no', '2025-04-08 11:19:22', NULL),
(1317, 59, 0, 0, '2025-04-05', 1, '', NULL, NULL, 'no', '2025-04-08 11:19:22', NULL),
(1318, 61, 0, 0, '2025-04-05', 1, '', NULL, NULL, 'no', '2025-04-08 11:19:22', NULL),
(1319, 64, 0, 0, '2025-04-05', 1, '', NULL, NULL, 'no', '2025-04-08 11:19:22', NULL),
(1320, 82, 0, 0, '2025-04-05', 1, '', NULL, NULL, 'no', '2025-04-08 11:19:22', NULL),
(1321, 84, 0, 0, '2025-04-05', 1, '', NULL, NULL, 'no', '2025-04-08 11:19:22', NULL),
(1322, 104, 0, 0, '2025-04-05', 1, '', NULL, NULL, 'no', '2025-04-08 11:19:22', NULL),
(1323, 106, 0, 0, '2025-04-05', 1, '', NULL, NULL, 'no', '2025-04-08 11:19:22', NULL),
(1324, 92, 0, 0, '2025-04-05', 1, '', NULL, NULL, 'no', '2025-04-08 11:19:22', NULL),
(1325, 96, 0, 0, '2025-04-05', 1, '', NULL, NULL, 'no', '2025-04-08 11:19:22', NULL),
(1326, 43, 0, 0, '2025-04-05', 1, '', NULL, NULL, 'no', '2025-04-08 11:19:22', NULL),
(1327, 62, 0, 0, '2025-04-05', 1, '', NULL, NULL, 'no', '2025-04-08 11:19:22', NULL),
(1328, 78, 0, 0, '2025-04-05', 1, '', NULL, NULL, 'no', '2025-04-08 11:19:22', NULL),
(1329, 79, 0, 0, '2025-04-05', 1, '', NULL, NULL, 'no', '2025-04-08 11:19:22', NULL),
(1330, 103, 0, 0, '2025-04-05', 1, '', NULL, NULL, 'no', '2025-04-08 11:19:22', NULL),
(1331, 65, 0, 0, '2025-04-05', 1, '', NULL, NULL, 'no', '2025-04-08 11:19:22', NULL),
(1332, 66, 0, 0, '2025-04-05', 1, '', NULL, NULL, 'no', '2025-04-08 11:19:22', NULL),
(1333, 69, 0, 0, '2025-04-05', 1, '', NULL, NULL, 'no', '2025-04-08 11:19:22', NULL),
(1334, 76, 0, 0, '2025-04-05', 1, '', NULL, NULL, 'no', '2025-04-08 11:19:22', NULL),
(1335, 107, 0, 0, '2025-04-05', 1, '', NULL, NULL, 'no', '2025-04-08 11:19:22', NULL),
(1336, 72, 0, 0, '2025-04-05', 1, '', NULL, NULL, 'no', '2025-04-08 11:19:22', NULL),
(1337, 93, 0, 0, '2025-04-05', 1, '', NULL, NULL, 'no', '2025-04-08 11:19:22', NULL),
(1338, 99, 0, 0, '2025-04-05', 1, '', NULL, NULL, 'no', '2025-04-08 11:19:22', NULL),
(1339, 46, 0, 0, '2025-04-04', 1, '', NULL, NULL, 'no', '2025-04-08 11:20:15', NULL),
(1340, 48, 0, 0, '2025-04-04', 1, '', NULL, NULL, 'no', '2025-04-08 11:20:15', NULL),
(1341, 50, 0, 0, '2025-04-04', 1, '', NULL, NULL, 'no', '2025-04-08 11:20:15', NULL),
(1342, 57, 0, 0, '2025-04-04', 1, '', NULL, NULL, 'no', '2025-04-08 11:20:15', NULL),
(1343, 74, 0, 0, '2025-04-04', 1, '', NULL, NULL, 'no', '2025-04-08 11:20:15', NULL),
(1344, 75, 0, 0, '2025-04-04', 1, '', NULL, NULL, 'no', '2025-04-08 11:20:15', NULL),
(1345, 80, 0, 0, '2025-04-04', 1, '', NULL, NULL, 'no', '2025-04-08 11:20:15', NULL),
(1346, 81, 0, 0, '2025-04-04', 1, '', NULL, NULL, 'no', '2025-04-08 11:20:15', NULL),
(1347, 88, 0, 0, '2025-04-04', 1, '', NULL, NULL, 'no', '2025-04-08 11:20:15', NULL),
(1348, 102, 0, 0, '2025-04-04', 1, '', NULL, NULL, 'no', '2025-04-08 11:20:15', NULL),
(1349, 98, 0, 0, '2025-04-04', 5, '', NULL, NULL, 'no', '2025-04-08 11:20:15', NULL),
(1350, 41, 0, 0, '2025-04-04', 1, '', NULL, NULL, 'no', '2025-04-08 11:20:15', NULL),
(1351, 54, 0, 0, '2025-04-04', 5, '', NULL, NULL, 'no', '2025-04-08 11:20:15', NULL),
(1352, 55, 0, 0, '2025-04-04', 1, '', NULL, NULL, 'no', '2025-04-08 11:20:15', NULL),
(1353, 86, 0, 0, '2025-04-04', 5, '', NULL, NULL, 'no', '2025-04-08 11:20:15', NULL),
(1354, 95, 0, 0, '2025-04-04', 1, '', NULL, NULL, 'no', '2025-04-08 11:20:15', NULL),
(1355, 47, 0, 0, '2025-04-04', 1, '', NULL, NULL, 'no', '2025-04-08 11:20:15', NULL),
(1356, 67, 0, 0, '2025-04-04', 1, '', NULL, NULL, 'no', '2025-04-08 11:20:15', NULL),
(1357, 73, 0, 0, '2025-04-04', 1, '', NULL, NULL, 'no', '2025-04-08 11:20:15', NULL),
(1358, 89, 0, 0, '2025-04-04', 1, '', NULL, NULL, 'no', '2025-04-08 11:20:15', NULL),
(1359, 90, 0, 0, '2025-04-04', 1, '', NULL, NULL, 'no', '2025-04-08 11:20:15', NULL),
(1360, 101, 0, 0, '2025-04-04', 1, '', NULL, NULL, 'no', '2025-04-08 11:20:15', NULL),
(1361, 51, 0, 0, '2025-04-04', 1, '', NULL, NULL, 'no', '2025-04-08 11:20:15', NULL),
(1362, 56, 0, 0, '2025-04-04', 1, '', NULL, NULL, 'no', '2025-04-08 11:20:15', NULL),
(1363, 58, 0, 0, '2025-04-04', 1, '', NULL, NULL, 'no', '2025-04-08 11:20:15', NULL),
(1364, 70, 0, 0, '2025-04-04', 1, '', NULL, NULL, 'no', '2025-04-08 11:20:15', NULL),
(1365, 85, 0, 0, '2025-04-04', 1, '', NULL, NULL, 'no', '2025-04-08 11:20:15', NULL),
(1366, 94, 0, 0, '2025-04-04', 1, '', NULL, NULL, 'no', '2025-04-08 11:20:15', NULL),
(1367, 97, 0, 0, '2025-04-04', 1, '', NULL, NULL, 'no', '2025-04-08 11:20:15', NULL),
(1368, 42, 0, 0, '2025-04-04', 1, '', NULL, NULL, 'no', '2025-04-08 11:20:15', NULL),
(1369, 44, 0, 0, '2025-04-04', 1, '', NULL, NULL, 'no', '2025-04-08 11:20:15', NULL),
(1370, 45, 0, 0, '2025-04-04', 1, '', NULL, NULL, 'no', '2025-04-08 11:20:15', NULL),
(1371, 52, 0, 0, '2025-04-04', 1, '', NULL, NULL, 'no', '2025-04-08 11:20:15', NULL),
(1372, 60, 0, 0, '2025-04-04', 1, '', NULL, NULL, 'no', '2025-04-08 11:20:15', NULL),
(1373, 63, 0, 0, '2025-04-04', 1, '', NULL, NULL, 'no', '2025-04-08 11:20:15', NULL),
(1374, 68, 0, 0, '2025-04-04', 1, '', NULL, NULL, 'no', '2025-04-08 11:20:15', NULL),
(1375, 71, 0, 0, '2025-04-04', 1, '', NULL, NULL, 'no', '2025-04-08 11:20:15', NULL),
(1376, 77, 0, 0, '2025-04-04', 1, '', NULL, NULL, 'no', '2025-04-08 11:20:15', NULL),
(1377, 87, 0, 0, '2025-04-04', 1, '', NULL, NULL, 'no', '2025-04-08 11:20:15', NULL),
(1378, 100, 0, 0, '2025-04-04', 1, '', NULL, NULL, 'no', '2025-04-08 11:20:15', NULL),
(1379, 105, 0, 0, '2025-04-04', 1, '', NULL, NULL, 'no', '2025-04-08 11:20:15', NULL),
(1380, 49, 0, 0, '2025-04-04', 1, '', NULL, NULL, 'no', '2025-04-08 11:20:15', NULL),
(1381, 59, 0, 0, '2025-04-04', 1, '', NULL, NULL, 'no', '2025-04-08 11:20:15', NULL),
(1382, 61, 0, 0, '2025-04-04', 1, '', NULL, NULL, 'no', '2025-04-08 11:20:15', NULL),
(1383, 64, 0, 0, '2025-04-04', 1, '', NULL, NULL, 'no', '2025-04-08 11:20:15', NULL),
(1384, 82, 0, 0, '2025-04-04', 1, '', NULL, NULL, 'no', '2025-04-08 11:20:15', NULL),
(1385, 84, 0, 0, '2025-04-04', 1, '', NULL, NULL, 'no', '2025-04-08 11:20:15', NULL),
(1386, 104, 0, 0, '2025-04-04', 1, '', NULL, NULL, 'no', '2025-04-08 11:20:15', NULL),
(1387, 106, 0, 0, '2025-04-04', 1, '', NULL, NULL, 'no', '2025-04-08 11:20:15', NULL),
(1388, 92, 0, 0, '2025-04-04', 1, '', NULL, NULL, 'no', '2025-04-08 11:20:15', NULL),
(1389, 96, 0, 0, '2025-04-04', 1, '', NULL, NULL, 'no', '2025-04-08 11:20:15', NULL),
(1390, 43, 0, 0, '2025-04-04', 1, '', NULL, NULL, 'no', '2025-04-08 11:20:15', NULL),
(1391, 62, 0, 0, '2025-04-04', 1, '', NULL, NULL, 'no', '2025-04-08 11:20:15', NULL),
(1392, 78, 0, 0, '2025-04-04', 1, '', NULL, NULL, 'no', '2025-04-08 11:20:15', NULL),
(1393, 79, 0, 0, '2025-04-04', 1, '', NULL, NULL, 'no', '2025-04-08 11:20:15', NULL),
(1394, 103, 0, 0, '2025-04-04', 1, '', NULL, NULL, 'no', '2025-04-08 11:20:15', NULL),
(1395, 65, 0, 0, '2025-04-04', 1, '', NULL, NULL, 'no', '2025-04-08 11:20:15', NULL),
(1396, 66, 0, 0, '2025-04-04', 1, '', NULL, NULL, 'no', '2025-04-08 11:20:15', NULL),
(1397, 69, 0, 0, '2025-04-04', 1, '', NULL, NULL, 'no', '2025-04-08 11:20:15', NULL),
(1398, 76, 0, 0, '2025-04-04', 1, '', NULL, NULL, 'no', '2025-04-08 11:20:15', NULL),
(1399, 107, 0, 0, '2025-04-04', 1, '', NULL, NULL, 'no', '2025-04-08 11:20:15', NULL),
(1400, 72, 0, 0, '2025-04-04', 1, '', NULL, NULL, 'no', '2025-04-08 11:20:15', NULL),
(1401, 93, 0, 0, '2025-04-04', 1, '', NULL, NULL, 'no', '2025-04-08 11:20:15', NULL),
(1402, 99, 0, 0, '2025-04-04', 1, '', NULL, NULL, 'no', '2025-04-08 11:20:15', NULL),
(1403, 46, 0, 0, '2025-04-03', 1, '', NULL, NULL, 'no', '2025-04-08 11:20:32', NULL),
(1404, 48, 0, 0, '2025-04-03', 1, '', NULL, NULL, 'no', '2025-04-08 11:20:32', NULL),
(1405, 50, 0, 0, '2025-04-03', 1, '', NULL, NULL, 'no', '2025-04-08 11:20:32', NULL),
(1406, 57, 0, 0, '2025-04-03', 4, '', NULL, NULL, 'no', '2025-04-08 11:20:32', NULL),
(1407, 74, 0, 0, '2025-04-03', 1, '', NULL, NULL, 'no', '2025-04-08 11:20:32', NULL),
(1408, 75, 0, 0, '2025-04-03', 1, '', NULL, NULL, 'no', '2025-04-08 11:20:32', NULL),
(1409, 80, 0, 0, '2025-04-03', 4, '', NULL, NULL, 'no', '2025-04-08 11:20:32', NULL),
(1410, 81, 0, 0, '2025-04-03', 1, '', NULL, NULL, 'no', '2025-04-08 11:20:32', NULL),
(1411, 88, 0, 0, '2025-04-03', 1, '', NULL, NULL, 'no', '2025-04-08 11:20:32', NULL),
(1412, 102, 0, 0, '2025-04-03', 1, '', NULL, NULL, 'no', '2025-04-08 11:20:32', NULL),
(1413, 98, 0, 0, '2025-04-03', 1, '', NULL, NULL, 'no', '2025-04-08 11:20:32', NULL),
(1414, 41, 0, 0, '2025-04-03', 1, '', NULL, NULL, 'no', '2025-04-08 11:20:32', NULL),
(1415, 54, 0, 0, '2025-04-03', 1, '', NULL, NULL, 'no', '2025-04-08 11:20:32', NULL),
(1416, 55, 0, 0, '2025-04-03', 1, '', NULL, NULL, 'no', '2025-04-08 11:20:32', NULL),
(1417, 86, 0, 0, '2025-04-03', 1, '', NULL, NULL, 'no', '2025-04-08 11:20:32', NULL),
(1418, 95, 0, 0, '2025-04-03', 1, '', NULL, NULL, 'no', '2025-04-08 11:20:32', NULL),
(1419, 47, 0, 0, '2025-04-03', 1, '', NULL, NULL, 'no', '2025-04-08 11:20:32', NULL),
(1420, 67, 0, 0, '2025-04-03', 1, '', NULL, NULL, 'no', '2025-04-08 11:20:32', NULL),
(1421, 73, 0, 0, '2025-04-03', 1, '', NULL, NULL, 'no', '2025-04-08 11:20:32', NULL),
(1422, 89, 0, 0, '2025-04-03', 1, '', NULL, NULL, 'no', '2025-04-08 11:20:32', NULL),
(1423, 90, 0, 0, '2025-04-03', 1, '', NULL, NULL, 'no', '2025-04-08 11:20:32', NULL),
(1424, 101, 0, 0, '2025-04-03', 1, '', NULL, NULL, 'no', '2025-04-08 11:20:32', NULL),
(1425, 51, 0, 0, '2025-04-03', 1, '', NULL, NULL, 'no', '2025-04-08 11:20:32', NULL),
(1426, 56, 0, 0, '2025-04-03', 1, '', NULL, NULL, 'no', '2025-04-08 11:20:32', NULL),
(1427, 58, 0, 0, '2025-04-03', 1, '', NULL, NULL, 'no', '2025-04-08 11:20:32', NULL),
(1428, 70, 0, 0, '2025-04-03', 1, '', NULL, NULL, 'no', '2025-04-08 11:20:32', NULL),
(1429, 85, 0, 0, '2025-04-03', 1, '', NULL, NULL, 'no', '2025-04-08 11:20:32', NULL),
(1430, 94, 0, 0, '2025-04-03', 1, '', NULL, NULL, 'no', '2025-04-08 11:20:32', NULL),
(1431, 97, 0, 0, '2025-04-03', 1, '', NULL, NULL, 'no', '2025-04-08 11:20:32', NULL),
(1432, 42, 0, 0, '2025-04-03', 1, '', NULL, NULL, 'no', '2025-04-08 11:20:32', NULL),
(1433, 44, 0, 0, '2025-04-03', 1, '', NULL, NULL, 'no', '2025-04-08 11:20:32', NULL),
(1434, 45, 0, 0, '2025-04-03', 1, '', NULL, NULL, 'no', '2025-04-08 11:20:32', NULL),
(1435, 52, 0, 0, '2025-04-03', 1, '', NULL, NULL, 'no', '2025-04-08 11:20:32', NULL),
(1436, 60, 0, 0, '2025-04-03', 1, '', NULL, NULL, 'no', '2025-04-08 11:20:32', NULL),
(1437, 63, 0, 0, '2025-04-03', 1, '', NULL, NULL, 'no', '2025-04-08 11:20:32', NULL),
(1438, 68, 0, 0, '2025-04-03', 1, '', NULL, NULL, 'no', '2025-04-08 11:20:32', NULL),
(1439, 71, 0, 0, '2025-04-03', 1, '', NULL, NULL, 'no', '2025-04-08 11:20:32', NULL),
(1440, 77, 0, 0, '2025-04-03', 1, '', NULL, NULL, 'no', '2025-04-08 11:20:32', NULL),
(1441, 87, 0, 0, '2025-04-03', 1, '', NULL, NULL, 'no', '2025-04-08 11:20:32', NULL),
(1442, 100, 0, 0, '2025-04-03', 1, '', NULL, NULL, 'no', '2025-04-08 11:20:32', NULL),
(1443, 105, 0, 0, '2025-04-03', 1, '', NULL, NULL, 'no', '2025-04-08 11:20:32', NULL),
(1444, 49, 0, 0, '2025-04-03', 1, '', NULL, NULL, 'no', '2025-04-08 11:20:32', NULL),
(1445, 59, 0, 0, '2025-04-03', 1, '', NULL, NULL, 'no', '2025-04-08 11:20:32', NULL),
(1446, 61, 0, 0, '2025-04-03', 1, '', NULL, NULL, 'no', '2025-04-08 11:20:32', NULL),
(1447, 64, 0, 0, '2025-04-03', 1, '', NULL, NULL, 'no', '2025-04-08 11:20:32', NULL),
(1448, 82, 0, 0, '2025-04-03', 1, '', NULL, NULL, 'no', '2025-04-08 11:20:32', NULL),
(1449, 84, 0, 0, '2025-04-03', 1, '', NULL, NULL, 'no', '2025-04-08 11:20:32', NULL),
(1450, 104, 0, 0, '2025-04-03', 1, '', NULL, NULL, 'no', '2025-04-08 11:20:32', NULL),
(1451, 106, 0, 0, '2025-04-03', 1, '', NULL, NULL, 'no', '2025-04-08 11:20:32', NULL),
(1452, 92, 0, 0, '2025-04-03', 1, '', NULL, NULL, 'no', '2025-04-08 11:20:32', NULL),
(1453, 96, 0, 0, '2025-04-03', 1, '', NULL, NULL, 'no', '2025-04-08 11:20:32', NULL),
(1454, 43, 0, 0, '2025-04-03', 1, '', NULL, NULL, 'no', '2025-04-08 11:20:32', NULL),
(1455, 62, 0, 0, '2025-04-03', 1, '', NULL, NULL, 'no', '2025-04-08 11:20:32', NULL),
(1456, 78, 0, 0, '2025-04-03', 1, '', NULL, NULL, 'no', '2025-04-08 11:20:32', NULL),
(1457, 79, 0, 0, '2025-04-03', 1, '', NULL, NULL, 'no', '2025-04-08 11:20:32', NULL),
(1458, 103, 0, 0, '2025-04-03', 1, '', NULL, NULL, 'no', '2025-04-08 11:20:32', NULL),
(1459, 65, 0, 0, '2025-04-03', 1, '', NULL, NULL, 'no', '2025-04-08 11:20:32', NULL),
(1460, 66, 0, 0, '2025-04-03', 1, '', NULL, NULL, 'no', '2025-04-08 11:20:32', NULL),
(1461, 69, 0, 0, '2025-04-03', 1, '', NULL, NULL, 'no', '2025-04-08 11:20:32', NULL),
(1462, 76, 0, 0, '2025-04-03', 1, '', NULL, NULL, 'no', '2025-04-08 11:20:32', NULL),
(1463, 107, 0, 0, '2025-04-03', 1, '', NULL, NULL, 'no', '2025-04-08 11:20:32', NULL),
(1464, 72, 0, 0, '2025-04-03', 1, '', NULL, NULL, 'no', '2025-04-08 11:20:32', NULL),
(1465, 93, 0, 0, '2025-04-03', 1, '', NULL, NULL, 'no', '2025-04-08 11:20:32', NULL),
(1466, 99, 0, 0, '2025-04-03', 1, '', NULL, NULL, 'no', '2025-04-08 11:20:32', NULL),
(1467, 102, 0, 0, '2025-04-02', 1, '', NULL, NULL, 'no', '2025-04-08 11:20:46', NULL),
(1468, 98, 0, 0, '2025-04-02', 1, '', NULL, NULL, 'no', '2025-04-08 11:20:46', NULL),
(1469, 95, 0, 0, '2025-04-02', 1, '', NULL, NULL, 'no', '2025-04-08 11:20:46', NULL),
(1470, 101, 0, 0, '2025-04-02', 1, '', NULL, NULL, 'no', '2025-04-08 11:20:46', NULL),
(1471, 94, 0, 0, '2025-04-02', 1, '', NULL, NULL, 'no', '2025-04-08 11:20:46', NULL),
(1472, 97, 0, 0, '2025-04-02', 1, '', NULL, NULL, 'no', '2025-04-08 11:20:46', NULL),
(1473, 100, 0, 0, '2025-04-02', 1, '', NULL, NULL, 'no', '2025-04-08 11:20:46', NULL),
(1474, 105, 0, 0, '2025-04-02', 1, '', NULL, NULL, 'no', '2025-04-08 11:20:46', NULL),
(1475, 104, 0, 0, '2025-04-02', 1, '', NULL, NULL, 'no', '2025-04-08 11:20:46', NULL),
(1476, 106, 0, 0, '2025-04-02', 1, '', NULL, NULL, 'no', '2025-04-08 11:20:46', NULL),
(1477, 92, 0, 0, '2025-04-02', 1, '', NULL, NULL, 'no', '2025-04-08 11:20:46', NULL),
(1478, 96, 0, 0, '2025-04-02', 1, '', NULL, NULL, 'no', '2025-04-08 11:20:46', NULL),
(1479, 103, 0, 0, '2025-04-02', 1, '', NULL, NULL, 'no', '2025-04-08 11:20:46', NULL),
(1480, 107, 0, 0, '2025-04-02', 1, '', NULL, NULL, 'no', '2025-04-08 11:20:46', NULL),
(1481, 93, 0, 0, '2025-04-02', 1, '', NULL, NULL, 'no', '2025-04-08 11:20:46', NULL),
(1482, 99, 0, 0, '2025-04-02', 1, '', NULL, NULL, 'no', '2025-04-08 11:20:46', NULL),
(1483, 46, 0, 0, '2025-04-18', 4, '', NULL, NULL, 'no', '2025-04-18 09:30:13', NULL),
(1484, 48, 0, 0, '2025-04-18', 6, '', NULL, NULL, 'no', '2025-04-18 09:30:13', NULL),
(1485, 50, 0, 0, '2025-04-18', 6, '', NULL, NULL, 'no', '2025-04-18 09:30:13', NULL),
(1486, 57, 0, 0, '2025-04-18', 6, '', NULL, NULL, 'no', '2025-04-18 09:30:13', NULL),
(1487, 74, 0, 0, '2025-04-18', 1, '', NULL, NULL, 'no', '2025-04-18 09:30:13', NULL),
(1488, 75, 0, 0, '2025-04-18', 6, '', NULL, NULL, 'no', '2025-04-18 09:30:13', NULL),
(1489, 80, 0, 0, '2025-04-18', 1, '', NULL, NULL, 'no', '2025-04-18 09:30:13', NULL),
(1490, 81, 0, 0, '2025-04-18', 1, '', NULL, NULL, 'no', '2025-04-18 09:30:13', NULL),
(1491, 88, 0, 0, '2025-04-18', 5, '', NULL, NULL, 'no', '2025-04-18 09:30:13', NULL),
(1492, 102, 0, 0, '2025-04-18', 4, '', NULL, NULL, 'no', '2025-04-18 09:30:13', NULL),
(1493, 98, 0, 0, '2025-04-18', 1, '', NULL, NULL, 'no', '2025-04-18 09:30:13', NULL),
(1494, 41, 0, 0, '2025-04-18', 1, '', NULL, NULL, 'no', '2025-04-18 09:30:13', NULL),
(1495, 54, 0, 0, '2025-04-18', 1, '', NULL, NULL, 'no', '2025-04-18 09:30:13', NULL),
(1496, 55, 0, 0, '2025-04-18', 1, '', NULL, NULL, 'no', '2025-04-18 09:30:13', NULL),
(1497, 86, 0, 0, '2025-04-18', 1, '', NULL, NULL, 'no', '2025-04-18 09:30:13', NULL),
(1498, 95, 0, 0, '2025-04-18', 1, '', NULL, NULL, 'no', '2025-04-18 09:30:13', NULL),
(1499, 47, 0, 0, '2025-04-18', 1, '', NULL, NULL, 'no', '2025-04-18 09:30:13', NULL),
(1500, 67, 0, 0, '2025-04-18', 1, '', NULL, NULL, 'no', '2025-04-18 09:30:13', NULL),
(1501, 73, 0, 0, '2025-04-18', 1, '', NULL, NULL, 'no', '2025-04-18 09:30:13', NULL),
(1502, 89, 0, 0, '2025-04-18', 1, '', NULL, NULL, 'no', '2025-04-18 09:30:13', NULL),
(1503, 90, 0, 0, '2025-04-18', 1, '', NULL, NULL, 'no', '2025-04-18 09:30:13', NULL),
(1504, 101, 0, 0, '2025-04-18', 1, '', NULL, NULL, 'no', '2025-04-18 09:30:13', NULL),
(1505, 51, 0, 0, '2025-04-18', 1, '', NULL, NULL, 'no', '2025-04-18 09:30:13', NULL),
(1506, 56, 0, 0, '2025-04-18', 1, '', NULL, NULL, 'no', '2025-04-18 09:30:13', NULL),
(1507, 58, 0, 0, '2025-04-18', 1, '', NULL, NULL, 'no', '2025-04-18 09:30:13', NULL),
(1508, 70, 0, 0, '2025-04-18', 1, '', NULL, NULL, 'no', '2025-04-18 09:30:13', NULL),
(1509, 85, 0, 0, '2025-04-18', 1, '', NULL, NULL, 'no', '2025-04-18 09:30:13', NULL),
(1510, 94, 0, 0, '2025-04-18', 1, '', NULL, NULL, 'no', '2025-04-18 09:30:13', NULL),
(1511, 97, 0, 0, '2025-04-18', 1, '', NULL, NULL, 'no', '2025-04-18 09:30:13', NULL),
(1512, 42, 0, 0, '2025-04-18', 1, '', NULL, NULL, 'no', '2025-04-18 09:30:13', NULL),
(1513, 44, 0, 0, '2025-04-18', 1, '', NULL, NULL, 'no', '2025-04-18 09:30:13', NULL),
(1514, 45, 0, 0, '2025-04-18', 1, '', NULL, NULL, 'no', '2025-04-18 09:30:13', NULL),
(1515, 52, 0, 0, '2025-04-18', 1, '', NULL, NULL, 'no', '2025-04-18 09:30:13', NULL),
(1516, 60, 0, 0, '2025-04-18', 1, '', NULL, NULL, 'no', '2025-04-18 09:30:13', NULL),
(1517, 63, 0, 0, '2025-04-18', 1, '', NULL, NULL, 'no', '2025-04-18 09:30:13', NULL),
(1518, 68, 0, 0, '2025-04-18', 1, '', NULL, NULL, 'no', '2025-04-18 09:30:13', NULL),
(1519, 71, 0, 0, '2025-04-18', 1, '', NULL, NULL, 'no', '2025-04-18 09:30:13', NULL),
(1520, 77, 0, 0, '2025-04-18', 1, '', NULL, NULL, 'no', '2025-04-18 09:30:13', NULL),
(1521, 87, 0, 0, '2025-04-18', 1, '', NULL, NULL, 'no', '2025-04-18 09:30:13', NULL),
(1522, 100, 0, 0, '2025-04-18', 1, '', NULL, NULL, 'no', '2025-04-18 09:30:13', NULL),
(1523, 105, 0, 0, '2025-04-18', 1, '', NULL, NULL, 'no', '2025-04-18 09:30:13', NULL),
(1524, 49, 0, 0, '2025-04-18', 1, '', NULL, NULL, 'no', '2025-04-18 09:30:13', NULL),
(1525, 59, 0, 0, '2025-04-18', 1, '', NULL, NULL, 'no', '2025-04-18 09:30:13', NULL),
(1526, 61, 0, 0, '2025-04-18', 1, '', NULL, NULL, 'no', '2025-04-18 09:30:13', NULL),
(1527, 64, 0, 0, '2025-04-18', 1, '', NULL, NULL, 'no', '2025-04-18 09:30:13', NULL),
(1528, 82, 0, 0, '2025-04-18', 1, '', NULL, NULL, 'no', '2025-04-18 09:30:13', NULL),
(1529, 84, 0, 0, '2025-04-18', 1, '', NULL, NULL, 'no', '2025-04-18 09:30:13', NULL),
(1530, 104, 0, 0, '2025-04-18', 1, '', NULL, NULL, 'no', '2025-04-18 09:30:13', NULL),
(1531, 106, 0, 0, '2025-04-18', 1, '', NULL, NULL, 'no', '2025-04-18 09:30:13', NULL),
(1532, 92, 0, 0, '2025-04-18', 1, '', NULL, NULL, 'no', '2025-04-18 09:30:13', NULL),
(1533, 96, 0, 0, '2025-04-18', 1, '', NULL, NULL, 'no', '2025-04-18 09:30:13', NULL),
(1534, 43, 0, 0, '2025-04-18', 1, '', NULL, NULL, 'no', '2025-04-18 09:30:13', NULL),
(1535, 62, 0, 0, '2025-04-18', 1, '', NULL, NULL, 'no', '2025-04-18 09:30:13', NULL),
(1536, 78, 0, 0, '2025-04-18', 1, '', NULL, NULL, 'no', '2025-04-18 09:30:13', NULL),
(1537, 79, 0, 0, '2025-04-18', 1, '', NULL, NULL, 'no', '2025-04-18 09:30:13', NULL),
(1538, 103, 0, 0, '2025-04-18', 1, '', NULL, NULL, 'no', '2025-04-18 09:30:13', NULL),
(1539, 65, 0, 0, '2025-04-18', 1, '', NULL, NULL, 'no', '2025-04-18 09:30:13', NULL),
(1540, 66, 0, 0, '2025-04-18', 1, '', NULL, NULL, 'no', '2025-04-18 09:30:13', NULL),
(1541, 69, 0, 0, '2025-04-18', 1, '', NULL, NULL, 'no', '2025-04-18 09:30:13', NULL),
(1542, 76, 0, 0, '2025-04-18', 1, '', NULL, NULL, 'no', '2025-04-18 09:30:13', NULL),
(1543, 107, 0, 0, '2025-04-18', 1, '', NULL, NULL, 'no', '2025-04-18 09:30:13', NULL),
(1544, 72, 0, 0, '2025-04-18', 1, '', NULL, NULL, 'no', '2025-04-18 09:30:13', NULL),
(1545, 93, 0, 0, '2025-04-18', 1, '', NULL, NULL, 'no', '2025-04-18 09:30:13', NULL),
(1546, 99, 0, 0, '2025-04-18', 1, '', NULL, NULL, 'no', '2025-04-18 09:30:13', NULL),
(1547, 46, 0, 0, '2025-04-19', 1, '', NULL, NULL, 'no', '2025-04-25 05:35:29', NULL),
(1548, 48, 0, 0, '2025-04-19', 1, '', NULL, NULL, 'no', '2025-04-25 05:35:29', NULL),
(1549, 50, 0, 0, '2025-04-19', 1, '', NULL, NULL, 'no', '2025-04-25 05:35:29', NULL),
(1550, 57, 0, 0, '2025-04-19', 1, '', NULL, NULL, 'no', '2025-04-25 05:35:29', NULL),
(1551, 74, 0, 0, '2025-04-19', 1, '', NULL, NULL, 'no', '2025-04-25 05:35:29', NULL),
(1552, 75, 0, 0, '2025-04-19', 1, '', NULL, NULL, 'no', '2025-04-25 05:35:29', NULL),
(1553, 80, 0, 0, '2025-04-19', 1, '', NULL, NULL, 'no', '2025-04-25 05:35:29', NULL),
(1554, 81, 0, 0, '2025-04-19', 1, '', NULL, NULL, 'no', '2025-04-25 05:35:29', NULL),
(1555, 88, 0, 0, '2025-04-19', 1, '', NULL, NULL, 'no', '2025-04-25 05:35:29', NULL),
(1556, 102, 0, 0, '2025-04-19', 1, '', NULL, NULL, 'no', '2025-04-25 05:35:29', NULL),
(1557, 98, 0, 0, '2025-04-19', 4, '', NULL, NULL, 'no', '2025-04-25 05:35:29', NULL),
(1558, 41, 0, 0, '2025-04-19', 1, '', NULL, NULL, 'no', '2025-04-25 05:35:29', NULL),
(1559, 54, 0, 0, '2025-04-19', 1, '', NULL, NULL, 'no', '2025-04-25 05:35:29', NULL),
(1560, 55, 0, 0, '2025-04-19', 4, '', NULL, NULL, 'no', '2025-04-25 05:35:29', NULL),
(1561, 86, 0, 0, '2025-04-19', 1, '', NULL, NULL, 'no', '2025-04-25 05:35:29', NULL),
(1562, 95, 0, 0, '2025-04-19', 1, '', NULL, NULL, 'no', '2025-04-25 05:35:29', NULL),
(1563, 47, 0, 0, '2025-04-19', 1, '', NULL, NULL, 'no', '2025-04-25 05:35:29', NULL),
(1564, 67, 0, 0, '2025-04-19', 1, '', NULL, NULL, 'no', '2025-04-25 05:35:29', NULL),
(1565, 73, 0, 0, '2025-04-19', 1, '', NULL, NULL, 'no', '2025-04-25 05:35:29', NULL),
(1566, 89, 0, 0, '2025-04-19', 1, '', NULL, NULL, 'no', '2025-04-25 05:35:29', NULL),
(1567, 90, 0, 0, '2025-04-19', 1, '', NULL, NULL, 'no', '2025-04-25 05:35:29', NULL),
(1568, 101, 0, 0, '2025-04-19', 1, '', NULL, NULL, 'no', '2025-04-25 05:35:29', NULL),
(1569, 51, 0, 0, '2025-04-19', 1, '', NULL, NULL, 'no', '2025-04-25 05:35:29', NULL),
(1570, 56, 0, 0, '2025-04-19', 1, '', NULL, NULL, 'no', '2025-04-25 05:35:29', NULL),
(1571, 58, 0, 0, '2025-04-19', 1, '', NULL, NULL, 'no', '2025-04-25 05:35:29', NULL),
(1572, 70, 0, 0, '2025-04-19', 1, '', NULL, NULL, 'no', '2025-04-25 05:35:29', NULL),
(1573, 85, 0, 0, '2025-04-19', 1, '', NULL, NULL, 'no', '2025-04-25 05:35:29', NULL),
(1574, 94, 0, 0, '2025-04-19', 1, '', NULL, NULL, 'no', '2025-04-25 05:35:29', NULL),
(1575, 97, 0, 0, '2025-04-19', 1, '', NULL, NULL, 'no', '2025-04-25 05:35:29', NULL),
(1576, 42, 0, 0, '2025-04-19', 1, '', NULL, NULL, 'no', '2025-04-25 05:35:29', NULL),
(1577, 44, 0, 0, '2025-04-19', 1, '', NULL, NULL, 'no', '2025-04-25 05:35:29', NULL),
(1578, 45, 0, 0, '2025-04-19', 1, '', NULL, NULL, 'no', '2025-04-25 05:35:29', NULL),
(1579, 52, 0, 0, '2025-04-19', 1, '', NULL, NULL, 'no', '2025-04-25 05:35:29', NULL),
(1580, 60, 0, 0, '2025-04-19', 1, '', NULL, NULL, 'no', '2025-04-25 05:35:29', NULL),
(1581, 63, 0, 0, '2025-04-19', 1, '', NULL, NULL, 'no', '2025-04-25 05:35:29', NULL),
(1582, 68, 0, 0, '2025-04-19', 1, '', NULL, NULL, 'no', '2025-04-25 05:35:29', NULL),
(1583, 71, 0, 0, '2025-04-19', 1, '', NULL, NULL, 'no', '2025-04-25 05:35:29', NULL),
(1584, 77, 0, 0, '2025-04-19', 1, '', NULL, NULL, 'no', '2025-04-25 05:35:29', NULL),
(1585, 87, 0, 0, '2025-04-19', 1, '', NULL, NULL, 'no', '2025-04-25 05:35:29', NULL),
(1586, 100, 0, 0, '2025-04-19', 4, '', NULL, NULL, 'no', '2025-04-25 05:35:29', NULL),
(1587, 105, 0, 0, '2025-04-19', 1, '', NULL, NULL, 'no', '2025-04-25 05:35:29', NULL),
(1588, 49, 0, 0, '2025-04-19', 1, '', NULL, NULL, 'no', '2025-04-25 05:35:29', NULL),
(1589, 59, 0, 0, '2025-04-19', 1, '', NULL, NULL, 'no', '2025-04-25 05:35:29', NULL),
(1590, 61, 0, 0, '2025-04-19', 1, '', NULL, NULL, 'no', '2025-04-25 05:35:29', NULL),
(1591, 64, 0, 0, '2025-04-19', 1, '', NULL, NULL, 'no', '2025-04-25 05:35:29', NULL),
(1592, 82, 0, 0, '2025-04-19', 1, '', NULL, NULL, 'no', '2025-04-25 05:35:29', NULL),
(1593, 84, 0, 0, '2025-04-19', 1, '', NULL, NULL, 'no', '2025-04-25 05:35:29', NULL),
(1594, 104, 0, 0, '2025-04-19', 1, '', NULL, NULL, 'no', '2025-04-25 05:35:29', NULL),
(1595, 106, 0, 0, '2025-04-19', 1, '', NULL, NULL, 'no', '2025-04-25 05:35:29', NULL),
(1596, 92, 0, 0, '2025-04-19', 1, '', NULL, NULL, 'no', '2025-04-25 05:35:29', NULL),
(1597, 96, 0, 0, '2025-04-19', 1, '', NULL, NULL, 'no', '2025-04-25 05:35:29', NULL),
(1598, 43, 0, 0, '2025-04-19', 1, '', NULL, NULL, 'no', '2025-04-25 05:35:29', NULL),
(1599, 62, 0, 0, '2025-04-19', 1, '', NULL, NULL, 'no', '2025-04-25 05:35:29', NULL),
(1600, 78, 0, 0, '2025-04-19', 1, '', NULL, NULL, 'no', '2025-04-25 05:35:29', NULL),
(1601, 79, 0, 0, '2025-04-19', 1, '', NULL, NULL, 'no', '2025-04-25 05:35:29', NULL),
(1602, 103, 0, 0, '2025-04-19', 1, '', NULL, NULL, 'no', '2025-04-25 05:35:29', NULL),
(1603, 65, 0, 0, '2025-04-19', 1, '', NULL, NULL, 'no', '2025-04-25 05:35:29', NULL),
(1604, 66, 0, 0, '2025-04-19', 1, '', NULL, NULL, 'no', '2025-04-25 05:35:29', NULL),
(1605, 69, 0, 0, '2025-04-19', 1, '', NULL, NULL, 'no', '2025-04-25 05:35:29', NULL),
(1606, 76, 0, 0, '2025-04-19', 1, '', NULL, NULL, 'no', '2025-04-25 05:35:29', NULL),
(1607, 107, 0, 0, '2025-04-19', 1, '', NULL, NULL, 'no', '2025-04-25 05:35:29', NULL),
(1608, 72, 0, 0, '2025-04-19', 1, '', NULL, NULL, 'no', '2025-04-25 05:35:29', NULL),
(1609, 93, 0, 0, '2025-04-19', 1, '', NULL, NULL, 'no', '2025-04-25 05:35:29', NULL),
(1610, 99, 0, 0, '2025-04-19', 1, '', NULL, NULL, 'no', '2025-04-25 05:35:29', NULL),
(1611, 46, 0, 0, '2025-04-21', 1, '', NULL, NULL, 'no', '2025-04-25 05:36:10', NULL),
(1612, 48, 0, 0, '2025-04-21', 5, '', NULL, NULL, 'no', '2025-04-25 05:36:10', NULL),
(1613, 50, 0, 0, '2025-04-21', 1, '', NULL, NULL, 'no', '2025-04-25 05:36:10', NULL),
(1614, 57, 0, 0, '2025-04-21', 1, '', NULL, NULL, 'no', '2025-04-25 05:36:10', NULL),
(1615, 74, 0, 0, '2025-04-21', 5, '', NULL, NULL, 'no', '2025-04-25 05:36:10', NULL),
(1616, 75, 0, 0, '2025-04-21', 4, '', NULL, NULL, 'no', '2025-04-25 05:36:40', NULL),
(1617, 80, 0, 0, '2025-04-21', 4, '', NULL, NULL, 'no', '2025-04-25 05:36:40', NULL),
(1618, 81, 0, 0, '2025-04-21', 1, '', NULL, NULL, 'no', '2025-04-25 05:36:10', NULL),
(1619, 88, 0, 0, '2025-04-21', 1, '', NULL, NULL, 'no', '2025-04-25 05:36:10', NULL),
(1620, 102, 0, 0, '2025-04-21', 1, '', NULL, NULL, 'no', '2025-04-25 05:36:10', NULL),
(1621, 98, 0, 0, '2025-04-21', 1, '', NULL, NULL, 'no', '2025-04-25 05:36:10', NULL),
(1622, 41, 0, 0, '2025-04-21', 1, '', NULL, NULL, 'no', '2025-04-25 05:36:10', NULL),
(1623, 54, 0, 0, '2025-04-21', 1, '', NULL, NULL, 'no', '2025-04-25 05:36:10', NULL),
(1624, 55, 0, 0, '2025-04-21', 1, '', NULL, NULL, 'no', '2025-04-25 05:36:10', NULL),
(1625, 86, 0, 0, '2025-04-21', 1, '', NULL, NULL, 'no', '2025-04-25 05:36:10', NULL),
(1626, 95, 0, 0, '2025-04-21', 1, '', NULL, NULL, 'no', '2025-04-25 05:36:10', NULL),
(1627, 47, 0, 0, '2025-04-21', 1, '', NULL, NULL, 'no', '2025-04-25 05:36:10', NULL),
(1628, 67, 0, 0, '2025-04-21', 1, '', NULL, NULL, 'no', '2025-04-25 05:36:10', NULL),
(1629, 73, 0, 0, '2025-04-21', 1, '', NULL, NULL, 'no', '2025-04-25 05:36:10', NULL),
(1630, 89, 0, 0, '2025-04-21', 1, '', NULL, NULL, 'no', '2025-04-25 05:36:10', NULL),
(1631, 90, 0, 0, '2025-04-21', 5, '', NULL, NULL, 'no', '2025-04-25 05:36:10', NULL),
(1632, 101, 0, 0, '2025-04-21', 1, '', NULL, NULL, 'no', '2025-04-25 05:36:10', NULL),
(1633, 51, 0, 0, '2025-04-21', 1, '', NULL, NULL, 'no', '2025-04-25 05:36:10', NULL),
(1634, 56, 0, 0, '2025-04-21', 1, '', NULL, NULL, 'no', '2025-04-25 05:36:10', NULL),
(1635, 58, 0, 0, '2025-04-21', 1, '', NULL, NULL, 'no', '2025-04-25 05:36:10', NULL),
(1636, 70, 0, 0, '2025-04-21', 1, '', NULL, NULL, 'no', '2025-04-25 05:36:10', NULL),
(1637, 85, 0, 0, '2025-04-21', 1, '', NULL, NULL, 'no', '2025-04-25 05:36:10', NULL),
(1638, 94, 0, 0, '2025-04-21', 1, '', NULL, NULL, 'no', '2025-04-25 05:36:10', NULL),
(1639, 97, 0, 0, '2025-04-21', 1, '', NULL, NULL, 'no', '2025-04-25 05:36:10', NULL),
(1640, 42, 0, 0, '2025-04-21', 4, '', NULL, NULL, 'no', '2025-04-25 05:36:40', NULL),
(1641, 44, 0, 0, '2025-04-21', 4, '', NULL, NULL, 'no', '2025-04-25 05:36:40', NULL),
(1642, 45, 0, 0, '2025-04-21', 1, '', NULL, NULL, 'no', '2025-04-25 05:36:10', NULL),
(1643, 52, 0, 0, '2025-04-21', 1, '', NULL, NULL, 'no', '2025-04-25 05:36:10', NULL),
(1644, 60, 0, 0, '2025-04-21', 1, '', NULL, NULL, 'no', '2025-04-25 05:36:10', NULL),
(1645, 63, 0, 0, '2025-04-21', 1, '', NULL, NULL, 'no', '2025-04-25 05:36:10', NULL),
(1646, 68, 0, 0, '2025-04-21', 1, '', NULL, NULL, 'no', '2025-04-25 05:36:10', NULL),
(1647, 71, 0, 0, '2025-04-21', 1, '', NULL, NULL, 'no', '2025-04-25 05:36:10', NULL),
(1648, 77, 0, 0, '2025-04-21', 1, '', NULL, NULL, 'no', '2025-04-25 05:36:10', NULL),
(1649, 87, 0, 0, '2025-04-21', 1, '', NULL, NULL, 'no', '2025-04-25 05:36:10', NULL),
(1650, 100, 0, 0, '2025-04-21', 1, '', NULL, NULL, 'no', '2025-04-25 05:36:10', NULL),
(1651, 105, 0, 0, '2025-04-21', 1, '', NULL, NULL, 'no', '2025-04-25 05:36:10', NULL),
(1652, 49, 0, 0, '2025-04-21', 1, '', NULL, NULL, 'no', '2025-04-25 05:36:10', NULL),
(1653, 59, 0, 0, '2025-04-21', 5, '', NULL, NULL, 'no', '2025-04-25 05:36:10', NULL),
(1654, 61, 0, 0, '2025-04-21', 1, '', NULL, NULL, 'no', '2025-04-25 05:36:10', NULL),
(1655, 64, 0, 0, '2025-04-21', 1, '', NULL, NULL, 'no', '2025-04-25 05:36:10', NULL),
(1656, 82, 0, 0, '2025-04-21', 1, '', NULL, NULL, 'no', '2025-04-25 05:36:10', NULL),
(1657, 84, 0, 0, '2025-04-21', 1, '', NULL, NULL, 'no', '2025-04-25 05:36:10', NULL),
(1658, 104, 0, 0, '2025-04-21', 1, '', NULL, NULL, 'no', '2025-04-25 05:36:10', NULL),
(1659, 106, 0, 0, '2025-04-21', 1, '', NULL, NULL, 'no', '2025-04-25 05:36:10', NULL),
(1660, 92, 0, 0, '2025-04-21', 1, '', NULL, NULL, 'no', '2025-04-25 05:36:10', NULL),
(1661, 96, 0, 0, '2025-04-21', 1, '', NULL, NULL, 'no', '2025-04-25 05:36:10', NULL),
(1662, 43, 0, 0, '2025-04-21', 1, '', NULL, NULL, 'no', '2025-04-25 05:36:10', NULL),
(1663, 62, 0, 0, '2025-04-21', 1, '', NULL, NULL, 'no', '2025-04-25 05:36:10', NULL),
(1664, 78, 0, 0, '2025-04-21', 1, '', NULL, NULL, 'no', '2025-04-25 05:36:10', NULL),
(1665, 79, 0, 0, '2025-04-21', 1, '', NULL, NULL, 'no', '2025-04-25 05:36:10', NULL),
(1666, 103, 0, 0, '2025-04-21', 1, '', NULL, NULL, 'no', '2025-04-25 05:36:10', NULL),
(1667, 65, 0, 0, '2025-04-21', 1, '', NULL, NULL, 'no', '2025-04-25 05:36:10', NULL),
(1668, 66, 0, 0, '2025-04-21', 1, '', NULL, NULL, 'no', '2025-04-25 05:36:10', NULL),
(1669, 69, 0, 0, '2025-04-21', 1, '', NULL, NULL, 'no', '2025-04-25 05:36:10', NULL),
(1670, 76, 0, 0, '2025-04-21', 1, '', NULL, NULL, 'no', '2025-04-25 05:36:10', NULL),
(1671, 107, 0, 0, '2025-04-21', 1, '', NULL, NULL, 'no', '2025-04-25 05:36:10', NULL),
(1672, 72, 0, 0, '2025-04-21', 1, '', NULL, NULL, 'no', '2025-04-25 05:36:10', NULL),
(1673, 93, 0, 0, '2025-04-21', 1, '', NULL, NULL, 'no', '2025-04-25 05:36:10', NULL),
(1674, 99, 0, 0, '2025-04-21', 1, '', NULL, NULL, 'no', '2025-04-25 05:36:10', NULL),
(1675, 46, 0, 0, '2025-04-22', 1, '', NULL, NULL, 'no', '2025-04-25 05:37:08', NULL),
(1676, 48, 0, 0, '2025-04-22', 1, '', NULL, NULL, 'no', '2025-04-25 05:37:08', NULL),
(1677, 50, 0, 0, '2025-04-22', 4, '', NULL, NULL, 'no', '2025-04-25 05:37:08', NULL),
(1678, 57, 0, 0, '2025-04-22', 4, '', NULL, NULL, 'no', '2025-04-25 05:37:08', NULL),
(1679, 74, 0, 0, '2025-04-22', 1, '', NULL, NULL, 'no', '2025-04-25 05:37:08', NULL),
(1680, 75, 0, 0, '2025-04-22', 1, '', NULL, NULL, 'no', '2025-04-25 05:37:08', NULL),
(1681, 80, 0, 0, '2025-04-22', 1, '', NULL, NULL, 'no', '2025-04-25 05:37:08', NULL),
(1682, 81, 0, 0, '2025-04-22', 1, '', NULL, NULL, 'no', '2025-04-25 05:37:08', NULL),
(1683, 88, 0, 0, '2025-04-22', 1, '', NULL, NULL, 'no', '2025-04-25 05:37:08', NULL),
(1684, 102, 0, 0, '2025-04-22', 1, '', NULL, NULL, 'no', '2025-04-25 05:37:08', NULL),
(1685, 98, 0, 0, '2025-04-22', 1, '', NULL, NULL, 'no', '2025-04-25 05:37:08', NULL),
(1686, 41, 0, 0, '2025-04-22', 1, '', NULL, NULL, 'no', '2025-04-25 05:37:08', NULL),
(1687, 54, 0, 0, '2025-04-22', 1, '', NULL, NULL, 'no', '2025-04-25 05:37:08', NULL),
(1688, 55, 0, 0, '2025-04-22', 1, '', NULL, NULL, 'no', '2025-04-25 05:37:08', NULL),
(1689, 86, 0, 0, '2025-04-22', 1, '', NULL, NULL, 'no', '2025-04-25 05:37:08', NULL),
(1690, 95, 0, 0, '2025-04-22', 1, '', NULL, NULL, 'no', '2025-04-25 05:37:08', NULL),
(1691, 47, 0, 0, '2025-04-22', 1, '', NULL, NULL, 'no', '2025-04-25 05:37:08', NULL),
(1692, 67, 0, 0, '2025-04-22', 1, '', NULL, NULL, 'no', '2025-04-25 05:37:08', NULL),
(1693, 73, 0, 0, '2025-04-22', 1, '', NULL, NULL, 'no', '2025-04-25 05:37:08', NULL),
(1694, 89, 0, 0, '2025-04-22', 1, '', NULL, NULL, 'no', '2025-04-25 05:37:08', NULL),
(1695, 90, 0, 0, '2025-04-22', 1, '', NULL, NULL, 'no', '2025-04-25 05:37:08', NULL),
(1696, 101, 0, 0, '2025-04-22', 1, '', NULL, NULL, 'no', '2025-04-25 05:37:08', NULL),
(1697, 51, 0, 0, '2025-04-22', 1, '', NULL, NULL, 'no', '2025-04-25 05:37:08', NULL),
(1698, 56, 0, 0, '2025-04-22', 1, '', NULL, NULL, 'no', '2025-04-25 05:37:08', NULL),
(1699, 58, 0, 0, '2025-04-22', 1, '', NULL, NULL, 'no', '2025-04-25 05:37:08', NULL),
(1700, 70, 0, 0, '2025-04-22', 1, '', NULL, NULL, 'no', '2025-04-25 05:37:08', NULL),
(1701, 85, 0, 0, '2025-04-22', 1, '', NULL, NULL, 'no', '2025-04-25 05:37:08', NULL),
(1702, 94, 0, 0, '2025-04-22', 1, '', NULL, NULL, 'no', '2025-04-25 05:37:08', NULL),
(1703, 97, 0, 0, '2025-04-22', 1, '', NULL, NULL, 'no', '2025-04-25 05:37:08', NULL),
(1704, 42, 0, 0, '2025-04-22', 1, '', NULL, NULL, 'no', '2025-04-25 05:37:08', NULL),
(1705, 44, 0, 0, '2025-04-22', 1, '', NULL, NULL, 'no', '2025-04-25 05:37:08', NULL),
(1706, 45, 0, 0, '2025-04-22', 1, '', NULL, NULL, 'no', '2025-04-25 05:37:08', NULL),
(1707, 52, 0, 0, '2025-04-22', 4, '', NULL, NULL, 'no', '2025-04-25 05:37:08', NULL),
(1708, 60, 0, 0, '2025-04-22', 4, '', NULL, NULL, 'no', '2025-04-25 05:37:08', NULL),
(1709, 63, 0, 0, '2025-04-22', 1, '', NULL, NULL, 'no', '2025-04-25 05:37:08', NULL),
(1710, 68, 0, 0, '2025-04-22', 1, '', NULL, NULL, 'no', '2025-04-25 05:37:08', NULL),
(1711, 71, 0, 0, '2025-04-22', 1, '', NULL, NULL, 'no', '2025-04-25 05:37:08', NULL),
(1712, 77, 0, 0, '2025-04-22', 1, '', NULL, NULL, 'no', '2025-04-25 05:37:08', NULL),
(1713, 87, 0, 0, '2025-04-22', 1, '', NULL, NULL, 'no', '2025-04-25 05:37:08', NULL),
(1714, 100, 0, 0, '2025-04-22', 1, '', NULL, NULL, 'no', '2025-04-25 05:37:08', NULL),
(1715, 105, 0, 0, '2025-04-22', 1, '', NULL, NULL, 'no', '2025-04-25 05:37:08', NULL),
(1716, 49, 0, 0, '2025-04-22', 1, '', NULL, NULL, 'no', '2025-04-25 05:37:08', NULL),
(1717, 59, 0, 0, '2025-04-22', 1, '', NULL, NULL, 'no', '2025-04-25 05:37:08', NULL),
(1718, 61, 0, 0, '2025-04-22', 1, '', NULL, NULL, 'no', '2025-04-25 05:37:08', NULL),
(1719, 64, 0, 0, '2025-04-22', 1, '', NULL, NULL, 'no', '2025-04-25 05:37:08', NULL),
(1720, 82, 0, 0, '2025-04-22', 1, '', NULL, NULL, 'no', '2025-04-25 05:37:08', NULL),
(1721, 84, 0, 0, '2025-04-22', 1, '', NULL, NULL, 'no', '2025-04-25 05:37:08', NULL),
(1722, 104, 0, 0, '2025-04-22', 1, '', NULL, NULL, 'no', '2025-04-25 05:37:08', NULL),
(1723, 106, 0, 0, '2025-04-22', 1, '', NULL, NULL, 'no', '2025-04-25 05:37:08', NULL),
(1724, 92, 0, 0, '2025-04-22', 1, '', NULL, NULL, 'no', '2025-04-25 05:37:08', NULL),
(1725, 96, 0, 0, '2025-04-22', 1, '', NULL, NULL, 'no', '2025-04-25 05:37:08', NULL),
(1726, 43, 0, 0, '2025-04-22', 1, '', NULL, NULL, 'no', '2025-04-25 05:37:08', NULL),
(1727, 62, 0, 0, '2025-04-22', 1, '', NULL, NULL, 'no', '2025-04-25 05:37:08', NULL),
(1728, 78, 0, 0, '2025-04-22', 1, '', NULL, NULL, 'no', '2025-04-25 05:37:08', NULL),
(1729, 79, 0, 0, '2025-04-22', 1, '', NULL, NULL, 'no', '2025-04-25 05:37:08', NULL),
(1730, 103, 0, 0, '2025-04-22', 1, '', NULL, NULL, 'no', '2025-04-25 05:37:08', NULL),
(1731, 65, 0, 0, '2025-04-22', 1, '', NULL, NULL, 'no', '2025-04-25 05:37:08', NULL),
(1732, 66, 0, 0, '2025-04-22', 1, '', NULL, NULL, 'no', '2025-04-25 05:37:08', NULL),
(1733, 69, 0, 0, '2025-04-22', 1, '', NULL, NULL, 'no', '2025-04-25 05:37:08', NULL),
(1734, 76, 0, 0, '2025-04-22', 1, '', NULL, NULL, 'no', '2025-04-25 05:37:08', NULL),
(1735, 107, 0, 0, '2025-04-22', 1, '', NULL, NULL, 'no', '2025-04-25 05:37:08', NULL),
(1736, 72, 0, 0, '2025-04-22', 1, '', NULL, NULL, 'no', '2025-04-25 05:37:08', NULL),
(1737, 93, 0, 0, '2025-04-22', 1, '', NULL, NULL, 'no', '2025-04-25 05:37:08', NULL),
(1738, 99, 0, 0, '2025-04-22', 1, '', NULL, NULL, 'no', '2025-04-25 05:37:08', NULL),
(1739, 46, 0, 0, '2025-04-23', 4, '', NULL, NULL, 'no', '2025-04-25 05:38:26', NULL),
(1740, 48, 0, 0, '2025-04-23', 1, '', NULL, NULL, 'no', '2025-04-25 05:37:37', NULL),
(1741, 50, 0, 0, '2025-04-23', 4, '', NULL, NULL, 'no', '2025-04-25 05:38:26', NULL),
(1742, 57, 0, 0, '2025-04-23', 1, '', NULL, NULL, 'no', '2025-04-25 05:37:37', NULL),
(1743, 74, 0, 0, '2025-04-23', 1, '', NULL, NULL, 'no', '2025-04-25 05:37:37', NULL),
(1744, 75, 0, 0, '2025-04-23', 1, '', NULL, NULL, 'no', '2025-04-25 05:37:37', NULL),
(1745, 80, 0, 0, '2025-04-23', 1, '', NULL, NULL, 'no', '2025-04-25 05:37:37', NULL),
(1746, 81, 0, 0, '2025-04-23', 1, '', NULL, NULL, 'no', '2025-04-25 05:37:37', NULL),
(1747, 88, 0, 0, '2025-04-23', 1, '', NULL, NULL, 'no', '2025-04-25 05:37:37', NULL),
(1748, 102, 0, 0, '2025-04-23', 1, '', NULL, NULL, 'no', '2025-04-25 05:37:37', NULL),
(1749, 98, 0, 0, '2025-04-23', 1, '', NULL, NULL, 'no', '2025-04-25 05:37:37', NULL),
(1750, 41, 0, 0, '2025-04-23', 1, '', NULL, NULL, 'no', '2025-04-25 05:37:37', NULL),
(1751, 54, 0, 0, '2025-04-23', 1, '', NULL, NULL, 'no', '2025-04-25 05:37:37', NULL),
(1752, 55, 0, 0, '2025-04-23', 1, '', NULL, NULL, 'no', '2025-04-25 05:37:37', NULL),
(1753, 86, 0, 0, '2025-04-23', 1, '', NULL, NULL, 'no', '2025-04-25 05:37:37', NULL),
(1754, 95, 0, 0, '2025-04-23', 1, '', NULL, NULL, 'no', '2025-04-25 05:37:37', NULL),
(1755, 47, 0, 0, '2025-04-23', 4, '', NULL, NULL, 'no', '2025-04-25 05:38:01', NULL),
(1756, 67, 0, 0, '2025-04-23', 4, '', NULL, NULL, 'no', '2025-04-25 05:38:01', NULL),
(1757, 73, 0, 0, '2025-04-23', 4, '', NULL, NULL, 'no', '2025-04-25 05:38:01', NULL),
(1758, 89, 0, 0, '2025-04-23', 1, '', NULL, NULL, 'no', '2025-04-25 05:37:37', NULL),
(1759, 90, 0, 0, '2025-04-23', 1, '', NULL, NULL, 'no', '2025-04-25 05:37:37', NULL),
(1760, 101, 0, 0, '2025-04-23', 1, '', NULL, NULL, 'no', '2025-04-25 05:37:37', NULL),
(1761, 51, 0, 0, '2025-04-23', 1, '', NULL, NULL, 'no', '2025-04-25 05:37:37', NULL),
(1762, 56, 0, 0, '2025-04-23', 1, '', NULL, NULL, 'no', '2025-04-25 05:37:37', NULL),
(1763, 58, 0, 0, '2025-04-23', 1, '', NULL, NULL, 'no', '2025-04-25 05:37:37', NULL),
(1764, 70, 0, 0, '2025-04-23', 1, '', NULL, NULL, 'no', '2025-04-25 05:37:37', NULL),
(1765, 85, 0, 0, '2025-04-23', 1, '', NULL, NULL, 'no', '2025-04-25 05:37:37', NULL),
(1766, 94, 0, 0, '2025-04-23', 1, '', NULL, NULL, 'no', '2025-04-25 05:37:37', NULL),
(1767, 97, 0, 0, '2025-04-23', 1, '', NULL, NULL, 'no', '2025-04-25 05:37:37', NULL),
(1768, 42, 0, 0, '2025-04-23', 1, '', NULL, NULL, 'no', '2025-04-25 05:37:37', NULL),
(1769, 44, 0, 0, '2025-04-23', 4, '', NULL, NULL, 'no', '2025-04-25 05:37:37', NULL),
(1770, 45, 0, 0, '2025-04-23', 4, '', NULL, NULL, 'no', '2025-04-25 05:37:37', NULL),
(1771, 52, 0, 0, '2025-04-23', 1, '', NULL, NULL, 'no', '2025-04-25 05:37:37', NULL),
(1772, 60, 0, 0, '2025-04-23', 1, '', NULL, NULL, 'no', '2025-04-25 05:37:37', NULL),
(1773, 63, 0, 0, '2025-04-23', 1, '', NULL, NULL, 'no', '2025-04-25 05:37:37', NULL),
(1774, 68, 0, 0, '2025-04-23', 1, '', NULL, NULL, 'no', '2025-04-25 05:37:37', NULL),
(1775, 71, 0, 0, '2025-04-23', 1, '', NULL, NULL, 'no', '2025-04-25 05:37:37', NULL),
(1776, 77, 0, 0, '2025-04-23', 1, '', NULL, NULL, 'no', '2025-04-25 05:37:37', NULL),
(1777, 87, 0, 0, '2025-04-23', 4, '', NULL, NULL, 'no', '2025-04-25 05:38:26', NULL),
(1778, 100, 0, 0, '2025-04-23', 4, '', NULL, NULL, 'no', '2025-04-25 05:38:26', NULL),
(1779, 105, 0, 0, '2025-04-23', 1, '', NULL, NULL, 'no', '2025-04-25 05:37:37', NULL),
(1780, 49, 0, 0, '2025-04-23', 1, '', NULL, NULL, 'no', '2025-04-25 05:37:37', NULL),
(1781, 59, 0, 0, '2025-04-23', 1, '', NULL, NULL, 'no', '2025-04-25 05:37:37', NULL),
(1782, 61, 0, 0, '2025-04-23', 1, '', NULL, NULL, 'no', '2025-04-25 05:37:37', NULL),
(1783, 64, 0, 0, '2025-04-23', 1, '', NULL, NULL, 'no', '2025-04-25 05:37:37', NULL),
(1784, 82, 0, 0, '2025-04-23', 1, '', NULL, NULL, 'no', '2025-04-25 05:37:37', NULL),
(1785, 84, 0, 0, '2025-04-23', 1, '', NULL, NULL, 'no', '2025-04-25 05:37:37', NULL),
(1786, 104, 0, 0, '2025-04-23', 4, '', NULL, NULL, 'no', '2025-04-25 05:37:37', NULL),
(1787, 106, 0, 0, '2025-04-23', 1, '', NULL, NULL, 'no', '2025-04-25 05:37:37', NULL),
(1788, 92, 0, 0, '2025-04-23', 1, '', NULL, NULL, 'no', '2025-04-25 05:37:37', NULL);
INSERT INTO `student_attendences` (`id`, `student_session_id`, `biometric_attendence`, `qrcode_attendance`, `date`, `attendence_type_id`, `remark`, `biometric_device_data`, `user_agent`, `is_active`, `created_at`, `updated_at`) VALUES
(1789, 96, 0, 0, '2025-04-23', 1, '', NULL, NULL, 'no', '2025-04-25 05:37:37', NULL),
(1790, 43, 0, 0, '2025-04-23', 1, '', NULL, NULL, 'no', '2025-04-25 05:37:37', NULL),
(1791, 62, 0, 0, '2025-04-23', 1, '', NULL, NULL, 'no', '2025-04-25 05:37:37', NULL),
(1792, 78, 0, 0, '2025-04-23', 1, '', NULL, NULL, 'no', '2025-04-25 05:37:37', NULL),
(1793, 79, 0, 0, '2025-04-23', 1, '', NULL, NULL, 'no', '2025-04-25 05:37:37', NULL),
(1794, 103, 0, 0, '2025-04-23', 1, '', NULL, NULL, 'no', '2025-04-25 05:37:37', NULL),
(1795, 65, 0, 0, '2025-04-23', 1, '', NULL, NULL, 'no', '2025-04-25 05:37:37', NULL),
(1796, 66, 0, 0, '2025-04-23', 1, '', NULL, NULL, 'no', '2025-04-25 05:37:37', NULL),
(1797, 69, 0, 0, '2025-04-23', 1, '', NULL, NULL, 'no', '2025-04-25 05:37:37', NULL),
(1798, 76, 0, 0, '2025-04-23', 1, '', NULL, NULL, 'no', '2025-04-25 05:37:37', NULL),
(1799, 107, 0, 0, '2025-04-23', 1, '', NULL, NULL, 'no', '2025-04-25 05:37:37', NULL),
(1800, 72, 0, 0, '2025-04-23', 1, '', NULL, NULL, 'no', '2025-04-25 05:37:37', NULL),
(1801, 93, 0, 0, '2025-04-23', 1, '', NULL, NULL, 'no', '2025-04-25 05:37:37', NULL),
(1802, 99, 0, 0, '2025-04-23', 1, '', NULL, NULL, 'no', '2025-04-25 05:37:37', NULL),
(1803, 46, 0, 0, '2025-04-24', 1, '', NULL, NULL, 'no', '2025-04-25 05:43:02', NULL),
(1804, 48, 0, 0, '2025-04-24', 1, '', NULL, NULL, 'no', '2025-04-25 05:43:02', NULL),
(1805, 50, 0, 0, '2025-04-24', 1, '', NULL, NULL, 'no', '2025-04-25 05:43:02', NULL),
(1806, 57, 0, 0, '2025-04-24', 1, '', NULL, NULL, 'no', '2025-04-25 05:43:02', NULL),
(1807, 74, 0, 0, '2025-04-24', 1, '', NULL, NULL, 'no', '2025-04-25 05:43:02', NULL),
(1808, 75, 0, 0, '2025-04-24', 1, '', NULL, NULL, 'no', '2025-04-25 05:43:02', NULL),
(1809, 80, 0, 0, '2025-04-24', 1, '', NULL, NULL, 'no', '2025-04-25 05:43:02', NULL),
(1810, 81, 0, 0, '2025-04-24', 1, '', NULL, NULL, 'no', '2025-04-25 05:43:02', NULL),
(1811, 88, 0, 0, '2025-04-24', 1, '', NULL, NULL, 'no', '2025-04-25 05:43:02', NULL),
(1812, 102, 0, 0, '2025-04-24', 1, '', NULL, NULL, 'no', '2025-04-25 05:43:02', NULL),
(1813, 98, 0, 0, '2025-04-24', 1, '', NULL, NULL, 'no', '2025-04-25 05:43:02', NULL),
(1814, 41, 0, 0, '2025-04-24', 1, '', NULL, NULL, 'no', '2025-04-25 05:43:02', NULL),
(1815, 54, 0, 0, '2025-04-24', 1, '', NULL, NULL, 'no', '2025-04-25 05:43:02', NULL),
(1816, 55, 0, 0, '2025-04-24', 1, '', NULL, NULL, 'no', '2025-04-25 05:43:02', NULL),
(1817, 86, 0, 0, '2025-04-24', 1, '', NULL, NULL, 'no', '2025-04-25 05:43:02', NULL),
(1818, 95, 0, 0, '2025-04-24', 1, '', NULL, NULL, 'no', '2025-04-25 05:43:02', NULL),
(1819, 47, 0, 0, '2025-04-24', 1, '', NULL, NULL, 'no', '2025-04-25 05:43:02', NULL),
(1820, 67, 0, 0, '2025-04-24', 4, '', NULL, NULL, 'no', '2025-04-25 05:43:02', NULL),
(1821, 73, 0, 0, '2025-04-24', 1, '', NULL, NULL, 'no', '2025-04-25 05:43:02', NULL),
(1822, 89, 0, 0, '2025-04-24', 1, '', NULL, NULL, 'no', '2025-04-25 05:43:02', NULL),
(1823, 90, 0, 0, '2025-04-24', 1, '', NULL, NULL, 'no', '2025-04-25 05:43:02', NULL),
(1824, 101, 0, 0, '2025-04-24', 1, '', NULL, NULL, 'no', '2025-04-25 05:43:02', NULL),
(1825, 51, 0, 0, '2025-04-24', 1, '', NULL, NULL, 'no', '2025-04-25 05:43:02', NULL),
(1826, 56, 0, 0, '2025-04-24', 1, '', NULL, NULL, 'no', '2025-04-25 05:43:02', NULL),
(1827, 58, 0, 0, '2025-04-24', 1, '', NULL, NULL, 'no', '2025-04-25 05:43:02', NULL),
(1828, 70, 0, 0, '2025-04-24', 1, '', NULL, NULL, 'no', '2025-04-25 05:43:02', NULL),
(1829, 85, 0, 0, '2025-04-24', 1, '', NULL, NULL, 'no', '2025-04-25 05:43:02', NULL),
(1830, 94, 0, 0, '2025-04-24', 1, '', NULL, NULL, 'no', '2025-04-25 05:43:02', NULL),
(1831, 97, 0, 0, '2025-04-24', 1, '', NULL, NULL, 'no', '2025-04-25 05:43:02', NULL),
(1832, 42, 0, 0, '2025-04-24', 1, '', NULL, NULL, 'no', '2025-04-25 05:43:02', NULL),
(1833, 44, 0, 0, '2025-04-24', 1, '', NULL, NULL, 'no', '2025-04-25 05:43:02', NULL),
(1834, 45, 0, 0, '2025-04-24', 1, '', NULL, NULL, 'no', '2025-04-25 05:43:02', NULL),
(1835, 52, 0, 0, '2025-04-24', 1, '', NULL, NULL, 'no', '2025-04-25 05:43:02', NULL),
(1836, 60, 0, 0, '2025-04-24', 1, '', NULL, NULL, 'no', '2025-04-25 05:43:02', NULL),
(1837, 63, 0, 0, '2025-04-24', 1, '', NULL, NULL, 'no', '2025-04-25 05:43:02', NULL),
(1838, 68, 0, 0, '2025-04-24', 1, '', NULL, NULL, 'no', '2025-04-25 05:43:02', NULL),
(1839, 71, 0, 0, '2025-04-24', 1, '', NULL, NULL, 'no', '2025-04-25 05:43:02', NULL),
(1840, 77, 0, 0, '2025-04-24', 1, '', NULL, NULL, 'no', '2025-04-25 05:43:02', NULL),
(1841, 87, 0, 0, '2025-04-24', 1, '', NULL, NULL, 'no', '2025-04-25 05:43:02', NULL),
(1842, 100, 0, 0, '2025-04-24', 1, '', NULL, NULL, 'no', '2025-04-25 05:43:02', NULL),
(1843, 105, 0, 0, '2025-04-24', 1, '', NULL, NULL, 'no', '2025-04-25 05:43:02', NULL),
(1844, 49, 0, 0, '2025-04-24', 1, '', NULL, NULL, 'no', '2025-04-25 05:43:02', NULL),
(1845, 59, 0, 0, '2025-04-24', 4, '', NULL, NULL, 'no', '2025-04-25 05:43:02', NULL),
(1846, 61, 0, 0, '2025-04-24', 1, '', NULL, NULL, 'no', '2025-04-25 05:43:02', NULL),
(1847, 64, 0, 0, '2025-04-24', 1, '', NULL, NULL, 'no', '2025-04-25 05:43:02', NULL),
(1848, 82, 0, 0, '2025-04-24', 1, '', NULL, NULL, 'no', '2025-04-25 05:43:02', NULL),
(1849, 84, 0, 0, '2025-04-24', 1, '', NULL, NULL, 'no', '2025-04-25 05:43:02', NULL),
(1850, 104, 0, 0, '2025-04-24', 1, '', NULL, NULL, 'no', '2025-04-25 05:43:02', NULL),
(1851, 106, 0, 0, '2025-04-24', 1, '', NULL, NULL, 'no', '2025-04-25 05:43:02', NULL),
(1852, 92, 0, 0, '2025-04-24', 1, '', NULL, NULL, 'no', '2025-04-25 05:43:02', NULL),
(1853, 96, 0, 0, '2025-04-24', 1, '', NULL, NULL, 'no', '2025-04-25 05:43:02', NULL),
(1854, 43, 0, 0, '2025-04-24', 1, '', NULL, NULL, 'no', '2025-04-25 05:43:02', NULL),
(1855, 62, 0, 0, '2025-04-24', 1, '', NULL, NULL, 'no', '2025-04-25 05:43:02', NULL),
(1856, 78, 0, 0, '2025-04-24', 1, '', NULL, NULL, 'no', '2025-04-25 05:43:02', NULL),
(1857, 79, 0, 0, '2025-04-24', 1, '', NULL, NULL, 'no', '2025-04-25 05:43:02', NULL),
(1858, 103, 0, 0, '2025-04-24', 1, '', NULL, NULL, 'no', '2025-04-25 05:43:02', NULL),
(1859, 65, 0, 0, '2025-04-24', 1, '', NULL, NULL, 'no', '2025-04-25 05:43:02', NULL),
(1860, 66, 0, 0, '2025-04-24', 1, '', NULL, NULL, 'no', '2025-04-25 05:43:02', NULL),
(1861, 69, 0, 0, '2025-04-24', 1, '', NULL, NULL, 'no', '2025-04-25 05:43:02', NULL),
(1862, 76, 0, 0, '2025-04-24', 1, '', NULL, NULL, 'no', '2025-04-25 05:43:02', NULL),
(1863, 107, 0, 0, '2025-04-24', 1, '', NULL, NULL, 'no', '2025-04-25 05:43:02', NULL),
(1864, 72, 0, 0, '2025-04-24', 1, '', NULL, NULL, 'no', '2025-04-25 05:43:02', NULL),
(1865, 93, 0, 0, '2025-04-24', 1, '', NULL, NULL, 'no', '2025-04-25 05:43:02', NULL),
(1866, 99, 0, 0, '2025-04-24', 1, '', NULL, NULL, 'no', '2025-04-25 05:43:02', NULL),
(1867, 46, 0, 0, '2025-04-25', 1, '', NULL, NULL, 'no', '2025-04-25 05:44:36', NULL),
(1868, 48, 0, 0, '2025-04-25', 1, '', NULL, NULL, 'no', '2025-04-25 05:44:36', NULL),
(1869, 50, 0, 0, '2025-04-25', 1, '', NULL, NULL, 'no', '2025-04-25 05:44:36', NULL),
(1870, 57, 0, 0, '2025-04-25', 1, '', NULL, NULL, 'no', '2025-04-25 05:44:36', NULL),
(1871, 74, 0, 0, '2025-04-25', 1, '', NULL, NULL, 'no', '2025-04-25 05:44:36', NULL),
(1872, 75, 0, 0, '2025-04-25', 1, '', NULL, NULL, 'no', '2025-04-25 05:44:36', NULL),
(1873, 80, 0, 0, '2025-04-25', 1, '', NULL, NULL, 'no', '2025-04-25 05:44:36', NULL),
(1874, 81, 0, 0, '2025-04-25', 1, '', NULL, NULL, 'no', '2025-04-25 05:44:36', NULL),
(1875, 88, 0, 0, '2025-04-25', 1, '', NULL, NULL, 'no', '2025-04-25 05:44:36', NULL),
(1876, 102, 0, 0, '2025-04-25', 1, '', NULL, NULL, 'no', '2025-04-25 05:44:36', NULL),
(1877, 98, 0, 0, '2025-04-25', 4, '', NULL, NULL, 'no', '2025-04-25 05:44:36', NULL),
(1878, 41, 0, 0, '2025-04-25', 1, '', NULL, NULL, 'no', '2025-04-25 05:44:36', NULL),
(1879, 54, 0, 0, '2025-04-25', 1, '', NULL, NULL, 'no', '2025-04-25 05:44:36', NULL),
(1880, 55, 0, 0, '2025-04-25', 1, '', NULL, NULL, 'no', '2025-04-25 05:44:36', NULL),
(1881, 86, 0, 0, '2025-04-25', 1, '', NULL, NULL, 'no', '2025-04-25 05:44:36', NULL),
(1882, 95, 0, 0, '2025-04-25', 1, '', NULL, NULL, 'no', '2025-04-25 05:44:36', NULL),
(1883, 47, 0, 0, '2025-04-25', 1, '', NULL, NULL, 'no', '2025-04-25 05:44:36', NULL),
(1884, 67, 0, 0, '2025-04-25', 1, '', NULL, NULL, 'no', '2025-04-25 05:44:36', NULL),
(1885, 73, 0, 0, '2025-04-25', 1, '', NULL, NULL, 'no', '2025-04-25 05:44:36', NULL),
(1886, 89, 0, 0, '2025-04-25', 1, '', NULL, NULL, 'no', '2025-04-25 05:44:36', NULL),
(1887, 90, 0, 0, '2025-04-25', 1, '', NULL, NULL, 'no', '2025-04-25 05:44:36', NULL),
(1888, 101, 0, 0, '2025-04-25', 1, '', NULL, NULL, 'no', '2025-04-25 05:44:36', NULL),
(1889, 51, 0, 0, '2025-04-25', 1, '', NULL, NULL, 'no', '2025-04-25 05:44:36', NULL),
(1890, 56, 0, 0, '2025-04-25', 1, '', NULL, NULL, 'no', '2025-04-25 05:44:36', NULL),
(1891, 58, 0, 0, '2025-04-25', 1, '', NULL, NULL, 'no', '2025-04-25 05:44:36', NULL),
(1892, 70, 0, 0, '2025-04-25', 1, '', NULL, NULL, 'no', '2025-04-25 05:44:36', NULL),
(1893, 85, 0, 0, '2025-04-25', 1, '', NULL, NULL, 'no', '2025-04-25 05:44:36', NULL),
(1894, 94, 0, 0, '2025-04-25', 1, '', NULL, NULL, 'no', '2025-04-25 05:44:36', NULL),
(1895, 97, 0, 0, '2025-04-25', 1, '', NULL, NULL, 'no', '2025-04-25 05:44:36', NULL),
(1896, 42, 0, 0, '2025-04-25', 4, '', NULL, NULL, 'no', '2025-04-25 05:44:36', NULL),
(1897, 44, 0, 0, '2025-04-25', 1, '', NULL, NULL, 'no', '2025-04-25 05:44:36', NULL),
(1898, 45, 0, 0, '2025-04-25', 1, '', NULL, NULL, 'no', '2025-04-25 05:44:36', NULL),
(1899, 52, 0, 0, '2025-04-25', 1, '', NULL, NULL, 'no', '2025-04-25 05:44:36', NULL),
(1900, 60, 0, 0, '2025-04-25', 1, '', NULL, NULL, 'no', '2025-04-25 05:44:36', NULL),
(1901, 63, 0, 0, '2025-04-25', 1, '', NULL, NULL, 'no', '2025-04-25 05:44:36', NULL),
(1902, 68, 0, 0, '2025-04-25', 1, '', NULL, NULL, 'no', '2025-04-25 05:44:36', NULL),
(1903, 71, 0, 0, '2025-04-25', 1, '', NULL, NULL, 'no', '2025-04-25 05:44:36', NULL),
(1904, 77, 0, 0, '2025-04-25', 1, '', NULL, NULL, 'no', '2025-04-25 05:44:36', NULL),
(1905, 87, 0, 0, '2025-04-25', 1, '', NULL, NULL, 'no', '2025-04-25 05:44:36', NULL),
(1906, 100, 0, 0, '2025-04-25', 1, '', NULL, NULL, 'no', '2025-04-25 05:44:36', NULL),
(1907, 105, 0, 0, '2025-04-25', 1, '', NULL, NULL, 'no', '2025-04-25 05:44:36', NULL),
(1908, 49, 0, 0, '2025-04-25', 1, '', NULL, NULL, 'no', '2025-04-25 05:44:36', NULL),
(1909, 59, 0, 0, '2025-04-25', 1, '', NULL, NULL, 'no', '2025-04-25 05:44:36', NULL),
(1910, 61, 0, 0, '2025-04-25', 1, '', NULL, NULL, 'no', '2025-04-25 05:44:36', NULL),
(1911, 64, 0, 0, '2025-04-25', 1, '', NULL, NULL, 'no', '2025-04-25 05:44:36', NULL),
(1912, 82, 0, 0, '2025-04-25', 1, '', NULL, NULL, 'no', '2025-04-25 05:44:36', NULL),
(1913, 84, 0, 0, '2025-04-25', 1, '', NULL, NULL, 'no', '2025-04-25 05:44:36', NULL),
(1914, 104, 0, 0, '2025-04-25', 1, '', NULL, NULL, 'no', '2025-04-25 05:44:36', NULL),
(1915, 106, 0, 0, '2025-04-25', 1, '', NULL, NULL, 'no', '2025-04-25 05:44:36', NULL),
(1916, 92, 0, 0, '2025-04-25', 1, '', NULL, NULL, 'no', '2025-04-25 05:44:36', NULL),
(1917, 96, 0, 0, '2025-04-25', 4, '', NULL, NULL, 'no', '2025-04-25 05:44:36', NULL),
(1918, 43, 0, 0, '2025-04-25', 1, '', NULL, NULL, 'no', '2025-04-25 05:44:36', NULL),
(1919, 62, 0, 0, '2025-04-25', 1, '', NULL, NULL, 'no', '2025-04-25 05:44:36', NULL),
(1920, 78, 0, 0, '2025-04-25', 1, '', NULL, NULL, 'no', '2025-04-25 05:44:36', NULL),
(1921, 79, 0, 0, '2025-04-25', 1, '', NULL, NULL, 'no', '2025-04-25 05:44:36', NULL),
(1922, 103, 0, 0, '2025-04-25', 1, '', NULL, NULL, 'no', '2025-04-25 05:44:36', NULL),
(1923, 65, 0, 0, '2025-04-25', 4, '', NULL, NULL, 'no', '2025-04-25 05:44:36', NULL),
(1924, 66, 0, 0, '2025-04-25', 1, '', NULL, NULL, 'no', '2025-04-25 05:44:36', NULL),
(1925, 69, 0, 0, '2025-04-25', 1, '', NULL, NULL, 'no', '2025-04-25 05:44:36', NULL),
(1926, 76, 0, 0, '2025-04-25', 1, '', NULL, NULL, 'no', '2025-04-25 05:44:36', NULL),
(1927, 107, 0, 0, '2025-04-25', 1, '', NULL, NULL, 'no', '2025-04-25 05:44:36', NULL),
(1928, 72, 0, 0, '2025-04-25', 1, '', NULL, NULL, 'no', '2025-04-25 05:44:36', NULL),
(1929, 93, 0, 0, '2025-04-25', 1, '', NULL, NULL, 'no', '2025-04-25 05:44:36', NULL),
(1930, 99, 0, 0, '2025-04-25', 1, '', NULL, NULL, 'no', '2025-04-25 05:44:36', NULL);

-- --------------------------------------------------------

--
-- Table structure for table `student_behaviour`
--

CREATE TABLE `student_behaviour` (
  `id` int(11) NOT NULL,
  `point` int(11) NOT NULL,
  `description` text NOT NULL,
  `title` varchar(255) NOT NULL,
  `category` int(11) DEFAULT NULL,
  `created_at` timestamp NOT NULL DEFAULT current_timestamp()
) ENGINE=InnoDB DEFAULT CHARSET=utf8 COLLATE=utf8_general_ci;

--
-- Dumping data for table `student_behaviour`
--

INSERT INTO `student_behaviour` (`id`, `point`, `description`, `title`, `category`, `created_at`) VALUES
(2, -2, 'The employee arrived 30 minutes late without prior notice, affecting the workflow and team coordination.', 'Late Arrival', NULL, '2025-04-01 11:24:19'),
(3, -3, 'The student repeatedly talked during the lesson, distracting both the teacher and classmates.', 'Disrupting the Class', NULL, '2025-04-01 11:25:44'),
(5, 3, 'The student stayed back after school to help clean the classroom without being asked.', 'Volunteering to Clean the Classroom', NULL, '2025-04-01 11:27:28'),
(6, 5, 'The student actively engaged in the discussion, answering questions and sharing thoughtful insights.', 'Outstanding Participation', NULL, '2025-04-01 11:29:06');

-- --------------------------------------------------------

--
-- Table structure for table `student_doc`
--

CREATE TABLE `student_doc` (
  `id` int(11) NOT NULL,
  `student_id` int(11) DEFAULT NULL,
  `title` varchar(200) DEFAULT NULL,
  `doc` varchar(200) DEFAULT NULL
) ENGINE=InnoDB DEFAULT CHARSET=utf8 COLLATE=utf8_general_ci;

--
-- Dumping data for table `student_doc`
--

INSERT INTO `student_doc` (`id`, `student_id`, `title`, `doc`) VALUES
(1, 46, 'Document', '1743790008-178277628667f01fb8d7e0f!Alexander Allen_19018 (1).pdf');

-- --------------------------------------------------------

--
-- Table structure for table `student_edit_fields`
--

CREATE TABLE `student_edit_fields` (
  `id` int(11) NOT NULL,
  `name` varchar(250) DEFAULT NULL,
  `status` int(11) DEFAULT NULL,
  `created_at` timestamp NOT NULL DEFAULT current_timestamp() ON UPDATE current_timestamp()
) ENGINE=InnoDB DEFAULT CHARSET=utf8 COLLATE=utf8_general_ci;

-- --------------------------------------------------------

--
-- Table structure for table `student_fees`
--

CREATE TABLE `student_fees` (
  `id` int(11) NOT NULL,
  `student_session_id` int(11) DEFAULT NULL,
  `feemaster_id` int(11) DEFAULT NULL,
  `amount` float(10,2) DEFAULT NULL,
  `amount_discount` float(10,2) NOT NULL,
  `amount_fine` float(10,2) NOT NULL DEFAULT 0.00,
  `description` text DEFAULT NULL,
  `date` date DEFAULT NULL,
  `payment_mode` varchar(50) NOT NULL,
  `is_active` varchar(255) DEFAULT 'no',
  `created_at` timestamp NOT NULL DEFAULT current_timestamp() ON UPDATE current_timestamp(),
  `updated_at` date DEFAULT NULL
) ENGINE=InnoDB DEFAULT CHARSET=utf8 COLLATE=utf8_general_ci;

-- --------------------------------------------------------

--
-- Table structure for table `student_fees_deposite`
--

CREATE TABLE `student_fees_deposite` (
  `id` int(11) NOT NULL,
  `student_fees_master_id` int(11) DEFAULT NULL,
  `fee_groups_feetype_id` int(11) DEFAULT NULL,
  `student_transport_fee_id` int(11) DEFAULT NULL,
  `amount_detail` text DEFAULT NULL,
  `is_active` varchar(10) NOT NULL DEFAULT 'no',
  `created_at` timestamp NOT NULL DEFAULT current_timestamp() ON UPDATE current_timestamp()
) ENGINE=InnoDB DEFAULT CHARSET=utf8 COLLATE=utf8_general_ci;

--
-- Dumping data for table `student_fees_deposite`
--

INSERT INTO `student_fees_deposite` (`id`, `student_fees_master_id`, `fee_groups_feetype_id`, `student_transport_fee_id`, `amount_detail`, `is_active`, `created_at`) VALUES
(9, 75, 5, NULL, '{\"1\":{\"amount\":\"20000.00\",\"date\":\"2025-03-15\",\"description\":\"\",\"amount_discount\":0,\"collected_by\":\"Super Admin(9000)\",\"amount_fine\":\"0\",\"payment_mode\":\"Cash\",\"received_by\":\"1\",\"inv_no\":1}}', 'no', '2025-04-05 02:56:38'),
(10, 75, 6, NULL, '{\"1\":{\"amount\":\"5000.00\",\"date\":\"2025-03-15\",\"description\":\"\",\"amount_discount\":0,\"collected_by\":\"Super Admin(9000)\",\"amount_fine\":\"0\",\"payment_mode\":\"Cash\",\"received_by\":\"1\",\"inv_no\":1}}', 'no', '2025-04-05 02:56:38'),
(11, 75, 7, NULL, '{\"1\":{\"amount\":\"1000.00\",\"date\":\"2025-03-15\",\"description\":\"\",\"amount_discount\":0,\"collected_by\":\"Super Admin(9000)\",\"amount_fine\":\"0\",\"payment_mode\":\"Cash\",\"received_by\":\"1\",\"inv_no\":1}}', 'no', '2025-04-05 02:56:38'),
(12, 74, 5, NULL, '{\"1\":{\"amount\":\"20000.00\",\"date\":\"2025-03-20\",\"description\":\"\",\"amount_discount\":0,\"collected_by\":\"Super Admin(9000)\",\"amount_fine\":\"0\",\"payment_mode\":\"Cash\",\"received_by\":\"1\",\"inv_no\":1}}', 'no', '2025-04-05 02:57:39'),
(13, 74, 6, NULL, '{\"1\":{\"amount\":\"5000.00\",\"date\":\"2025-03-20\",\"description\":\"\",\"amount_discount\":0,\"collected_by\":\"Super Admin(9000)\",\"amount_fine\":\"0\",\"payment_mode\":\"Cash\",\"received_by\":\"1\",\"inv_no\":1}}', 'no', '2025-04-05 02:57:39'),
(14, 74, 7, NULL, '{\"1\":{\"amount\":\"1000.00\",\"date\":\"2025-03-20\",\"description\":\"\",\"amount_discount\":0,\"collected_by\":\"Super Admin(9000)\",\"amount_fine\":\"0\",\"payment_mode\":\"Cash\",\"received_by\":\"1\",\"inv_no\":1}}', 'no', '2025-04-05 02:57:39'),
(15, 78, 8, NULL, '{\"1\":{\"amount\":\"500.00\",\"date\":\"2025-01-30\",\"description\":\"\",\"amount_discount\":0,\"collected_by\":\"Super Admin(9000)\",\"amount_fine\":\"0\",\"payment_mode\":\"Cash\",\"received_by\":\"1\",\"inv_no\":1}}', 'no', '2025-04-05 03:05:50'),
(16, 78, 9, NULL, '{\"1\":{\"amount\":\"10000.00\",\"date\":\"2025-01-30\",\"description\":\"\",\"amount_discount\":0,\"collected_by\":\"Super Admin(9000)\",\"amount_fine\":\"0\",\"payment_mode\":\"Cash\",\"received_by\":\"1\",\"inv_no\":1}}', 'no', '2025-04-05 03:05:50'),
(17, 78, 10, NULL, '{\"1\":{\"amount\":\"5000.00\",\"date\":\"2025-01-30\",\"description\":\"\",\"amount_discount\":0,\"collected_by\":\"Super Admin(9000)\",\"amount_fine\":\"0\",\"payment_mode\":\"Cash\",\"received_by\":\"1\",\"inv_no\":1}}', 'no', '2025-04-05 03:05:50'),
(18, 79, 8, NULL, '{\"1\":{\"amount\":\"500.00\",\"date\":\"2025-01-30\",\"description\":\"\",\"amount_discount\":0,\"collected_by\":\"Super Admin(9000)\",\"amount_fine\":\"0\",\"payment_mode\":\"Cash\",\"received_by\":\"1\",\"inv_no\":1}}', 'no', '2025-04-05 03:06:39'),
(19, 79, 9, NULL, '{\"1\":{\"amount\":\"10000.00\",\"date\":\"2025-01-30\",\"description\":\"\",\"amount_discount\":0,\"collected_by\":\"Super Admin(9000)\",\"amount_fine\":\"0\",\"payment_mode\":\"Cash\",\"received_by\":\"1\",\"inv_no\":1}}', 'no', '2025-04-05 03:06:39'),
(20, 79, 10, NULL, '{\"1\":{\"amount\":\"5000.00\",\"date\":\"2025-01-30\",\"description\":\"\",\"amount_discount\":0,\"collected_by\":\"Super Admin(9000)\",\"amount_fine\":\"0\",\"payment_mode\":\"Cash\",\"received_by\":\"1\",\"inv_no\":1}}', 'no', '2025-04-05 03:06:39'),
(21, 76, 5, NULL, '{\"1\":{\"amount\":\"20000.00\",\"date\":\"2025-01-15\",\"description\":\"\",\"amount_discount\":0,\"collected_by\":\"Super Admin(9000)\",\"amount_fine\":\"0\",\"payment_mode\":\"Cash\",\"received_by\":\"1\",\"inv_no\":1},\"2\":{\"amount\":\"20000.00\",\"date\":\"2025-01-15\",\"description\":\"\",\"amount_discount\":0,\"collected_by\":\"Super Admin(9000)\",\"amount_fine\":\"0\",\"payment_mode\":\"Cash\",\"received_by\":\"1\",\"inv_no\":2},\"3\":{\"amount\":\"20000.00\",\"date\":\"2025-01-15\",\"description\":\"\",\"amount_discount\":0,\"collected_by\":\"Super Admin(9000)\",\"amount_fine\":\"0\",\"payment_mode\":\"Cash\",\"received_by\":\"1\",\"inv_no\":3}}', 'no', '2025-04-05 08:03:45'),
(22, 76, 6, NULL, '{\"1\":{\"amount\":\"5000.00\",\"date\":\"2025-01-15\",\"description\":\"\",\"amount_discount\":0,\"collected_by\":\"Super Admin(9000)\",\"amount_fine\":\"0\",\"payment_mode\":\"Cash\",\"received_by\":\"1\",\"inv_no\":1},\"2\":{\"amount\":\"5000.00\",\"date\":\"2025-01-15\",\"description\":\"\",\"amount_discount\":0,\"collected_by\":\"Super Admin(9000)\",\"amount_fine\":\"0\",\"payment_mode\":\"Cash\",\"received_by\":\"1\",\"inv_no\":2},\"3\":{\"amount\":\"5000.00\",\"date\":\"2025-01-15\",\"description\":\"\",\"amount_discount\":0,\"collected_by\":\"Super Admin(9000)\",\"amount_fine\":\"0\",\"payment_mode\":\"Cash\",\"received_by\":\"1\",\"inv_no\":3}}', 'no', '2025-04-05 08:03:45'),
(23, 76, 7, NULL, '{\"1\":{\"amount\":\"1000.00\",\"date\":\"2025-01-15\",\"description\":\"\",\"amount_discount\":0,\"collected_by\":\"Super Admin(9000)\",\"amount_fine\":\"0\",\"payment_mode\":\"Cash\",\"received_by\":\"1\",\"inv_no\":1},\"2\":{\"amount\":\"1000.00\",\"date\":\"2025-01-15\",\"description\":\"\",\"amount_discount\":0,\"collected_by\":\"Super Admin(9000)\",\"amount_fine\":\"0\",\"payment_mode\":\"Cash\",\"received_by\":\"1\",\"inv_no\":2},\"3\":{\"amount\":\"1000.00\",\"date\":\"2025-01-15\",\"description\":\"\",\"amount_discount\":0,\"collected_by\":\"Super Admin(9000)\",\"amount_fine\":\"0\",\"payment_mode\":\"Cash\",\"received_by\":\"1\",\"inv_no\":3}}', 'no', '2025-04-05 08:03:45'),
(24, 80, 8, NULL, '{\"1\":{\"amount\":\"500.00\",\"date\":\"2025-01-15\",\"description\":\"\",\"amount_discount\":0,\"collected_by\":\"Super Admin(9000)\",\"amount_fine\":\"0\",\"payment_mode\":\"Cash\",\"received_by\":\"1\",\"inv_no\":1},\"2\":{\"amount\":\"500.00\",\"date\":\"2025-01-15\",\"description\":\"\",\"amount_discount\":0,\"collected_by\":\"Super Admin(9000)\",\"amount_fine\":\"0\",\"payment_mode\":\"Cash\",\"received_by\":\"1\",\"inv_no\":2},\"3\":{\"amount\":\"500.00\",\"date\":\"2025-01-15\",\"description\":\"\",\"amount_discount\":0,\"collected_by\":\"Super Admin(9000)\",\"amount_fine\":\"0\",\"payment_mode\":\"Cash\",\"received_by\":\"1\",\"inv_no\":3}}', 'no', '2025-04-05 08:03:45'),
(25, 80, 9, NULL, '{\"1\":{\"amount\":\"10000.00\",\"date\":\"2025-01-15\",\"description\":\"\",\"amount_discount\":0,\"collected_by\":\"Super Admin(9000)\",\"amount_fine\":\"0\",\"payment_mode\":\"Cash\",\"received_by\":\"1\",\"inv_no\":1},\"2\":{\"amount\":\"10000.00\",\"date\":\"2025-01-15\",\"description\":\"\",\"amount_discount\":0,\"collected_by\":\"Super Admin(9000)\",\"amount_fine\":\"0\",\"payment_mode\":\"Cash\",\"received_by\":\"1\",\"inv_no\":2},\"3\":{\"amount\":\"10000.00\",\"date\":\"2025-01-15\",\"description\":\"\",\"amount_discount\":0,\"collected_by\":\"Super Admin(9000)\",\"amount_fine\":\"0\",\"payment_mode\":\"Cash\",\"received_by\":\"1\",\"inv_no\":3}}', 'no', '2025-04-05 08:03:45'),
(26, 80, 10, NULL, '{\"1\":{\"amount\":\"5000.00\",\"date\":\"2025-01-15\",\"description\":\"\",\"amount_discount\":0,\"collected_by\":\"Super Admin(9000)\",\"amount_fine\":\"0\",\"payment_mode\":\"Cash\",\"received_by\":\"1\",\"inv_no\":1},\"2\":{\"amount\":\"5000.00\",\"date\":\"2025-01-15\",\"description\":\"\",\"amount_discount\":0,\"collected_by\":\"Super Admin(9000)\",\"amount_fine\":\"0\",\"payment_mode\":\"Cash\",\"received_by\":\"1\",\"inv_no\":2},\"3\":{\"amount\":\"5000.00\",\"date\":\"2025-01-15\",\"description\":\"\",\"amount_discount\":0,\"collected_by\":\"Super Admin(9000)\",\"amount_fine\":\"0\",\"payment_mode\":\"Cash\",\"received_by\":\"1\",\"inv_no\":3}}', 'no', '2025-04-05 08:03:45'),
(27, 83, 12, NULL, '{\"1\":{\"amount\":\"10000.00\",\"date\":\"2024-12-16\",\"description\":\"\",\"amount_discount\":0,\"collected_by\":\"Super Admin(9000)\",\"amount_fine\":\"0\",\"payment_mode\":\"Cash\",\"received_by\":\"1\",\"inv_no\":1}}', 'no', '2025-04-08 06:21:35'),
(28, 83, 11, NULL, '{\"1\":{\"amount\":\"1000.00\",\"date\":\"2024-12-16\",\"description\":\"\",\"amount_discount\":0,\"collected_by\":\"Super Admin(9000)\",\"amount_fine\":\"0\",\"payment_mode\":\"Cash\",\"received_by\":\"1\",\"inv_no\":1}}', 'no', '2025-04-08 06:21:23'),
(29, 83, 13, NULL, '{\"1\":{\"amount\":\"5000.00\",\"date\":\"2024-12-16\",\"description\":\"\",\"amount_discount\":0,\"collected_by\":\"Super Admin(9000)\",\"amount_fine\":\"0\",\"payment_mode\":\"Cash\",\"received_by\":\"1\",\"inv_no\":1}}', 'no', '2025-04-08 06:21:07'),
(30, 85, 12, NULL, '{\"1\":{\"amount\":\"10000.00\",\"date\":\"2024-11-01\",\"description\":\"\",\"amount_discount\":0,\"collected_by\":\"Super Admin(9000)\",\"amount_fine\":\"0\",\"payment_mode\":\"Cash\",\"received_by\":\"1\",\"inv_no\":1}}', 'no', '2025-04-18 09:09:01'),
(31, 85, 11, NULL, '{\"1\":{\"amount\":\"1000.00\",\"date\":\"2024-11-01\",\"description\":\"\",\"amount_discount\":0,\"collected_by\":\"Super Admin(9000)\",\"amount_fine\":\"0\",\"payment_mode\":\"Cash\",\"received_by\":\"1\",\"inv_no\":1}}', 'no', '2025-04-18 09:09:01');

-- --------------------------------------------------------

--
-- Table structure for table `student_fees_discounts`
--

CREATE TABLE `student_fees_discounts` (
  `id` int(11) NOT NULL,
  `student_session_id` int(11) DEFAULT NULL,
  `fees_discount_id` int(11) DEFAULT NULL,
  `status` varchar(20) DEFAULT 'assigned',
  `payment_id` varchar(50) DEFAULT NULL,
  `description` text DEFAULT NULL,
  `is_active` varchar(10) NOT NULL DEFAULT 'no',
  `created_at` timestamp NOT NULL DEFAULT current_timestamp() ON UPDATE current_timestamp()
) ENGINE=InnoDB DEFAULT CHARSET=utf8 COLLATE=utf8_general_ci;

--
-- Dumping data for table `student_fees_discounts`
--

INSERT INTO `student_fees_discounts` (`id`, `student_session_id`, `fees_discount_id`, `status`, `payment_id`, `description`, `is_active`, `created_at`) VALUES
(1, 46, 1, 'assigned', NULL, NULL, 'no', '2025-04-05 02:46:12'),
(2, 48, 1, 'assigned', NULL, NULL, 'no', '2025-04-05 02:46:12'),
(3, 50, 1, 'assigned', NULL, NULL, 'no', '2025-04-05 02:46:12');

-- --------------------------------------------------------

--
-- Table structure for table `student_fees_master`
--

CREATE TABLE `student_fees_master` (
  `id` int(11) NOT NULL,
  `is_system` int(11) NOT NULL DEFAULT 0,
  `student_session_id` int(11) DEFAULT NULL,
  `fee_session_group_id` int(11) DEFAULT NULL,
  `amount` float(10,2) DEFAULT 0.00,
  `is_active` varchar(10) NOT NULL DEFAULT 'no',
  `created_at` timestamp NOT NULL DEFAULT current_timestamp() ON UPDATE current_timestamp()
) ENGINE=InnoDB DEFAULT CHARSET=utf8 COLLATE=utf8_general_ci;

--
-- Dumping data for table `student_fees_master`
--

INSERT INTO `student_fees_master` (`id`, `is_system`, `student_session_id`, `fee_session_group_id`, `amount`, `is_active`, `created_at`) VALUES
(1, 1, 89, 1, 0.00, 'no', '2025-04-03 13:29:47'),
(2, 1, 65, 1, 0.00, 'no', '2025-04-03 13:29:47'),
(3, 1, 73, 1, 0.00, 'no', '2025-04-03 13:29:47'),
(4, 1, 66, 1, 0.00, 'no', '2025-04-03 13:29:47'),
(5, 1, 67, 1, 0.00, 'no', '2025-04-03 13:29:47'),
(6, 1, 74, 1, 0.00, 'no', '2025-04-03 13:29:47'),
(7, 1, 58, 1, 0.00, 'no', '2025-04-03 13:29:47'),
(8, 1, 44, 1, 0.00, 'no', '2025-04-03 13:29:47'),
(9, 1, 80, 1, 0.00, 'no', '2025-04-03 13:29:47'),
(10, 1, 57, 1, 0.00, 'no', '2025-04-03 13:29:47'),
(11, 1, 72, 1, 0.00, 'no', '2025-04-03 13:29:47'),
(12, 1, 56, 1, 0.00, 'no', '2025-04-03 13:29:47'),
(13, 1, 45, 1, 0.00, 'no', '2025-04-03 13:29:47'),
(14, 1, 82, 1, 0.00, 'no', '2025-04-03 13:29:47'),
(15, 1, 86, 1, 0.00, 'no', '2025-04-03 13:29:47'),
(16, 1, 68, 1, 0.00, 'no', '2025-04-03 13:29:47'),
(17, 1, 76, 1, 0.00, 'no', '2025-04-03 13:29:47'),
(18, 1, 81, 1, 0.00, 'no', '2025-04-03 13:29:47'),
(19, 1, 85, 1, 0.00, 'no', '2025-04-03 13:29:47'),
(20, 1, 60, 1, 0.00, 'no', '2025-04-03 13:29:47'),
(21, 1, 77, 1, 0.00, 'no', '2025-04-03 13:29:47'),
(22, 1, 55, 1, 0.00, 'no', '2025-04-03 13:29:47'),
(23, 1, 42, 1, 0.00, 'no', '2025-04-03 13:29:47'),
(24, 1, 64, 1, 0.00, 'no', '2025-04-03 13:29:47'),
(25, 1, 79, 1, 0.00, 'no', '2025-04-03 13:29:47'),
(26, 1, 47, 1, 0.00, 'no', '2025-04-03 13:29:47'),
(27, 1, 63, 1, 0.00, 'no', '2025-04-03 13:29:47'),
(28, 1, 69, 1, 0.00, 'no', '2025-04-03 13:29:47'),
(29, 1, 90, 1, 0.00, 'no', '2025-04-03 13:29:47'),
(30, 1, 54, 1, 0.00, 'no', '2025-04-03 13:29:47'),
(31, 1, 71, 1, 0.00, 'no', '2025-04-03 13:29:47'),
(32, 1, 87, 1, 0.00, 'no', '2025-04-03 13:29:47'),
(33, 1, 41, 1, 0.00, 'no', '2025-04-03 13:29:47'),
(34, 1, 70, 1, 0.00, 'no', '2025-04-03 13:29:47'),
(35, 1, 78, 1, 0.00, 'no', '2025-04-03 13:29:47'),
(36, 1, 46, 1, 0.00, 'no', '2025-04-04 17:55:49'),
(37, 1, 48, 1, 0.00, 'no', '2025-04-03 13:29:47'),
(38, 1, 75, 1, 0.00, 'no', '2025-04-03 13:29:47'),
(39, 1, 50, 1, 0.00, 'no', '2025-04-03 13:29:47'),
(40, 1, 52, 1, 0.00, 'no', '2025-04-03 13:29:47'),
(41, 1, 84, 1, 0.00, 'no', '2025-04-03 13:29:47'),
(42, 1, 61, 1, 0.00, 'no', '2025-04-03 13:29:47'),
(43, 1, 49, 1, 0.00, 'no', '2025-04-03 13:29:47'),
(44, 1, 88, 1, 0.00, 'no', '2025-04-03 13:29:47'),
(45, 1, 51, 1, 0.00, 'no', '2025-04-03 13:29:47'),
(46, 1, 43, 1, 0.00, 'no', '2025-04-03 13:29:47'),
(47, 1, 62, 1, 0.00, 'no', '2025-04-03 13:29:47'),
(48, 1, 59, 1, 0.00, 'no', '2025-04-03 13:29:47'),
(55, 1, 107, 1, 0.00, 'no', '2025-04-04 17:55:49'),
(56, 1, 98, 1, 0.00, 'no', '2025-04-04 17:55:49'),
(57, 1, 93, 1, 0.00, 'no', '2025-04-04 17:55:49'),
(58, 1, 104, 1, 0.00, 'no', '2025-04-04 17:55:49'),
(59, 1, 92, 1, 0.00, 'no', '2025-04-04 17:55:49'),
(60, 1, 103, 1, 0.00, 'no', '2025-04-04 17:55:49'),
(61, 1, 94, 1, 0.00, 'no', '2025-04-04 17:55:49'),
(62, 1, 101, 1, 0.00, 'no', '2025-04-04 17:55:49'),
(63, 1, 100, 1, 0.00, 'no', '2025-04-04 17:55:49'),
(64, 1, 96, 1, 0.00, 'no', '2025-04-04 17:55:49'),
(65, 1, 99, 1, 0.00, 'no', '2025-04-04 17:55:49'),
(66, 1, 105, 1, 0.00, 'no', '2025-04-04 17:55:49'),
(67, 1, 97, 1, 0.00, 'no', '2025-04-04 17:55:49'),
(68, 1, 102, 1, 0.00, 'no', '2025-04-04 17:55:49'),
(69, 1, 106, 1, 0.00, 'no', '2025-04-04 17:55:49'),
(70, 1, 95, 1, 0.00, 'no', '2025-04-04 17:55:49'),
(73, 0, 41, 3, 0.00, 'no', '2025-04-05 02:54:47'),
(74, 0, 46, 3, 0.00, 'no', '2025-04-05 02:54:47'),
(75, 0, 48, 3, 0.00, 'no', '2025-04-05 02:54:47'),
(76, 0, 50, 3, 0.00, 'no', '2025-04-05 02:54:47'),
(77, 0, 41, 4, 0.00, 'no', '2025-04-05 03:04:25'),
(78, 0, 46, 4, 0.00, 'no', '2025-04-05 03:04:25'),
(79, 0, 48, 4, 0.00, 'no', '2025-04-05 03:04:25'),
(80, 0, 50, 4, 0.00, 'no', '2025-04-05 03:04:25'),
(81, 0, 41, 5, 0.00, 'no', '2025-04-08 06:18:44'),
(82, 0, 44, 5, 0.00, 'no', '2025-04-08 06:18:44'),
(83, 0, 46, 5, 0.00, 'no', '2025-04-08 06:18:44'),
(84, 0, 48, 5, 0.00, 'no', '2025-04-08 06:18:44'),
(85, 0, 50, 5, 0.00, 'no', '2025-04-08 06:18:44');

-- --------------------------------------------------------

--
-- Table structure for table `student_fees_processing`
--

CREATE TABLE `student_fees_processing` (
  `id` int(11) NOT NULL,
  `gateway_ins_id` int(11) NOT NULL,
  `fee_category` varchar(255) NOT NULL,
  `student_fees_master_id` int(11) DEFAULT NULL,
  `fee_groups_feetype_id` int(11) DEFAULT NULL,
  `student_transport_fee_id` int(11) DEFAULT NULL,
  `amount_detail` text DEFAULT NULL,
  `is_active` varchar(10) NOT NULL DEFAULT 'no',
  `created_at` timestamp NOT NULL DEFAULT current_timestamp() ON UPDATE current_timestamp()
) ENGINE=InnoDB DEFAULT CHARSET=utf8 COLLATE=utf8_general_ci;

-- --------------------------------------------------------

--
-- Table structure for table `student_incidents`
--

CREATE TABLE `student_incidents` (
  `id` int(11) NOT NULL,
  `session_id` int(11) NOT NULL,
  `student_id` int(11) NOT NULL,
  `incident_id` int(11) NOT NULL,
  `assign_by` int(11) NOT NULL,
  `created_at` timestamp NOT NULL DEFAULT current_timestamp()
) ENGINE=InnoDB DEFAULT CHARSET=utf8 COLLATE=utf8_general_ci;

--
-- Dumping data for table `student_incidents`
--

INSERT INTO `student_incidents` (`id`, `session_id`, `student_id`, `incident_id`, `assign_by`, `created_at`) VALUES
(1, 20, 46, 5, 1, '2025-04-01 11:30:38'),
(2, 20, 46, 6, 1, '2025-04-01 11:30:38'),
(3, 20, 48, 2, 1, '2025-04-01 11:47:25'),
(4, 20, 48, 6, 1, '2025-04-01 11:47:25'),
(5, 20, 41, 2, 1, '2025-04-01 11:52:39'),
(6, 20, 41, 5, 1, '2025-04-01 11:52:39'),
(7, 20, 42, 2, 1, '2025-04-01 11:52:57'),
(8, 20, 42, 2, 1, '2025-04-01 11:53:08'),
(10, 20, 43, 5, 1, '2025-04-01 11:53:29'),
(11, 20, 50, 2, 1, '2025-04-09 01:13:21'),
(12, 20, 50, 5, 1, '2025-04-09 01:13:21'),
(13, 20, 50, 6, 1, '2025-04-09 01:13:21'),
(14, 20, 46, 2, 1, '2025-04-09 01:17:42'),
(15, 20, 46, 5, 1, '2025-04-09 01:18:07');

-- --------------------------------------------------------

--
-- Table structure for table `student_incident_comments`
--

CREATE TABLE `student_incident_comments` (
  `id` int(11) NOT NULL,
  `student_incident_id` int(11) NOT NULL,
  `comment` text NOT NULL,
  `type` varchar(50) NOT NULL,
  `staff_id` int(11) NOT NULL,
  `student_id` int(11) NOT NULL,
  `created_date` timestamp NOT NULL DEFAULT current_timestamp() ON UPDATE current_timestamp()
) ENGINE=InnoDB DEFAULT CHARSET=utf8 COLLATE=utf8_general_ci;

-- --------------------------------------------------------

--
-- Table structure for table `student_session`
--

CREATE TABLE `student_session` (
  `id` int(11) NOT NULL,
  `session_id` int(11) DEFAULT NULL,
  `student_id` int(11) DEFAULT NULL,
  `class_id` int(11) DEFAULT NULL,
  `section_id` int(11) DEFAULT NULL,
  `hostel_room_id` int(11) DEFAULT NULL,
  `vehroute_id` int(11) DEFAULT NULL,
  `route_pickup_point_id` int(11) DEFAULT NULL,
  `transport_fees` float(10,2) NOT NULL DEFAULT 0.00,
  `fees_discount` float(10,2) NOT NULL DEFAULT 0.00,
  `is_leave` int(11) NOT NULL DEFAULT 0,
  `is_active` varchar(255) DEFAULT 'no',
  `is_alumni` int(11) NOT NULL,
  `default_login` int(11) NOT NULL DEFAULT 0,
  `created_at` timestamp NOT NULL DEFAULT current_timestamp() ON UPDATE current_timestamp(),
  `updated_at` date DEFAULT NULL
) ENGINE=InnoDB DEFAULT CHARSET=utf8 COLLATE=utf8_general_ci;

--
-- Dumping data for table `student_session`
--

INSERT INTO `student_session` (`id`, `session_id`, `student_id`, `class_id`, `section_id`, `hostel_room_id`, `vehroute_id`, `route_pickup_point_id`, `transport_fees`, `fees_discount`, `is_leave`, `is_active`, `is_alumni`, `default_login`, `created_at`, `updated_at`) VALUES
(41, 20, 41, 1, 1, NULL, NULL, NULL, 0.00, 0.00, 0, 'no', 0, 1, '2025-03-26 07:14:09', NULL),
(42, 20, 42, 1, 1, NULL, NULL, NULL, 0.00, 0.00, 0, 'no', 0, 1, '2025-03-26 07:33:04', NULL),
(43, 20, 43, 1, 1, NULL, NULL, NULL, 0.00, 0.00, 0, 'no', 0, 1, '2025-03-26 07:46:36', NULL),
(44, 20, 44, 1, 1, NULL, NULL, NULL, 0.00, 0.00, 0, 'no', 0, 1, '2025-03-26 08:40:18', NULL),
(45, 20, 45, 1, 1, NULL, NULL, NULL, 0.00, 0.00, 0, 'no', 0, 0, '2025-03-24 16:26:25', NULL),
(46, 20, 46, 1, 1, NULL, NULL, NULL, 0.00, 0.00, 0, 'no', 0, 1, '2025-03-25 04:53:55', NULL),
(47, 20, 47, 1, 1, NULL, NULL, NULL, 0.00, 0.00, 0, 'no', 0, 1, '2025-03-26 09:03:21', NULL),
(48, 20, 48, 1, 1, NULL, NULL, NULL, 0.00, 0.00, 0, 'no', 0, 1, '2025-03-25 05:25:21', NULL),
(49, 20, 49, 1, 1, NULL, NULL, NULL, 0.00, 0.00, 0, 'no', 0, 1, '2025-03-26 09:11:21', NULL),
(50, 20, 50, 1, 1, NULL, NULL, NULL, 0.00, 0.00, 0, 'no', 0, 1, '2025-03-25 05:32:11', NULL),
(51, 20, 51, 1, 1, NULL, NULL, NULL, 0.00, 0.00, 0, 'no', 0, 0, '2025-03-24 16:26:25', NULL),
(52, 20, 52, 1, 1, NULL, NULL, NULL, 0.00, 0.00, 0, 'no', 0, 0, '2025-03-24 16:26:26', NULL),
(53, 20, 53, 1, 1, NULL, NULL, NULL, 0.00, 0.00, 0, 'no', 0, 0, '2025-03-24 16:26:26', NULL),
(54, 20, 54, 1, 1, NULL, NULL, NULL, 0.00, 0.00, 0, 'no', 0, 0, '2025-03-24 16:26:26', NULL),
(55, 20, 55, 1, 1, NULL, NULL, NULL, 0.00, 0.00, 0, 'no', 0, 0, '2025-03-24 16:26:26', NULL),
(56, 20, 56, 1, 1, NULL, NULL, NULL, 0.00, 0.00, 0, 'no', 0, 0, '2025-03-24 16:26:26', NULL),
(57, 20, 57, 1, 1, NULL, NULL, NULL, 0.00, 0.00, 0, 'no', 0, 1, '2025-03-25 05:36:36', NULL),
(58, 20, 58, 1, 1, NULL, NULL, NULL, 0.00, 0.00, 0, 'no', 0, 0, '2025-03-24 16:26:26', NULL),
(59, 20, 59, 1, 1, NULL, NULL, NULL, 0.00, 0.00, 0, 'no', 0, 0, '2025-03-24 16:26:26', NULL),
(60, 20, 60, 1, 1, NULL, NULL, NULL, 0.00, 0.00, 0, 'no', 0, 0, '2025-03-24 16:26:26', NULL),
(61, 20, 61, 1, 1, NULL, NULL, NULL, 0.00, 0.00, 0, 'no', 0, 0, '2025-03-24 16:26:26', NULL),
(62, 20, 62, 1, 1, NULL, NULL, NULL, 0.00, 0.00, 0, 'no', 0, 0, '2025-03-24 16:26:26', NULL),
(63, 20, 63, 1, 1, NULL, NULL, NULL, 0.00, 0.00, 0, 'no', 0, 0, '2025-03-24 16:26:26', NULL),
(64, 20, 64, 1, 1, NULL, NULL, NULL, 0.00, 0.00, 0, 'no', 0, 0, '2025-03-24 16:26:26', NULL),
(65, 20, 65, 1, 1, NULL, NULL, NULL, 0.00, 0.00, 0, 'no', 0, 0, '2025-03-24 16:26:26', NULL),
(66, 20, 66, 1, 1, NULL, NULL, NULL, 0.00, 0.00, 0, 'no', 0, 0, '2025-03-24 16:26:26', NULL),
(67, 20, 67, 1, 1, NULL, NULL, NULL, 0.00, 0.00, 0, 'no', 0, 0, '2025-03-24 16:26:26', NULL),
(68, 20, 68, 1, 1, NULL, NULL, NULL, 0.00, 0.00, 0, 'no', 0, 0, '2025-03-24 16:26:27', NULL),
(69, 20, 69, 1, 1, NULL, NULL, NULL, 0.00, 0.00, 0, 'no', 0, 0, '2025-03-24 16:26:27', NULL),
(70, 20, 70, 1, 1, NULL, NULL, NULL, 0.00, 0.00, 0, 'no', 0, 0, '2025-03-24 16:26:27', NULL),
(71, 20, 71, 1, 1, NULL, NULL, NULL, 0.00, 0.00, 0, 'no', 0, 0, '2025-03-24 16:26:27', NULL),
(72, 20, 72, 1, 1, NULL, NULL, NULL, 0.00, 0.00, 0, 'no', 0, 0, '2025-03-24 16:26:27', NULL),
(73, 20, 73, 1, 1, NULL, NULL, NULL, 0.00, 0.00, 0, 'no', 0, 0, '2025-03-24 16:26:27', NULL),
(74, 20, 74, 1, 1, NULL, NULL, NULL, 0.00, 0.00, 0, 'no', 0, 1, '2025-03-25 05:43:40', NULL),
(75, 20, 75, 1, 1, NULL, NULL, NULL, 0.00, 0.00, 0, 'no', 0, 1, '2025-04-10 02:41:24', NULL),
(76, 20, 76, 1, 1, NULL, NULL, NULL, 0.00, 0.00, 0, 'no', 0, 0, '2025-03-24 16:26:27', NULL),
(77, 20, 77, 1, 1, NULL, NULL, NULL, 0.00, 0.00, 0, 'no', 0, 0, '2025-03-24 16:26:27', NULL),
(78, 20, 78, 1, 1, NULL, NULL, NULL, 0.00, 0.00, 0, 'no', 0, 0, '2025-03-24 16:26:27', NULL),
(79, 20, 79, 1, 1, NULL, NULL, NULL, 0.00, 0.00, 0, 'no', 0, 0, '2025-03-24 16:26:27', NULL),
(80, 20, 80, 1, 1, NULL, NULL, NULL, 0.00, 0.00, 0, 'no', 0, 0, '2025-03-24 16:26:27', NULL),
(81, 20, 81, 1, 1, NULL, NULL, NULL, 0.00, 0.00, 0, 'no', 0, 0, '2025-03-24 16:26:27', NULL),
(82, 20, 82, 1, 1, NULL, NULL, NULL, 0.00, 0.00, 0, 'no', 0, 0, '2025-03-24 16:26:27', NULL),
(83, 20, 83, 1, 1, NULL, NULL, NULL, 0.00, 0.00, 0, 'no', 0, 0, '2025-03-24 16:26:27', NULL),
(84, 20, 84, 1, 1, NULL, NULL, NULL, 0.00, 0.00, 0, 'no', 0, 0, '2025-03-24 16:26:28', NULL),
(85, 20, 85, 1, 1, NULL, NULL, NULL, 0.00, 0.00, 0, 'no', 0, 0, '2025-03-24 16:26:28', NULL),
(86, 20, 86, 1, 1, NULL, NULL, NULL, 0.00, 0.00, 0, 'no', 0, 0, '2025-03-24 16:26:28', NULL),
(87, 20, 87, 1, 1, NULL, NULL, NULL, 0.00, 0.00, 0, 'no', 0, 0, '2025-03-24 16:26:28', NULL),
(88, 20, 88, 1, 1, NULL, NULL, NULL, 0.00, 0.00, 0, 'no', 0, 0, '2025-03-24 16:26:28', NULL),
(89, 20, 89, 1, 1, NULL, NULL, NULL, 0.00, 0.00, 0, 'no', 0, 0, '2025-03-24 16:26:28', NULL),
(90, 20, 90, 1, 1, NULL, NULL, NULL, 0.00, 0.00, 0, 'no', 0, 0, '2025-03-24 16:26:28', NULL),
(92, 20, 92, 1, 1, NULL, NULL, NULL, 0.00, 0.00, 0, 'no', 0, 0, '2025-04-04 11:31:10', NULL),
(93, 20, 93, 1, 1, NULL, NULL, NULL, 0.00, 0.00, 0, 'no', 0, 0, '2025-04-04 11:31:11', NULL),
(94, 20, 94, 1, 1, NULL, NULL, NULL, 0.00, 0.00, 0, 'no', 0, 0, '2025-04-04 11:31:11', NULL),
(95, 20, 95, 1, 1, NULL, NULL, NULL, 0.00, 0.00, 0, 'no', 0, 0, '2025-04-04 11:34:06', NULL),
(96, 20, 96, 1, 1, NULL, NULL, NULL, 0.00, 0.00, 0, 'no', 0, 0, '2025-04-04 11:34:06', NULL),
(97, 20, 97, 1, 1, NULL, NULL, NULL, 0.00, 0.00, 0, 'no', 0, 0, '2025-04-04 11:34:06', NULL),
(98, 20, 98, 1, 1, NULL, NULL, NULL, 0.00, 0.00, 0, 'no', 0, 0, '2025-04-04 11:34:06', NULL),
(99, 20, 99, 1, 1, NULL, NULL, NULL, 0.00, 0.00, 0, 'no', 0, 0, '2025-04-04 11:34:06', NULL),
(100, 20, 100, 1, 1, NULL, NULL, NULL, 0.00, 0.00, 0, 'no', 0, 0, '2025-04-04 11:38:05', NULL),
(101, 20, 101, 1, 1, NULL, NULL, NULL, 0.00, 0.00, 0, 'no', 0, 0, '2025-04-04 11:38:06', NULL),
(102, 20, 102, 1, 1, NULL, NULL, NULL, 0.00, 0.00, 0, 'no', 0, 0, '2025-04-04 11:38:06', NULL),
(103, 20, 103, 1, 1, NULL, NULL, NULL, 0.00, 0.00, 0, 'no', 0, 0, '2025-04-04 11:38:06', NULL),
(104, 20, 104, 1, 1, NULL, NULL, NULL, 0.00, 0.00, 0, 'no', 0, 0, '2025-04-04 11:38:06', NULL),
(105, 20, 105, 1, 1, NULL, NULL, NULL, 0.00, 0.00, 0, 'no', 0, 0, '2025-04-04 11:38:06', NULL),
(106, 20, 106, 1, 1, NULL, NULL, NULL, 0.00, 0.00, 0, 'no', 0, 0, '2025-04-04 11:38:06', NULL),
(107, 20, 107, 1, 1, NULL, NULL, NULL, 0.00, 0.00, 0, 'no', 0, 0, '2025-04-04 11:38:06', NULL);

-- --------------------------------------------------------

--
-- Table structure for table `student_subject_attendances`
--

CREATE TABLE `student_subject_attendances` (
  `id` int(11) NOT NULL,
  `student_session_id` int(11) DEFAULT NULL,
  `subject_timetable_id` int(11) DEFAULT NULL,
  `attendence_type_id` int(11) DEFAULT NULL,
  `date` date DEFAULT NULL,
  `remark` text DEFAULT NULL,
  `created_at` timestamp NOT NULL DEFAULT current_timestamp() ON UPDATE current_timestamp()
) ENGINE=InnoDB DEFAULT CHARSET=utf8 COLLATE=utf8_general_ci;

-- --------------------------------------------------------

--
-- Table structure for table `student_timeline`
--

CREATE TABLE `student_timeline` (
  `id` int(11) NOT NULL,
  `student_id` int(11) NOT NULL,
  `title` varchar(200) NOT NULL,
  `timeline_date` date NOT NULL,
  `description` text NOT NULL,
  `document` varchar(200) DEFAULT NULL,
  `status` varchar(200) NOT NULL,
  `created_student_id` int(11) NOT NULL,
  `date` date NOT NULL
) ENGINE=InnoDB DEFAULT CHARSET=utf8 COLLATE=utf8_general_ci;

--
-- Dumping data for table `student_timeline`
--

INSERT INTO `student_timeline` (`id`, `student_id`, `title`, `timeline_date`, `description`, `document`, `status`, `created_student_id`, `date`) VALUES
(1, 46, 'Joined School', '2025-03-01', '', '', 'yes', 0, '2025-04-03'),
(2, 46, 'New Academic Year Begins', '2025-04-01', '', '', 'yes', 0, '2025-04-04'),
(3, 46, 'First Term Exams Begin', '2025-07-01', '', '', 'yes', 0, '2025-04-04'),
(4, 46, 'Mid Term Exam Begins', '2025-11-11', '', '', 'yes', 0, '2025-04-04');

-- --------------------------------------------------------

--
-- Table structure for table `student_transport_fees`
--

CREATE TABLE `student_transport_fees` (
  `id` int(11) NOT NULL,
  `transport_feemaster_id` int(11) NOT NULL,
  `student_session_id` int(11) NOT NULL,
  `route_pickup_point_id` int(11) NOT NULL,
  `generated_by` int(11) DEFAULT NULL,
  `created_at` timestamp NOT NULL DEFAULT current_timestamp() ON UPDATE current_timestamp()
) ENGINE=InnoDB DEFAULT CHARSET=utf8 COLLATE=utf8_general_ci;

-- --------------------------------------------------------

--
-- Table structure for table `subjects`
--

CREATE TABLE `subjects` (
  `id` int(11) NOT NULL,
  `name` varchar(100) DEFAULT NULL,
  `code` varchar(100) NOT NULL,
  `type` varchar(100) NOT NULL,
  `is_active` varchar(255) DEFAULT 'no',
  `created_at` timestamp NOT NULL DEFAULT current_timestamp() ON UPDATE current_timestamp(),
  `updated_at` date DEFAULT NULL
) ENGINE=InnoDB DEFAULT CHARSET=utf8 COLLATE=utf8_general_ci;

--
-- Dumping data for table `subjects`
--

INSERT INTO `subjects` (`id`, `name`, `code`, `type`, `is_active`, `created_at`, `updated_at`) VALUES
(1, 'English', '101', 'theory', 'no', '2025-03-24 07:47:57', NULL),
(2, 'Hindi', '102', 'theory', 'no', '2025-03-24 07:48:08', NULL),
(3, 'Science', '103', 'theory', 'no', '2025-03-24 07:48:28', NULL),
(4, 'Maths', '104', 'theory', 'no', '2025-03-24 07:48:47', NULL),
(5, 'Computer Science', '105', 'theory', 'no', '2025-03-24 07:49:02', NULL),
(6, 'Social Studies', '106', 'theory', 'no', '2025-03-24 08:22:52', NULL);

-- --------------------------------------------------------

--
-- Table structure for table `subject_groups`
--

CREATE TABLE `subject_groups` (
  `id` int(11) NOT NULL,
  `name` varchar(250) DEFAULT NULL,
  `description` text DEFAULT NULL,
  `session_id` int(11) DEFAULT NULL,
  `created_at` timestamp NOT NULL DEFAULT current_timestamp() ON UPDATE current_timestamp()
) ENGINE=InnoDB DEFAULT CHARSET=utf8 COLLATE=utf8_general_ci;

--
-- Dumping data for table `subject_groups`
--

INSERT INTO `subject_groups` (`id`, `name`, `description`, `session_id`, `created_at`) VALUES
(1, 'Class 6 Subject Group', 'Class 6 Subject Group Description', 20, '2025-03-24 08:23:40');

-- --------------------------------------------------------

--
-- Table structure for table `subject_group_class_sections`
--

CREATE TABLE `subject_group_class_sections` (
  `id` int(11) NOT NULL,
  `subject_group_id` int(11) DEFAULT NULL,
  `class_section_id` int(11) DEFAULT NULL,
  `session_id` int(11) DEFAULT NULL,
  `description` text DEFAULT NULL,
  `is_active` int(11) DEFAULT 0,
  `created_at` timestamp NOT NULL DEFAULT current_timestamp() ON UPDATE current_timestamp(),
  `updated_at` date DEFAULT NULL
) ENGINE=InnoDB DEFAULT CHARSET=utf8 COLLATE=utf8_general_ci;

--
-- Dumping data for table `subject_group_class_sections`
--

INSERT INTO `subject_group_class_sections` (`id`, `subject_group_id`, `class_section_id`, `session_id`, `description`, `is_active`, `created_at`, `updated_at`) VALUES
(1, 1, 1, 20, NULL, 0, '2025-03-24 08:23:40', NULL),
(2, 1, 2, 20, NULL, 0, '2025-03-24 08:23:40', NULL),
(3, 1, 3, 20, NULL, 0, '2025-03-24 08:23:40', NULL);

-- --------------------------------------------------------

--
-- Table structure for table `subject_group_subjects`
--

CREATE TABLE `subject_group_subjects` (
  `id` int(11) NOT NULL,
  `subject_group_id` int(11) DEFAULT NULL,
  `session_id` int(11) DEFAULT NULL,
  `subject_id` int(11) DEFAULT NULL,
  `created_at` timestamp NOT NULL DEFAULT current_timestamp() ON UPDATE current_timestamp()
) ENGINE=InnoDB DEFAULT CHARSET=utf8 COLLATE=utf8_general_ci;

--
-- Dumping data for table `subject_group_subjects`
--

INSERT INTO `subject_group_subjects` (`id`, `subject_group_id`, `session_id`, `subject_id`, `created_at`) VALUES
(1, 1, 20, 2, '2025-03-24 08:23:40'),
(2, 1, 20, 3, '2025-03-24 08:23:40'),
(3, 1, 20, 4, '2025-03-24 08:23:40'),
(4, 1, 20, 5, '2025-03-24 08:23:40'),
(5, 1, 20, 6, '2025-03-24 08:23:40'),
(6, 1, 20, 1, '2025-04-03 07:34:01');

-- --------------------------------------------------------

--
-- Table structure for table `subject_syllabus`
--

CREATE TABLE `subject_syllabus` (
  `id` int(11) NOT NULL,
  `topic_id` int(11) NOT NULL,
  `session_id` int(11) NOT NULL,
  `created_by` int(11) NOT NULL,
  `created_for` int(11) NOT NULL,
  `date` date NOT NULL,
  `time_from` varchar(255) NOT NULL,
  `time_to` varchar(255) NOT NULL,
  `presentation` text NOT NULL,
  `attachment` text NOT NULL,
  `lacture_youtube_url` varchar(255) NOT NULL,
  `lacture_video` varchar(255) NOT NULL,
  `sub_topic` text NOT NULL,
  `teaching_method` text NOT NULL,
  `general_objectives` text NOT NULL,
  `previous_knowledge` text NOT NULL,
  `comprehensive_questions` text NOT NULL,
  `status` int(11) NOT NULL,
  `created_at` timestamp NOT NULL DEFAULT current_timestamp() ON UPDATE current_timestamp()
) ENGINE=InnoDB DEFAULT CHARSET=utf8 COLLATE=utf8_general_ci;

-- --------------------------------------------------------

--
-- Table structure for table `subject_timetable`
--

CREATE TABLE `subject_timetable` (
  `id` int(11) NOT NULL,
  `session_id` int(11) DEFAULT NULL,
  `class_id` int(11) DEFAULT NULL,
  `section_id` int(11) DEFAULT NULL,
  `subject_group_id` int(11) DEFAULT NULL,
  `subject_group_subject_id` int(11) DEFAULT NULL,
  `staff_id` int(11) DEFAULT NULL,
  `day` varchar(20) DEFAULT NULL,
  `time_from` varchar(20) DEFAULT NULL,
  `time_to` varchar(20) DEFAULT NULL,
  `start_time` time DEFAULT NULL,
  `end_time` time DEFAULT NULL,
  `room_no` varchar(20) DEFAULT NULL,
  `created_at` timestamp NOT NULL DEFAULT current_timestamp() ON UPDATE current_timestamp()
) ENGINE=InnoDB DEFAULT CHARSET=utf8 COLLATE=utf8_general_ci;

--
-- Dumping data for table `subject_timetable`
--

INSERT INTO `subject_timetable` (`id`, `session_id`, `class_id`, `section_id`, `subject_group_id`, `subject_group_subject_id`, `staff_id`, `day`, `time_from`, `time_to`, `start_time`, `end_time`, `room_no`, `created_at`) VALUES
(1, 20, 1, 1, 1, 1, 2, 'Monday', '09:00 AM', '10:00 AM', '09:00:00', '10:00:00', '1', '2025-04-02 11:11:07'),
(2, 20, 1, 1, 1, 2, 2, 'Monday', '10:00 AM', '11:00 AM', '10:00:00', '11:00:00', '1', '2025-04-02 11:11:07'),
(3, 20, 1, 1, 1, 3, 2, 'Monday', '11:00 AM', '12:00 PM', '11:00:00', '12:00:00', '1', '2025-04-02 11:11:07'),
(4, 20, 1, 1, 1, 4, 2, 'Monday', '12:00 PM', '01:00 PM', '12:00:00', '13:00:00', '1', '2025-04-02 11:11:07'),
(5, 20, 1, 1, 1, 5, 2, 'Monday', '01:00 PM', '02:00 PM', '13:00:00', '14:00:00', '1', '2025-04-02 11:11:07'),
(6, 20, 1, 1, 1, 1, 2, 'Tuesday', '09:00 AM', '10:00 AM', '09:00:00', '10:00:00', '1', '2025-04-02 11:12:24'),
(7, 20, 1, 1, 1, 2, 2, 'Tuesday', '10:00 AM', '11:00 AM', '10:00:00', '11:00:00', '2', '2025-04-02 11:14:03'),
(8, 20, 1, 1, 1, 3, 2, 'Tuesday', '11:00 AM', '12:00 PM', '11:00:00', '12:00:00', '3', '2025-04-02 11:14:03'),
(9, 20, 1, 1, 1, 4, 2, 'Tuesday', '12:00 PM', '01:00 PM', '12:00:00', '13:00:00', '4', '2025-04-02 11:14:03'),
(10, 20, 1, 1, 1, 5, 2, 'Tuesday', '01:00 PM', '02:00 PM', '13:00:00', '14:00:00', '5', '2025-04-02 11:14:03'),
(11, 20, 1, 1, 1, 1, 2, 'Wednesday', '09:00 AM', '10:00 AM', '09:00:00', '10:00:00', '1', '2025-04-02 11:13:39'),
(12, 20, 1, 1, 1, 2, 2, 'Wednesday', '10:00 AM', '11:00 AM', '10:00:00', '11:00:00', '1', '2025-04-02 11:13:39'),
(13, 20, 1, 1, 1, 3, 2, 'Wednesday', '11:00 AM', '12:00 PM', '11:00:00', '12:00:00', '1', '2025-04-02 11:13:39'),
(14, 20, 1, 1, 1, 4, 2, 'Wednesday', '12:00 PM', '01:00 PM', '12:00:00', '13:00:00', '1', '2025-04-02 11:13:39'),
(15, 20, 1, 1, 1, 5, 2, 'Wednesday', '01:00 PM', '02:00 PM', '13:00:00', '14:00:00', '1', '2025-04-02 11:13:39'),
(16, 20, 1, 1, 1, 1, 2, 'Thursday', '09:00 AM', '10:00 AM', '09:00:00', '10:00:00', '1', '2025-04-02 11:15:26'),
(17, 20, 1, 1, 1, 2, 2, 'Thursday', '10:00 AM', '11:00 AM', '10:00:00', '11:00:00', '1', '2025-04-02 11:15:26'),
(18, 20, 1, 1, 1, 3, 2, 'Thursday', '11:00 AM', '12:00 PM', '11:00:00', '12:00:00', '1', '2025-04-02 11:15:26'),
(19, 20, 1, 1, 1, 4, 2, 'Thursday', '12:00 PM', '01:00 PM', '12:00:00', '13:00:00', '1', '2025-04-02 11:15:26'),
(20, 20, 1, 1, 1, 5, 2, 'Thursday', '01:00 PM', '02:00 PM', '13:00:00', '14:00:00', '1', '2025-04-02 11:15:26'),
(21, 20, 1, 1, 1, 1, 2, 'Thursday', '09:00 AM', '10:00 AM', '09:00:00', '10:00:00', '1', '2025-04-02 11:15:26'),
(22, 20, 1, 1, 1, 2, 2, 'Thursday', '10:00 AM', '11:00 AM', '10:00:00', '11:00:00', '1', '2025-04-02 11:15:26'),
(23, 20, 1, 1, 1, 3, 2, 'Thursday', '11:00 AM', '12:00 PM', '11:00:00', '12:00:00', '1', '2025-04-02 11:15:26'),
(24, 20, 1, 1, 1, 4, 2, 'Thursday', '12:00 PM', '01:00 PM', '12:00:00', '13:00:00', '1', '2025-04-02 11:15:26'),
(25, 20, 1, 1, 1, 5, 2, 'Thursday', '01:00 PM', '02:00 PM', '13:00:00', '14:00:00', '1', '2025-04-02 11:15:26'),
(26, 20, 1, 1, 1, 1, 2, 'Friday', '09:00 AM', '10:00 AM', '09:00:00', '10:00:00', '1', '2025-04-02 11:17:27'),
(27, 20, 1, 1, 1, 2, 2, 'Friday', '10:00 AM', '11:00 AM', '10:00:00', '11:00:00', '2', '2025-04-02 11:17:27'),
(28, 20, 1, 1, 1, 3, 2, 'Friday', '11:00 AM', '12:00 PM', '11:00:00', '12:00:00', '3', '2025-04-02 11:17:27'),
(29, 20, 1, 1, 1, 4, 2, 'Friday', '12:00 PM', '01:00 PM', '12:00:00', '13:00:00', '4', '2025-04-02 11:17:27'),
(30, 20, 1, 1, 1, 5, 2, 'Friday', '01:00 PM', '02:00 PM', '13:00:00', '14:00:00', '5', '2025-04-02 11:17:27'),
(31, 20, 1, 1, 1, 1, 2, 'Saturday', '09:00 AM', '10:00 AM', '09:00:00', '10:00:00', '1', '2025-04-02 11:20:06'),
(32, 20, 1, 1, 1, 2, 2, 'Saturday', '10:00 AM', '11:00 AM', '10:00:00', '11:00:00', '2', '2025-04-02 11:20:06'),
(33, 20, 1, 1, 1, 2, 2, 'Saturday', '11:00 AM', '12:00 PM', '11:00:00', '12:00:00', '3', '2025-04-02 11:20:06'),
(34, 20, 1, 1, 1, 4, 2, 'Saturday', '12:00 PM', '01:00 PM', '12:00:00', '13:00:00', '4', '2025-04-02 11:20:06'),
(35, 20, 1, 1, 1, 5, 2, 'Saturday', '01:00 PM', '02:00 PM', '13:00:00', '14:00:00', '5', '2025-04-02 11:20:06');

-- --------------------------------------------------------

--
-- Table structure for table `submit_assignment`
--

CREATE TABLE `submit_assignment` (
  `id` int(11) NOT NULL,
  `homework_id` int(11) NOT NULL,
  `student_id` int(11) NOT NULL,
  `message` text NOT NULL,
  `docs` varchar(225) NOT NULL,
  `file_name` text DEFAULT NULL,
  `created_at` timestamp NOT NULL DEFAULT current_timestamp() ON UPDATE current_timestamp()
) ENGINE=InnoDB DEFAULT CHARSET=utf8 COLLATE=utf8_general_ci;

--
-- Dumping data for table `submit_assignment`
--

INSERT INTO `submit_assignment` (`id`, `homework_id`, `student_id`, `message`, `docs`, `file_name`, `created_at`) VALUES
(1, 2, 46, 'This is my maths Homework', '', NULL, '2025-04-08 17:14:44'),
(2, 1, 46, 'This is my Computer Science Homework', '', NULL, '2025-04-08 17:15:01'),
(3, 3, 46, 'I Do my homework', '1744159620-138007046167f5c384ad79a!Alexander Allen_19018 (1) (1).pdf', NULL, '2025-04-09 00:47:00'),
(4, 4, 46, 'Hi 6th Social Studies Homework', '', NULL, '2025-04-09 00:55:00'),
(5, 15, 46, 'I learn and revision all the topics', '', NULL, '2025-04-30 11:10:30');

-- --------------------------------------------------------

--
-- Table structure for table `template_admitcards`
--

CREATE TABLE `template_admitcards` (
  `id` int(11) NOT NULL,
  `template` varchar(250) DEFAULT NULL,
  `heading` text DEFAULT NULL,
  `title` text DEFAULT NULL,
  `left_logo` varchar(200) DEFAULT NULL,
  `right_logo` varchar(200) DEFAULT NULL,
  `exam_name` varchar(200) DEFAULT NULL,
  `school_name` varchar(200) DEFAULT NULL,
  `exam_center` varchar(200) DEFAULT NULL,
  `sign` varchar(200) DEFAULT NULL,
  `background_img` varchar(200) DEFAULT NULL,
  `is_name` int(11) NOT NULL DEFAULT 1,
  `is_father_name` int(11) NOT NULL DEFAULT 1,
  `is_mother_name` int(11) NOT NULL DEFAULT 1,
  `is_dob` int(11) NOT NULL DEFAULT 1,
  `is_admission_no` int(11) NOT NULL DEFAULT 1,
  `is_roll_no` int(11) NOT NULL DEFAULT 1,
  `is_address` int(11) NOT NULL DEFAULT 1,
  `is_gender` int(11) NOT NULL DEFAULT 1,
  `is_photo` int(11) NOT NULL,
  `is_class` int(11) NOT NULL DEFAULT 0,
  `is_section` int(11) NOT NULL DEFAULT 0,
  `content_footer` text DEFAULT NULL,
  `created_at` timestamp NOT NULL DEFAULT current_timestamp() ON UPDATE current_timestamp(),
  `updated_at` date DEFAULT NULL
) ENGINE=InnoDB DEFAULT CHARSET=utf8 COLLATE=utf8_general_ci;

--
-- Dumping data for table `template_admitcards`
--

INSERT INTO `template_admitcards` (`id`, `template`, `heading`, `title`, `left_logo`, `right_logo`, `exam_name`, `school_name`, `exam_center`, `sign`, `background_img`, `is_name`, `is_father_name`, `is_mother_name`, `is_dob`, `is_admission_no`, `is_roll_no`, `is_address`, `is_gender`, `is_photo`, `is_class`, `is_section`, `content_footer`, `created_at`, `updated_at`) VALUES
(1, 'Sample Admit Card', '', '', 'ab12c4b65f53ee621dcf84370a7c5be4.png', '0910482bf79df5fd103e8383d61b387a.png', 'Test', 'Mount Carmel School', 'test dmit card2', 'aa9c7087e68c5af1d2c04946de1d3bd3.png', '782a71f53ea6bca213012d49e9d46d98.jpg', 0, 0, 0, 0, 0, 0, 0, 0, 0, 0, 0, NULL, '2020-02-28 14:26:15', NULL);

-- --------------------------------------------------------

--
-- Table structure for table `template_marksheets`
--

CREATE TABLE `template_marksheets` (
  `id` int(11) NOT NULL,
  `header_image` varchar(200) DEFAULT NULL,
  `template` varchar(200) DEFAULT NULL,
  `heading` text DEFAULT NULL,
  `title` text DEFAULT NULL,
  `left_logo` varchar(200) DEFAULT NULL,
  `right_logo` varchar(200) DEFAULT NULL,
  `exam_name` varchar(200) DEFAULT NULL,
  `school_name` varchar(200) DEFAULT NULL,
  `exam_center` varchar(200) DEFAULT NULL,
  `left_sign` varchar(200) DEFAULT NULL,
  `middle_sign` varchar(200) DEFAULT NULL,
  `right_sign` varchar(200) DEFAULT NULL,
  `exam_session` int(11) DEFAULT 1,
  `is_name` int(11) DEFAULT 1,
  `is_father_name` int(11) DEFAULT 1,
  `is_mother_name` int(11) DEFAULT 1,
  `is_dob` int(11) DEFAULT 1,
  `is_admission_no` int(11) DEFAULT 1,
  `is_roll_no` int(11) DEFAULT 1,
  `is_photo` int(11) DEFAULT 1,
  `is_division` int(11) NOT NULL DEFAULT 1,
  `is_rank` int(11) NOT NULL DEFAULT 0,
  `is_customfield` int(11) NOT NULL,
  `background_img` varchar(200) DEFAULT NULL,
  `date` varchar(20) DEFAULT NULL,
  `is_class` int(11) NOT NULL DEFAULT 0,
  `is_teacher_remark` int(11) NOT NULL DEFAULT 1,
  `is_section` int(11) NOT NULL DEFAULT 0,
  `content` text DEFAULT NULL,
  `content_footer` text DEFAULT NULL,
  `created_at` timestamp NOT NULL DEFAULT current_timestamp() ON UPDATE current_timestamp(),
  `updated_at` date DEFAULT NULL
) ENGINE=InnoDB DEFAULT CHARSET=utf8 COLLATE=utf8_general_ci;

--
-- Dumping data for table `template_marksheets`
--

INSERT INTO `template_marksheets` (`id`, `header_image`, `template`, `heading`, `title`, `left_logo`, `right_logo`, `exam_name`, `school_name`, `exam_center`, `left_sign`, `middle_sign`, `right_sign`, `exam_session`, `is_name`, `is_father_name`, `is_mother_name`, `is_dob`, `is_admission_no`, `is_roll_no`, `is_photo`, `is_division`, `is_rank`, `is_customfield`, `background_img`, `date`, `is_class`, `is_teacher_remark`, `is_section`, `content`, `content_footer`, `created_at`, `updated_at`) VALUES
(1, NULL, 'Sample Marksheet', 'BOARD OF SECONDARY EDUCATION, MADHYA PRADESH, BHOPAL', 'BOARD OF SECONDARY EDUCATION, MADHYA PRADESH, BHOPAL', 'f314cec3f688771ccaeddbcee6e52f7c.png', 'e824b2df53266266be2dbfd2001168b8.png', 'HIGHER SECONDARY SCHOOL CERTIFICATE EXAMINATION', 'Mount Carmel School', 'GOVT GIRLS H S SCHOOL', '331e0690e50f8c6b7a219a0a2b9667f7.png', '351f513d79ee5c0f642c2d36514a1ff4.png', 'fb79d2c0d163357d1706b78550a05e2c.png', 1, 1, 1, 1, 1, 1, 1, 1, 1, 0, 1, '', NULL, 0, 1, 0, NULL, NULL, '2020-02-28 14:26:06', NULL);

-- --------------------------------------------------------

--
-- Table structure for table `topic`
--

CREATE TABLE `topic` (
  `id` int(11) NOT NULL,
  `session_id` int(11) NOT NULL,
  `lesson_id` int(11) NOT NULL,
  `name` varchar(255) NOT NULL,
  `status` int(11) NOT NULL,
  `complete_date` date DEFAULT NULL,
  `created_at` timestamp NOT NULL DEFAULT current_timestamp() ON UPDATE current_timestamp()
) ENGINE=InnoDB DEFAULT CHARSET=utf8 COLLATE=utf8_general_ci;

--
-- Dumping data for table `topic`
--

INSERT INTO `topic` (`id`, `session_id`, `lesson_id`, `name`, `status`, `complete_date`, `created_at`) VALUES
(1, 20, 1, 'हिंदी साहित्य का परिचय', 1, '2025-03-01', '2025-04-02 11:39:41'),
(2, 20, 1, 'कविता और गद्य', 1, '2025-04-16', '2025-04-02 11:39:54'),
(3, 20, 1, 'काव्यशास्त्र के तत्व', 1, '2025-04-18', '2025-04-02 11:40:01'),
(4, 20, 2, 'वर्णमाला और उसके प्रकार', 0, NULL, '2025-03-24 08:37:46'),
(5, 20, 2, 'संज्ञा और उसके प्रकार', 0, NULL, '2025-03-24 08:37:46'),
(6, 20, 2, 'सर्वनाम और उसके प्रकार', 0, NULL, '2025-03-24 08:37:46'),
(7, 20, 2, 'विशेषण और उसके प्रकार', 0, NULL, '2025-03-24 08:37:46'),
(8, 20, 2, 'क्रिया और उसके प्रकार', 0, NULL, '2025-03-24 08:37:46'),
(9, 20, 2, 'वाक्य के प्रकार', 0, NULL, '2025-03-24 08:37:46'),
(10, 20, 2, 'समास और उसके प्रकार', 0, NULL, '2025-03-24 08:37:46'),
(11, 20, 2, 'संधि और उसके प्रकार', 0, NULL, '2025-03-24 08:37:46'),
(12, 20, 2, 'समानार्थक और विपरीतार्थक शब्द', 0, NULL, '2025-03-24 08:37:46'),
(13, 20, 2, 'लिंग और उसके प्रकार', 0, NULL, '2025-03-24 08:37:46'),
(14, 20, 2, 'वचन और उसके प्रकार', 0, NULL, '2025-03-24 08:37:46'),
(15, 20, 2, 'काल और उसके प्रकार', 0, NULL, '2025-03-24 08:37:46'),
(16, 20, 3, 'प्यारे बच्चों का संसार', 0, NULL, '2025-03-24 08:37:46'),
(17, 20, 3, 'हमें चाहिए सच्चे दोस्त', 0, NULL, '2025-03-24 08:37:46'),
(18, 20, 3, 'वृक्षों से हमें बहुत कुछ सीखना चाहिए', 0, NULL, '2025-03-24 08:37:46'),
(19, 20, 3, 'सपने और उम्मीदें', 0, NULL, '2025-03-24 08:37:46'),
(20, 20, 3, 'साहस और आत्मविश्वास', 0, NULL, '2025-03-24 08:37:46'),
(21, 20, 4, 'दया और करुणा', 0, NULL, '2025-03-24 08:37:46'),
(22, 20, 4, 'साहसिक कार्य', 0, NULL, '2025-03-24 08:37:46'),
(23, 20, 4, 'एकता में शक्ति', 0, NULL, '2025-03-24 08:37:46'),
(24, 20, 4, 'सच्चाई की ताकत', 0, NULL, '2025-03-24 08:37:46'),
(25, 20, 4, 'वचन का महत्व', 0, NULL, '2025-03-24 08:37:46'),
(26, 20, 4, 'सपने और कठिनाई', 0, NULL, '2025-03-24 08:37:46'),
(27, 20, 5, 'हिंदी साहित्य का इतिहास', 0, NULL, '2025-03-24 08:37:46'),
(28, 20, 5, 'प्रमुख कवि और उनकी रचनाएँ', 0, NULL, '2025-03-24 08:37:46'),
(29, 20, 5, 'हिंदी कहानी लेखन', 0, NULL, '2025-03-24 08:37:46'),
(30, 20, 5, 'काव्य में आलंकार और उसकी विशेषताएँ', 0, NULL, '2025-03-24 08:37:46'),
(31, 20, 5, 'सामाजिक और नैतिक शिक्षा', 0, NULL, '2025-03-24 08:37:46'),
(32, 20, 6, 'भाषा का महत्व', 0, NULL, '2025-03-24 08:37:46'),
(33, 20, 6, 'पत्र लेखन', 0, NULL, '2025-03-24 08:37:46'),
(34, 20, 6, 'आधिकारिक पत्र और व्यक्तिगत पत्र', 0, NULL, '2025-03-24 08:37:46'),
(35, 20, 6, 'समीक्षा और आलोचना', 0, NULL, '2025-03-24 08:37:46'),
(36, 20, 6, 'कहानी लेखन', 0, NULL, '2025-03-24 08:37:46'),
(37, 20, 6, 'रचनात्मक लेखन', 0, NULL, '2025-03-24 08:37:46'),
(38, 20, 7, 'निबंध लेखन', 0, NULL, '2025-03-24 08:37:46'),
(39, 20, 7, 'पत्र लेखन', 0, NULL, '2025-03-24 08:37:46'),
(40, 20, 7, 'कविता लेखन', 0, NULL, '2025-03-24 08:37:46'),
(41, 20, 7, 'कहानी लेखन', 0, NULL, '2025-03-24 08:37:46'),
(42, 20, 8, 'वर्तनी सुधार', 0, NULL, '2025-03-24 08:37:46'),
(43, 20, 8, 'वाक्य निर्माण', 0, NULL, '2025-03-24 08:37:46'),
(44, 20, 8, 'शब्दकोश का प्रयोग', 0, NULL, '2025-03-24 08:37:46'),
(45, 20, 9, 'States of matter', 1, '2025-04-22', '2025-04-22 07:04:30'),
(46, 20, 9, 'Properties of different states of matter', 1, '2025-02-07', '2025-04-02 11:40:39'),
(47, 20, 9, 'Changes in matter', 1, '2025-03-20', '2025-04-02 11:40:49'),
(48, 20, 9, 'Physical and chemical changes', 1, '2025-04-13', '2025-04-13 11:38:19'),
(49, 20, 9, 'Reversible and irreversible changes', 1, '2025-04-23', '2025-04-23 12:44:54'),
(50, 20, 10, 'Classification of living organisms', 1, '2025-04-29', '2025-04-29 10:05:23'),
(51, 20, 10, 'Characteristics of living organisms', 0, NULL, '2025-03-24 08:38:27'),
(52, 20, 10, 'Classification of animals and plants', 0, NULL, '2025-03-24 08:38:27'),
(53, 20, 10, 'Plant and animal cells', 0, NULL, '2025-03-24 08:38:27'),
(54, 20, 10, 'Structure of plant cells', 0, NULL, '2025-03-24 08:38:27'),
(55, 20, 10, 'Structure of animal cells', 0, NULL, '2025-03-24 08:38:27'),
(56, 20, 10, 'Differences between plant and animal cells', 0, NULL, '2025-03-24 08:38:27'),
(57, 20, 11, 'Parts of a plant', 0, NULL, '2025-03-24 08:38:27'),
(58, 20, 11, 'Functions of different plant parts', 0, NULL, '2025-03-24 08:38:27'),
(59, 20, 11, 'Photosynthesis', 0, NULL, '2025-03-24 08:38:27'),
(60, 20, 11, 'Importance of sunlight and chlorophyll in photosynthesis', 0, NULL, '2025-03-24 08:38:27'),
(61, 20, 12, 'Introduction to the human body', 0, NULL, '2025-03-24 08:38:28'),
(62, 20, 12, 'The skeletal system', 0, NULL, '2025-03-24 08:38:28'),
(63, 20, 12, 'The muscular system', 0, NULL, '2025-03-24 08:38:28'),
(64, 20, 12, 'The digestive system', 0, NULL, '2025-03-24 08:38:28'),
(65, 20, 12, 'The respiratory system', 0, NULL, '2025-03-24 08:38:28'),
(66, 20, 12, 'The circulatory system', 0, NULL, '2025-03-24 08:38:28'),
(67, 20, 12, 'The excretory system', 0, NULL, '2025-03-24 08:38:28'),
(68, 20, 12, 'The nervous system', 0, NULL, '2025-03-24 08:38:28'),
(69, 20, 12, 'The reproductive system', 0, NULL, '2025-03-24 08:38:28'),
(70, 20, 13, 'The structure of the Earth', 0, NULL, '2025-03-24 08:38:28'),
(71, 20, 13, 'Layers of the Earth', 0, NULL, '2025-03-24 08:38:28'),
(72, 20, 13, 'Rocks and minerals', 0, NULL, '2025-03-24 08:38:28'),
(73, 20, 13, 'Types of rocks', 0, NULL, '2025-03-24 08:38:28'),
(74, 20, 13, 'The water cycle', 0, NULL, '2025-03-24 08:38:28'),
(75, 20, 13, 'Weather and climate', 0, NULL, '2025-03-24 08:38:28'),
(76, 20, 13, 'Natural resources', 0, NULL, '2025-03-24 08:38:28'),
(77, 20, 13, 'Conservation of natural resources', 0, NULL, '2025-03-24 08:38:28'),
(78, 20, 13, 'Environmental pollution', 0, NULL, '2025-03-24 08:38:28'),
(79, 20, 13, 'Waste management', 0, NULL, '2025-03-24 08:38:28'),
(80, 20, 14, 'Introduction to forces', 0, NULL, '2025-03-24 08:38:28'),
(81, 20, 14, 'Types of forces: contact and non-contact', 0, NULL, '2025-03-24 08:38:28'),
(82, 20, 14, 'Friction', 0, NULL, '2025-03-24 08:38:28'),
(83, 20, 14, 'Laws of motion', 0, NULL, '2025-03-24 08:38:28'),
(84, 20, 14, 'Newton\'s Laws of Motion', 0, NULL, '2025-03-24 08:38:28'),
(85, 20, 14, 'Work and energy', 0, NULL, '2025-03-24 08:38:28'),
(86, 20, 14, 'Simple machines', 0, NULL, '2025-03-24 08:38:28'),
(87, 20, 15, 'Composition of air', 0, NULL, '2025-03-24 08:38:28'),
(88, 20, 15, 'Properties of air', 0, NULL, '2025-03-24 08:38:28'),
(89, 20, 15, 'The importance of air', 0, NULL, '2025-03-24 08:38:28'),
(90, 20, 15, 'Water cycle', 0, NULL, '2025-03-24 08:38:28'),
(91, 20, 15, 'Water conservation', 0, NULL, '2025-03-24 08:38:28'),
(92, 20, 15, 'Water pollution', 0, NULL, '2025-03-24 08:38:28'),
(93, 20, 15, 'Purification of water', 0, NULL, '2025-03-24 08:38:28'),
(94, 20, 16, 'Types of natural resources', 1, '2025-04-30', '2025-04-30 11:25:53'),
(95, 20, 16, 'Renewable and non-renewable resources', 0, NULL, '2025-03-24 08:38:28'),
(96, 20, 16, 'Conservation of resources', 0, NULL, '2025-03-24 08:38:28'),
(97, 20, 16, 'Sustainable development', 0, NULL, '2025-03-24 08:38:28'),
(98, 20, 17, 'Comparing large numbers', 1, '2025-03-01', '2025-04-02 11:43:56'),
(99, 20, 17, 'Estimation of numbers', 1, '2025-03-06', '2025-04-02 11:44:05'),
(100, 20, 17, 'Indian and International number systems', 1, '2025-03-13', '2025-04-02 11:44:14'),
(101, 20, 17, 'Basic operations on large numbers', 1, '2025-03-23', '2025-04-02 11:44:24'),
(102, 20, 18, 'Introduction to whole numbers', 0, NULL, '2025-03-24 08:45:56'),
(103, 20, 18, 'Number line representation', 0, NULL, '2025-03-24 08:45:56'),
(104, 20, 18, 'Patterns in whole numbers', 0, NULL, '2025-03-24 08:45:56'),
(105, 20, 19, 'Factors and multiples', 0, NULL, '2025-03-24 08:45:56'),
(106, 20, 19, 'Prime and composite numbers', 0, NULL, '2025-03-24 08:45:56'),
(107, 20, 19, 'Divisibility rules', 0, NULL, '2025-03-24 08:45:56'),
(108, 20, 19, 'HCF (Highest Common Factor) and LCM (Lowest Common Multiple)', 0, NULL, '2025-03-24 08:45:56'),
(109, 20, 20, 'Angles and their types', 0, NULL, '2025-03-24 08:45:56'),
(110, 20, 20, 'Polygons and circles', 0, NULL, '2025-03-24 08:45:56'),
(111, 20, 21, 'Measuring line segments', 0, NULL, '2025-03-24 08:45:56'),
(112, 20, 21, 'Classification of triangles and quadrilaterals', 0, NULL, '2025-03-24 08:45:56'),
(113, 20, 22, 'Introduction to integers', 0, NULL, '2025-03-24 08:45:56'),
(114, 20, 22, 'Representation on a number line', 0, NULL, '2025-03-24 08:45:56'),
(115, 20, 22, 'Operations on integers: addition and subtraction', 0, NULL, '2025-03-24 08:45:56'),
(116, 20, 23, 'Equivalent fractions', 0, NULL, '2025-03-24 08:45:56'),
(117, 20, 23, 'Addition and subtraction of fractions', 0, NULL, '2025-03-24 08:45:56'),
(118, 20, 23, 'Simplification of fractions', 0, NULL, '2025-03-24 08:45:56'),
(119, 20, 24, 'Place value of decimals', 0, NULL, '2025-03-24 08:45:56'),
(120, 20, 24, 'Converting fractions to decimals and vice versa', 0, NULL, '2025-03-24 08:45:56'),
(121, 20, 24, 'Operations on decimals: addition and subtraction', 0, NULL, '2025-03-24 08:45:56'),
(122, 20, 24, 'Comparing and ordering decimals', 0, NULL, '2025-03-24 08:45:56'),
(123, 20, 25, 'Collection and representation of data', 0, NULL, '2025-03-24 08:45:56'),
(124, 20, 25, 'Tally marks and bar graphs', 0, NULL, '2025-03-24 08:45:56'),
(125, 20, 25, 'Drawing and interpreting graphs', 0, NULL, '2025-03-24 08:45:56'),
(126, 20, 26, 'Perimeter of plane figures', 0, NULL, '2025-03-24 08:45:56'),
(127, 20, 26, 'Area of square and rectangle', 0, NULL, '2025-03-24 08:45:56'),
(128, 20, 26, 'Concept of area and its practical applications', 0, NULL, '2025-03-24 08:45:56'),
(129, 20, 27, 'Introduction to variables', 0, NULL, '2025-03-24 08:45:56'),
(130, 20, 27, 'Formation of expressions', 0, NULL, '2025-03-24 08:45:56'),
(131, 20, 27, 'Solving simple equations', 0, NULL, '2025-03-24 08:45:56'),
(132, 20, 28, 'Concept of ratio', 0, NULL, '2025-03-24 08:45:56'),
(133, 20, 28, 'Unitary method', 0, NULL, '2025-03-24 08:45:56'),
(134, 20, 28, 'Proportionality in real-life contexts', 0, NULL, '2025-03-24 08:45:56'),
(135, 20, 29, 'Line of symmetry', 0, NULL, '2025-03-24 08:45:56'),
(136, 20, 29, 'Symmetrical objects in nature and design', 0, NULL, '2025-03-24 08:45:56'),
(137, 20, 29, 'Reflection and patterns', 0, NULL, '2025-03-24 08:45:56'),
(138, 20, 30, 'Drawing a line segment', 0, NULL, '2025-03-24 08:45:56'),
(139, 20, 30, 'Construction of angles using a protractor', 0, NULL, '2025-03-24 08:45:56'),
(140, 20, 30, 'Drawing perpendiculars and perpendicular bisectors', 0, NULL, '2025-03-24 08:45:56'),
(141, 20, 30, 'Constructing simple geometrical shapes', 0, NULL, '2025-03-24 08:45:56'),
(142, 20, 31, 'Definition of Computers', 0, NULL, '2025-03-24 08:46:22'),
(143, 20, 31, 'Types of Computers', 0, NULL, '2025-03-24 08:46:22'),
(144, 20, 31, 'Basic Components of a Computer', 0, NULL, '2025-03-24 08:46:22'),
(145, 20, 31, 'Working of a Computer', 0, NULL, '2025-03-24 08:46:22'),
(146, 20, 32, 'Central Processing Unit (CPU)', 0, NULL, '2025-03-24 08:46:22'),
(147, 20, 32, 'Memory and Storage Devices', 0, NULL, '2025-03-24 08:46:22'),
(148, 20, 32, 'Input Devices', 0, NULL, '2025-03-24 08:46:22'),
(149, 20, 32, 'Output Devices', 0, NULL, '2025-03-24 08:46:22'),
(150, 20, 33, 'Types of Operating Systems', 0, NULL, '2025-03-24 08:46:22'),
(151, 20, 33, 'Functions of an Operating System', 0, NULL, '2025-03-24 08:46:22'),
(152, 20, 33, 'File Management in Operating Systems', 0, NULL, '2025-03-24 08:46:22'),
(153, 20, 33, 'User Interface Design', 0, NULL, '2025-03-24 08:46:22'),
(154, 20, 34, 'Overview of Programming Languages', 0, NULL, '2025-03-24 08:46:22'),
(155, 20, 34, 'Low-Level vs. High-Level Languages', 0, NULL, '2025-03-24 08:46:22'),
(156, 20, 34, 'Compilers and Interpreters', 0, NULL, '2025-03-24 08:46:22'),
(157, 20, 34, 'Object-Oriented Programming', 0, NULL, '2025-03-24 08:46:22'),
(158, 20, 35, 'Variables and Data Types', 0, NULL, '2025-03-24 08:46:22'),
(159, 20, 35, 'Functions and Procedures', 0, NULL, '2025-03-24 08:46:22'),
(160, 20, 35, 'Error Handling', 0, NULL, '2025-03-24 08:46:22'),
(161, 20, 36, 'Arrays and Lists', 0, NULL, '2025-03-24 08:46:22'),
(162, 20, 36, 'Stacks and Queues', 0, NULL, '2025-03-24 08:46:22'),
(163, 20, 36, 'Trees and Graphs', 0, NULL, '2025-03-24 08:46:22'),
(164, 20, 36, 'Hash Tables', 0, NULL, '2025-03-24 08:46:22'),
(165, 20, 37, 'Sorting Algorithms', 0, NULL, '2025-03-24 08:46:22'),
(166, 20, 37, 'Searching Algorithms', 0, NULL, '2025-03-24 08:46:22'),
(167, 20, 37, 'Algorithmic Complexity', 0, NULL, '2025-03-24 08:46:22'),
(168, 20, 37, 'Recursion', 0, NULL, '2025-03-24 08:46:22'),
(169, 20, 38, 'Database Models', 0, NULL, '2025-03-24 08:46:22'),
(170, 20, 38, 'SQL Basics', 0, NULL, '2025-03-24 08:46:22'),
(171, 20, 38, 'Normalization', 0, NULL, '2025-03-24 08:46:22'),
(172, 20, 38, 'Database Security', 0, NULL, '2025-03-24 08:46:22'),
(173, 20, 39, 'IP Addressing', 0, NULL, '2025-03-24 08:46:22'),
(174, 20, 39, 'OSI Model', 0, NULL, '2025-03-24 08:46:22'),
(175, 20, 39, 'Network Security', 0, NULL, '2025-03-24 08:46:22'),
(176, 20, 40, 'Cryptography Basics', 0, NULL, '2025-03-24 08:46:22'),
(177, 20, 40, 'Types of Cyber Attacks', 0, NULL, '2025-03-24 08:46:22'),
(178, 20, 40, 'Firewalls and Antivirus', 0, NULL, '2025-03-24 08:46:22'),
(179, 20, 40, 'Ethical Hacking', 0, NULL, '2025-03-24 08:46:22'),
(180, 20, 41, 'Software Development Life Cycle (SDLC)', 0, NULL, '2025-03-24 08:46:22'),
(181, 20, 41, 'Agile Methodology', 0, NULL, '2025-03-24 08:46:22'),
(182, 20, 41, 'Version Control Systems (Git)', 0, NULL, '2025-03-24 08:46:22'),
(183, 20, 41, 'Software Testing', 0, NULL, '2025-03-24 08:46:22'),
(184, 20, 42, 'Earliest Societies', 1, '2025-04-01', '2025-04-18 09:42:47'),
(185, 20, 42, 'The Early Humans', 0, NULL, '2025-03-24 08:46:53'),
(186, 20, 42, 'The Stone Age', 0, NULL, '2025-03-24 08:46:53'),
(187, 20, 42, 'The Indus Valley Civilization', 0, NULL, '2025-03-24 08:46:53'),
(188, 20, 42, 'The Vedic Period', 0, NULL, '2025-03-24 08:46:53'),
(189, 20, 42, 'Mahajanapadas and the Rise of Magadha', 0, NULL, '2025-03-24 08:46:53'),
(190, 20, 42, 'The Maurya Empire', 0, NULL, '2025-03-24 08:46:53'),
(191, 20, 42, 'The Gupta Empire', 0, NULL, '2025-03-24 08:46:53'),
(192, 20, 43, 'Globe and Maps', 0, NULL, '2025-03-24 08:46:53'),
(193, 20, 43, 'Latitudes and Longitudes', 0, NULL, '2025-03-24 08:46:53'),
(194, 20, 43, 'The Earth\'s Movements', 0, NULL, '2025-03-24 08:46:53'),
(195, 20, 43, 'The Climate Zones of the World', 0, NULL, '2025-03-24 08:46:53'),
(196, 20, 43, 'India\'s Location and Its Neighbours', 0, NULL, '2025-03-24 08:46:53'),
(197, 20, 43, 'Physical Features of India', 0, NULL, '2025-03-24 08:46:53'),
(198, 20, 43, 'The Himalayan Mountain Range', 0, NULL, '2025-03-24 08:46:53'),
(199, 20, 43, 'The Peninsular Plateau', 0, NULL, '2025-03-24 08:46:53'),
(200, 20, 43, 'The Coastal Plains and Islands of India', 0, NULL, '2025-03-24 08:46:53'),
(201, 20, 43, 'Weather and Climate in India', 0, NULL, '2025-03-24 08:46:53'),
(202, 20, 43, 'Natural Vegetation and Wildlife in India', 0, NULL, '2025-03-24 08:46:53'),
(203, 20, 43, 'Soil and Types of Soil in India', 0, NULL, '2025-03-24 08:46:53'),
(204, 20, 43, 'Agriculture in India', 0, NULL, '2025-03-24 08:46:53'),
(205, 20, 44, 'Diversity and Unity', 0, NULL, '2025-03-24 08:46:53'),
(206, 20, 44, 'Diversity in Indian Society', 0, NULL, '2025-03-24 08:46:53'),
(207, 20, 44, 'Indian Culture and Heritage', 0, NULL, '2025-03-24 08:46:53'),
(208, 20, 44, 'Our Constitution', 0, NULL, '2025-03-24 08:46:53'),
(209, 20, 44, 'The Preamble to the Constitution', 0, NULL, '2025-03-24 08:46:53'),
(210, 20, 44, 'Fundamental Rights and Duties', 0, NULL, '2025-03-24 08:46:53'),
(211, 20, 44, 'Understanding the Government', 0, NULL, '2025-03-24 08:46:53'),
(212, 20, 44, 'Democracy in Action', 0, NULL, '2025-03-24 08:46:53'),
(213, 20, 44, 'Local Government', 0, NULL, '2025-03-24 08:46:53'),
(214, 20, 44, 'Rural and Urban Local Bodies', 0, NULL, '2025-03-24 08:46:53'),
(215, 20, 45, 'What is Economics?', 0, NULL, '2025-03-24 08:46:53'),
(216, 20, 45, 'Resources and Development', 0, NULL, '2025-03-24 08:46:53'),
(217, 20, 45, 'Economic Activities in India', 0, NULL, '2025-03-24 08:46:53'),
(218, 20, 45, 'Rural Economy and Its Challenges', 0, NULL, '2025-03-24 08:46:53'),
(219, 20, 45, 'Wealth and Resources Distribution', 0, NULL, '2025-03-24 08:46:53'),
(220, 20, 45, 'Agricultural Development in India', 0, NULL, '2025-03-24 08:46:53'),
(221, 20, 45, 'Industries and Trade', 0, NULL, '2025-03-24 08:46:53'),
(222, 20, 45, 'Money and Banking System', 0, NULL, '2025-03-24 08:46:53'),
(223, 20, 45, 'Globalization and Its Impact', 0, NULL, '2025-03-24 08:46:53'),
(224, 20, 46, 'Food Variety', 0, NULL, '2025-04-30 12:09:07');

-- --------------------------------------------------------

--
-- Table structure for table `transport_feemaster`
--

CREATE TABLE `transport_feemaster` (
  `id` int(11) NOT NULL,
  `session_id` int(11) NOT NULL,
  `month` varchar(50) DEFAULT NULL,
  `due_date` date DEFAULT NULL,
  `fine_amount` float(10,2) DEFAULT 0.00,
  `fine_type` varchar(50) DEFAULT NULL,
  `fine_percentage` float(10,2) DEFAULT 0.00,
  `created_at` timestamp NOT NULL DEFAULT current_timestamp() ON UPDATE current_timestamp()
) ENGINE=InnoDB DEFAULT CHARSET=utf8 COLLATE=utf8_general_ci;

-- --------------------------------------------------------

--
-- Table structure for table `transport_route`
--

CREATE TABLE `transport_route` (
  `id` int(11) NOT NULL,
  `route_title` varchar(100) DEFAULT NULL,
  `no_of_vehicle` int(11) DEFAULT NULL,
  `note` text DEFAULT NULL,
  `is_active` varchar(255) DEFAULT 'no',
  `created_at` timestamp NOT NULL DEFAULT current_timestamp() ON UPDATE current_timestamp(),
  `updated_at` date DEFAULT NULL
) ENGINE=InnoDB DEFAULT CHARSET=utf8 COLLATE=utf8_general_ci;

--
-- Dumping data for table `transport_route`
--

INSERT INTO `transport_route` (`id`, `route_title`, `no_of_vehicle`, `note`, `is_active`, `created_at`, `updated_at`) VALUES
(1, 'pandav Nagar-ISBT', NULL, NULL, 'no', '2025-04-08 11:10:53', NULL),
(2, 'Laxmi Nagar ISBT', NULL, NULL, 'no', '2025-04-08 11:11:19', NULL);

-- --------------------------------------------------------

--
-- Table structure for table `upload_contents`
--

CREATE TABLE `upload_contents` (
  `id` int(11) NOT NULL,
  `content_type_id` int(11) NOT NULL,
  `image` varchar(300) DEFAULT NULL,
  `thumb_path` varchar(300) DEFAULT NULL,
  `dir_path` varchar(300) DEFAULT NULL,
  `real_name` text NOT NULL,
  `img_name` varchar(300) DEFAULT NULL,
  `thumb_name` varchar(300) DEFAULT NULL,
  `file_type` varchar(100) NOT NULL,
  `mime_type` text NOT NULL,
  `file_size` varchar(100) NOT NULL,
  `vid_url` text NOT NULL,
  `vid_title` varchar(250) NOT NULL,
  `upload_by` int(11) NOT NULL,
  `created_at` timestamp NOT NULL DEFAULT current_timestamp() ON UPDATE current_timestamp()
) ENGINE=InnoDB DEFAULT CHARSET=utf8 COLLATE=utf8_general_ci;

--
-- Dumping data for table `upload_contents`
--

INSERT INTO `upload_contents` (`id`, `content_type_id`, `image`, `thumb_path`, `dir_path`, `real_name`, `img_name`, `thumb_name`, `file_type`, `mime_type`, `file_size`, `vid_url`, `vid_title`, `upload_by`, `created_at`) VALUES
(1, 1, NULL, NULL, NULL, '', NULL, NULL, 'video', '', '', 'https://youtu.be/U0Pq7xcqWnM', '', 1, '2025-04-08 15:56:08');

-- --------------------------------------------------------

--
-- Table structure for table `userlog`
--

CREATE TABLE `userlog` (
  `id` int(11) NOT NULL,
  `user` varchar(100) DEFAULT NULL,
  `role` varchar(100) DEFAULT NULL,
  `class_section_id` int(11) DEFAULT NULL,
  `ipaddress` varchar(100) DEFAULT NULL,
  `user_agent` varchar(500) DEFAULT NULL,
  `login_datetime` timestamp NOT NULL DEFAULT current_timestamp() ON UPDATE current_timestamp()
) ENGINE=InnoDB DEFAULT CHARSET=utf8 COLLATE=utf8_general_ci;

--
-- Dumping data for table `userlog`
--

INSERT INTO `userlog` (`id`, `user`, `role`, `class_section_id`, `ipaddress`, `user_agent`, `login_datetime`) VALUES
(1, 'demo@learningtreat.com', 'Super Admin', NULL, '::1', 'Chrome 127.0.0.0, Mac OS X', '2024-08-29 13:34:39'),
(2, 'demo@learningtreat.com', 'Super Admin', NULL, '::1', 'Chrome 127.0.0.0, Mac OS X', '2024-08-29 13:50:20'),
(3, 'demo@learningtreat.com', 'Super Admin', NULL, '::1', 'Chrome 127.0.0.0, Mac OS X', '2024-08-29 13:51:33'),
(4, 'demo@learningtreat.com', 'Super Admin', NULL, '::1', 'Chrome 127.0.0.0, Mac OS X', '2024-08-29 13:53:02'),
(5, 'demo@learningtreat.com', 'Super Admin', NULL, '::1', 'Chrome 127.0.0.0, Mac OS X', '2024-08-29 19:43:25'),
(6, 'demo@learningtreat.com', 'Super Admin', NULL, '::1', 'Chrome 127.0.0.0, Mac OS X', '2024-08-29 19:54:56'),
(7, 'demo@learningtreat.com', 'Super Admin', NULL, '::1', 'Chrome 127.0.0.0, Mac OS X', '2024-08-29 20:18:00'),
(8, 'demo@learningtreat.com', 'Super Admin', NULL, '172.31.36.15', 'Chrome 134.0.0.0, Android', '2025-03-23 15:25:01'),
(9, 'demo@learningtreat.com', 'Super Admin', NULL, '172.31.9.184', 'Chrome 134.0.0.0, Windows 10', '2025-03-24 11:14:33'),
(10, 'demo@learningtreat.com', 'Super Admin', NULL, '172.31.9.184', 'Chrome 134.0.0.0, Windows 10', '2025-03-24 11:21:47'),
(11, 'demo@learningtreat.com', 'Super Admin', NULL, '172.31.36.15', 'Chrome 134.0.0.0, Windows 10', '2025-03-24 12:04:30'),
(12, 'demo@learningtreat.com', 'Super Admin', NULL, '172.31.36.15', 'Chrome 134.0.0.0, Windows 10', '2025-03-24 13:12:37'),
(13, 'demo@learningtreat.com', 'Super Admin', NULL, '172.31.9.184', 'Chrome 134.0.0.0, Windows 10', '2025-03-24 14:41:22'),
(14, 'demo@learningtreat.com', 'Super Admin', NULL, '172.31.36.15', 'Chrome 134.0.0.0, Windows 10', '2025-03-24 15:03:41'),
(15, 'demo@learningtreat.com', 'Super Admin', NULL, '172.31.36.15', 'Chrome 134.0.0.0, Windows 10', '2025-03-24 17:10:45'),
(16, 'demo@learningtreat.com', 'Super Admin', NULL, '172.31.36.15', 'Chrome 134.0.0.0, Windows 10', '2025-03-24 17:25:22'),
(17, 'demo@learningtreat.com', 'Super Admin', NULL, '172.31.36.15', 'Chrome 134.0.0.0, Mac OS X', '2025-03-24 20:22:36'),
(18, 'demo@learningtreat.com', 'Super Admin', NULL, '172.31.9.184', 'Chrome 134.0.0.0, Windows 10', '2025-03-24 21:55:44'),
(19, 'demo@learningtreat.com', 'Super Admin', NULL, '172.31.36.15', 'Chrome 134.0.0.0, Windows 10', '2025-03-24 22:02:09'),
(20, 'demo@learningtreat.com', 'Super Admin', NULL, '172.31.36.15', 'Chrome 134.0.0.0, Windows 10', '2025-03-24 22:30:24'),
(21, 'demo@learningtreat.com', 'Super Admin', NULL, '172.31.36.15', 'Chrome 134.0.0.0, Windows 10', '2025-03-25 04:40:04'),
(22, 'demo@learningtreat.com', 'Super Admin', NULL, '172.31.36.15', 'Chrome 134.0.0.0, Android', '2025-03-25 08:51:05'),
(23, 'demo@learningtreat.com', 'Super Admin', NULL, '172.31.9.184', 'Chrome 134.0.0.0, Windows 10', '2025-03-25 10:20:39'),
(24, 'std46', 'student', 1, '172.31.9.184', 'Chrome 134.0.0.0, Windows 10', '2025-03-25 10:23:53'),
(25, 'demo@learningtreat.com', 'Super Admin', NULL, '172.31.9.184', 'Chrome 134.0.0.0, Windows 10', '2025-03-25 10:26:26'),
(26, 'demo@learningtreat.com', 'Super Admin', NULL, '172.31.9.184', 'Chrome 134.0.0.0, Windows 10', '2025-03-25 10:35:55'),
(27, 'std46', 'student', 1, '172.31.9.184', 'Chrome 134.0.0.0, Windows 10', '2025-03-25 10:41:11'),
(28, 'std46', 'student', 1, '172.31.9.184', 'Chrome 134.0.0.0, Windows 10', '2025-03-25 10:46:26'),
(29, 'std46', 'student', 1, '172.31.9.184', 'Chrome 134.0.0.0, Windows 10', '2025-03-25 10:46:44'),
(30, 'demo@learningtreat.com', 'Super Admin', NULL, '172.31.36.15', 'Chrome 134.0.0.0, Windows 10', '2025-03-25 10:50:49'),
(31, 'preeti@pgsms.com', 'Teacher', NULL, '172.31.9.184', 'Chrome 134.0.0.0, Windows 10', '2025-03-25 10:53:50'),
(32, 'std48', 'student', 1, '172.31.36.15', 'Chrome 134.0.0.0, Windows 10', '2025-03-25 10:55:18'),
(33, 'demo@learningtreat.com', 'Super Admin', NULL, '172.31.9.184', 'Chrome 134.0.0.0, Windows 10', '2025-03-25 10:56:19'),
(34, 'std48', 'student', 1, '172.31.9.184', 'Chrome 134.0.0.0, Windows 10', '2025-03-25 10:57:16'),
(35, 'std48', 'student', 1, '172.31.9.184', 'Chrome 134.0.0.0, Windows 10', '2025-03-25 10:57:17'),
(36, 'std46', 'student', 1, '172.31.9.184', 'Chrome 134.0.0.0, Windows 10', '2025-03-25 10:58:36'),
(37, 'demo@learningtreat.com', 'Super Admin', NULL, '172.31.9.184', 'Chrome 134.0.0.0, Windows 10', '2025-03-25 10:58:56'),
(38, 'std46', 'student', 1, '172.31.9.184', 'Chrome 134.0.0.0, Windows 10', '2025-03-25 10:59:36'),
(39, 'demo@learningtreat.com', 'Super Admin', NULL, '172.31.9.184', 'Chrome 134.0.0.0, Windows 10', '2025-03-25 11:01:36'),
(40, 'std50', 'student', 1, '172.31.9.184', 'Chrome 134.0.0.0, Windows 10', '2025-03-25 11:02:08'),
(41, 'demo@learningtreat.com', 'Super Admin', NULL, '172.31.36.15', 'Chrome 134.0.0.0, Windows 10', '2025-03-25 11:03:56'),
(42, 'std57', 'student', 1, '172.31.9.184', 'Chrome 134.0.0.0, Windows 10', '2025-03-25 11:06:32'),
(43, 'std46', 'student', 1, '172.31.9.184', 'Chrome 134.0.0.0, Windows 10', '2025-03-25 11:10:04'),
(44, 'demo@learningtreat.com', 'Super Admin', NULL, '172.31.9.184', 'Chrome 134.0.0.0, Windows 10', '2025-03-25 11:10:09'),
(45, 'std74', 'student', 1, '172.31.36.15', 'Chrome 134.0.0.0, Windows 10', '2025-03-25 11:13:37'),
(46, 'std46', 'student', 1, '172.31.36.15', 'Chrome 134.0.0.0, Windows 10', '2025-03-25 11:31:07'),
(47, 'demo@learningtreat.com', 'Super Admin', NULL, '172.31.9.184', 'Chrome 134.0.0.0, Windows 10', '2025-03-25 11:32:46'),
(48, 'std46', 'student', 1, '172.31.36.15', 'Chrome 134.0.0.0, Windows 10', '2025-03-25 11:36:19'),
(49, 'std46', 'student', 1, '172.31.36.15', 'Chrome 134.0.0.0, Windows 10', '2025-03-25 11:45:58'),
(50, 'demo@learningtreat.com', 'Super Admin', NULL, '172.31.9.184', 'Chrome 134.0.0.0, Windows 10', '2025-03-25 11:47:27'),
(51, 'std46', 'student', 1, '172.31.36.15', 'Chrome 134.0.0.0, Windows 10', '2025-03-25 11:47:33'),
(52, 'demo@learningtreat.com', 'Super Admin', NULL, '172.31.9.184', 'Chrome 134.0.0.0, Windows 10', '2025-03-25 11:54:41'),
(53, 'demo@learningtreat.com', 'Super Admin', NULL, '172.31.9.184', 'Chrome 134.0.0.0, Windows 10', '2025-03-25 11:56:34'),
(54, 'std46', 'student', 1, '172.31.9.184', 'Chrome 134.0.0.0, Windows 10', '2025-03-25 11:57:38'),
(55, 'std46', 'student', 1, '172.31.9.184', 'Chrome 134.0.0.0, Windows 10', '2025-03-25 11:59:00'),
(56, 'demo@learningtreat.com', 'Super Admin', NULL, '172.31.9.184', 'Chrome 134.0.0.0, Windows 10', '2025-03-25 11:59:46'),
(57, 'std48', 'student', 1, '172.31.36.15', 'Chrome 134.0.0.0, Windows 10', '2025-03-25 12:00:52'),
(58, 'demo@learningtreat.com', 'Super Admin', NULL, '172.31.36.15', 'Chrome 134.0.0.0, Windows 10', '2025-03-25 12:03:01'),
(59, 'std50', 'student', 1, '172.31.36.15', 'Chrome 134.0.0.0, Windows 10', '2025-03-25 12:03:29'),
(60, 'demo@learningtreat.com', 'Super Admin', NULL, '172.31.36.15', 'Chrome 134.0.0.0, Windows 10', '2025-03-25 12:05:44'),
(61, 'demo@learningtreat.com', 'Super Admin', NULL, '172.31.9.184', 'Chrome 134.0.0.0, Windows 10', '2025-03-25 12:05:58'),
(62, 'std57', 'student', 1, '172.31.36.15', 'Chrome 134.0.0.0, Windows 10', '2025-03-25 12:06:48'),
(63, 'demo@learningtreat.com', 'Super Admin', NULL, '172.31.36.15', 'Chrome 134.0.0.0, Windows 10', '2025-03-25 12:07:56'),
(64, 'demo@learningtreat.com', 'Super Admin', NULL, '172.31.9.184', 'Chrome 134.0.0.0, Windows 10', '2025-03-25 12:13:05'),
(65, 'demo@learningtreat.com', 'Super Admin', NULL, '172.31.9.184', 'Chrome 134.0.0.0, Windows 10', '2025-03-25 12:14:53'),
(66, 'std74', 'student', 1, '172.31.9.184', 'Chrome 134.0.0.0, Windows 10', '2025-03-25 12:18:02'),
(67, 'demo@learningtreat.com', 'Super Admin', NULL, '172.31.36.15', 'Chrome 134.0.0.0, Windows 10', '2025-03-25 12:20:34'),
(68, 'preeti@pgsms.com', 'Teacher', NULL, '172.31.36.15', 'Chrome 134.0.0.0, Windows 10', '2025-03-25 12:21:11'),
(69, 'demo@learningtreat.com', 'Super Admin', NULL, '172.31.9.184', 'Chrome 134.0.0.0, Windows 10', '2025-03-25 12:22:05'),
(70, 'demo@learningtreat.com', 'Super Admin', NULL, '172.31.36.15', 'Chrome 134.0.0.0, Windows 10', '2025-03-25 12:27:27'),
(71, 'preeti@pgsms.com', 'Teacher', NULL, '172.31.36.15', 'Chrome 134.0.0.0, Windows 10', '2025-03-25 12:28:24'),
(72, 'demo@learningtreat.com', 'Super Admin', NULL, '172.31.36.15', 'Chrome 134.0.0.0, Windows 10', '2025-03-25 12:56:50'),
(73, 'demo@learningtreat.com', 'Super Admin', NULL, '172.31.36.15', 'Chrome 134.0.0.0, Windows 10', '2025-03-25 13:09:17'),
(74, 'preeti@pgsms.com', 'Teacher', NULL, '172.31.9.184', 'Chrome 134.0.0.0, Windows 10', '2025-03-25 13:14:22'),
(75, 'demo@learningtreat.com', 'Super Admin', NULL, '172.31.9.184', 'Chrome 134.0.0.0, Windows 10', '2025-03-25 13:24:03'),
(76, 'demo@learningtreat.com', 'Super Admin', NULL, '172.31.9.184', 'Chrome 134.0.0.0, Windows 10', '2025-03-25 13:29:06'),
(77, 'demo@learningtreat.com', 'Super Admin', NULL, '172.31.9.184', 'Chrome 134.0.0.0, Windows 10', '2025-03-25 13:38:22'),
(78, 'demo@learningtreat.com', 'Super Admin', NULL, '172.31.9.184', 'Chrome 134.0.0.0, Windows 10', '2025-03-25 14:09:47'),
(79, 'demo@learningtreat.com', 'Super Admin', NULL, '172.31.9.184', 'Chrome 134.0.0.0, Windows 10', '2025-03-25 14:15:35'),
(80, 'demo@learningtreat.com', 'Super Admin', NULL, '172.31.36.15', 'Chrome 134.0.0.0, Windows 10', '2025-03-25 15:46:42'),
(81, 'demo@learningtreat.com', 'Super Admin', NULL, '172.31.9.184', 'Chrome 134.0.0.0, Mac OS X', '2025-03-25 15:53:56'),
(82, 'demo@learningtreat.com', 'Super Admin', NULL, '172.31.9.184', 'Chrome 134.0.0.0, Windows 10', '2025-03-25 16:06:05'),
(83, 'demo@learningtreat.com', 'Super Admin', NULL, '172.31.9.184', 'Chrome 134.0.0.0, Windows 10', '2025-03-25 16:06:07'),
(84, 'demo@learningtreat.com', 'Super Admin', NULL, '172.31.9.184', 'Chrome 134.0.0.0, Mac OS X', '2025-03-25 16:11:36'),
(85, 'preeti@pgsms.com', 'Teacher', NULL, '172.31.9.184', 'Chrome 134.0.0.0, Windows 10', '2025-03-25 16:13:04'),
(86, 'preeti@pgsms.com', 'Teacher', NULL, '172.31.36.15', 'Chrome 134.0.0.0, Windows 10', '2025-03-25 16:45:12'),
(87, 'preeti@pgsms.com', 'Teacher', NULL, '172.31.9.184', 'Chrome 134.0.0.0, Windows 10', '2025-03-25 17:44:24'),
(88, 'demo@learningtreat.com', 'Super Admin', NULL, '172.31.36.15', 'Chrome 134.0.0.0, Windows 10', '2025-03-25 18:22:59'),
(89, 'demo@learningtreat.com', 'Super Admin', NULL, '172.31.36.15', 'Chrome 134.0.0.0, Windows 10', '2025-03-26 08:42:50'),
(90, 'preeti@pgsms.com', 'Teacher', NULL, '172.31.9.184', 'Chrome 134.0.0.0, Windows 10', '2025-03-26 08:45:31'),
(91, 'demo@learningtreat.com', 'Super Admin', NULL, '172.31.36.15', 'Chrome 134.0.0.0, Windows 10', '2025-03-26 08:58:09'),
(92, 'preeti@pgsms.com', 'Teacher', NULL, '172.31.9.184', 'Chrome 134.0.0.0, Windows 10', '2025-03-26 09:07:44'),
(93, 'demo@learningtreat.com', 'Super Admin', NULL, '172.31.36.15', 'Chrome 134.0.0.0, Windows 10', '2025-03-26 11:02:32'),
(94, 'preeti@pgsms.com', 'Teacher', NULL, '172.31.36.15', 'Chrome 134.0.0.0, Windows 10', '2025-03-26 11:26:05'),
(95, 'demo@learningtreat.com', 'Super Admin', NULL, '172.31.9.184', 'Chrome 134.0.0.0, Windows 10', '2025-03-26 12:38:02'),
(96, 'std41', 'student', 1, '172.31.36.15', 'Chrome 134.0.0.0, Windows 10', '2025-03-26 12:44:04'),
(97, 'std42', 'student', 1, '172.31.36.15', 'Chrome 134.0.0.0, Windows 10', '2025-03-26 13:03:01'),
(98, 'preeti@pgsms.com', 'Teacher', NULL, '172.31.36.15', 'Chrome 134.0.0.0, Windows 10', '2025-03-26 13:06:27'),
(99, 'std43', 'student', 1, '172.31.36.15', 'Chrome 134.0.0.0, Windows 10', '2025-03-26 13:16:32'),
(100, 'preeti@pgsms.com', 'Teacher', NULL, '172.31.36.15', 'Chrome 134.0.0.0, Windows 10', '2025-03-26 13:47:24'),
(101, 'demo@learningtreat.com', 'Super Admin', NULL, '172.31.9.184', 'Chrome 134.0.0.0, Windows 10', '2025-03-26 13:51:22'),
(102, 'std44', 'student', 1, '172.31.36.15', 'Chrome 134.0.0.0, Windows 10', '2025-03-26 14:10:14'),
(103, 'preeti@pgsms.com', 'Teacher', NULL, '172.31.9.184', 'Chrome 134.0.0.0, Windows 10', '2025-03-26 14:15:58'),
(104, 'demo@learningtreat.com', 'Super Admin', NULL, '172.31.9.184', 'Chrome 134.0.0.0, Windows 10', '2025-03-26 14:16:55'),
(105, 'preeti@pgsms.com', 'Teacher', NULL, '172.31.36.15', 'Chrome 134.0.0.0, Windows 10', '2025-03-26 14:19:14'),
(106, 'std46', 'student', 1, '172.31.36.15', 'Chrome 134.0.0.0, Windows 10', '2025-03-26 14:22:54'),
(107, 'preeti@pgsms.com', 'Teacher', NULL, '172.31.9.184', 'Chrome 134.0.0.0, Windows 10', '2025-03-26 14:29:28'),
(108, 'std47', 'student', 1, '172.31.36.15', 'Chrome 134.0.0.0, Windows 10', '2025-03-26 14:33:15'),
(109, 'preeti@pgsms.com', 'Teacher', NULL, '172.31.36.15', 'Chrome 134.0.0.0, Windows 10', '2025-03-26 14:40:41'),
(110, 'std49', 'student', 1, '172.31.36.15', 'Chrome 134.0.0.0, Windows 10', '2025-03-26 14:41:18'),
(111, 'std48', 'student', 1, '172.31.9.184', 'Chrome 134.0.0.0, Windows 10', '2025-03-26 14:53:17'),
(112, 'preeti@pgsms.com', 'Teacher', NULL, '172.31.36.15', 'Chrome 134.0.0.0, Windows 10', '2025-03-26 14:59:39'),
(113, 'std49', 'student', 1, '172.31.36.15', 'Chrome 134.0.0.0, Windows 10', '2025-03-26 15:02:19'),
(114, 'preeti@pgsms.com', 'Teacher', NULL, '172.31.36.15', 'Chrome 134.0.0.0, Windows 10', '2025-03-26 15:03:22'),
(115, 'std50', 'student', 1, '172.31.36.15', 'Chrome 134.0.0.0, Windows 10', '2025-03-26 15:05:31'),
(116, 'preeti@pgsms.com', 'Teacher', NULL, '172.31.9.184', 'Chrome 134.0.0.0, Windows 10', '2025-03-26 15:11:28'),
(117, 'demo@learningtreat.com', 'Super Admin', NULL, '172.31.36.15', 'Chrome 134.0.0.0, Windows 10', '2025-03-26 15:28:33'),
(118, 'demo@learningtreat.com', 'Super Admin', NULL, '172.31.9.184', 'Chrome 134.0.0.0, Windows 10', '2025-03-26 15:59:00'),
(119, 'demo@learningtreat.com', 'Super Admin', NULL, '172.31.36.15', 'Chrome 134.0.0.0, Windows 10', '2025-03-26 16:40:11'),
(120, 'demo@learningtreat.com', 'Super Admin', NULL, '172.31.9.184', 'Chrome 134.0.0.0, Windows 10', '2025-03-26 17:05:38'),
(121, 'demo@learningtreat.com', 'Super Admin', NULL, '172.31.9.184', 'Chrome 134.0.0.0, Windows 10', '2025-03-26 18:59:03'),
(122, 'demo@learningtreat.com', 'Super Admin', NULL, '172.31.36.15', 'Chrome 134.0.0.0, Windows 10', '2025-03-26 20:06:58'),
(123, 'demo@learningtreat.com', 'Super Admin', NULL, '172.31.36.15', 'Chrome 134.0.0.0, Windows 10', '2025-03-26 20:11:16'),
(124, 'demo@learningtreat.com', 'Super Admin', NULL, '172.31.36.15', 'Chrome 134.0.0.0, Windows 10', '2025-03-26 20:17:22'),
(125, 'demo@learningtreat.com', 'Super Admin', NULL, '172.31.36.15', 'Chrome 134.0.0.0, Windows 10', '2025-03-26 20:17:48'),
(126, 'demo@learningtreat.com', 'Super Admin', NULL, '172.31.36.15', 'Chrome 134.0.0.0, Windows 10', '2025-03-26 20:20:35'),
(127, 'demo@learningtreat.com', 'Super Admin', NULL, '172.31.36.15', 'Chrome 134.0.0.0, Windows 10', '2025-03-26 20:24:07'),
(128, 'demo@learningtreat.com', 'Super Admin', NULL, '172.31.36.15', 'Chrome 134.0.0.0, Windows 10', '2025-03-26 20:25:35'),
(129, 'demo@learningtreat.com', 'Super Admin', NULL, '172.31.9.184', 'Chrome 134.0.0.0, Windows 10', '2025-03-26 20:39:24'),
(130, 'demo@learningtreat.com', 'Super Admin', NULL, '172.31.9.184', 'Chrome 134.0.0.0, Windows 10', '2025-03-26 20:50:30'),
(131, 'demo@learningtreat.com', 'Super Admin', NULL, '172.31.36.15', 'Chrome 134.0.0.0, Windows 10', '2025-03-26 20:53:16'),
(132, 'demo@learningtreat.com', 'Super Admin', NULL, '172.31.36.15', 'Chrome 134.0.0.0, Windows 10', '2025-03-26 21:02:30'),
(133, 'demo@learningtreat.com', 'Super Admin', NULL, '172.31.9.184', 'Chrome 134.0.0.0, Windows 10', '2025-03-26 21:03:56'),
(134, 'demo@learningtreat.com', 'Super Admin', NULL, '172.31.9.184', 'Chrome 134.0.0.0, Windows 10', '2025-03-26 21:09:09'),
(135, 'demo@learningtreat.com', 'Super Admin', NULL, '172.31.36.15', 'Chrome 134.0.0.0, Windows 10', '2025-03-26 21:25:00'),
(136, 'demo@learningtreat.com', 'Super Admin', NULL, '172.31.36.15', 'Chrome 134.0.0.0, Windows 10', '2025-03-26 21:26:19'),
(137, 'demo@learningtreat.com', 'Super Admin', NULL, '172.31.36.15', 'Chrome 134.0.0.0, Windows 10', '2025-03-26 21:34:50'),
(138, 'demo@learningtreat.com', 'Super Admin', NULL, '172.31.9.184', 'Chrome 134.0.0.0, Windows 10', '2025-03-26 21:53:29'),
(139, 'demo@learningtreat.com', 'Super Admin', NULL, '172.31.36.15', 'Chrome 134.0.0.0, Windows 10', '2025-03-26 22:04:05'),
(140, 'demo@learningtreat.com', 'Super Admin', NULL, '172.31.36.15', 'Chrome 134.0.0.0, Windows 10', '2025-03-26 22:39:18'),
(141, 'demo@learningtreat.com', 'Super Admin', NULL, '172.31.9.184', 'Chrome 134.0.0.0, Windows 10', '2025-03-26 22:41:42'),
(142, 'demo@learningtreat.com', 'Super Admin', NULL, '172.31.36.15', 'Chrome 134.0.0.0, Windows 10', '2025-03-26 22:44:06'),
(143, 'demo@learningtreat.com', 'Super Admin', NULL, '172.31.9.184', 'Chrome 134.0.0.0, Windows 10', '2025-03-26 22:53:22'),
(144, 'demo@learningtreat.com', 'Super Admin', NULL, '172.31.9.184', 'Chrome 134.0.0.0, Windows 10', '2025-03-26 22:53:37'),
(145, 'demo@learningtreat.com', 'Super Admin', NULL, '172.31.36.15', 'Chrome 134.0.0.0, Windows 10', '2025-03-26 23:13:05'),
(146, 'demo@learningtreat.com', 'Super Admin', NULL, '172.31.36.15', 'Chrome 134.0.0.0, Windows 10', '2025-03-26 23:17:21'),
(147, 'demo@learningtreat.com', 'Super Admin', NULL, '172.31.36.15', 'Chrome 134.0.0.0, Windows 10', '2025-03-26 23:34:07'),
(148, 'demo@learningtreat.com', 'Super Admin', NULL, '172.31.9.184', 'Chrome 134.0.0.0, Windows 10', '2025-03-26 23:57:19'),
(149, 'demo@learningtreat.com', 'Super Admin', NULL, '172.31.9.184', 'Chrome 134.0.0.0, Windows 10', '2025-03-27 00:11:27'),
(150, 'demo@learningtreat.com', 'Super Admin', NULL, '172.31.36.15', 'Chrome 134.0.0.0, Windows 10', '2025-03-27 00:18:05'),
(151, 'demo@learningtreat.com', 'Super Admin', NULL, '172.31.9.184', 'Chrome 134.0.0.0, Windows 10', '2025-03-27 00:30:58'),
(152, 'demo@learningtreat.com', 'Super Admin', NULL, '172.31.36.15', 'Chrome 134.0.0.0, Windows 10', '2025-03-27 09:01:00'),
(153, 'demo@learningtreat.com', 'Super Admin', NULL, '172.31.9.184', 'Chrome 134.0.0.0, Windows 10', '2025-03-27 09:08:55'),
(154, 'demo@learningtreat.com', 'Super Admin', NULL, '172.31.36.15', 'Chrome 134.0.0.0, Windows 10', '2025-03-27 10:15:52'),
(155, 'demo@learningtreat.com', 'Super Admin', NULL, '172.31.9.184', 'Chrome 134.0.0.0, Windows 10', '2025-03-27 10:52:56'),
(156, 'demo@learningtreat.com', 'Super Admin', NULL, '172.31.36.15', 'Chrome 134.0.0.0, Windows 10', '2025-03-27 11:24:48'),
(157, 'demo@learningtreat.com', 'Super Admin', NULL, '172.31.9.184', 'Chrome 134.0.0.0, Windows 10', '2025-03-27 12:18:32'),
(158, 'demo@learningtreat.com', 'Super Admin', NULL, '172.31.36.15', 'Chrome 134.0.0.0, Windows 10', '2025-03-27 13:10:49'),
(159, 'demo@learningtreat.com', 'Super Admin', NULL, '172.31.36.15', 'Chrome 134.0.0.0, Windows 10', '2025-03-27 14:05:24'),
(160, 'demo@learningtreat.com', 'Super Admin', NULL, '172.31.9.184', 'Chrome 134.0.0.0, Windows 10', '2025-03-27 15:05:22'),
(161, 'demo@learningtreat.com', 'Super Admin', NULL, '172.31.36.15', 'Chrome 134.0.0.0, Windows 10', '2025-03-27 15:19:39'),
(162, 'demo@learningtreat.com', 'Super Admin', NULL, '172.31.36.15', 'Chrome 134.0.0.0, Windows 10', '2025-03-27 15:38:49'),
(163, 'demo@learningtreat.com', 'Super Admin', NULL, '172.31.36.15', 'Chrome 134.0.0.0, Windows 10', '2025-03-27 15:39:32'),
(164, 'demo@learningtreat.com', 'Super Admin', NULL, '172.31.9.184', 'Chrome 134.0.0.0, Windows 10', '2025-03-27 15:49:46'),
(165, 'demo@learningtreat.com', 'Super Admin', NULL, '172.31.36.15', 'Chrome 134.0.0.0, Windows 10', '2025-03-27 16:35:42'),
(166, 'demo@learningtreat.com', 'Super Admin', NULL, '172.31.36.15', 'Chrome 134.0.0.0, Windows 10', '2025-03-27 17:17:11'),
(167, 'demo@learningtreat.com', 'Super Admin', NULL, '172.31.9.184', 'Chrome 134.0.0.0, Windows 10', '2025-03-27 17:19:17'),
(168, 'demo@learningtreat.com', 'Super Admin', NULL, '172.31.9.184', 'Chrome 134.0.0.0, Windows 10', '2025-03-27 18:20:40'),
(169, 'demo@learningtreat.com', 'Super Admin', NULL, '172.31.36.15', 'Chrome 134.0.0.0, Windows 10', '2025-03-27 19:48:12'),
(170, 'demo@learningtreat.com', 'Super Admin', NULL, '172.31.9.184', 'Chrome 134.0.0.0, Windows 10', '2025-03-27 19:57:24'),
(171, 'demo@learningtreat.com', 'Super Admin', NULL, '172.31.36.15', 'Chrome 134.0.0.0, Windows 10', '2025-03-27 20:36:46'),
(172, 'demo@learningtreat.com', 'Super Admin', NULL, '172.31.9.184', 'Chrome 134.0.0.0, Windows 10', '2025-03-28 10:57:12'),
(173, 'demo@learningtreat.com', 'Super Admin', NULL, '172.31.36.15', 'Chrome 134.0.0.0, Windows 10', '2025-03-28 11:16:41'),
(174, 'demo@learningtreat.com', 'Super Admin', NULL, '172.31.36.15', 'Chrome 134.0.0.0, Windows 10', '2025-03-28 11:21:55'),
(175, 'demo@learningtreat.com', 'Super Admin', NULL, '172.31.9.184', 'Chrome 134.0.0.0, Windows 10', '2025-03-28 11:49:48'),
(176, 'demo@learningtreat.com', 'Super Admin', NULL, '172.31.36.15', 'Chrome 134.0.0.0, Windows 10', '2025-03-28 12:12:23'),
(177, 'demo@learningtreat.com', 'Super Admin', NULL, '172.31.36.15', 'Chrome 134.0.0.0, Windows 10', '2025-03-28 12:38:47'),
(178, 'demo@learningtreat.com', 'Super Admin', NULL, '172.31.9.184', 'Chrome 134.0.0.0, Windows 10', '2025-03-28 14:15:45'),
(179, 'demo@learningtreat.com', 'Super Admin', NULL, '172.31.9.184', 'Chrome 134.0.0.0, Windows 10', '2025-03-28 14:21:52'),
(180, 'demo@learningtreat.com', 'Super Admin', NULL, '172.31.9.184', 'Chrome 134.0.0.0, Windows 10', '2025-03-28 14:34:35'),
(181, 'demo@learningtreat.com', 'Super Admin', NULL, '172.31.36.15', 'Chrome 134.0.0.0, Windows 10', '2025-03-28 14:36:28'),
(182, 'demo@learningtreat.com', 'Super Admin', NULL, '172.31.9.184', 'Chrome 134.0.0.0, Windows 10', '2025-03-28 15:12:26'),
(183, 'demo@learningtreat.com', 'Super Admin', NULL, '172.31.36.15', 'Chrome 134.0.0.0, Windows 10', '2025-03-28 22:04:07'),
(184, 'demo@learningtreat.com', 'Super Admin', NULL, '172.31.9.184', 'Chrome 134.0.0.0, Windows 10', '2025-03-29 08:07:05'),
(185, 'demo@learningtreat.com', 'Super Admin', NULL, '172.31.36.15', 'Chrome 134.0.0.0, Windows 10', '2025-03-29 11:50:35'),
(186, 'demo@learningtreat.com', 'Super Admin', NULL, '172.31.9.184', 'Chrome 134.0.0.0, Windows 10', '2025-03-29 14:33:40'),
(187, 'demo@learningtreat.com', 'Super Admin', NULL, '172.31.9.184', 'Chrome 134.0.0.0, Mac OS X', '2025-03-31 10:23:30'),
(188, 'demo@learningtreat.com', 'Super Admin', NULL, '172.31.36.15', 'Chrome 134.0.0.0, Windows 10', '2025-03-31 12:28:05'),
(189, 'demo@learningtreat.com', 'Super Admin', NULL, '172.31.9.184', 'Chrome 134.0.0.0, Windows 10', '2025-03-31 13:10:39'),
(190, 'demo@learningtreat.com', 'Super Admin', NULL, '172.31.36.15', 'Chrome 134.0.0.0, Windows 10', '2025-03-31 15:28:41'),
(191, 'demo@learningtreat.com', 'Super Admin', NULL, '172.31.36.15', 'Chrome 134.0.0.0, Windows 10', '2025-03-31 20:21:49'),
(192, 'demo@learningtreat.com', 'Super Admin', NULL, '172.31.9.184', 'Chrome 134.0.0.0, Windows 10', '2025-04-01 09:25:05'),
(193, 'demo@learningtreat.com', 'Super Admin', NULL, '172.31.9.184', 'Chrome 134.0.0.0, Windows 10', '2025-04-01 09:32:00'),
(194, 'demo@learningtreat.com', 'Super Admin', NULL, '172.31.36.15', 'Chrome 134.0.0.0, Windows 10', '2025-04-01 09:32:50'),
(195, 'demo@learningtreat.com', 'Super Admin', NULL, '172.31.9.184', 'Chrome 134.0.0.0, Windows 10', '2025-04-01 10:00:43'),
(196, 'demo@learningtreat.com', 'Super Admin', NULL, '172.31.36.15', 'Chrome 134.0.0.0, Windows 10', '2025-04-01 10:51:33'),
(197, 'demo@learningtreat.com', 'Super Admin', NULL, '172.31.9.184', 'Chrome 134.0.0.0, Windows 10', '2025-04-01 11:07:51'),
(198, 'demo@learningtreat.com', 'Super Admin', NULL, '172.31.9.184', 'Chrome 134.0.0.0, Windows 10', '2025-04-01 11:17:11'),
(199, 'demo@learningtreat.com', 'Super Admin', NULL, '172.31.36.15', 'Chrome 134.0.0.0, Windows 10', '2025-04-01 11:19:36'),
(200, 'demo@learningtreat.com', 'Super Admin', NULL, '172.31.9.184', 'Chrome 134.0.0.0, Windows 10', '2025-04-01 11:36:41'),
(201, 'demo@learningtreat.com', 'Super Admin', NULL, '172.31.9.184', 'Chrome 134.0.0.0, Windows 10', '2025-04-01 11:45:28'),
(202, 'demo@learningtreat.com', 'Super Admin', NULL, '172.31.9.184', 'Chrome 134.0.0.0, Windows 10', '2025-04-01 12:07:09'),
(203, 'demo@learningtreat.com', 'Super Admin', NULL, '172.31.36.15', 'Chrome 134.0.0.0, Windows 10', '2025-04-01 12:38:27'),
(204, 'demo@learningtreat.com', 'Super Admin', NULL, '172.31.9.184', 'Chrome 134.0.0.0, Windows 10', '2025-04-01 13:47:25'),
(205, 'demo@learningtreat.com', 'Super Admin', NULL, '172.31.36.15', 'Chrome 134.0.0.0, Windows 10', '2025-04-01 13:51:02'),
(206, 'demo@learningtreat.com', 'Super Admin', NULL, '172.31.9.184', 'Chrome 134.0.0.0, Windows 10', '2025-04-01 14:06:28'),
(207, 'demo@learningtreat.com', 'Super Admin', NULL, '172.31.9.184', 'Chrome 134.0.0.0, Windows 10', '2025-04-01 14:41:11'),
(208, 'demo@learningtreat.com', 'Super Admin', NULL, '172.31.36.15', 'Chrome 134.0.0.0, Windows 10', '2025-04-01 14:42:07'),
(209, 'demo@learningtreat.com', 'Super Admin', NULL, '172.31.9.184', 'Chrome 134.0.0.0, Windows 10', '2025-04-01 16:30:17'),
(210, 'demo@learningtreat.com', 'Super Admin', NULL, '172.31.9.184', 'Chrome 134.0.0.0, Windows 10', '2025-04-01 16:31:41'),
(211, 'demo@learningtreat.com', 'Super Admin', NULL, '172.31.36.15', 'Chrome 134.0.0.0, Windows 10', '2025-04-01 16:51:11'),
(212, 'demo@learningtreat.com', 'Super Admin', NULL, '172.31.36.15', 'Chrome 134.0.0.0, Windows 10', '2025-04-01 17:10:04'),
(213, 'std46', 'student', 1, '172.31.9.184', 'Chrome 134.0.0.0, Windows 10', '2025-04-01 17:10:50'),
(214, 'demo@learningtreat.com', 'Super Admin', NULL, '172.31.36.15', 'Chrome 134.0.0.0, Windows 10', '2025-04-01 17:27:10'),
(215, 'demo@learningtreat.com', 'Super Admin', NULL, '172.31.36.15', 'Chrome 134.0.0.0, Windows 10', '2025-04-01 18:58:00'),
(216, 'demo@learningtreat.com', 'Super Admin', NULL, '172.31.9.184', 'Chrome 134.0.0.0, Windows 10', '2025-04-01 19:28:29'),
(217, 'demo@learningtreat.com', 'Super Admin', NULL, '172.31.9.184', 'Chrome 134.0.0.0, Mac OS X', '2025-04-01 20:15:32'),
(218, 'demo@learningtreat.com', 'Super Admin', NULL, '172.31.9.184', 'Chrome 134.0.0.0, Mac OS X', '2025-04-01 22:36:46'),
(219, 'demo@learningtreat.com', 'Super Admin', NULL, '172.31.9.184', 'Chrome 134.0.0.0, Windows 10', '2025-04-01 22:39:02'),
(220, 'demo@learningtreat.com', 'Super Admin', NULL, '172.31.36.15', 'Chrome 134.0.0.0, Windows 10', '2025-04-01 22:48:58'),
(221, 'demo@learningtreat.com', 'Super Admin', NULL, '172.31.36.15', 'Chrome 134.0.0.0, Android', '2025-04-01 23:10:19'),
(222, 'demo@learningtreat.com', 'Super Admin', NULL, '172.31.9.184', 'Chrome 134.0.0.0, Windows 10', '2025-04-02 11:23:09'),
(223, 'demo@learningtreat.com', 'Super Admin', NULL, '172.31.36.15', 'Chrome 134.0.0.0, Mac OS X', '2025-04-02 12:42:32'),
(224, 'demo@learningtreat.com', 'Super Admin', NULL, '172.31.36.15', 'Chrome 134.0.0.0, Windows 10', '2025-04-02 14:08:44'),
(225, 'demo@learningtreat.com', 'Super Admin', NULL, '172.31.9.184', 'Chrome 135.0.0.0, Windows 10', '2025-04-02 15:20:14'),
(226, 'demo@learningtreat.com', 'Super Admin', NULL, '172.31.9.184', 'Chrome 134.0.0.0, Windows 10', '2025-04-02 15:20:40'),
(227, 'demo@learningtreat.com', 'Super Admin', NULL, '172.31.36.15', 'Chrome 134.0.0.0, Windows 10', '2025-04-02 15:28:52'),
(228, 'demo@learningtreat.com', 'Super Admin', NULL, '172.31.36.15', 'Chrome 134.0.0.0, Windows 10', '2025-04-02 15:33:26'),
(229, 'demo@learningtreat.com', 'Super Admin', NULL, '172.31.36.15', 'Chrome 135.0.0.0, Windows 10', '2025-04-02 15:36:23'),
(230, 'demo@learningtreat.com', 'Super Admin', NULL, '172.31.36.15', 'Chrome 134.0.0.0, Windows 10', '2025-04-02 15:50:12'),
(231, 'demo@learningtreat.com', 'Super Admin', NULL, '172.31.36.15', 'Chrome 134.0.0.0, Windows 10', '2025-04-02 16:04:06'),
(232, 'demo@learningtreat.com', 'Super Admin', NULL, '172.31.9.184', 'Chrome 135.0.0.0, Windows 10', '2025-04-02 16:04:31'),
(233, 'demo@learningtreat.com', 'Super Admin', NULL, '172.31.9.184', 'Chrome 134.0.0.0, Windows 10', '2025-04-02 16:05:07'),
(234, 'demo@learningtreat.com', 'Super Admin', NULL, '172.31.36.15', 'Chrome 134.0.0.0, Windows 10', '2025-04-02 16:08:06'),
(235, 'demo@learningtreat.com', 'Super Admin', NULL, '172.31.9.184', 'Chrome 135.0.0.0, Windows 10', '2025-04-02 16:13:17'),
(236, 'std46', 'student', 1, '172.31.36.15', 'Chrome 134.0.0.0, Windows 10', '2025-04-02 16:36:15'),
(237, 'demo@learningtreat.com', 'Super Admin', NULL, '172.31.36.15', 'Chrome 134.0.0.0, Windows 10', '2025-04-02 16:53:21'),
(238, 'std46', 'student', 1, '172.31.9.184', 'Chrome 134.0.0.0, Windows 10', '2025-04-02 16:55:57'),
(239, 'demo@learningtreat.com', 'Super Admin', NULL, '172.31.36.15', 'Chrome 134.0.0.0, Windows 10', '2025-04-02 16:57:35'),
(240, 'demo@learningtreat.com', 'Super Admin', NULL, '172.31.36.15', 'Chrome 134.0.0.0, Windows 10', '2025-04-02 17:16:39'),
(241, 'demo@learningtreat.com', 'Super Admin', NULL, '172.31.36.15', 'Chrome 134.0.0.0, Windows 10', '2025-04-02 17:18:38'),
(242, 'std46', 'student', 1, '172.31.36.15', 'Chrome 134.0.0.0, Windows 10', '2025-04-02 17:22:21'),
(243, 'demo@learningtreat.com', 'Super Admin', NULL, '172.31.9.184', 'Chrome 134.0.0.0, Windows 10', '2025-04-02 17:24:15'),
(244, 'demo@learningtreat.com', 'Super Admin', NULL, '172.31.9.184', 'Chrome 134.0.0.0, Windows 10', '2025-04-02 17:24:23'),
(245, 'demo@learningtreat.com', 'Super Admin', NULL, '172.31.9.184', 'Chrome 134.0.0.0, Windows 10', '2025-04-02 17:25:23'),
(246, 'demo@learningtreat.com', 'Super Admin', NULL, '172.31.9.184', 'Chrome 134.0.0.0, Windows 10', '2025-04-02 17:27:18'),
(247, 'demo@learningtreat.com', 'Super Admin', NULL, '172.31.9.184', 'Chrome 134.0.0.0, Windows 10', '2025-04-02 17:32:12'),
(248, 'demo@learningtreat.com', 'Super Admin', NULL, '172.31.36.15', 'Chrome 134.0.0.0, Windows 10', '2025-04-02 17:40:14'),
(249, 'std46', 'student', 1, '172.31.36.15', 'Chrome 134.0.0.0, Windows 10', '2025-04-02 17:40:41'),
(250, 'demo@learningtreat.com', 'Super Admin', NULL, '172.31.36.15', 'Chrome 135.0.0.0, Mac OS X', '2025-04-02 17:46:47'),
(251, 'demo@learningtreat.com', 'Super Admin', NULL, '172.31.36.15', 'Chrome 134.0.0.0, Windows 10', '2025-04-02 17:48:58'),
(252, 'demo@learningtreat.com', 'Super Admin', NULL, '172.31.36.15', 'Chrome 134.0.0.0, Windows 10', '2025-04-02 18:06:14'),
(253, 'std46', 'student', 1, '172.31.36.15', 'Chrome 134.0.0.0, Windows 10', '2025-04-02 18:32:21'),
(254, 'std46', 'student', 1, '172.31.36.15', 'Chrome 134.0.0.0, Windows 10', '2025-04-02 18:32:21'),
(255, 'demo@learningtreat.com', 'Super Admin', NULL, '172.31.9.184', 'Chrome 134.0.0.0, Windows 10', '2025-04-02 18:35:25'),
(256, 'std46', 'student', 1, '172.31.9.184', 'Chrome 135.0.0.0, Mac OS X', '2025-04-02 18:35:37'),
(257, 'demo@learningtreat.com', 'Super Admin', NULL, '172.31.9.184', 'Chrome 135.0.0.0, Windows 10', '2025-04-02 18:37:24'),
(258, 'std46', 'student', 1, '172.31.36.15', 'Chrome 131.0.0.0, Android', '2025-04-02 18:38:36'),
(259, 'demo@learningtreat.com', 'Super Admin', NULL, '172.31.9.184', 'Chrome 134.0.0.0, Windows 10', '2025-04-02 18:40:09'),
(260, 'demo@learningtreat.com', 'Super Admin', NULL, '172.31.9.184', 'Chrome 134.0.0.0, Windows 10', '2025-04-02 18:41:05'),
(261, 'demo@learningtreat.com', 'Super Admin', NULL, '172.31.9.184', 'Chrome 134.0.0.0, Windows 10', '2025-04-02 18:42:17'),
(262, 'std46', 'student', 1, '172.31.36.15', 'Chrome 134.0.0.0, Windows 10', '2025-04-02 18:42:39'),
(263, 'std46', 'student', 1, '172.31.9.184', 'Chrome 134.0.0.0, Windows 10', '2025-04-02 18:42:42'),
(264, 'std46', 'student', 1, '172.31.9.184', 'Chrome 134.0.0.0, Windows 10', '2025-04-02 18:44:45'),
(265, 'demo@learningtreat.com', 'Super Admin', NULL, '172.31.36.15', 'Chrome 134.0.0.0, Windows 10', '2025-04-02 18:45:59'),
(266, 'demo@learningtreat.com', 'Super Admin', NULL, '172.31.9.184', 'Chrome 134.0.0.0, Windows 10', '2025-04-02 18:55:38'),
(267, 'std46', 'student', 1, '172.31.36.15', 'Chrome 135.0.0.0, Mac OS X', '2025-04-02 18:56:28'),
(268, 'demo@learningtreat.com', 'Super Admin', NULL, '172.31.36.15', 'Chrome 134.0.0.0, Windows 10', '2025-04-02 18:58:27'),
(269, 'preeti@pgsms.com', 'Teacher', NULL, '172.31.9.184', 'Chrome 134.0.0.0, Windows 10', '2025-04-02 19:00:45'),
(270, 'std46', 'student', 1, '172.31.9.184', 'Chrome 135.0.0.0, Mac OS X', '2025-04-02 19:00:46'),
(271, 'demo@learningtreat.com', 'Super Admin', NULL, '172.31.36.15', 'Chrome 134.0.0.0, Windows 10', '2025-04-02 19:01:56'),
(272, 'demo@learningtreat.com', 'Super Admin', NULL, '172.31.36.15', 'Chrome 135.0.0.0, Mac OS X', '2025-04-02 19:03:06'),
(273, 'preeti@pgsms.com', 'Teacher', NULL, '172.31.9.184', 'Chrome 135.0.0.0, Mac OS X', '2025-04-02 19:05:38'),
(274, 'preeti@pgsms.com', 'Teacher', NULL, '172.31.9.184', 'Chrome 134.0.0.0, Windows 10', '2025-04-02 19:05:39'),
(275, 'demo@learningtreat.com', 'Super Admin', NULL, '172.31.9.184', 'Chrome 134.0.0.0, Windows 10', '2025-04-02 19:07:16'),
(276, 'std46', 'student', 1, '172.31.9.184', 'Chrome 134.0.0.0, Windows 10', '2025-04-02 19:08:21'),
(277, 'preeti@pgsms.com', 'Teacher', NULL, '172.31.9.184', 'Chrome 134.0.0.0, Windows 10', '2025-04-02 19:09:41'),
(278, 'parent46', 'parent', NULL, '172.31.9.184', 'Safari 605.1.15, Mac OS X', '2025-04-02 19:12:07'),
(279, 'preeti@pgsms.com', 'Teacher', NULL, '172.31.36.15', 'Chrome 134.0.0.0, Windows 10', '2025-04-02 19:14:51'),
(280, 'demo@learningtreat.com', 'Super Admin', NULL, '172.31.36.15', 'Chrome 134.0.0.0, Windows 10', '2025-04-02 19:15:16'),
(281, 'std46', 'student', 1, '172.31.9.184', 'Chrome 135.0.0.0, Mac OS X', '2025-04-02 19:15:17'),
(282, 'demo@learningtreat.com', 'Super Admin', NULL, '172.31.36.15', 'Chrome 134.0.0.0, Windows 10', '2025-04-02 19:17:25'),
(283, 'demo@learningtreat.com', 'Super Admin', NULL, '172.31.9.184', 'Chrome 134.0.0.0, Windows 10', '2025-04-02 19:20:40'),
(284, 'std46', 'student', 1, '172.31.9.184', 'Chrome 134.0.0.0, Windows 10', '2025-04-02 19:21:57'),
(285, 'demo@learningtreat.com', 'Super Admin', NULL, '172.31.36.15', 'Chrome 134.0.0.0, Windows 10', '2025-04-02 19:25:52'),
(286, 'preeti@pgsms.com', 'Teacher', NULL, '172.31.36.15', 'Safari 605.1.15, Mac OS X', '2025-04-02 19:26:08'),
(287, 'std46', 'student', 1, '172.31.36.15', 'Chrome 134.0.0.0, Windows 10', '2025-04-02 19:31:51'),
(288, 'demo@learningtreat.com', 'Super Admin', NULL, '172.31.9.184', 'Chrome 135.0.0.0, Mac OS X', '2025-04-02 19:37:07'),
(289, 'demo@learningtreat.com', 'Super Admin', NULL, '172.31.9.184', 'Chrome 135.0.0.0, Windows 10', '2025-04-02 20:03:52'),
(290, 'demo@learningtreat.com', 'Super Admin', NULL, '172.31.36.15', 'Chrome 135.0.0.0, Windows 10', '2025-04-03 07:37:48'),
(291, 'std46', 'student', 1, '172.31.36.15', 'Chrome 135.0.0.0, Windows 10', '2025-04-03 07:38:41'),
(292, 'demo@learningtreat.com', 'Super Admin', NULL, '172.31.36.15', 'Chrome 135.0.0.0, Windows 10', '2025-04-03 08:18:25'),
(293, 'demo@learningtreat.com', 'Super Admin', NULL, '172.31.36.15', 'Chrome 135.0.0.0, Windows 10', '2025-04-03 08:18:43'),
(294, 'std46', 'student', 1, '172.31.9.184', 'Chrome 135.0.0.0, Windows 10', '2025-04-03 08:19:25'),
(295, 'demo@learningtreat.com', 'Super Admin', NULL, '172.31.36.15', 'Chrome 135.0.0.0, Windows 10', '2025-04-03 08:25:23'),
(296, 'std46', 'student', 1, '172.31.9.184', 'Chrome 135.0.0.0, Windows 10', '2025-04-03 08:43:27'),
(297, 'demo@learningtreat.com', 'Super Admin', NULL, '172.31.36.15', 'Chrome 135.0.0.0, Windows 10', '2025-04-03 11:08:19'),
(298, 'std46', 'student', 1, '172.31.36.15', 'Chrome 135.0.0.0, Windows 10', '2025-04-03 11:08:59'),
(299, 'demo@learningtreat.com', 'Super Admin', NULL, '172.31.36.15', 'Chrome 135.0.0.0, Windows 10', '2025-04-03 11:11:37'),
(300, 'demo@learningtreat.com', 'Super Admin', NULL, '172.31.9.184', 'Chrome 135.0.0.0, Windows 10', '2025-04-03 11:12:42'),
(301, 'demo@learningtreat.com', 'Super Admin', NULL, '172.31.36.15', 'Chrome 135.0.0.0, Windows 10', '2025-04-03 12:21:13'),
(302, 'std46', 'student', 1, '172.31.36.15', 'Chrome 135.0.0.0, Windows 10', '2025-04-03 12:21:57'),
(303, 'std46', 'student', 1, '172.31.36.15', 'Chrome 135.0.0.0, Windows 10', '2025-04-03 12:21:57'),
(304, 'demo@learningtreat.com', 'Super Admin', NULL, '172.31.36.15', 'Chrome 135.0.0.0, Windows 10', '2025-04-03 12:27:02'),
(305, 'std46', 'student', 1, '172.31.36.15', 'Chrome 135.0.0.0, Windows 10', '2025-04-03 12:27:33'),
(306, 'std46', 'student', 1, '172.31.36.15', 'Chrome 135.0.0.0, Windows 10', '2025-04-03 12:36:20'),
(307, 'demo@learningtreat.com', 'Super Admin', NULL, '172.31.36.15', 'Chrome 135.0.0.0, Windows 10', '2025-04-03 12:38:10'),
(308, 'std46', 'student', 1, '172.31.9.184', 'Chrome 135.0.0.0, Windows 10', '2025-04-03 12:48:16'),
(309, 'demo@learningtreat.com', 'Super Admin', NULL, '172.31.9.184', 'Chrome 135.0.0.0, Windows 10', '2025-04-03 12:54:29'),
(310, 'demo@learningtreat.com', 'Super Admin', NULL, '172.31.9.184', 'Chrome 135.0.0.0, Windows 10', '2025-04-03 13:00:51'),
(311, 'std46', 'student', 1, '172.31.9.184', 'Chrome 135.0.0.0, Windows 10', '2025-04-03 13:01:30'),
(312, 'demo@learningtreat.com', 'Super Admin', NULL, '172.31.36.15', 'Chrome 135.0.0.0, Windows 10', '2025-04-03 13:03:35'),
(313, 'std46', 'student', 1, '172.31.9.184', 'Chrome 135.0.0.0, Windows 10', '2025-04-03 13:04:47'),
(314, 'demo@learningtreat.com', 'Super Admin', NULL, '172.31.36.15', 'Chrome 135.0.0.0, Windows 10', '2025-04-03 13:09:26'),
(315, 'demo@learningtreat.com', 'Super Admin', NULL, '172.31.36.15', 'Chrome 135.0.0.0, Windows 10', '2025-04-03 13:09:53'),
(316, 'std46', 'student', 1, '172.31.9.184', 'Chrome 135.0.0.0, Windows 10', '2025-04-03 13:10:25'),
(317, 'demo@learningtreat.com', 'Super Admin', NULL, '172.31.36.15', 'Chrome 135.0.0.0, Windows 10', '2025-04-03 13:11:18'),
(318, 'demo@learningtreat.com', 'Super Admin', NULL, '172.31.36.15', 'Chrome 135.0.0.0, Windows 10', '2025-04-03 13:13:01'),
(319, 'std46', 'student', 1, '172.31.36.15', 'Chrome 135.0.0.0, Windows 10', '2025-04-03 13:13:36'),
(320, 'demo@learningtreat.com', 'Super Admin', NULL, '172.31.9.184', 'Chrome 135.0.0.0, Mac OS X', '2025-04-03 13:16:21'),
(321, 'std46', 'student', 1, '172.31.9.184', 'Chrome 135.0.0.0, Windows 10', '2025-04-03 13:40:42'),
(322, 'demo@learningtreat.com', 'Super Admin', NULL, '172.31.9.184', 'Chrome 135.0.0.0, Windows 10', '2025-04-03 13:51:07'),
(323, 'demo@learningtreat.com', 'Super Admin', NULL, '172.31.36.15', 'Chrome 135.0.0.0, Windows 10', '2025-04-03 13:53:06'),
(324, 'demo@learningtreat.com', 'Super Admin', NULL, '172.31.36.15', 'Chrome 135.0.0.0, Windows 10', '2025-04-03 13:54:48'),
(325, 'std46', 'student', 1, '172.31.9.184', 'Chrome 135.0.0.0, Windows 10', '2025-04-03 13:55:37'),
(326, 'std46', 'student', 1, '172.31.9.184', 'Chrome 135.0.0.0, Windows 10', '2025-04-03 13:55:37'),
(327, 'demo@learningtreat.com', 'Super Admin', NULL, '172.31.9.184', 'Chrome 135.0.0.0, Mac OS X', '2025-04-03 14:08:55'),
(328, 'demo@learningtreat.com', 'Super Admin', NULL, '172.31.9.184', 'Chrome 135.0.0.0, Windows 10', '2025-04-03 14:20:44'),
(329, 'demo@learningtreat.com', 'Super Admin', NULL, '172.31.9.184', 'Chrome 135.0.0.0, Windows 10', '2025-04-03 14:30:02'),
(330, 'std46', 'student', 1, '172.31.9.184', 'Chrome 135.0.0.0, Windows 10', '2025-04-03 14:47:57'),
(331, 'demo@learningtreat.com', 'Super Admin', NULL, '172.31.36.15', 'Chrome 135.0.0.0, Windows 10', '2025-04-03 14:48:25'),
(332, 'std46', 'student', 1, '172.31.36.15', 'Chrome 135.0.0.0, Windows 10', '2025-04-03 14:49:20'),
(333, 'demo@learningtreat.com', 'Super Admin', NULL, '172.31.9.184', 'Chrome 135.0.0.0, Mac OS X', '2025-04-03 14:50:26'),
(334, 'demo@learningtreat.com', 'Super Admin', NULL, '172.31.9.184', 'Chrome 135.0.0.0, Windows 10', '2025-04-03 14:51:33'),
(335, 'demo@learningtreat.com', 'Super Admin', NULL, '172.31.9.184', 'Chrome 135.0.0.0, Windows 10', '2025-04-03 14:54:10'),
(336, 'demo@learningtreat.com', 'Super Admin', NULL, '172.31.36.15', 'Chrome 135.0.0.0, Windows 10', '2025-04-03 15:06:01'),
(337, 'std46', 'student', 1, '172.31.9.184', 'Chrome 135.0.0.0, Windows 10', '2025-04-03 15:13:22'),
(338, 'std46', 'student', 1, '172.31.9.184', 'Chrome 135.0.0.0, Windows 10', '2025-04-03 15:37:09'),
(339, 'std46', 'student', 1, '172.31.9.184', 'Chrome 135.0.0.0, Windows 10', '2025-04-03 15:47:32'),
(340, 'demo@learningtreat.com', 'Super Admin', NULL, '172.31.36.15', 'Chrome 135.0.0.0, Windows 10', '2025-04-03 15:48:12'),
(341, 'demo@learningtreat.com', 'Super Admin', NULL, '172.31.36.15', 'Chrome 135.0.0.0, Windows 10', '2025-04-03 15:59:48'),
(342, 'std46', 'student', 1, '172.31.9.184', 'Chrome 135.0.0.0, Windows 10', '2025-04-03 16:05:22'),
(343, 'demo@learningtreat.com', 'Super Admin', NULL, '172.31.36.15', 'Chrome 135.0.0.0, Mac OS X', '2025-04-03 16:16:51'),
(344, 'demo@learningtreat.com', 'Super Admin', NULL, '172.31.9.184', 'Chrome 135.0.0.0, Windows 10', '2025-04-03 16:20:47'),
(345, 'demo@learningtreat.com', 'Super Admin', NULL, '172.31.36.15', 'Chrome 135.0.0.0, Windows 10', '2025-04-03 16:35:44'),
(346, 'std46', 'student', 1, '172.31.36.15', 'Chrome 135.0.0.0, Windows 10', '2025-04-03 16:36:00'),
(347, 'demo@learningtreat.com', 'Super Admin', NULL, '172.31.36.15', 'Chrome 135.0.0.0, Mac OS X', '2025-04-03 16:37:08'),
(348, 'demo@learningtreat.com', 'Super Admin', NULL, '172.31.36.15', 'Chrome 135.0.0.0, Windows 10', '2025-04-03 16:37:28'),
(349, 'demo@learningtreat.com', 'Super Admin', NULL, '172.31.9.184', 'Chrome 135.0.0.0, Windows 10', '2025-04-03 16:38:51'),
(350, 'std46', 'student', 1, '172.31.36.15', 'Chrome 135.0.0.0, Windows 10', '2025-04-03 16:40:10'),
(351, 'demo@learningtreat.com', 'Super Admin', NULL, '172.31.9.184', 'Chrome 135.0.0.0, Windows 10', '2025-04-03 16:52:26'),
(352, 'demo@learningtreat.com', 'Super Admin', NULL, '172.31.36.15', 'Chrome 135.0.0.0, Mac OS X', '2025-04-03 17:00:35'),
(353, 'demo@learningtreat.com', 'Super Admin', NULL, '172.31.36.15', 'Chrome 135.0.0.0, Windows 10', '2025-04-03 17:00:36'),
(354, 'demo@learningtreat.com', 'Super Admin', NULL, '172.31.9.184', 'Chrome 135.0.0.0, Windows 10', '2025-04-03 17:00:37'),
(355, 'std46', 'student', 1, '172.31.9.184', 'Chrome 135.0.0.0, Windows 10', '2025-04-03 17:00:51'),
(356, 'demo@learningtreat.com', 'Super Admin', NULL, '172.31.36.15', 'Chrome 135.0.0.0, Windows 10', '2025-04-03 17:01:41'),
(357, 'demo@learningtreat.com', 'Super Admin', NULL, '172.31.9.184', 'Chrome 135.0.0.0, Mac OS X', '2025-04-03 17:08:43'),
(358, 'demo@learningtreat.com', 'Super Admin', NULL, '172.31.9.184', 'Chrome 135.0.0.0, Windows 10', '2025-04-03 17:08:55'),
(359, 'demo@learningtreat.com', 'Super Admin', NULL, '172.31.36.15', 'Chrome 135.0.0.0, Windows 10', '2025-04-03 17:13:51'),
(360, 'demo@learningtreat.com', 'Super Admin', NULL, '172.31.36.15', 'Chrome 135.0.0.0, Windows 10', '2025-04-03 17:33:19'),
(361, 'demo@learningtreat.com', 'Super Admin', NULL, '172.31.9.184', 'Chrome 135.0.0.0, Mac OS X', '2025-04-03 17:33:24'),
(362, 'demo@learningtreat.com', 'Super Admin', NULL, '172.31.9.184', 'Chrome 135.0.0.0, Windows 10', '2025-04-03 17:34:04'),
(363, 'demo@learningtreat.com', 'Super Admin', NULL, '172.31.36.15', 'Chrome 135.0.0.0, Windows 10', '2025-04-03 17:35:58'),
(364, 'std46', 'student', 1, '172.31.36.15', 'Chrome 135.0.0.0, Windows 10', '2025-04-03 17:36:12'),
(365, 'std46', 'student', 1, '172.31.36.15', 'Chrome 135.0.0.0, Windows 10', '2025-04-03 17:44:49'),
(366, 'demo@learningtreat.com', 'Super Admin', NULL, '172.31.36.15', 'Chrome 135.0.0.0, Windows 10', '2025-04-03 17:50:45'),
(367, 'demo@learningtreat.com', 'Super Admin', NULL, '172.31.9.184', 'Chrome 135.0.0.0, Windows 10', '2025-04-03 17:51:55'),
(368, 'std46', 'student', 1, '172.31.36.15', 'Chrome 135.0.0.0, Windows 10', '2025-04-03 17:55:56'),
(369, 'demo@learningtreat.com', 'Super Admin', NULL, '172.31.36.15', 'Chrome 135.0.0.0, Windows 10', '2025-04-03 18:29:24'),
(370, 'demo@learningtreat.com', 'Super Admin', NULL, '172.31.36.15', 'Chrome 135.0.0.0, Windows 10', '2025-04-03 18:30:02'),
(371, 'preeti@pgsms.com', 'Teacher', NULL, '172.31.9.184', 'Chrome 135.0.0.0, Windows 10', '2025-04-03 18:32:22'),
(372, 'demo@learningtreat.com', 'Super Admin', NULL, '172.31.36.15', 'Chrome 135.0.0.0, Windows 10', '2025-04-03 18:33:29'),
(373, 'demo@learningtreat.com', 'Super Admin', NULL, '172.31.9.184', 'Chrome 135.0.0.0, Windows 10', '2025-04-03 18:34:32'),
(374, 'preeti@pgsms.com', 'Teacher', NULL, '172.31.9.184', 'Chrome 135.0.0.0, Windows 10', '2025-04-03 18:36:07'),
(375, 'demo@learningtreat.com', 'Super Admin', NULL, '172.31.9.184', 'Chrome 135.0.0.0, Mac OS X', '2025-04-03 18:36:48'),
(376, 'demo@learningtreat.com', 'Super Admin', NULL, '172.31.9.184', 'Chrome 135.0.0.0, Windows 10', '2025-04-03 18:37:59'),
(377, 'preeti@pgsms.com', 'Teacher', NULL, '172.31.9.184', 'Chrome 135.0.0.0, Windows 10', '2025-04-03 18:38:32'),
(378, 'demo@learningtreat.com', 'Super Admin', NULL, '172.31.9.184', 'Chrome 135.0.0.0, Mac OS X', '2025-04-03 18:38:45'),
(379, 'demo@learningtreat.com', 'Super Admin', NULL, '172.31.36.15', 'Chrome 135.0.0.0, Windows 10', '2025-04-03 18:43:59'),
(380, 'admin@learningtreat.com', 'Admin', NULL, '172.31.36.15', 'Chrome 135.0.0.0, Mac OS X', '2025-04-03 18:49:34'),
(381, 'preeti@pgsms.com', 'Teacher', NULL, '172.31.36.15', 'Chrome 135.0.0.0, Windows 10', '2025-04-03 18:49:40'),
(382, 'demo@learningtreat.com', 'Super Admin', NULL, '172.31.36.15', 'Chrome 135.0.0.0, Windows 10', '2025-04-03 18:49:53'),
(383, 'demo@learningtreat.com', 'Super Admin', NULL, '172.31.36.15', 'Chrome 135.0.0.0, Mac OS X', '2025-04-03 18:53:04'),
(384, 'demo@learningtreat.com', 'Super Admin', NULL, '172.31.36.15', 'Chrome 135.0.0.0, Windows 10', '2025-04-03 18:53:29'),
(385, 'std46', 'student', 1, '172.31.36.15', 'Chrome 135.0.0.0, Windows 10', '2025-04-03 18:53:52'),
(386, 'demo@learningtreat.com', 'Super Admin', NULL, '172.31.9.184', 'Chrome 135.0.0.0, Windows 10', '2025-04-03 18:55:26'),
(387, 'demo@learningtreat.com', 'Super Admin', NULL, '172.31.2.52', 'Chrome 135.0.0.0, Windows 10', '2025-04-03 22:29:54'),
(388, 'demo@learningtreat.com', 'Super Admin', NULL, '172.31.43.5', 'Chrome 135.0.0.0, Windows 10', '2025-04-04 08:11:10'),
(389, 'demo@learningtreat.com', 'Super Admin', NULL, '172.31.2.52', 'Chrome 135.0.0.0, Windows 10', '2025-04-04 10:25:08'),
(390, 'demo@learningtreat.com', 'Super Admin', NULL, '172.31.2.52', 'Chrome 135.0.0.0, Windows 10', '2025-04-04 11:04:28'),
(391, 'demo@learningtreat.com', 'Super Admin', NULL, '172.31.43.5', 'Chrome 135.0.0.0, Windows 10', '2025-04-04 12:21:45'),
(392, 'demo@learningtreat.com', 'Super Admin', NULL, '172.31.2.52', 'Chrome 135.0.0.0, Windows 10', '2025-04-04 12:23:16'),
(393, 'demo@learningtreat.com', 'Super Admin', NULL, '172.31.2.52', 'Chrome 135.0.0.0, Windows 10', '2025-04-04 12:50:21'),
(394, 'demo@learningtreat.com', 'Super Admin', NULL, '172.31.2.52', 'Chrome 135.0.0.0, Mac OS X', '2025-04-04 12:53:49'),
(395, 'demo@learningtreat.com', 'Super Admin', NULL, '172.31.2.52', 'Chrome 135.0.0.0, Windows 10', '2025-04-04 13:05:14'),
(396, 'demo@learningtreat.com', 'Super Admin', NULL, '172.31.43.5', 'Chrome 135.0.0.0, Windows 10', '2025-04-04 13:57:16'),
(397, 'demo@learningtreat.com', 'Super Admin', NULL, '172.31.43.5', 'Chrome 135.0.0.0, Windows 10', '2025-04-04 14:45:02'),
(398, 'demo@learningtreat.com', 'Super Admin', NULL, '172.31.2.52', 'Chrome 135.0.0.0, Windows 10', '2025-04-04 14:51:03'),
(399, 'demo@learningtreat.com', 'Super Admin', NULL, '172.31.43.5', 'Chrome 135.0.0.0, Windows 10', '2025-04-04 15:00:47'),
(400, 'demo@learningtreat.com', 'Super Admin', NULL, '172.31.2.52', 'Chrome 135.0.0.0, Windows 10', '2025-04-04 15:19:56'),
(401, 'demo@learningtreat.com', 'Super Admin', NULL, '172.31.43.5', 'Chrome 135.0.0.0, Windows 10', '2025-04-04 15:23:25'),
(402, 'demo@learningtreat.com', 'Super Admin', NULL, '172.31.43.5', 'Chrome 135.0.0.0, Mac OS X', '2025-04-04 16:11:56'),
(403, 'demo@learningtreat.com', 'Super Admin', NULL, '172.31.2.52', 'Chrome 135.0.0.0, Windows 10', '2025-04-04 16:22:35'),
(404, 'demo@learningtreat.com', 'Super Admin', NULL, '172.31.43.5', 'Chrome 135.0.0.0, Windows 10', '2025-04-04 16:31:03'),
(405, 'demo@learningtreat.com', 'Super Admin', NULL, '172.31.43.5', 'Chrome 135.0.0.0, Windows 10', '2025-04-04 16:31:55'),
(406, 'demo@learningtreat.com', 'Super Admin', NULL, '172.31.43.5', 'Chrome 134.0.0.0, Android', '2025-04-04 16:40:08'),
(407, 'demo@learningtreat.com', 'Super Admin', NULL, '172.31.43.5', 'Chrome 135.0.0.0, Windows 10', '2025-04-04 16:50:30'),
(408, 'demo@learningtreat.com', 'Super Admin', NULL, '172.31.43.5', 'Chrome 135.0.0.0, Windows 10', '2025-04-04 16:50:56'),
(409, 'demo@learningtreat.com', 'Super Admin', NULL, '172.31.2.52', 'Chrome 135.0.0.0, Windows 10', '2025-04-04 16:51:32'),
(410, 'std46', 'student', 1, '172.31.2.52', 'Chrome 135.0.0.0, Windows 10', '2025-04-04 17:31:47'),
(411, 'demo@learningtreat.com', 'Super Admin', NULL, '172.31.43.5', 'Chrome 135.0.0.0, Windows 10', '2025-04-04 17:35:26'),
(412, 'demo@learningtreat.com', 'Super Admin', NULL, '172.31.2.52', 'Chrome 135.0.0.0, Windows 10', '2025-04-04 17:44:07'),
(413, 'demo@learningtreat.com', 'Super Admin', NULL, '172.31.2.52', 'Chrome 135.0.0.0, Mac OS X', '2025-04-04 18:06:52'),
(414, 'std46', 'student', 1, '172.31.2.52', 'Chrome 135.0.0.0, Windows 10', '2025-04-04 18:08:19'),
(415, 'demo@learningtreat.com', 'Super Admin', NULL, '172.31.43.5', 'Chrome 135.0.0.0, Windows 10', '2025-04-04 18:40:22'),
(416, 'demo@learningtreat.com', 'Super Admin', NULL, '172.31.43.5', 'Chrome 135.0.0.0, Windows 10', '2025-04-04 18:43:01'),
(417, 'demo@learningtreat.com', 'Super Admin', NULL, '172.31.43.5', 'Chrome 135.0.0.0, Windows 10', '2025-04-04 18:46:57'),
(418, 'demo@learningtreat.com', 'Super Admin', NULL, '172.31.2.52', 'Chrome 135.0.0.0, Mac OS X', '2025-04-04 18:49:53'),
(419, 'demo@learningtreat.com', 'Super Admin', NULL, '172.31.43.5', 'Chrome 135.0.0.0, Windows 10', '2025-04-04 18:50:40'),
(420, 'demo@learningtreat.com', 'Super Admin', NULL, '172.31.43.5', 'Chrome 135.0.0.0, Windows 10', '2025-04-04 19:02:08'),
(421, 'demo@learningtreat.com', 'Super Admin', NULL, '172.31.43.5', 'Chrome 135.0.0.0, Windows 10', '2025-04-04 19:04:16'),
(422, 'demo@learningtreat.com', 'Super Admin', NULL, '172.31.2.52', 'Chrome 135.0.0.0, Windows 10', '2025-04-04 19:32:56'),
(423, 'demo@learningtreat.com', 'Super Admin', NULL, '172.31.43.5', 'Chrome 135.0.0.0, Mac OS X', '2025-04-04 19:42:24'),
(424, 'demo@learningtreat.com', 'Super Admin', NULL, '172.31.2.52', 'Chrome 135.0.0.0, Windows 10', '2025-04-04 19:43:43'),
(425, 'demo@learningtreat.com', 'Super Admin', NULL, '172.31.43.5', 'Chrome 135.0.0.0, Mac OS X', '2025-04-04 19:46:14'),
(426, 'demo@learningtreat.com', 'Super Admin', NULL, '172.31.2.52', 'Chrome 135.0.0.0, Mac OS X', '2025-04-04 19:49:46');
INSERT INTO `userlog` (`id`, `user`, `role`, `class_section_id`, `ipaddress`, `user_agent`, `login_datetime`) VALUES
(427, 'demo@learningtreat.com', 'Super Admin', NULL, '172.31.2.52', 'Chrome 135.0.0.0, Windows 10', '2025-04-04 19:49:52'),
(428, 'demo@learningtreat.com', 'Super Admin', NULL, '172.31.43.5', 'Chrome 135.0.0.0, Windows 10', '2025-04-04 19:51:11'),
(429, 'demo@learningtreat.com', 'Super Admin', NULL, '172.31.43.5', 'Chrome 135.0.0.0, Windows 10', '2025-04-04 19:54:10'),
(430, 'demo@learningtreat.com', 'Super Admin', NULL, '172.31.2.52', 'Chrome 135.0.0.0, Mac OS X', '2025-04-04 19:57:32'),
(431, 'demo@learningtreat.com', 'Super Admin', NULL, '172.31.43.5', 'Chrome 135.0.0.0, Windows 10', '2025-04-04 19:59:21'),
(432, 'demo@learningtreat.com', 'Super Admin', NULL, '172.31.43.5', 'Chrome 135.0.0.0, Mac OS X', '2025-04-04 20:00:05'),
(433, 'demo@learningtreat.com', 'Super Admin', NULL, '172.31.2.52', 'Chrome 135.0.0.0, Windows 10', '2025-04-04 20:06:33'),
(434, 'demo@learningtreat.com', 'Super Admin', NULL, '172.31.2.52', 'Chrome 135.0.0.0, Windows 10', '2025-04-04 20:07:09'),
(435, 'demo@learningtreat.com', 'Super Admin', NULL, '172.31.43.5', 'Chrome 135.0.0.0, Mac OS X', '2025-04-04 20:08:10'),
(436, 'demo@learningtreat.com', 'Super Admin', NULL, '172.31.43.5', 'Chrome 135.0.0.0, Windows 10', '2025-04-04 20:09:06'),
(437, 'demo@learningtreat.com', 'Super Admin', NULL, '172.31.43.5', 'Chrome 135.0.0.0, Windows 10', '2025-04-04 20:17:15'),
(438, 'demo@learningtreat.com', 'Super Admin', NULL, '172.31.2.52', 'Chrome 135.0.0.0, Windows 10', '2025-04-04 20:17:57'),
(439, 'demo@learningtreat.com', 'Super Admin', NULL, '172.31.43.5', 'Chrome 135.0.0.0, Windows 10', '2025-04-04 20:22:34'),
(440, 'demo@learningtreat.com', 'Super Admin', NULL, '172.31.43.5', 'Chrome 135.0.0.0, Windows 10', '2025-04-04 20:35:39'),
(441, 'demo@learningtreat.com', 'Super Admin', NULL, '172.31.43.5', 'Chrome 135.0.0.0, Mac OS X', '2025-04-04 20:37:03'),
(442, 'demo@learningtreat.com', 'Super Admin', NULL, '172.31.43.5', 'Chrome 135.0.0.0, Windows 10', '2025-04-04 20:49:53'),
(443, 'demo@learningtreat.com', 'Super Admin', NULL, '172.31.2.52', 'Chrome 135.0.0.0, Windows 10', '2025-04-04 21:02:09'),
(444, 'demo@learningtreat.com', 'Super Admin', NULL, '172.31.2.52', 'Chrome 135.0.0.0, Windows 10', '2025-04-04 21:02:46'),
(445, 'demo@learningtreat.com', 'Super Admin', NULL, '172.31.43.5', 'Chrome 135.0.0.0, Windows 10', '2025-04-04 21:05:03'),
(446, 'demo@learningtreat.com', 'Super Admin', NULL, '172.31.2.52', 'Chrome 135.0.0.0, Windows 10', '2025-04-04 21:07:53'),
(447, 'demo@learningtreat.com', 'Super Admin', NULL, '172.31.43.5', 'Chrome 135.0.0.0, Windows 10', '2025-04-04 21:20:35'),
(448, 'demo@learningtreat.com', 'Super Admin', NULL, '172.31.2.52', 'Chrome 134.0.0.0, Android', '2025-04-04 21:29:07'),
(449, 'demo@learningtreat.com', 'Super Admin', NULL, '172.31.2.52', 'Chrome 135.0.0.0, Windows 10', '2025-04-04 21:32:04'),
(450, 'demo@learningtreat.com', 'Super Admin', NULL, '172.31.2.52', 'Chrome 135.0.0.0, Windows 10', '2025-04-04 21:33:02'),
(451, 'demo@learningtreat.com', 'Super Admin', NULL, '172.31.2.52', 'Chrome 135.0.0.0, Windows 10', '2025-04-04 21:47:46'),
(452, 'demo@learningtreat.com', 'Super Admin', NULL, '172.31.2.52', 'Chrome 135.0.0.0, Windows 10', '2025-04-04 22:02:57'),
(453, 'demo@learningtreat.com', 'Super Admin', NULL, '172.31.2.52', 'Chrome 135.0.0.0, Windows 10', '2025-04-04 22:06:31'),
(454, 'demo@learningtreat.com', 'Super Admin', NULL, '172.31.2.52', 'Chrome 135.0.0.0, Windows 10', '2025-04-04 22:08:41'),
(455, 'demo@learningtreat.com', 'Super Admin', NULL, '172.31.2.52', 'Chrome 135.0.0.0, Windows 10', '2025-04-04 22:17:41'),
(456, 'demo@learningtreat.com', 'Super Admin', NULL, '172.31.2.52', 'Chrome 135.0.0.0, Windows 10', '2025-04-04 22:22:28'),
(457, 'demo@learningtreat.com', 'Super Admin', NULL, '172.31.2.52', 'Chrome 135.0.0.0, Windows 10', '2025-04-04 22:23:36'),
(458, 'demo@learningtreat.com', 'Super Admin', NULL, '172.31.2.52', 'Chrome 135.0.0.0, Windows 10', '2025-04-04 22:59:45'),
(459, 'demo@learningtreat.com', 'Super Admin', NULL, '172.31.2.52', 'Chrome 135.0.0.0, Windows 10', '2025-04-04 23:09:32'),
(460, 'std46', 'student', 1, '172.31.43.5', 'Chrome 135.0.0.0, Windows 10', '2025-04-04 23:32:10'),
(461, 'demo@learningtreat.com', 'Super Admin', NULL, '172.31.2.52', 'Chrome 135.0.0.0, Windows 10', '2025-04-04 23:34:22'),
(462, 'demo@learningtreat.com', 'Super Admin', NULL, '172.31.43.5', 'Chrome 135.0.0.0, Windows 10', '2025-04-04 23:42:12'),
(463, 'demo@learningtreat.com', 'Super Admin', NULL, '172.31.2.52', 'Chrome 135.0.0.0, Windows 10', '2025-04-05 07:29:23'),
(464, 'demo@learningtreat.com', 'Super Admin', NULL, '172.31.2.52', 'Chrome 135.0.0.0, Windows 10', '2025-04-05 08:13:36'),
(465, 'demo@learningtreat.com', 'Super Admin', NULL, '172.31.43.5', 'Chrome 135.0.0.0, Windows 10', '2025-04-05 08:45:51'),
(466, 'preeti@pgsms.com', 'Teacher', NULL, '172.31.43.5', 'Chrome 135.0.0.0, Windows 10', '2025-04-05 08:47:00'),
(467, 'std46', 'student', 1, '172.31.2.52', 'Chrome 135.0.0.0, Windows 10', '2025-04-05 09:00:20'),
(468, 'preeti@pgsms.com', 'Teacher', NULL, '172.31.2.52', 'Chrome 135.0.0.0, Windows 10', '2025-04-05 09:03:04'),
(469, 'std46', 'student', 1, '172.31.2.52', 'Chrome 135.0.0.0, Windows 10', '2025-04-05 09:06:53'),
(470, 'std46', 'student', 1, '172.31.2.52', 'Chrome 135.0.0.0, Windows 10', '2025-04-05 09:08:15'),
(471, 'demo@learningtreat.com', 'Super Admin', NULL, '172.31.2.52', 'Chrome 135.0.0.0, Windows 10', '2025-04-05 09:11:41'),
(472, 'preeti@pgsms.com', 'Teacher', NULL, '172.31.2.52', 'Chrome 135.0.0.0, Windows 10', '2025-04-05 09:12:28'),
(473, 'std46', 'student', 1, '172.31.43.5', 'Chrome 135.0.0.0, Windows 10', '2025-04-05 09:22:45'),
(474, 'demo@learningtreat.com', 'Super Admin', NULL, '172.31.2.52', 'Chrome 135.0.0.0, Windows 10', '2025-04-05 09:25:13'),
(475, 'preeti@pgsms.com', 'Teacher', NULL, '172.31.43.5', 'Chrome 135.0.0.0, Windows 10', '2025-04-05 09:27:17'),
(476, 'demo@learningtreat.com', 'Super Admin', NULL, '172.31.2.52', 'Firefox 137.0, Windows 10', '2025-04-05 09:33:46'),
(477, 'demo@learningtreat.com', 'Super Admin', NULL, '172.31.2.52', 'Chrome 135.0.0.0, Windows 10', '2025-04-05 09:33:55'),
(478, 'std46', 'student', 1, '172.31.2.52', 'Firefox 137.0, Windows 10', '2025-04-05 09:35:37'),
(479, 'preeti@pgsms.com', 'Teacher', NULL, '172.31.2.52', 'Chrome 135.0.0.0, Windows 10', '2025-04-05 09:37:47'),
(480, 'std46', 'student', 1, '172.31.43.5', 'Firefox 137.0, Windows 10', '2025-04-05 09:41:13'),
(481, 'demo@learningtreat.com', 'Super Admin', NULL, '172.31.43.5', 'Chrome 135.0.0.0, Windows 10', '2025-04-05 09:41:48'),
(482, 'std46', 'student', 1, '172.31.43.5', 'Chrome 135.0.0.0, Windows 10', '2025-04-05 09:42:45'),
(483, 'std46', 'student', 1, '172.31.2.52', 'Chrome 135.0.0.0, Windows 10', '2025-04-05 09:44:34'),
(484, 'preeti@pgsms.com', 'Teacher', NULL, '172.31.43.5', 'Chrome 135.0.0.0, Windows 10', '2025-04-05 09:47:06'),
(485, 'preeti@pgsms.com', 'Teacher', NULL, '172.31.43.5', 'Chrome 135.0.0.0, Windows 10', '2025-04-05 10:00:35'),
(486, 'std46', 'student', 1, '172.31.43.5', 'Chrome 135.0.0.0, Windows 10', '2025-04-05 10:12:02'),
(487, 'demo@learningtreat.com', 'Super Admin', NULL, '172.31.43.5', 'Chrome 135.0.0.0, Windows 10', '2025-04-05 10:16:00'),
(488, 'demo@learningtreat.com', 'Super Admin', NULL, '172.31.2.52', 'Chrome 135.0.0.0, Windows 10', '2025-04-05 10:22:15'),
(489, 'preeti@pgsms.com', 'Teacher', NULL, '172.31.2.52', 'Chrome 135.0.0.0, Windows 10', '2025-04-05 10:29:53'),
(490, 'std46', 'student', 1, '172.31.43.5', 'Chrome 135.0.0.0, Windows 10', '2025-04-05 10:44:30'),
(491, 'demo@learningtreat.com', 'Super Admin', NULL, '172.31.43.5', 'Chrome 135.0.0.0, Windows 10', '2025-04-05 10:46:33'),
(492, 'preeti@pgsms.com', 'Teacher', NULL, '172.31.43.5', 'Chrome 135.0.0.0, Windows 10', '2025-04-05 10:48:17'),
(493, 'preeti@pgsms.com', 'Teacher', NULL, '172.31.2.52', 'Chrome 135.0.0.0, Windows 10', '2025-04-05 10:51:31'),
(494, 'std46', 'student', 1, '172.31.2.52', 'Chrome 135.0.0.0, Windows 10', '2025-04-05 10:53:22'),
(495, 'preeti@pgsms.com', 'Teacher', NULL, '172.31.2.52', 'Chrome 135.0.0.0, Windows 10', '2025-04-05 10:55:18'),
(496, 'demo@learningtreat.com', 'Super Admin', NULL, '172.31.43.5', 'Chrome 135.0.0.0, Windows 10', '2025-04-05 11:49:44'),
(497, 'preeti@pgsms.com', 'Teacher', NULL, '172.31.2.52', 'Chrome 135.0.0.0, Windows 10', '2025-04-05 12:03:23'),
(498, 'demo@learningtreat.com', 'Super Admin', NULL, '172.31.2.52', 'Chrome 135.0.0.0, Windows 10', '2025-04-05 13:28:13'),
(499, 'demo@learningtreat.com', 'Super Admin', NULL, '172.31.43.5', 'Chrome 135.0.0.0, Windows 10', '2025-04-05 13:28:38'),
(500, 'preeti@pgsms.com', 'Teacher', NULL, '172.31.43.5', 'Chrome 135.0.0.0, Windows 10', '2025-04-05 13:53:10'),
(501, 'demo@learningtreat.com', 'Super Admin', NULL, '172.31.43.5', 'Chrome 135.0.0.0, Windows 10', '2025-04-05 14:15:20'),
(502, 'preeti@pgsms.com', 'Teacher', NULL, '172.31.2.52', 'Chrome 135.0.0.0, Windows 10', '2025-04-05 14:52:58'),
(503, 'std46', 'student', 1, '172.31.43.5', 'Chrome 135.0.0.0, Windows 10', '2025-04-05 15:51:05'),
(504, 'std46', 'student', 1, '172.31.43.5', 'Chrome 135.0.0.0, Windows 10', '2025-04-05 15:51:05'),
(505, 'demo@learningtreat.com', 'Super Admin', NULL, '172.31.2.52', 'Chrome 135.0.0.0, Windows 10', '2025-04-05 16:08:04'),
(506, 'std41', 'student', 1, '172.31.43.5', 'Chrome 135.0.0.0, Windows 10', '2025-04-05 16:14:27'),
(507, 'demo@learningtreat.com', 'Super Admin', NULL, '172.31.43.5', 'Chrome 135.0.0.0, Windows 10', '2025-04-05 16:40:22'),
(508, 'std50', 'student', 1, '172.31.2.52', 'Chrome 135.0.0.0, Windows 10', '2025-04-05 16:49:01'),
(509, 'std44', 'student', 1, '172.31.2.52', 'Chrome 135.0.0.0, Windows 10', '2025-04-05 17:20:41'),
(510, 'demo@learningtreat.com', 'Super Admin', NULL, '172.31.2.52', 'Chrome 135.0.0.0, Windows 10', '2025-04-05 17:22:51'),
(511, 'demo@learningtreat.com', 'Super Admin', NULL, '172.31.43.5', 'Chrome 135.0.0.0, Windows 10', '2025-04-05 17:40:27'),
(512, 'demo@learningtreat.com', 'Super Admin', NULL, '172.31.43.5', 'Chrome 135.0.0.0, Windows 10', '2025-04-05 17:43:58'),
(513, 'demo@learningtreat.com', 'Super Admin', NULL, '172.31.43.5', 'Chrome 135.0.0.0, Windows 10', '2025-04-05 18:02:07'),
(514, 'std48', 'student', 1, '172.31.2.52', 'Chrome 135.0.0.0, Windows 10', '2025-04-05 18:03:39'),
(515, 'demo@learningtreat.com', 'Super Admin', NULL, '172.31.2.52', 'Chrome 135.0.0.0, Windows 10', '2025-04-05 18:28:45'),
(516, 'demo@learningtreat.com', 'Super Admin', NULL, '172.31.43.5', 'Chrome 135.0.0.0, Windows 10', '2025-04-05 19:06:25'),
(517, 'preeti@pgsms.com', 'Teacher', NULL, '172.31.2.52', 'Chrome 135.0.0.0, Windows 10', '2025-04-05 19:16:04'),
(518, 'demo@learningtreat.com', 'Super Admin', NULL, '172.31.2.52', 'Chrome 135.0.0.0, Windows 10', '2025-04-05 19:23:53'),
(519, 'preeti@pgsms.com', 'Teacher', NULL, '172.31.2.52', 'Chrome 135.0.0.0, Windows 10', '2025-04-05 19:24:54'),
(520, 'demo@learningtreat.com', 'Super Admin', NULL, '172.31.43.5', 'Chrome 135.0.0.0, Windows 10', '2025-04-05 21:23:57'),
(521, 'demo@learningtreat.com', 'Super Admin', NULL, '172.31.2.52', 'Chrome 135.0.0.0, Windows 10', '2025-04-06 07:29:33'),
(522, 'demo@learningtreat.com', 'Super Admin', NULL, '172.31.43.5', 'Chrome 135.0.0.0, Windows 10', '2025-04-06 07:50:03'),
(523, 'std41', 'student', 1, '172.31.2.52', 'Chrome 135.0.0.0, Windows 10', '2025-04-06 07:55:51'),
(524, 'demo@learningtreat.com', 'Super Admin', NULL, '172.31.43.5', 'Chrome 135.0.0.0, Windows 10', '2025-04-06 08:03:48'),
(525, 'demo@learningtreat.com', 'Super Admin', NULL, '172.31.43.5', 'Chrome 135.0.0.0, Windows 10', '2025-04-06 09:17:27'),
(526, 'demo@learningtreat.com', 'Super Admin', NULL, '172.31.43.5', 'Chrome 135.0.0.0, Windows 10', '2025-04-06 10:04:02'),
(527, 'demo@learningtreat.com', 'Super Admin', NULL, '172.31.43.5', 'Chrome 135.0.0.0, Windows 10', '2025-04-06 10:12:49'),
(528, 'demo@learningtreat.com', 'Super Admin', NULL, '172.31.43.5', 'Chrome 135.0.0.0, Windows 10', '2025-04-06 15:34:42'),
(529, 'demo@learningtreat.com', 'Super Admin', NULL, '172.31.43.5', 'Chrome 135.0.0.0, Windows 10', '2025-04-06 16:08:31'),
(530, 'demo@learningtreat.com', 'Super Admin', NULL, '172.31.43.5', 'Chrome 135.0.0.0, Windows 10', '2025-04-06 18:08:42'),
(531, 'demo@learningtreat.com', 'Super Admin', NULL, '172.31.2.52', 'Chrome 135.0.0.0, Windows 10', '2025-04-06 18:10:09'),
(532, 'demo@learningtreat.com', 'Super Admin', NULL, '172.31.43.5', 'Chrome 135.0.0.0, Windows 10', '2025-04-06 20:18:08'),
(533, 'demo@learningtreat.com', 'Super Admin', NULL, '172.31.2.52', 'Chrome 135.0.0.0, Windows 10', '2025-04-07 08:42:24'),
(534, 'demo@learningtreat.com', 'Super Admin', NULL, '172.31.43.5', 'Chrome 135.0.0.0, Windows 10', '2025-04-07 09:34:01'),
(535, 'demo@learningtreat.com', 'Super Admin', NULL, '172.31.43.5', 'Chrome 135.0.0.0, Windows 10', '2025-04-07 09:44:41'),
(536, 'demo@learningtreat.com', 'Super Admin', NULL, '172.31.2.52', 'Chrome 135.0.0.0, Windows 10', '2025-04-07 09:48:59'),
(537, 'demo@learningtreat.com', 'Super Admin', NULL, '172.31.2.52', 'Chrome 135.0.0.0, Windows 10', '2025-04-07 10:14:24'),
(538, 'demo@learningtreat.com', 'Super Admin', NULL, '172.31.2.52', 'Firefox 137.0, Windows 10', '2025-04-07 10:27:26'),
(539, 'demo@learningtreat.com', 'Super Admin', NULL, '172.31.43.5', 'Chrome 135.0.0.0, Windows 10', '2025-04-07 11:29:20'),
(540, 'demo@learningtreat.com', 'Super Admin', NULL, '172.31.43.5', 'Chrome 135.0.0.0, Windows 10', '2025-04-07 11:44:24'),
(541, 'demo@learningtreat.com', 'Super Admin', NULL, '172.31.43.5', 'Chrome 135.0.0.0, Windows 10', '2025-04-07 12:01:33'),
(542, 'demo@learningtreat.com', 'Super Admin', NULL, '172.31.43.5', 'Chrome 135.0.0.0, Windows 10', '2025-04-07 13:21:49'),
(543, 'demo@learningtreat.com', 'Super Admin', NULL, '172.31.2.52', 'Chrome 135.0.0.0, Windows 10', '2025-04-07 13:22:38'),
(544, 'demo@learningtreat.com', 'Super Admin', NULL, '172.31.2.52', 'Chrome 135.0.0.0, Windows 10', '2025-04-07 13:23:53'),
(545, 'demo@learningtreat.com', 'Super Admin', NULL, '172.31.43.5', 'Chrome 135.0.0.0, Windows 10', '2025-04-08 07:49:41'),
(546, 'demo@learningtreat.com', 'Super Admin', NULL, '172.31.43.5', 'Chrome 135.0.0.0, Windows 10', '2025-04-08 07:57:38'),
(547, 'demo@learningtreat.com', 'Super Admin', NULL, '172.31.43.5', 'Chrome 135.0.0.0, Windows 10', '2025-04-08 08:04:22'),
(548, 'demo@learningtreat.com', 'Super Admin', NULL, '172.31.2.52', 'Chrome 135.0.0.0, Windows 10', '2025-04-08 08:11:37'),
(549, 'demo@learningtreat.com', 'Super Admin', NULL, '172.31.2.52', 'Chrome 135.0.0.0, Windows 10', '2025-04-08 10:29:57'),
(550, 'demo@learningtreat.com', 'Super Admin', NULL, '172.31.43.5', 'Chrome 135.0.0.0, Windows 10', '2025-04-08 10:48:33'),
(551, 'demo@learningtreat.com', 'Super Admin', NULL, '172.31.43.5', 'Chrome 135.0.0.0, Windows 10', '2025-04-08 10:49:39'),
(552, 'demo@learningtreat.com', 'Super Admin', NULL, '172.31.43.5', 'Chrome 135.0.0.0, Windows 10', '2025-04-08 10:49:45'),
(553, 'demo@learningtreat.com', 'Super Admin', NULL, '172.31.43.5', 'Chrome 135.0.0.0, Windows 10', '2025-04-08 10:51:54'),
(554, 'demo@learningtreat.com', 'Super Admin', NULL, '172.31.2.52', 'Chrome 135.0.0.0, Windows 10', '2025-04-08 10:59:20'),
(555, 'demo@learningtreat.com', 'Super Admin', NULL, '172.31.43.5', 'Chrome 135.0.0.0, Windows 10', '2025-04-08 10:59:26'),
(556, 'demo@learningtreat.com', 'Super Admin', NULL, '172.31.2.52', 'Chrome 135.0.0.0, Windows 10', '2025-04-08 11:01:00'),
(557, 'demo@learningtreat.com', 'Super Admin', NULL, '172.31.2.52', 'Chrome 135.0.0.0, Windows 10', '2025-04-08 11:22:31'),
(558, 'demo@learningtreat.com', 'Super Admin', NULL, '172.31.43.5', 'Chrome 135.0.0.0, Windows 10', '2025-04-08 12:07:46'),
(559, 'demo@learningtreat.com', 'Super Admin', NULL, '172.31.43.5', 'Chrome 135.0.0.0, Windows 10', '2025-04-08 14:44:28'),
(560, 'demo@learningtreat.com', 'Super Admin', NULL, '172.31.2.52', 'Chrome 135.0.0.0, Windows 10', '2025-04-08 14:45:57'),
(561, 'demo@learningtreat.com', 'Super Admin', NULL, '172.31.43.5', 'Chrome 135.0.0.0, Windows 10', '2025-04-08 14:48:04'),
(562, 'demo@learningtreat.com', 'Super Admin', NULL, '172.31.2.52', 'Chrome 135.0.0.0, Windows 10', '2025-04-08 15:40:11'),
(563, 'demo@learningtreat.com', 'Super Admin', NULL, '172.31.2.52', 'Chrome 135.0.0.0, Windows 10', '2025-04-08 18:20:15'),
(564, 'demo@learningtreat.com', 'Super Admin', NULL, '172.31.2.52', 'Chrome 135.0.0.0, Mac OS X', '2025-04-08 19:28:09'),
(565, 'demo@learningtreat.com', 'Super Admin', NULL, '172.31.43.5', 'Chrome 135.0.0.0, Windows 10', '2025-04-08 21:54:41'),
(566, 'std46', 'student', 1, '172.31.2.52', 'Chrome 135.0.0.0, Mac OS X', '2025-04-08 21:57:50'),
(567, 'demo@learningtreat.com', 'Super Admin', NULL, '172.31.43.5', 'Chrome 135.0.0.0, Windows 10', '2025-04-08 22:07:04'),
(568, 'std46', 'student', 1, '172.31.2.52', 'Chrome 135.0.0.0, Windows 10', '2025-04-08 22:07:49'),
(569, 'demo@learningtreat.com', 'Super Admin', NULL, '172.31.2.52', 'Chrome 135.0.0.0, Windows 10', '2025-04-08 22:11:08'),
(570, 'demo@learningtreat.com', 'Super Admin', NULL, '172.31.2.52', 'Chrome 135.0.0.0, Windows 10', '2025-04-08 22:19:18'),
(571, 'std46', 'student', 1, '172.31.2.52', 'Chrome 135.0.0.0, Windows 10', '2025-04-08 22:25:24'),
(572, 'demo@learningtreat.com', 'Super Admin', NULL, '172.31.43.5', 'Chrome 135.0.0.0, Windows 10', '2025-04-08 22:28:27'),
(573, 'std46', 'student', 1, '172.31.2.52', 'Chrome 135.0.0.0, Windows 10', '2025-04-08 22:40:51'),
(574, 'demo@learningtreat.com', 'Super Admin', NULL, '172.31.2.52', 'Chrome 135.0.0.0, Windows 10', '2025-04-08 22:42:38'),
(575, 'std46', 'student', 1, '172.31.43.5', 'Chrome 135.0.0.0, Windows 10', '2025-04-08 22:46:10'),
(576, 'demo@learningtreat.com', 'Super Admin', NULL, '172.31.43.5', 'Chrome 135.0.0.0, Windows 10', '2025-04-08 22:52:48'),
(577, 'demo@learningtreat.com', 'Super Admin', NULL, '172.31.43.5', 'Chrome 135.0.0.0, Windows 10', '2025-04-08 22:54:24'),
(578, 'demo@learningtreat.com', 'Super Admin', NULL, '172.31.2.52', 'Chrome 135.0.0.0, Mac OS X', '2025-04-08 23:12:06'),
(579, 'demo@learningtreat.com', 'Super Admin', NULL, '172.31.2.52', 'Chrome 135.0.0.0, Mac OS X', '2025-04-08 23:15:59'),
(580, 'demo@learningtreat.com', 'Super Admin', NULL, '172.31.2.52', 'Chrome 135.0.0.0, Windows 10', '2025-04-08 23:20:12'),
(581, 'demo@learningtreat.com', 'Super Admin', NULL, '172.31.2.52', 'Chrome 135.0.0.0, Windows 10', '2025-04-08 23:27:38'),
(582, 'std46', 'student', 1, '172.31.2.52', 'Chrome 135.0.0.0, Windows 10', '2025-04-08 23:35:06'),
(583, 'demo@learningtreat.com', 'Super Admin', NULL, '172.31.43.5', 'Chrome 135.0.0.0, Windows 10', '2025-04-08 23:42:19'),
(584, 'std46', 'student', 1, '172.31.43.5', 'Chrome 135.0.0.0, Windows 10', '2025-04-08 23:43:27'),
(585, 'demo@learningtreat.com', 'Super Admin', NULL, '172.31.43.5', 'Chrome 135.0.0.0, Windows 10', '2025-04-08 23:45:15'),
(586, 'std46', 'student', 1, '172.31.2.52', 'Chrome 135.0.0.0, Windows 10', '2025-04-08 23:47:05'),
(587, 'std46', 'student', 1, '172.31.43.5', 'Chrome 135.0.0.0, Windows 10', '2025-04-09 00:01:48'),
(588, 'std46', 'student', 1, '172.31.43.5', 'Chrome 135.0.0.0, Windows 10', '2025-04-09 00:02:35'),
(589, 'demo@learningtreat.com', 'Super Admin', NULL, '172.31.43.5', 'Chrome 135.0.0.0, Windows 10', '2025-04-09 00:05:03'),
(590, 'demo@learningtreat.com', 'Super Admin', NULL, '172.31.2.52', 'Chrome 135.0.0.0, Windows 10', '2025-04-09 00:13:09'),
(591, 'demo@learningtreat.com', 'Super Admin', NULL, '172.31.2.52', 'Chrome 135.0.0.0, Windows 10', '2025-04-09 00:20:47'),
(592, 'std46', 'student', 1, '172.31.2.52', 'Chrome 135.0.0.0, Windows 10', '2025-04-09 00:36:58'),
(593, 'std46', 'student', 1, '172.31.43.5', 'Chrome 135.0.0.0, Windows 10', '2025-04-09 00:38:51'),
(594, 'std46', 'student', 1, '172.31.2.52', 'Chrome 135.0.0.0, Windows 10', '2025-04-09 01:31:56'),
(595, 'std46', 'student', 1, '172.31.43.5', 'Chrome 135.0.0.0, Windows 10', '2025-04-09 06:11:44'),
(596, 'demo@learningtreat.com', 'Super Admin', NULL, '172.31.2.52', 'Chrome 135.0.0.0, Windows 10', '2025-04-09 06:13:03'),
(597, 'std46', 'student', 1, '172.31.43.5', 'Chrome 135.0.0.0, Windows 10', '2025-04-09 06:15:48'),
(598, 'std46', 'student', 1, '172.31.43.5', 'Chrome 135.0.0.0, Windows 10', '2025-04-09 06:17:17'),
(599, 'demo@learningtreat.com', 'Super Admin', NULL, '172.31.2.52', 'Chrome 135.0.0.0, Windows 10', '2025-04-09 06:18:14'),
(600, 'std46', 'student', 1, '172.31.2.52', 'Chrome 135.0.0.0, Windows 10', '2025-04-09 06:25:54'),
(601, 'std46', 'student', 1, '172.31.43.5', 'Chrome 135.0.0.0, Windows 10', '2025-04-09 06:29:30'),
(602, 'demo@learningtreat.com', 'Super Admin', NULL, '172.31.43.5', 'Chrome 135.0.0.0, Windows 10', '2025-04-09 06:32:01'),
(603, 'std46', 'student', 1, '172.31.2.52', 'Chrome 135.0.0.0, Windows 10', '2025-04-09 06:50:37'),
(604, 'demo@learningtreat.com', 'Super Admin', NULL, '172.31.2.52', 'Chrome 135.0.0.0, Windows 10', '2025-04-09 07:39:04'),
(605, 'std46', 'student', 1, '172.31.2.52', 'Chrome 135.0.0.0, Windows 10', '2025-04-09 07:39:45'),
(606, 'demo@learningtreat.com', 'Super Admin', NULL, '172.31.43.5', 'Chrome 135.0.0.0, Windows 10', '2025-04-09 07:41:18'),
(607, 'std46', 'student', 1, '172.31.2.52', 'Chrome 135.0.0.0, Windows 10', '2025-04-09 07:53:23'),
(608, 'demo@learningtreat.com', 'Super Admin', NULL, '172.31.43.5', 'Chrome 135.0.0.0, Windows 10', '2025-04-09 08:01:49'),
(609, 'demo@learningtreat.com', 'Super Admin', NULL, '172.31.2.52', 'Chrome 135.0.0.0, Windows 10', '2025-04-09 08:05:56'),
(610, 'std46', 'student', 1, '172.31.2.52', 'Chrome 135.0.0.0, Windows 10', '2025-04-09 08:06:10'),
(611, 'demo@learningtreat.com', 'Super Admin', NULL, '172.31.43.5', 'Chrome 135.0.0.0, Windows 10', '2025-04-09 08:30:58'),
(612, 'demo@learningtreat.com', 'Super Admin', NULL, '172.31.2.52', 'Chrome 135.0.0.0, Windows 10', '2025-04-09 08:44:44'),
(613, 'preeti@pgsms.com', 'Teacher', NULL, '172.31.43.5', 'Chrome 135.0.0.0, Windows 10', '2025-04-09 08:54:40'),
(614, 'demo@learningtreat.com', 'Super Admin', NULL, '172.31.43.5', 'Chrome 135.0.0.0, Windows 10', '2025-04-09 08:57:04'),
(615, 'std46', 'student', 1, '172.31.2.52', 'Chrome 135.0.0.0, Windows 10', '2025-04-09 09:04:56'),
(616, 'std46', 'student', 1, '172.31.2.52', 'Chrome 135.0.0.0, Windows 10', '2025-04-09 09:04:56'),
(617, 'demo@learningtreat.com', 'Super Admin', NULL, '172.31.43.5', 'Chrome 135.0.0.0, Windows 10', '2025-04-09 09:51:22'),
(618, 'std46', 'student', 1, '172.31.43.5', 'Chrome 135.0.0.0, Windows 10', '2025-04-09 09:53:36'),
(619, 'std46', 'student', 1, '172.31.2.52', 'Chrome 135.0.0.0, Windows 10', '2025-04-09 09:54:22'),
(620, 'demo@learningtreat.com', 'Super Admin', NULL, '172.31.2.52', 'Chrome 135.0.0.0, Windows 10', '2025-04-09 09:55:16'),
(621, 'std46', 'student', 1, '172.31.2.52', 'Chrome 135.0.0.0, Windows 10', '2025-04-09 09:59:09'),
(622, 'demo@learningtreat.com', 'Super Admin', NULL, '172.31.2.52', 'Chrome 135.0.0.0, Windows 10', '2025-04-09 10:04:19'),
(623, 'demo@learningtreat.com', 'Super Admin', NULL, '172.31.2.52', 'Chrome 135.0.0.0, Windows 10', '2025-04-09 10:16:47'),
(624, 'demo@learningtreat.com', 'Super Admin', NULL, '172.31.2.52', 'Chrome 135.0.0.0, Windows 10', '2025-04-09 10:17:04'),
(625, 'std46', 'student', 1, '172.31.2.52', 'Chrome 135.0.0.0, Windows 10', '2025-04-09 10:17:13'),
(626, 'demo@learningtreat.com', 'Super Admin', NULL, '172.31.2.52', 'Chrome 135.0.0.0, Windows 10', '2025-04-09 10:31:31'),
(627, 'std46', 'student', 1, '172.31.2.52', 'Chrome 135.0.0.0, Windows 10', '2025-04-09 10:31:54'),
(628, 'demo@learningtreat.com', 'Super Admin', NULL, '172.31.2.52', 'Chrome 135.0.0.0, Windows 10', '2025-04-09 10:52:10'),
(629, 'demo@learningtreat.com', 'Super Admin', NULL, '172.31.43.5', 'Chrome 135.0.0.0, Windows 10', '2025-04-09 11:34:08'),
(630, 'demo@learningtreat.com', 'Super Admin', NULL, '172.31.43.5', 'Chrome 135.0.0.0, Windows 10', '2025-04-09 11:35:30'),
(631, 'std46', 'student', 1, '172.31.43.5', 'Chrome 135.0.0.0, Windows 10', '2025-04-09 12:43:54'),
(632, 'std46', 'student', 1, '172.31.2.52', 'Chrome 135.0.0.0, Windows 10', '2025-04-09 15:19:07'),
(633, 'demo@learningtreat.com', 'Super Admin', NULL, '172.31.2.52', 'Chrome 135.0.0.0, Windows 10', '2025-04-09 17:28:58'),
(634, 'demo@learningtreat.com', 'Super Admin', NULL, '172.31.43.5', 'Chrome 135.0.0.0, Windows 10', '2025-04-09 22:53:38'),
(635, 'std46', 'student', 1, '172.31.43.5', 'Chrome 135.0.0.0, Windows 10', '2025-04-09 23:00:15'),
(636, 'demo@learningtreat.com', 'Super Admin', NULL, '172.31.2.52', 'Chrome 135.0.0.0, Windows 10', '2025-04-09 23:01:24'),
(637, 'std48', 'student', 1, '172.31.2.52', 'Chrome 135.0.0.0, Windows 10', '2025-04-09 23:01:51'),
(638, 'std46', 'student', 1, '172.31.2.52', 'Chrome 135.0.0.0, Windows 10', '2025-04-10 07:39:28'),
(639, 'demo@learningtreat.com', 'Super Admin', NULL, '172.31.2.52', 'Chrome 135.0.0.0, Windows 10', '2025-04-10 08:09:08'),
(640, 'std75', 'student', 1, '172.31.43.5', 'Chrome 135.0.0.0, Windows 10', '2025-04-10 08:11:20'),
(641, 'std48', 'student', 1, '172.31.43.5', 'Chrome 135.0.0.0, Windows 10', '2025-04-10 08:13:46'),
(642, 'std46', 'student', 1, '172.31.2.52', 'Chrome 135.0.0.0, Windows 10', '2025-04-10 08:15:12'),
(643, 'demo@learningtreat.com', 'Super Admin', NULL, '172.31.43.5', 'Chrome 135.0.0.0, Windows 10', '2025-04-10 09:29:32'),
(644, 'demo@learningtreat.com', 'Super Admin', NULL, '172.31.43.5', 'Chrome 135.0.0.0, Windows 10', '2025-04-10 09:30:56'),
(645, 'std50', 'student', 1, '172.31.43.5', 'Chrome 135.0.0.0, Windows 10', '2025-04-10 09:31:54'),
(646, 'std46', 'student', 1, '172.31.43.5', 'Chrome 135.0.0.0, Windows 10', '2025-04-10 10:15:16'),
(647, 'demo@learningtreat.com', 'Super Admin', NULL, '172.31.43.5', 'Chrome 135.0.0.0, Windows 10', '2025-04-10 10:23:42'),
(648, 'std46', 'student', 1, '172.31.43.5', 'Chrome 135.0.0.0, Windows 10', '2025-04-10 10:23:56'),
(649, 'demo@learningtreat.com', 'Super Admin', NULL, '172.31.2.52', 'Chrome 135.0.0.0, Windows 10', '2025-04-10 10:29:57'),
(650, 'demo@learningtreat.com', 'Super Admin', NULL, '172.31.43.5', 'Chrome 135.0.0.0, Windows 10', '2025-04-10 10:31:03'),
(651, 'std46', 'student', 1, '172.31.2.52', 'Chrome 135.0.0.0, Windows 10', '2025-04-10 10:31:41'),
(652, 'std46', 'student', 1, '172.31.2.52', 'Chrome 135.0.0.0, Windows 10', '2025-04-10 10:33:24'),
(653, 'demo@learningtreat.com', 'Super Admin', NULL, '172.31.43.5', 'Chrome 135.0.0.0, Windows 10', '2025-04-10 10:33:56'),
(654, 'demo@learningtreat.com', 'Super Admin', NULL, '172.31.2.52', 'Chrome 135.0.0.0, Windows 10', '2025-04-10 10:46:54'),
(655, 'std46', 'student', 1, '172.31.2.52', 'Chrome 135.0.0.0, Windows 10', '2025-04-10 10:54:01'),
(656, 'std46', 'student', 1, '172.31.2.52', 'Chrome 135.0.0.0, Windows 10', '2025-04-10 10:54:56'),
(657, 'demo@learningtreat.com', 'Super Admin', NULL, '172.31.43.5', 'Chrome 135.0.0.0, Mac OS X', '2025-04-10 11:00:33'),
(658, 'demo@learningtreat.com', 'Super Admin', NULL, '172.31.43.5', 'Chrome 134.0.0.0, Android', '2025-04-10 11:34:30'),
(659, 'std46', 'student', 1, '172.31.43.5', 'Chrome 134.0.0.0, Android', '2025-04-10 11:35:48'),
(660, 'demo@learningtreat.com', 'Super Admin', NULL, '172.31.43.5', 'Chrome 134.0.0.0, Android', '2025-04-10 11:37:26'),
(661, 'preeti@pgsms.com', 'Teacher', NULL, '172.31.43.5', 'Chrome 134.0.0.0, Android', '2025-04-10 11:38:03'),
(662, 'demo@learningtreat.com', 'Super Admin', NULL, '172.31.43.5', 'Chrome 135.0.0.0, Windows 10', '2025-04-10 11:39:41'),
(663, 'demo@learningtreat.com', 'Super Admin', NULL, '172.31.43.5', 'Chrome 135.0.0.0, Windows 10', '2025-04-10 11:40:58'),
(664, 'std46', 'student', 1, '172.31.43.5', 'Chrome 135.0.0.0, Windows 10', '2025-04-10 11:44:33'),
(665, 'demo@learningtreat.com', 'Super Admin', NULL, '172.31.43.5', 'Chrome 135.0.0.0, Windows 10', '2025-04-10 11:55:54'),
(666, 'demo@learningtreat.com', 'Super Admin', NULL, '172.31.2.52', 'Chrome 135.0.0.0, Windows 10', '2025-04-10 15:30:24'),
(667, 'std46', 'student', 1, '172.31.2.52', 'Chrome 135.0.0.0, Windows 10', '2025-04-10 15:31:17'),
(668, 'demo@learningtreat.com', 'Super Admin', NULL, '172.31.43.5', 'Chrome 135.0.0.0, Windows 10', '2025-04-10 15:32:45'),
(669, 'demo@learningtreat.com', 'Super Admin', NULL, '172.31.43.5', 'Chrome 135.0.0.0, Windows 10', '2025-04-10 16:45:50'),
(670, 'std46', 'student', 1, '172.31.43.5', 'Chrome 135.0.0.0, Windows 10', '2025-04-10 17:43:45'),
(671, 'demo@learningtreat.com', 'Super Admin', NULL, '172.31.43.5', 'Chrome 135.0.0.0, Windows 10', '2025-04-10 17:44:12'),
(672, 'demo@learningtreat.com', 'Super Admin', NULL, '172.31.43.5', 'Chrome 135.0.0.0, Windows 10', '2025-04-10 18:12:53'),
(673, 'demo@learningtreat.com', 'Super Admin', NULL, '172.31.2.52', 'Chrome 135.0.0.0, Windows 10', '2025-04-10 18:29:04'),
(674, 'demo@learningtreat.com', 'Super Admin', NULL, '172.31.43.5', 'Chrome 135.0.0.0, Windows 10', '2025-04-10 18:43:52'),
(675, 'std46', 'student', 1, '172.31.2.52', 'Chrome 135.0.0.0, Windows 10', '2025-04-11 11:32:40'),
(676, 'demo@learningtreat.com', 'Super Admin', NULL, '172.31.43.5', 'Chrome 135.0.0.0, Mac OS X', '2025-04-11 12:31:20'),
(677, 'demo@learningtreat.com', 'Super Admin', NULL, '172.31.43.5', 'Chrome 135.0.0.0, Windows 10', '2025-04-11 12:49:32'),
(678, 'demo@learningtreat.com', 'Super Admin', NULL, '172.31.2.52', 'Chrome 135.0.0.0, Windows 10', '2025-04-11 13:37:16'),
(679, 'demo@learningtreat.com', 'Super Admin', NULL, '172.31.43.5', 'Chrome 135.0.0.0, Windows 10', '2025-04-11 16:38:59'),
(680, 'demo@learningtreat.com', 'Super Admin', NULL, '172.31.2.52', 'Chrome 135.0.0.0, Mac OS X', '2025-04-11 20:40:02'),
(681, 'demo@learningtreat.com', 'Super Admin', NULL, '172.31.43.5', 'Chrome 135.0.0.0, Mac OS X', '2025-04-11 21:14:11'),
(682, 'demo@learningtreat.com', 'Super Admin', NULL, '172.31.2.52', 'Chrome 135.0.0.0, Windows 10', '2025-04-11 21:18:07'),
(683, 'demo@learningtreat.com', 'Super Admin', NULL, '172.31.43.5', 'Chrome 135.0.0.0, Windows 10', '2025-04-11 23:01:22'),
(684, 'demo@learningtreat.com', 'Super Admin', NULL, '172.31.2.52', 'Chrome 135.0.0.0, Windows 10', '2025-04-12 06:51:52'),
(685, 'demo@learningtreat.com', 'Super Admin', NULL, '172.31.2.52', 'Chrome 135.0.0.0, Windows 10', '2025-04-12 07:52:41'),
(686, 'preeti@pgsms.com', 'Teacher', NULL, '172.31.2.52', 'Chrome 135.0.0.0, Windows 10', '2025-04-12 07:57:11'),
(687, 'demo@learningtreat.com', 'Super Admin', NULL, '172.31.2.52', 'Chrome 135.0.0.0, Windows 10', '2025-04-12 08:00:07'),
(688, 'demo@learningtreat.com', 'Super Admin', NULL, '172.31.2.52', 'Chrome 135.0.0.0, Windows 10', '2025-04-12 09:08:06'),
(689, 'demo@learningtreat.com', 'Super Admin', NULL, '172.31.43.5', 'Chrome 135.0.0.0, Windows 10', '2025-04-12 10:17:44'),
(690, 'demo@learningtreat.com', 'Super Admin', NULL, '172.31.2.52', 'Chrome 135.0.0.0, Windows 10', '2025-04-12 11:05:46'),
(691, 'demo@learningtreat.com', 'Super Admin', NULL, '172.31.2.52', 'Chrome 134.0.0.0, Android', '2025-04-12 12:15:28'),
(692, 'std46', 'student', 1, '172.31.15.60', 'Chrome 134.0.0.0, Android', '2025-04-12 13:31:20'),
(693, 'demo@learningtreat.com', 'Super Admin', NULL, '172.31.15.60', 'Chrome 135.0.0.0, Windows 10', '2025-04-12 14:32:08'),
(694, 'demo@learningtreat.com', 'Super Admin', NULL, '172.31.35.20', 'Chrome 135.0.0.0, Windows 10', '2025-04-12 14:33:22'),
(695, 'std46', 'student', 1, '172.31.35.20', 'Chrome 135.0.0.0, Windows 10', '2025-04-12 14:34:20'),
(696, 'demo@learningtreat.com', 'Super Admin', NULL, '172.31.35.20', 'Chrome 135.0.0.0, Windows 10', '2025-04-12 14:39:05'),
(697, 'std44', 'student', 1, '172.31.15.60', 'Chrome 135.0.0.0, Windows 10', '2025-04-12 14:40:02'),
(698, 'demo@learningtreat.com', 'Super Admin', NULL, '172.31.35.20', 'Chrome 135.0.0.0, Mac OS X', '2025-04-13 13:50:48'),
(699, 'demo@learningtreat.com', 'Super Admin', NULL, '172.31.35.20', 'Chrome 135.0.0.0, Windows 10', '2025-04-13 15:23:37'),
(700, 'principal@pg.com', 'Principal', NULL, '172.31.15.60', 'Chrome 135.0.0.0, Windows 10', '2025-04-13 15:26:39'),
(701, 'demo@learningtreat.com', 'Super Admin', NULL, '172.31.35.20', 'Chrome 135.0.0.0, Windows 10', '2025-04-13 15:27:07'),
(702, 'demo@learningtreat.com', 'Super Admin', NULL, '172.31.15.60', 'Chrome 135.0.0.0, Windows 10', '2025-04-14 10:14:08'),
(703, 'demo@learningtreat.com', 'Super Admin', NULL, '172.31.15.60', 'Chrome 135.0.0.0, Windows 10', '2025-04-14 12:57:43'),
(704, 'demo@learningtreat.com', 'Super Admin', NULL, '172.31.15.60', 'Chrome 135.0.0.0, Windows 10', '2025-04-14 22:48:46'),
(705, 'demo@learningtreat.com', 'Super Admin', NULL, '172.31.35.20', 'Chrome 135.0.0.0, Windows 10', '2025-04-15 10:30:52'),
(706, 'std46', 'student', 1, '172.31.15.60', 'Chrome 135.0.0.0, Windows 10', '2025-04-15 10:37:24'),
(707, 'demo@learningtreat.com', 'Super Admin', NULL, '172.31.35.20', 'Chrome 135.0.0.0, Mac OS X', '2025-04-15 16:24:57'),
(708, 'demo@learningtreat.com', 'Super Admin', NULL, '172.31.41.227', 'Chrome 135.0.0.0, Windows 10', '2025-04-15 16:43:49'),
(709, 'demo@learningtreat.com', 'Super Admin', NULL, '172.31.13.108', 'Chrome 135.0.0.0, Windows 10', '2025-04-15 18:22:43'),
(710, 'demo@pgsms.com', 'Super Admin', NULL, '172.31.38.132', 'Chrome 135.0.0.0, Windows 10', '2025-04-15 19:29:16'),
(711, 'demo@pgsms.com', 'Super Admin', NULL, '172.31.13.108', 'Chrome 135.0.0.0, Windows 10', '2025-04-15 19:30:38'),
(712, 'demo@pgsms.com', 'Super Admin', NULL, '172.31.13.108', 'Chrome 135.0.0.0, Android', '2025-04-15 19:47:19'),
(713, 'demo@pgsms.com', 'Super Admin', NULL, '172.31.13.108', 'Chrome 135.0.0.0, Windows 10', '2025-04-15 20:02:52'),
(714, 'demo@pgsms.com', 'Super Admin', NULL, '172.31.38.132', 'Chrome 135.0.0.0, Windows 10', '2025-04-15 21:08:05'),
(715, 'demo@pgsms.com', 'Super Admin', NULL, '172.31.13.108', 'Chrome 135.0.0.0, Android', '2025-04-15 21:19:11'),
(716, 'std50', 'student', 1, '172.31.13.108', 'Chrome 135.0.0.0, Android', '2025-04-15 21:20:06'),
(717, 'demo@pgsms.com', 'Super Admin', NULL, '172.31.38.132', 'Chrome 135.0.0.0, Windows 10', '2025-04-15 21:29:38'),
(718, 'demo@pgsms.com', 'Super Admin', NULL, '172.31.13.108', 'Firefox 137.0, Windows 10', '2025-04-15 21:40:46'),
(719, 'demo@pgsms.com', 'Super Admin', NULL, '172.31.38.132', 'Chrome 135.0.0.0, Windows 10', '2025-04-15 22:28:00'),
(720, 'demo@pgsms.com', 'Super Admin', NULL, '172.31.8.246', 'Chrome 135.0.0.0, Windows 10', '2025-04-16 17:38:39'),
(721, 'demo@pgsms.com', 'Super Admin', NULL, '172.31.8.246', 'Chrome 135.0.0.0, Windows 10', '2025-04-16 17:39:44'),
(722, 'demo@pgsms.com', 'Super Admin', NULL, '172.31.8.246', 'Firefox 137.0, Windows 10', '2025-04-16 17:41:03'),
(723, 'demo@pgsms.com', 'Super Admin', NULL, '172.31.41.45', 'Chrome 135.0.0.0, Windows 10', '2025-04-16 22:46:42'),
(724, 'demo@pgsms.com', 'Super Admin', NULL, '172.31.41.45', 'Chrome 135.0.0.0, Windows 10', '2025-04-16 22:54:49'),
(725, 'demo@pgsms.com', 'Super Admin', NULL, '172.31.41.45', 'Chrome 135.0.0.0, Android', '2025-04-16 23:30:39'),
(726, 'demo@pgsms.com', 'Super Admin', NULL, '172.31.8.246', 'Chrome 135.0.0.0, Mac OS X', '2025-04-18 13:45:37'),
(727, 'demo@pgsms.com', 'Super Admin', NULL, '172.31.8.246', 'Chrome 135.0.0.0, Windows 10', '2025-04-18 13:46:30'),
(728, 'demo@pgsms.com', 'Super Admin', NULL, '172.31.8.246', 'Safari 605.1.15, Mac OS X', '2025-04-18 14:05:20'),
(729, 'demo@pgsms.com', 'Super Admin', NULL, '172.31.41.45', 'Chrome 135.0.0.0, Windows 10', '2025-04-18 14:05:50'),
(730, 'preeti@pgsms.com', 'Teacher', NULL, '172.31.8.246', 'Chrome 135.0.0.0, Windows 10', '2025-04-18 15:18:35'),
(731, 'demo@pgsms.com', 'Super Admin', NULL, '172.31.8.246', 'Chrome 135.0.0.0, Windows 10', '2025-04-18 15:20:40'),
(732, 'demo@pgsms.com', 'Super Admin', NULL, '172.31.8.246', 'Chrome 135.0.0.0, Windows 10', '2025-04-18 17:21:35'),
(733, 'demo@pgsms.com', 'Super Admin', NULL, '172.31.8.246', 'Chrome 135.0.0.0, Windows 10', '2025-04-19 09:56:48'),
(734, 'demo@pgsms.com', 'Super Admin', NULL, '172.31.41.45', 'Chrome 135.0.0.0, Windows 10', '2025-04-19 21:13:29'),
(735, 'demo@pgsms.com', 'Super Admin', NULL, '172.31.8.246', 'Chrome 135.0.0.0, Windows 10', '2025-04-20 07:53:30'),
(736, 'demo@pgsms.com', 'Super Admin', NULL, '172.31.41.45', 'Chrome 135.0.0.0, Android', '2025-04-20 09:54:37'),
(737, 'demo@pgsms.com', 'Super Admin', NULL, '172.31.16.237', 'Chrome 135.0.0.0, Windows 10', '2025-04-21 12:34:45'),
(738, 'demo@pgsms.com', 'Super Admin', NULL, '172.31.41.45', 'Chrome 135.0.0.0, Windows 10', '2025-04-21 13:11:34'),
(739, 'demo@pgsms.com', 'Super Admin', NULL, '172.31.16.237', 'Chrome 135.0.0.0, Windows 10', '2025-04-21 13:29:00'),
(740, 'demo@pgsms.com', 'Super Admin', NULL, '172.31.41.45', 'Chrome 135.0.0.0, Windows 10', '2025-04-21 13:38:16'),
(741, 'demo@pgsms.com', 'Super Admin', NULL, '172.31.2.31', 'Chrome 135.0.0.0, Windows 10', '2025-04-21 17:46:32'),
(742, 'demo@pgsms.com', 'Super Admin', NULL, '172.31.41.45', 'Chrome 135.0.0.0, Windows 10', '2025-04-21 18:16:53'),
(743, 'demo@pgsms.com', 'Super Admin', NULL, '172.31.2.31', 'Chrome 135.0.0.0, Windows 10', '2025-04-21 19:43:50'),
(744, 'demo@pgsms.com', 'Super Admin', NULL, '172.31.16.237', 'Chrome 135.0.0.0, Windows 10', '2025-04-21 22:36:59'),
(745, 'demo@pgsms.com', 'Super Admin', NULL, '172.31.41.45', 'Chrome 135.0.0.0, Windows 10', '2025-04-21 22:38:08'),
(746, 'demo@pgsms.com', 'Super Admin', NULL, '172.31.41.45', 'Chrome 135.0.0.0, Windows 10', '2025-04-22 09:55:08'),
(747, 'demo@pgsms.com', 'Super Admin', NULL, '172.31.16.237', 'Chrome 135.0.0.0, Windows 10', '2025-04-22 12:33:21'),
(748, 'demo@pgsms.com', 'Super Admin', NULL, '172.31.2.31', 'Chrome 135.0.0.0, Windows 10', '2025-04-22 14:46:35'),
(749, 'demo@pgsms.com', 'Super Admin', NULL, '172.31.16.237', 'Chrome 135.0.0.0, Windows 10', '2025-04-23 11:06:32'),
(750, 'demo@pgsms.com', 'Super Admin', NULL, '172.31.41.45', 'Chrome 135.0.0.0, Windows 10', '2025-04-23 14:22:53'),
(751, 'demo@pgsms.com', 'Super Admin', NULL, '172.31.16.237', 'Chrome 135.0.0.0, Windows 10', '2025-04-23 14:56:20'),
(752, 'demo@pgsms.com', 'Super Admin', NULL, '172.31.16.237', 'Chrome 135.0.0.0, Windows 10', '2025-04-23 18:07:59'),
(753, 'demo@pgsms.com', 'Super Admin', NULL, '172.31.2.31', 'Chrome 135.0.0.0, Windows 10', '2025-04-24 13:16:40'),
(754, 'demo@pgsms.com', 'Super Admin', NULL, '172.31.16.237', 'Chrome 135.0.0.0, Windows 10', '2025-04-25 10:13:59'),
(755, 'demo@pgsms.com', 'Super Admin', NULL, '172.31.2.31', 'Chrome 135.0.0.0, Windows 10', '2025-04-25 11:03:45'),
(756, 'demo@pgsms.com', 'Super Admin', NULL, '172.31.41.45', 'Chrome 135.0.0.0, Windows 10', '2025-04-25 11:56:18'),
(757, 'demo@pgsms.com', 'Super Admin', NULL, '172.31.16.237', 'Chrome 135.0.0.0, Windows 10', '2025-04-25 15:29:56'),
(758, 'demo@pgsms.com', 'Super Admin', NULL, '172.31.2.31', 'Chrome 135.0.0.0, Windows 10', '2025-04-25 15:34:42'),
(759, 'demo@pgsms.com', 'Super Admin', NULL, '172.31.16.237', 'Chrome 135.0.0.0, Windows 10', '2025-04-25 15:51:08'),
(760, 'demo@pgsms.com', 'Super Admin', NULL, '172.31.2.31', 'Chrome 135.0.0.0, Windows 10', '2025-04-25 16:03:06'),
(761, 'demo@pgsms.com', 'Super Admin', NULL, '172.31.16.237', 'Chrome 135.0.0.0, Windows 10', '2025-04-26 10:19:12'),
(762, 'demo@pgsms.com', 'Super Admin', NULL, '172.31.16.237', 'Chrome 135.0.0.0, Windows 10', '2025-04-26 17:10:37'),
(763, 'demo@pgsms.com', 'Super Admin', NULL, '172.31.16.237', 'Safari 605.1.15, Mac OS X', '2025-04-28 10:43:23'),
(764, 'demo@pgsms.com', 'Super Admin', NULL, '172.31.2.31', 'Chrome 135.0.0.0, Windows 10', '2025-04-28 16:51:02'),
(765, 'demo@pgsms.com', 'Super Admin', NULL, '172.31.2.31', 'Chrome 135.0.0.0, Windows 10', '2025-04-28 16:51:47'),
(766, 'demo@pgsms.com', 'Super Admin', NULL, '172.31.2.31', 'Chrome 135.0.0.0, Windows 10', '2025-04-29 13:11:10'),
(767, 'demo@pgsms.com', 'Super Admin', NULL, '172.31.2.31', 'Chrome 135.0.0.0, Windows 10', '2025-04-29 13:28:33'),
(768, 'demo@pgsms.com', 'Super Admin', NULL, '172.31.2.31', 'Chrome 135.0.0.0, Windows 10', '2025-04-29 13:37:55'),
(769, 'demo@pgsms.com', 'Super Admin', NULL, '172.31.16.237', 'Chrome 135.0.0.0, Windows 10', '2025-04-29 13:51:45'),
(770, 'demo@pgsms.com', 'Super Admin', NULL, '172.31.2.31', 'Chrome 135.0.0.0, Windows 10', '2025-04-29 14:56:55'),
(771, 'demo@pgsms.com', 'Super Admin', NULL, '172.31.2.31', 'Chrome 135.0.0.0, Windows 10', '2025-04-29 15:05:41'),
(772, 'demo@pgsms.com', 'Super Admin', NULL, '172.31.16.237', 'Chrome 135.0.0.0, Windows 10', '2025-04-29 15:16:01'),
(773, 'demo@pgsms.com', 'Super Admin', NULL, '172.31.16.237', 'Chrome 135.0.0.0, Windows 10', '2025-04-29 18:24:50'),
(774, 'demo@pgsms.com', 'Super Admin', NULL, '172.31.16.237', 'Chrome 135.0.0.0, Windows 10', '2025-04-29 22:34:09'),
(775, 'demo@pgsms.com', 'Super Admin', NULL, '172.31.16.237', 'Chrome 135.0.0.0, Windows 10', '2025-04-29 22:41:37'),
(776, 'demo@pgsms.com', 'Super Admin', NULL, '172.31.16.237', 'Chrome 135.0.0.0, Windows 10', '2025-04-29 22:59:30'),
(777, 'demo@pgsms.com', 'Super Admin', NULL, '172.31.34.250', 'Chrome 135.0.0.0, Windows 10', '2025-04-29 22:59:30'),
(778, 'demo@pgsms.com', 'Super Admin', NULL, '172.31.16.237', 'Chrome 135.0.0.0, Windows 10', '2025-04-29 23:08:03'),
(779, 'demo@pgsms.com', 'Super Admin', NULL, '172.31.16.237', 'Chrome 135.0.0.0, Windows 10', '2025-04-29 23:08:04'),
(780, 'demo@pgsms.com', 'Super Admin', NULL, '172.31.34.250', 'Chrome 135.0.0.0, Windows 10', '2025-04-30 08:54:23'),
(781, 'demo@pgsms.com', 'Super Admin', NULL, '172.31.34.250', 'Chrome 135.0.0.0, Windows 10', '2025-04-30 09:12:34'),
(782, 'demo@pgsms.com', 'Super Admin', NULL, '172.31.2.31', 'Chrome 135.0.0.0, Windows 10', '2025-04-30 09:46:10'),
(783, 'demo@pgsms.com', 'Super Admin', NULL, '172.31.2.31', 'Chrome 135.0.0.0, Windows 10', '2025-04-30 09:56:59'),
(784, 'demo@pgsms.com', 'Super Admin', NULL, '172.31.34.250', 'Chrome 135.0.0.0, Windows 10', '2025-04-30 10:39:34'),
(785, 'demo@pgsms.com', 'Super Admin', NULL, '172.31.34.250', 'Chrome 135.0.0.0, Windows 10', '2025-04-30 15:58:04'),
(786, 'demo@pgsms.com', 'Super Admin', NULL, '172.31.16.237', 'Chrome 135.0.0.0, Windows 10', '2025-04-30 16:04:28'),
(787, 'std46', 'student', 1, '172.31.16.237', 'Chrome 135.0.0.0, Windows 10', '2025-04-30 16:21:43'),
(788, 'demo@pgsms.com', 'Super Admin', NULL, '172.31.16.237', 'Chrome 135.0.0.0, Windows 10', '2025-04-30 16:22:56'),
(789, 'demo@pgsms.com', 'Super Admin', NULL, '172.31.34.250', 'Chrome 135.0.0.0, Windows 10', '2025-04-30 17:36:51'),
(790, 'demo@pgsms.com', 'Super Admin', NULL, '172.31.16.237', 'Chrome 135.0.0.0, Windows 10', '2025-04-30 17:51:58'),
(791, 'demo@pgsms.com', 'Super Admin', NULL, '172.31.34.250', 'Chrome 135.0.0.0, Windows 10', '2025-04-30 18:23:47'),
(792, 'demo@pgsms.com', 'Super Admin', NULL, '172.31.34.250', 'Chrome 135.0.0.0, Windows 10', '2025-05-01 15:27:07'),
(793, 'demo@pgsms.com', 'Super Admin', NULL, '172.31.34.250', 'Safari 605.1.15, Mac OS X', '2025-05-03 08:01:34'),
(794, 'demo@pgsms.com', 'Super Admin', NULL, '172.31.24.100', 'Chrome 135.0.0.0, Windows 10', '2025-05-05 14:16:25'),
(795, 'demo@pgsms.com', 'Super Admin', NULL, '172.31.13.22', 'Chrome 135.0.0.0, Windows 10', '2025-05-06 13:18:05'),
(796, 'demo@pgsms.com', 'Super Admin', NULL, '172.31.34.250', 'Chrome 136.0.0.0, Windows 10', '2025-05-06 14:44:00'),
(797, 'demo@pgsms.com', 'Super Admin', NULL, '172.31.34.250', 'Safari 605.1.15, Mac OS X', '2025-05-06 14:46:12'),
(798, 'demo@pgsms.com', 'Super Admin', NULL, '172.31.13.22', 'Chrome 136.0.0.0, Windows 10', '2025-05-06 16:04:17'),
(799, 'demo@pgsms.com', 'Super Admin', NULL, '172.31.34.250', 'Chrome 136.0.0.0, Windows 10', '2025-05-06 16:19:35'),
(800, 'demo@pgsms.com', 'Super Admin', NULL, '172.31.24.100', 'Chrome 135.0.0.0, Windows 10', '2025-05-06 16:22:22'),
(801, 'demo@pgsms.com', 'Super Admin', NULL, '172.31.24.100', 'Chrome 135.0.0.0, Windows 10', '2025-05-06 16:38:41'),
(802, 'demo@pgsms.com', 'Super Admin', NULL, '172.31.24.100', 'Chrome 135.0.0.0, Windows 10', '2025-05-06 16:49:48'),
(803, 'demo@pgsms.com', 'Super Admin', NULL, '172.31.13.22', 'Firefox 138.0, Windows 10', '2025-05-06 16:58:54'),
(804, 'std46', 'student', 1, '172.31.24.100', 'Chrome 135.0.0.0, Windows 10', '2025-05-06 17:04:40'),
(805, 'demo@pgsms.com', 'Super Admin', NULL, '172.31.13.22', 'Chrome 135.0.0.0, Windows 10', '2025-05-06 17:05:47'),
(806, 'demo@pgsms.com', 'Super Admin', NULL, '172.31.24.100', 'Safari 605.1.15, Mac OS X', '2025-05-06 17:20:52'),
(807, 'demo@pgsms.com', 'Super Admin', NULL, '172.31.13.22', 'Chrome 135.0.0.0, Windows 10', '2025-05-06 17:43:41'),
(808, 'std48', 'student', 1, '172.31.34.250', 'Chrome 135.0.0.0, Windows 10', '2025-05-06 18:04:32'),
(809, 'demo@pgsms.com', 'Super Admin', NULL, '172.31.13.22', 'Chrome 135.0.0.0, Windows 10', '2025-05-06 18:06:45'),
(810, 'std50', 'student', 1, '172.31.13.22', 'Chrome 135.0.0.0, Windows 10', '2025-05-06 18:07:21'),
(811, 'demo@pgsms.com', 'Super Admin', NULL, '172.31.24.100', 'Chrome 135.0.0.0, Windows 10', '2025-05-06 18:08:59'),
(812, 'std44', 'student', 1, '172.31.34.250', 'Chrome 135.0.0.0, Windows 10', '2025-05-06 18:10:25'),
(813, 'demo@pgsms.com', 'Super Admin', NULL, '172.31.24.100', 'Chrome 135.0.0.0, Windows 10', '2025-05-06 18:11:37'),
(814, 'std41', 'student', 1, '172.31.24.100', 'Chrome 135.0.0.0, Windows 10', '2025-05-06 18:12:23'),
(815, 'demo@pgsms.com', 'Super Admin', NULL, '172.31.24.100', 'Chrome 135.0.0.0, Windows 10', '2025-05-06 18:13:40'),
(816, 'demo@pgsms.com', 'Super Admin', NULL, '172.31.34.250', 'Chrome 135.0.0.0, Windows 10', '2025-05-06 18:25:06'),
(817, 'demo@pgsms.com', 'Super Admin', NULL, '172.31.34.250', 'Safari 605.1.15, Mac OS X', '2025-05-06 18:41:25'),
(818, 'demo@pgsms.com', 'Super Admin', NULL, '172.31.13.22', 'Chrome 136.0.0.0, Windows 10', '2025-05-06 19:39:28'),
(819, 'demo@pgsms.com', 'Super Admin', NULL, '172.31.13.22', 'Chrome 135.0.0.0, Windows 10', '2025-05-06 19:41:14'),
(820, 'demo@pgsms.com', 'Super Admin', NULL, '172.31.13.22', 'Chrome 135.0.0.0, Windows 10', '2025-05-06 20:49:06'),
(821, 'demo@pgsms.com', 'Super Admin', NULL, '172.31.34.250', 'Chrome 136.0.0.0, Windows 10', '2025-05-06 20:49:42'),
(822, 'demo@pgsms.com', 'Super Admin', NULL, '172.31.24.100', 'Chrome 135.0.0.0, Windows 10', '2025-05-06 21:10:37'),
(823, 'demo@pgsms.com', 'Super Admin', NULL, '172.31.24.100', 'Chrome 136.0.0.0, Windows 10', '2025-05-06 21:16:04'),
(824, 'demo@pgsms.com', 'Super Admin', NULL, '172.31.34.250', 'Safari 605.1.15, Mac OS X', '2025-05-06 21:26:30'),
(825, 'demo@pgsms.com', 'Super Admin', NULL, '172.31.34.250', 'Chrome 135.0.0.0, Windows 10', '2025-05-06 21:59:28'),
(826, 'demo@pgsms.com', 'Super Admin', NULL, '172.31.34.250', 'Safari 605.1.15, Mac OS X', '2025-05-06 22:05:40'),
(827, 'demo@pgsms.com', 'Super Admin', NULL, '172.31.13.22', 'Chrome 136.0.0.0, Windows 10', '2025-05-06 22:42:37'),
(828, 'demo@pgsms.com', 'Super Admin', NULL, '172.31.13.22', 'Chrome 136.0.0.0, Windows 10', '2025-05-06 22:43:25'),
(829, 'demo@pgsms.com', 'Super Admin', NULL, '172.31.13.22', 'Chrome 135.0.0.0, Windows 10', '2025-05-06 22:43:52'),
(830, 'demo@pgsms.com', 'Super Admin', NULL, '172.31.34.250', 'Chrome 136.0.0.0, Windows 10', '2025-05-06 22:54:28'),
(831, 'demo@pgsms.com', 'Super Admin', NULL, '172.31.24.100', 'Safari 605.1.15, Mac OS X', '2025-05-06 23:13:48'),
(832, 'demo@pgsms.com', 'Super Admin', NULL, '172.31.13.22', 'Chrome 136.0.0.0, Windows 10', '2025-05-07 10:13:38'),
(833, 'demo@pgsms.com', 'Super Admin', NULL, '172.31.34.250', 'Chrome 136.0.0.0, Windows 10', '2025-05-07 10:17:30'),
(834, 'demo@pgsms.com', 'Super Admin', NULL, '172.31.24.100', 'Chrome 135.0.0.0, Windows 10', '2025-05-07 10:40:24'),
(835, 'demo@pgsms.com', 'Super Admin', NULL, '172.31.24.100', 'Chrome 136.0.0.0, Windows 10', '2025-05-07 11:00:27'),
(836, 'admin@learningtreat.com', 'Admin', NULL, '::1', 'Chrome 136.0.0.0, Windows 10', '2025-05-09 08:29:28'),
(837, 'demo@pgsms.com', 'Super Admin', NULL, '::1', 'Chrome 136.0.0.0, Windows 10', '2025-05-09 08:44:13'),
(838, 'amankumar020003@gmail.com', 'Accountant', NULL, '::1', 'Chrome 136.0.0.0, Windows 10', '2025-05-09 08:44:52'),
(839, 'demo@pgsms.com', 'Super Admin', NULL, '::1', 'Chrome 136.0.0.0, Windows 10', '2025-05-10 11:00:42'),
(840, 'principal@pg.com', 'Principal', NULL, '::1', 'Chrome 136.0.0.0, Windows 10', '2025-05-10 11:21:05'),
(841, 'demo@pgsms.com', 'Super Admin', NULL, '::1', 'Chrome 136.0.0.0, Windows 10', '2025-05-12 05:47:25'),
(842, 'principal@pg.com', 'Principal', NULL, '::1', 'Chrome 136.0.0.0, Windows 10', '2025-05-12 05:48:15'),
(843, 'demo@pgsms.com', 'Super Admin', NULL, '::1', 'Chrome 136.0.0.0, Windows 10', '2025-05-12 07:09:27'),
(844, 'principal@pg.com', 'Principal', NULL, '::1', 'Chrome 136.0.0.0, Windows 10', '2025-05-12 07:10:20'),
(845, 'preeti@pgsms.com', 'Teacher', NULL, '::1', 'Chrome 136.0.0.0, Windows 10', '2025-05-12 07:43:26'),
(846, 'std46', 'student', 1, '::1', 'Chrome 136.0.0.0, Windows 10', '2025-05-12 08:02:59'),
(847, 'preeti@pgsms.com', 'Teacher', NULL, '::1', 'Chrome 136.0.0.0, Windows 10', '2025-05-12 08:05:26'),
(848, 'std50', 'student', 1, '::1', 'Chrome 136.0.0.0, Windows 10', '2025-05-12 08:07:30'),
(849, 'preeti@pgsms.com', 'Teacher', NULL, '::1', 'Chrome 136.0.0.0, Windows 10', '2025-05-12 08:08:20'),
(850, 'std50', 'student', 1, '::1', 'Chrome 136.0.0.0, Windows 10', '2025-05-12 08:10:07'),
(851, 'preeti@pgsms.com', 'Teacher', NULL, '::1', 'Chrome 136.0.0.0, Windows 10', '2025-05-12 08:11:27'),
(852, 'demo@pgsms.com', 'Super Admin', NULL, '::1', 'Chrome 136.0.0.0, Windows 10', '2025-05-12 08:12:31'),
(853, 'principal@pg.com', 'Principal', NULL, '::1', 'Chrome 136.0.0.0, Windows 10', '2025-05-12 08:12:58');

-- --------------------------------------------------------

--
-- Table structure for table `users`
--

CREATE TABLE `users` (
  `id` int(11) NOT NULL,
  `user_id` int(11) NOT NULL,
  `username` varchar(50) DEFAULT NULL,
  `password` varchar(50) DEFAULT NULL,
  `childs` text NOT NULL,
  `role` varchar(30) NOT NULL,
  `lang_id` int(11) NOT NULL,
  `currency_id` int(11) DEFAULT 0,
  `verification_code` varchar(200) NOT NULL,
  `is_active` varchar(255) DEFAULT 'yes',
  `created_at` timestamp NOT NULL DEFAULT current_timestamp() ON UPDATE current_timestamp(),
  `updated_at` date DEFAULT NULL
) ENGINE=InnoDB DEFAULT CHARSET=utf8 COLLATE=utf8_general_ci;

--
-- Dumping data for table `users`
--

INSERT INTO `users` (`id`, `user_id`, `username`, `password`, `childs`, `role`, `lang_id`, `currency_id`, `verification_code`, `is_active`, `created_at`, `updated_at`) VALUES
(81, 41, 'std41', 'ciuozo', '', 'student', 0, 0, '', 'yes', '2025-03-24 16:26:25', NULL),
(82, 41, 'parent41', '42471p', '41', 'parent', 0, 0, '', 'yes', '2025-03-24 16:26:25', NULL),
(83, 42, 'std42', 'e9z0zz', '', 'student', 0, 0, '', 'yes', '2025-03-24 16:26:25', NULL),
(84, 42, 'parent42', 'uxsoex', '42', 'parent', 0, 0, '', 'yes', '2025-03-24 16:26:25', NULL),
(85, 43, 'std43', 'otd6qr', '', 'student', 0, 0, '', 'yes', '2025-03-24 16:26:25', NULL),
(86, 43, 'parent43', 'xnzssd', '43', 'parent', 0, 0, '', 'yes', '2025-03-24 16:26:25', NULL),
(87, 44, 'std44', '05lxj5', '', 'student', 0, 0, '', 'yes', '2025-03-24 16:26:25', NULL),
(88, 44, 'parent44', 'md1mkv', '44', 'parent', 0, 0, '', 'yes', '2025-03-24 16:26:25', NULL),
(89, 45, 'std45', 'a15ua0', '', 'student', 0, 0, '', 'yes', '2025-03-24 16:26:25', NULL),
(90, 45, 'parent45', 'frjciz', '45', 'parent', 0, 0, '', 'yes', '2025-03-24 16:26:25', NULL),
(91, 46, 'std46', '1sh040', '', 'student', 0, 0, '', 'yes', '2025-03-24 16:26:25', NULL),
(92, 46, 'parent46', 'k7kr0m', '46', 'parent', 0, 0, '', 'yes', '2025-03-24 16:26:25', NULL),
(93, 47, 'std47', 'wuoufx', '', 'student', 0, 0, '', 'yes', '2025-03-24 16:26:25', NULL),
(94, 47, 'parent47', 'qppb2l', '47', 'parent', 0, 0, '', 'yes', '2025-03-24 16:26:25', NULL),
(95, 48, 'std48', '27c2dr', '', 'student', 0, 0, '', 'yes', '2025-03-24 16:26:25', NULL),
(96, 48, 'parent48', 'xsm2df', '48', 'parent', 0, 0, '', 'yes', '2025-03-24 16:26:25', NULL),
(97, 49, 'std49', 'vg5doz', '', 'student', 0, 0, '', 'yes', '2025-03-24 16:26:25', NULL),
(98, 49, 'parent49', '2unf5r', '49', 'parent', 0, 0, '', 'yes', '2025-03-24 16:26:25', NULL),
(99, 50, 'std50', 'l23u2t', '', 'student', 0, 0, '', 'yes', '2025-03-24 16:26:25', NULL),
(100, 50, 'parent50', 'c10hn0', '50', 'parent', 0, 0, '', 'yes', '2025-03-24 16:26:25', NULL),
(101, 51, 'std51', 'eb33zr', '', 'student', 0, 0, '', 'yes', '2025-03-24 16:26:25', NULL),
(102, 51, 'parent51', 'vhjyhb', '51', 'parent', 0, 0, '', 'yes', '2025-03-24 16:26:26', NULL),
(103, 52, 'std52', 't7wm18', '', 'student', 0, 0, '', 'yes', '2025-03-24 16:26:26', NULL),
(104, 52, 'parent52', 'w07luh', '52', 'parent', 0, 0, '', 'yes', '2025-03-24 16:26:26', NULL),
(105, 53, 'std53', 'wprvh7', '', 'student', 0, 0, '', 'yes', '2025-03-24 16:26:26', NULL),
(106, 53, 'parent53', '9doz4q', '53', 'parent', 0, 0, '', 'yes', '2025-03-24 16:26:26', NULL),
(107, 54, 'std54', 'osa714', '', 'student', 0, 0, '', 'yes', '2025-03-24 16:26:26', NULL),
(108, 54, 'parent54', 'nh2b5l', '54', 'parent', 0, 0, '', 'yes', '2025-03-24 16:26:26', NULL),
(109, 55, 'std55', 'e0hylp', '', 'student', 0, 0, '', 'yes', '2025-03-24 16:26:26', NULL),
(110, 55, 'parent55', 'b8gumx', '55', 'parent', 0, 0, '', 'yes', '2025-03-24 16:26:26', NULL),
(111, 56, 'std56', '3qs4n5', '', 'student', 0, 0, '', 'yes', '2025-03-24 16:26:26', NULL),
(112, 56, 'parent56', '2comrl', '56', 'parent', 0, 0, '', 'yes', '2025-03-24 16:26:26', NULL),
(113, 57, 'std57', 'b3ya6e', '', 'student', 0, 0, '', 'yes', '2025-03-24 16:26:26', NULL),
(114, 57, 'parent57', 'chzlkn', '57', 'parent', 0, 0, '', 'yes', '2025-03-24 16:26:26', NULL),
(115, 58, 'std58', '0to8va', '', 'student', 0, 0, '', 'yes', '2025-03-24 16:26:26', NULL),
(116, 58, 'parent58', 'rrow52', '58', 'parent', 0, 0, '', 'yes', '2025-03-24 16:26:26', NULL),
(117, 59, 'std59', 'qtstgs', '', 'student', 0, 0, '', 'yes', '2025-03-24 16:26:26', NULL),
(118, 59, 'parent59', 'vtets8', '59', 'parent', 0, 0, '', 'yes', '2025-03-24 16:26:26', NULL),
(119, 60, 'std60', 'rztxz7', '', 'student', 0, 0, '', 'yes', '2025-03-24 16:26:26', NULL),
(120, 60, 'parent60', 'mdkdj8', '60', 'parent', 0, 0, '', 'yes', '2025-03-24 16:26:26', NULL),
(121, 61, 'std61', 'e5r0ni', '', 'student', 0, 0, '', 'yes', '2025-03-24 16:26:26', NULL),
(122, 61, 'parent61', '2v0hl9', '61', 'parent', 0, 0, '', 'yes', '2025-03-24 16:26:26', NULL),
(123, 62, 'std62', '7j00s9', '', 'student', 0, 0, '', 'yes', '2025-03-24 16:26:26', NULL),
(124, 62, 'parent62', 'wqf7ak', '62', 'parent', 0, 0, '', 'yes', '2025-03-24 16:26:26', NULL),
(125, 63, 'std63', '9rm83q', '', 'student', 0, 0, '', 'yes', '2025-03-24 16:26:26', NULL),
(126, 63, 'parent63', 'vtsuz6', '63', 'parent', 0, 0, '', 'yes', '2025-03-24 16:26:26', NULL),
(127, 64, 'std64', 'sn0os2', '', 'student', 0, 0, '', 'yes', '2025-03-24 16:26:26', NULL),
(128, 64, 'parent64', 'xujnzf', '64', 'parent', 0, 0, '', 'yes', '2025-03-24 16:26:26', NULL),
(129, 65, 'std65', '6ln08e', '', 'student', 0, 0, '', 'yes', '2025-03-24 16:26:26', NULL),
(130, 65, 'parent65', 'tqb7ui', '65', 'parent', 0, 0, '', 'yes', '2025-03-24 16:26:26', NULL),
(131, 66, 'std66', 'cfnlvy', '', 'student', 0, 0, '', 'yes', '2025-03-24 16:26:26', NULL),
(132, 66, 'parent66', 'sgn6o0', '66', 'parent', 0, 0, '', 'yes', '2025-03-24 16:26:26', NULL),
(133, 67, 'std67', 'ilwmhx', '', 'student', 0, 0, '', 'yes', '2025-03-24 16:26:26', NULL),
(134, 67, 'parent67', 'jcxusd', '67', 'parent', 0, 0, '', 'yes', '2025-03-24 16:26:26', NULL),
(135, 68, 'std68', 'pyv6k3', '', 'student', 0, 0, '', 'yes', '2025-03-24 16:26:27', NULL),
(136, 68, 'parent68', 'clv28v', '68', 'parent', 0, 0, '', 'yes', '2025-03-24 16:26:27', NULL),
(137, 69, 'std69', 'svsma1', '', 'student', 0, 0, '', 'yes', '2025-03-24 16:26:27', NULL),
(138, 69, 'parent69', 'r2iamt', '69', 'parent', 0, 0, '', 'yes', '2025-03-24 16:26:27', NULL),
(139, 70, 'std70', '8e5bhm', '', 'student', 0, 0, '', 'yes', '2025-03-24 16:26:27', NULL),
(140, 70, 'parent70', 'it2cav', '70', 'parent', 0, 0, '', 'yes', '2025-03-24 16:26:27', NULL),
(141, 71, 'std71', '4q1g5x', '', 'student', 0, 0, '', 'yes', '2025-03-24 16:26:27', NULL),
(142, 71, 'parent71', '7ys9ap', '71', 'parent', 0, 0, '', 'yes', '2025-03-24 16:26:27', NULL),
(143, 72, 'std72', 'eaifzc', '', 'student', 0, 0, '', 'yes', '2025-03-24 16:26:27', NULL),
(144, 72, 'parent72', 'i38nvd', '72', 'parent', 0, 0, '', 'yes', '2025-03-24 16:26:27', NULL),
(145, 73, 'std73', 'fk9cal', '', 'student', 0, 0, '', 'yes', '2025-03-24 16:26:27', NULL),
(146, 73, 'parent73', 'bqcuf0', '73', 'parent', 0, 0, '', 'yes', '2025-03-24 16:26:27', NULL),
(147, 74, 'std74', 'hobhok', '', 'student', 0, 0, '', 'yes', '2025-03-24 16:26:27', NULL),
(148, 74, 'parent74', 'pofor1', '74', 'parent', 0, 0, '', 'yes', '2025-03-24 16:26:27', NULL),
(149, 75, 'std75', 'n00suz', '', 'student', 0, 0, '', 'yes', '2025-03-24 16:26:27', NULL),
(150, 75, 'parent75', 'inimbe', '75', 'parent', 0, 0, '', 'yes', '2025-03-24 16:26:27', NULL),
(151, 76, 'std76', 'h8hsdo', '', 'student', 0, 0, '', 'yes', '2025-03-24 16:26:27', NULL),
(152, 76, 'parent76', 'kwk6s7', '76', 'parent', 0, 0, '', 'yes', '2025-03-24 16:26:27', NULL),
(153, 77, 'std77', '7f5w3a', '', 'student', 0, 0, '', 'yes', '2025-03-24 16:26:27', NULL),
(154, 77, 'parent77', 'ov0jwh', '77', 'parent', 0, 0, '', 'yes', '2025-03-24 16:26:27', NULL),
(155, 78, 'std78', 'z0otlo', '', 'student', 0, 0, '', 'yes', '2025-03-24 16:26:27', NULL),
(156, 78, 'parent78', 'pt6ukc', '78', 'parent', 0, 0, '', 'yes', '2025-03-24 16:26:27', NULL),
(157, 79, 'std79', 'jpjlbf', '', 'student', 0, 0, '', 'yes', '2025-03-24 16:26:27', NULL),
(158, 79, 'parent79', 'zkcp4m', '79', 'parent', 0, 0, '', 'yes', '2025-03-24 16:26:27', NULL),
(159, 80, 'std80', 'liu8dk', '', 'student', 0, 0, '', 'yes', '2025-03-24 16:26:27', NULL),
(160, 80, 'parent80', 'axqw6d', '80', 'parent', 0, 0, '', 'yes', '2025-03-24 16:26:27', NULL),
(161, 81, 'std81', '6cw0d1', '', 'student', 0, 0, '', 'yes', '2025-03-24 16:26:27', NULL),
(162, 81, 'parent81', 'a8xy32', '81', 'parent', 0, 0, '', 'yes', '2025-03-24 16:26:27', NULL),
(163, 82, 'std82', 'cda118', '', 'student', 0, 0, '', 'yes', '2025-03-24 16:26:27', NULL),
(164, 82, 'parent82', 'jimsxu', '82', 'parent', 0, 0, '', 'yes', '2025-03-24 16:26:27', NULL),
(165, 83, 'std83', 'd6sb2s', '', 'student', 0, 0, '', 'yes', '2025-03-24 16:26:27', NULL),
(166, 83, 'parent83', 't7jtz0', '83', 'parent', 0, 0, '', 'yes', '2025-03-24 16:26:27', NULL),
(167, 84, 'std84', 'gqhvfa', '', 'student', 0, 0, '', 'yes', '2025-03-24 16:26:28', NULL),
(168, 84, 'parent84', '4cp7l3', '84', 'parent', 0, 0, '', 'yes', '2025-03-24 16:26:28', NULL),
(169, 85, 'std85', 'pl2bxd', '', 'student', 0, 0, '', 'yes', '2025-03-24 16:26:28', NULL),
(170, 85, 'parent85', 'ykpdcx', '85', 'parent', 0, 0, '', 'yes', '2025-03-24 16:26:28', NULL),
(171, 86, 'std86', 'kpvw8c', '', 'student', 0, 0, '', 'yes', '2025-03-24 16:26:28', NULL),
(172, 86, 'parent86', 'd4v4rj', '86', 'parent', 0, 0, '', 'yes', '2025-03-24 16:26:28', NULL),
(173, 87, 'std87', 'fyl6k1', '', 'student', 0, 0, '', 'yes', '2025-03-24 16:26:28', NULL),
(174, 87, 'parent87', '5f9bqw', '87', 'parent', 0, 0, '', 'yes', '2025-03-24 16:26:28', NULL),
(175, 88, 'std88', 'g0wkup', '', 'student', 0, 0, '', 'yes', '2025-03-24 16:26:28', NULL),
(176, 88, 'parent88', '7kdiop', '88', 'parent', 0, 0, '', 'yes', '2025-03-24 16:26:28', NULL),
(177, 89, 'std89', 'gzz5wq', '', 'student', 0, 0, '', 'yes', '2025-03-24 16:26:28', NULL),
(178, 89, 'parent89', '3jv85p', '89', 'parent', 0, 0, '', 'yes', '2025-03-24 16:26:28', NULL),
(179, 90, 'std90', 'erq9ud', '', 'student', 0, 0, '', 'yes', '2025-03-24 16:26:28', NULL),
(180, 90, 'parent90', 'dh8igm', '90', 'parent', 0, 0, '', 'yes', '2025-03-24 16:26:28', NULL),
(183, 92, 'std92', 'unipy4', '', 'student', 0, 0, '', 'yes', '2025-04-04 11:31:10', NULL),
(184, 92, 'parent92', 'g9n7ox', '92', 'parent', 0, 0, '', 'yes', '2025-04-04 11:31:11', NULL),
(185, 93, 'std93', 'iamofd', '', 'student', 0, 0, '', 'yes', '2025-04-04 11:31:11', NULL),
(186, 93, 'parent93', 'kukhbw', '93', 'parent', 0, 0, '', 'yes', '2025-04-04 11:31:11', NULL),
(187, 94, 'std94', 'q1xfnn', '', 'student', 0, 0, '', 'yes', '2025-04-04 11:31:11', NULL),
(188, 94, 'parent94', '7p77d9', '94', 'parent', 0, 0, '', 'yes', '2025-04-04 11:31:11', NULL),
(189, 95, 'std95', 'oejmdu', '', 'student', 0, 0, '', 'yes', '2025-04-04 11:34:06', NULL),
(190, 95, 'parent95', 'hntqt7', '95', 'parent', 0, 0, '', 'yes', '2025-04-04 11:34:06', NULL),
(191, 96, 'std96', 't7um1d', '', 'student', 0, 0, '', 'yes', '2025-04-04 11:34:06', NULL),
(192, 96, 'parent96', 'o2fg15', '96', 'parent', 0, 0, '', 'yes', '2025-04-04 11:34:06', NULL),
(193, 97, 'std97', 'xdkrde', '', 'student', 0, 0, '', 'yes', '2025-04-04 11:34:06', NULL),
(194, 97, 'parent97', 's3r8cz', '97', 'parent', 0, 0, '', 'yes', '2025-04-04 11:34:06', NULL),
(195, 98, 'std98', 'sqzkox', '', 'student', 0, 0, '', 'yes', '2025-04-04 11:34:06', NULL),
(196, 98, 'parent98', 'xhy7si', '98', 'parent', 0, 0, '', 'yes', '2025-04-04 11:34:06', NULL),
(197, 99, 'std99', '9wlwvn', '', 'student', 0, 0, '', 'yes', '2025-04-04 11:34:06', NULL),
(198, 99, 'parent99', 'by3vvt', '99', 'parent', 0, 0, '', 'yes', '2025-04-04 11:34:06', NULL),
(199, 100, 'std100', 'qymabt', '', 'student', 0, 0, '', 'yes', '2025-04-04 11:38:05', NULL),
(200, 100, 'parent100', '2i550w', '100', 'parent', 0, 0, '', 'yes', '2025-04-04 11:38:05', NULL),
(201, 101, 'std101', '9upxs1', '', 'student', 0, 0, '', 'yes', '2025-04-04 11:38:06', NULL),
(202, 101, 'parent101', 'wn4lsw', '101', 'parent', 0, 0, '', 'yes', '2025-04-04 11:38:06', NULL),
(203, 102, 'std102', 'pnnd1b', '', 'student', 0, 0, '', 'yes', '2025-04-04 11:38:06', NULL),
(204, 102, 'parent102', '6eqkvl', '102', 'parent', 0, 0, '', 'yes', '2025-04-04 11:38:06', NULL),
(205, 103, 'std103', 'pcpcbd', '', 'student', 0, 0, '', 'yes', '2025-04-04 11:38:06', NULL),
(206, 103, 'parent103', 'vwwo00', '103', 'parent', 0, 0, '', 'yes', '2025-04-04 11:38:06', NULL),
(207, 104, 'std104', 'ko9z68', '', 'student', 0, 0, '', 'yes', '2025-04-04 11:38:06', NULL),
(208, 104, 'parent104', 'l8mxsp', '104', 'parent', 0, 0, '', 'yes', '2025-04-04 11:38:06', NULL),
(209, 105, 'std105', '3fdjsv', '', 'student', 0, 0, '', 'yes', '2025-04-04 11:38:06', NULL),
(210, 105, 'parent105', 'ec1sv7', '105', 'parent', 0, 0, '', 'yes', '2025-04-04 11:38:06', NULL),
(211, 106, 'std106', 'nj4wxo', '', 'student', 0, 0, '', 'yes', '2025-04-04 11:38:06', NULL),
(212, 106, 'parent106', 'ge2pmz', '106', 'parent', 0, 0, '', 'yes', '2025-04-04 11:38:06', NULL),
(213, 107, 'std107', '7uiqu1', '', 'student', 0, 0, '', 'yes', '2025-04-04 11:38:06', NULL),
(214, 107, 'parent107', 'npzjc5', '107', 'parent', 0, 0, '', 'yes', '2025-04-04 11:38:06', NULL);

-- --------------------------------------------------------

--
-- Table structure for table `users_authentication`
--

CREATE TABLE `users_authentication` (
  `id` int(11) NOT NULL,
  `users_id` int(11) NOT NULL,
  `token` varchar(255) NOT NULL,
  `staff_id` int(11) DEFAULT NULL,
  `expired_at` timestamp NOT NULL DEFAULT current_timestamp(),
  `created_at` date DEFAULT NULL,
  `updated_at` date DEFAULT NULL
) ENGINE=InnoDB DEFAULT CHARSET=utf8 COLLATE=utf8_general_ci;

-- --------------------------------------------------------

--
-- Table structure for table `vehicles`
--

CREATE TABLE `vehicles` (
  `id` int(11) NOT NULL,
  `vehicle_no` varchar(20) DEFAULT NULL,
  `vehicle_model` varchar(100) NOT NULL DEFAULT 'None',
  `vehicle_photo` varchar(255) DEFAULT NULL,
  `manufacture_year` varchar(4) DEFAULT NULL,
  `registration_number` varchar(50) NOT NULL,
  `chasis_number` varchar(100) NOT NULL,
  `max_seating_capacity` varchar(255) NOT NULL,
  `driver_name` varchar(50) DEFAULT NULL,
  `driver_licence` varchar(50) NOT NULL DEFAULT 'None',
  `driver_contact` varchar(20) DEFAULT NULL,
  `note` text DEFAULT NULL,
  `created_at` timestamp NOT NULL DEFAULT current_timestamp() ON UPDATE current_timestamp()
) ENGINE=InnoDB DEFAULT CHARSET=utf8 COLLATE=utf8_general_ci;

--
-- Dumping data for table `vehicles`
--

INSERT INTO `vehicles` (`id`, `vehicle_no`, `vehicle_model`, `vehicle_photo`, `manufacture_year`, `registration_number`, `chasis_number`, `max_seating_capacity`, `driver_name`, `driver_licence`, `driver_contact`, `note`, `created_at`) VALUES
(1, 'DL1022827', 'TATA Bus', NULL, '201', '10123', '101', '50', 'Pushkar Singh', '', '', '', '2025-04-08 11:15:25');

-- --------------------------------------------------------

--
-- Table structure for table `vehicle_routes`
--

CREATE TABLE `vehicle_routes` (
  `id` int(11) NOT NULL,
  `route_id` int(11) DEFAULT NULL,
  `vehicle_id` int(11) DEFAULT NULL,
  `created_at` timestamp NOT NULL DEFAULT current_timestamp() ON UPDATE current_timestamp()
) ENGINE=InnoDB DEFAULT CHARSET=utf8 COLLATE=utf8_general_ci;

--
-- Dumping data for table `vehicle_routes`
--

INSERT INTO `vehicle_routes` (`id`, `route_id`, `vehicle_id`, `created_at`) VALUES
(1, 2, 1, '2025-04-08 11:15:59');

-- --------------------------------------------------------

--
-- Table structure for table `video_tutorial`
--

CREATE TABLE `video_tutorial` (
  `id` int(11) NOT NULL,
  `title` varchar(100) NOT NULL,
  `vid_title` text DEFAULT NULL,
  `description` text NOT NULL,
  `thumb_path` varchar(500) DEFAULT NULL,
  `dir_path` varchar(500) DEFAULT NULL,
  `img_name` varchar(300) NOT NULL,
  `thumb_name` varchar(300) NOT NULL,
  `video_link` varchar(100) NOT NULL,
  `created_by` int(11) NOT NULL,
  `created_at` timestamp NOT NULL DEFAULT current_timestamp()
) ENGINE=InnoDB DEFAULT CHARSET=utf8 COLLATE=utf8_general_ci;

--
-- Dumping data for table `video_tutorial`
--

INSERT INTO `video_tutorial` (`id`, `title`, `vid_title`, `description`, `thumb_path`, `dir_path`, `img_name`, `thumb_name`, `video_link`, `created_by`, `created_at`) VALUES
(1, 'NLM Animated', NULL, '', NULL, NULL, '', '', 'https://youtu.be/adLj6kygwds?si=Kl6KRGj7U1rEClXN', 1, '2025-04-11 22:53:17');

-- --------------------------------------------------------

--
-- Table structure for table `video_tutorial_class_sections`
--

CREATE TABLE `video_tutorial_class_sections` (
  `id` int(11) NOT NULL,
  `video_tutorial_id` int(11) NOT NULL,
  `class_section_id` int(11) NOT NULL,
  `created_date` date NOT NULL
) ENGINE=InnoDB DEFAULT CHARSET=utf8 COLLATE=utf8_general_ci;

--
-- Dumping data for table `video_tutorial_class_sections`
--

INSERT INTO `video_tutorial_class_sections` (`id`, `video_tutorial_id`, `class_section_id`, `created_date`) VALUES
(1, 1, 1, '2025-04-11'),
(2, 1, 2, '2025-04-11'),
(3, 1, 3, '2025-04-11');

-- --------------------------------------------------------

--
-- Table structure for table `visitors_book`
--

CREATE TABLE `visitors_book` (
  `id` int(11) NOT NULL,
  `staff_id` int(11) DEFAULT NULL,
  `student_session_id` int(11) DEFAULT NULL,
  `source` varchar(100) DEFAULT NULL,
  `purpose` varchar(255) NOT NULL,
  `name` varchar(100) NOT NULL,
  `email` varchar(100) DEFAULT NULL,
  `contact` varchar(12) NOT NULL,
  `id_proof` varchar(50) NOT NULL,
  `no_of_people` int(11) NOT NULL,
  `date` date NOT NULL,
  `in_time` varchar(20) NOT NULL,
  `out_time` varchar(20) NOT NULL,
  `note` text NOT NULL,
  `image` varchar(100) DEFAULT NULL,
  `meeting_with` varchar(20) NOT NULL,
  `created_at` timestamp NOT NULL DEFAULT current_timestamp()
) ENGINE=InnoDB DEFAULT CHARSET=utf8 COLLATE=utf8_general_ci;

--
-- Dumping data for table `visitors_book`
--

INSERT INTO `visitors_book` (`id`, `staff_id`, `student_session_id`, `source`, `purpose`, `name`, `email`, `contact`, `id_proof`, `no_of_people`, `date`, `in_time`, `out_time`, `note`, `image`, `meeting_with`, `created_at`) VALUES
(1, NULL, 41, NULL, 'Parent Teacher Meeting', 'Mr.Tiwari', NULL, '', '', 0, '2025-04-01', '01/04/2025 10:25 AM', '01/04/2025 11:05 AM', '', NULL, 'student', '2025-04-03 11:26:50'),
(2, 2, NULL, NULL, 'Marketing', 'R.K. Singh', NULL, '', '', 1, '2025-04-03', '02/04/2025 12:15 PM', '02/04/2025 01:30 PM', '', NULL, 'staff', '2025-04-03 11:27:56');

-- --------------------------------------------------------

--
-- Table structure for table `visitors_purpose`
--

CREATE TABLE `visitors_purpose` (
  `id` int(11) NOT NULL,
  `visitors_purpose` varchar(100) NOT NULL,
  `description` text NOT NULL,
  `created_at` timestamp NOT NULL DEFAULT current_timestamp()
) ENGINE=InnoDB DEFAULT CHARSET=utf8 COLLATE=utf8_general_ci;

--
-- Dumping data for table `visitors_purpose`
--

INSERT INTO `visitors_purpose` (`id`, `visitors_purpose`, `description`, `created_at`) VALUES
(1, 'Marketing', '', '2025-04-03 11:16:41'),
(2, 'Parent Teacher Meeting', '', '2025-04-03 11:16:57'),
(3, 'Student Meeting', '', '2025-04-03 11:17:10'),
(4, 'Principal Meeting', '', '2025-04-03 11:17:22'),
(5, 'Attending Event', '', '2025-04-03 11:17:36');

--
-- Indexes for dumped tables
--

--
-- Indexes for table `alumni_events`
--
ALTER TABLE `alumni_events`
  ADD PRIMARY KEY (`id`),
  ADD KEY `session_id` (`session_id`),
  ADD KEY `class_id` (`class_id`);

--
-- Indexes for table `alumni_students`
--
ALTER TABLE `alumni_students`
  ADD PRIMARY KEY (`id`),
  ADD KEY `student_id` (`student_id`);

--
-- Indexes for table `attendence_type`
--
ALTER TABLE `attendence_type`
  ADD PRIMARY KEY (`id`);

--
-- Indexes for table `behaviour_category`
--
ALTER TABLE `behaviour_category`
  ADD PRIMARY KEY (`id`);

--
-- Indexes for table `behaviour_settings`
--
ALTER TABLE `behaviour_settings`
  ADD PRIMARY KEY (`id`);

--
-- Indexes for table `books`
--
ALTER TABLE `books`
  ADD PRIMARY KEY (`id`);

--
-- Indexes for table `book_issues`
--
ALTER TABLE `book_issues`
  ADD PRIMARY KEY (`id`),
  ADD KEY `book_id` (`book_id`),
  ADD KEY `member_id` (`member_id`);

--
-- Indexes for table `bug_report`
--
ALTER TABLE `bug_report`
  ADD PRIMARY KEY (`id`);

--
-- Indexes for table `captcha`
--
ALTER TABLE `captcha`
  ADD PRIMARY KEY (`id`);

--
-- Indexes for table `categories`
--
ALTER TABLE `categories`
  ADD PRIMARY KEY (`id`);

--
-- Indexes for table `cbse_exams`
--
ALTER TABLE `cbse_exams`
  ADD PRIMARY KEY (`id`),
  ADD KEY `cbse_term_id` (`cbse_term_id`),
  ADD KEY `cbse_exam_grade_id` (`cbse_exam_grade_id`),
  ADD KEY `cbse_exam_assessment_id` (`cbse_exam_assessment_id`),
  ADD KEY `session_id` (`session_id`),
  ADD KEY `idx_name` (`name`),
  ADD KEY `idx_exam_code` (`exam_code`);

--
-- Indexes for table `cbse_exam_assessments`
--
ALTER TABLE `cbse_exam_assessments`
  ADD PRIMARY KEY (`id`),
  ADD KEY `idx_name` (`name`);

--
-- Indexes for table `cbse_exam_assessment_types`
--
ALTER TABLE `cbse_exam_assessment_types`
  ADD PRIMARY KEY (`id`),
  ADD KEY `cbse_exam_assessment_id` (`cbse_exam_assessment_id`),
  ADD KEY `idx_name` (`name`),
  ADD KEY `idx_code` (`code`);

--
-- Indexes for table `cbse_exam_class_sections`
--
ALTER TABLE `cbse_exam_class_sections`
  ADD PRIMARY KEY (`id`),
  ADD KEY `class_section_id` (`class_section_id`),
  ADD KEY `cbse_exam_id` (`cbse_exam_id`);

--
-- Indexes for table `cbse_exam_grades`
--
ALTER TABLE `cbse_exam_grades`
  ADD PRIMARY KEY (`id`),
  ADD KEY `idx_name` (`name`);

--
-- Indexes for table `cbse_exam_grades_range`
--
ALTER TABLE `cbse_exam_grades_range`
  ADD PRIMARY KEY (`id`),
  ADD KEY `cbse_exam_grade_id` (`cbse_exam_grade_id`),
  ADD KEY `idx_name` (`name`);

--
-- Indexes for table `cbse_exam_observations`
--
ALTER TABLE `cbse_exam_observations`
  ADD PRIMARY KEY (`id`),
  ADD KEY `idx_name` (`name`);

--
-- Indexes for table `cbse_exam_students`
--
ALTER TABLE `cbse_exam_students`
  ADD PRIMARY KEY (`id`),
  ADD KEY `cbse_exam_id` (`cbse_exam_id`),
  ADD KEY `student_session_id` (`student_session_id`);

--
-- Indexes for table `cbse_exam_student_subject_rank`
--
ALTER TABLE `cbse_exam_student_subject_rank`
  ADD PRIMARY KEY (`id`),
  ADD KEY `cbse_template_id` (`cbse_template_id`),
  ADD KEY `student_session_id` (`student_session_id`),
  ADD KEY `subject_id` (`subject_id`),
  ADD KEY `idx_rank` (`rank`);

--
-- Indexes for table `cbse_exam_timetable`
--
ALTER TABLE `cbse_exam_timetable`
  ADD PRIMARY KEY (`id`),
  ADD KEY `cbse_exam_id` (`cbse_exam_id`),
  ADD KEY `subject_id` (`subject_id`);

--
-- Indexes for table `cbse_exam_timetable_assessment_types`
--
ALTER TABLE `cbse_exam_timetable_assessment_types`
  ADD PRIMARY KEY (`id`),
  ADD KEY `cbse_exam_timetable_id` (`cbse_exam_timetable_id`),
  ADD KEY `cbse_exam_assessment_type_id` (`cbse_exam_assessment_type_id`);

--
-- Indexes for table `cbse_marksheet_type`
--
ALTER TABLE `cbse_marksheet_type`
  ADD PRIMARY KEY (`id`),
  ADD KEY `idx_name` (`name`),
  ADD KEY `idx_short_code` (`short_code`);

--
-- Indexes for table `cbse_observation_class_section`
--
ALTER TABLE `cbse_observation_class_section`
  ADD PRIMARY KEY (`id`);

--
-- Indexes for table `cbse_observation_parameters`
--
ALTER TABLE `cbse_observation_parameters`
  ADD PRIMARY KEY (`id`),
  ADD KEY `idx_name` (`name`);

--
-- Indexes for table `cbse_observation_subparameter`
--
ALTER TABLE `cbse_observation_subparameter`
  ADD PRIMARY KEY (`id`),
  ADD KEY `cbse_observation_parameter_id_ibfk_1` (`cbse_observation_parameter_id`),
  ADD KEY `cbse_exam_observation_id_ibfk_1` (`cbse_exam_observation_id`);

--
-- Indexes for table `cbse_observation_terms`
--
ALTER TABLE `cbse_observation_terms`
  ADD PRIMARY KEY (`id`),
  ADD KEY `cbse_term_id` (`cbse_term_id`),
  ADD KEY `cbse_ovservation_terms_ibfk_3` (`session_id`),
  ADD KEY `cbse_exam_observations_ibfk_1` (`cbse_exam_observation_id`);

--
-- Indexes for table `cbse_observation_term_student_subparameter`
--
ALTER TABLE `cbse_observation_term_student_subparameter`
  ADD PRIMARY KEY (`id`),
  ADD KEY `cbse_observation_term_student_subparameter_ibfk_1` (`cbse_ovservation_term_id`),
  ADD KEY `cbse_observation_subparameter_id` (`cbse_observation_subparameter_id`),
  ADD KEY `student_session_id` (`student_session_id`);

--
-- Indexes for table `cbse_student_exam_ranks`
--
ALTER TABLE `cbse_student_exam_ranks`
  ADD PRIMARY KEY (`id`),
  ADD KEY `cbse_exam_id` (`cbse_exam_id`),
  ADD KEY `student_session_id` (`student_session_id`),
  ADD KEY `idx_rank` (`rank`),
  ADD KEY `idx_rank_percentage` (`rank_percentage`);

--
-- Indexes for table `cbse_student_subject_marks`
--
ALTER TABLE `cbse_student_subject_marks`
  ADD PRIMARY KEY (`id`),
  ADD KEY `cbse_exam_timetable_id` (`cbse_exam_timetable_id`),
  ADD KEY `cbse_exam_student_id` (`cbse_exam_student_id`),
  ADD KEY `cbse_exam_assessment_type_id` (`cbse_exam_assessment_type_id`),
  ADD KEY `cbse_exam_timetable_assessment_type_ibfk_4` (`cbse_exam_timetable_assessment_type_id`);

--
-- Indexes for table `cbse_student_subject_result`
--
ALTER TABLE `cbse_student_subject_result`
  ADD PRIMARY KEY (`id`);

--
-- Indexes for table `cbse_student_template_rank`
--
ALTER TABLE `cbse_student_template_rank`
  ADD PRIMARY KEY (`id`),
  ADD KEY `student_session_id` (`student_session_id`),
  ADD KEY `cbse_template_id` (`cbse_template_id`),
  ADD KEY `idx_rank` (`rank`),
  ADD KEY `idx_rank_percentage` (`rank_percentage`);

--
-- Indexes for table `cbse_template`
--
ALTER TABLE `cbse_template`
  ADD PRIMARY KEY (`id`),
  ADD KEY `cbse_template_ibfk_3` (`session_id`),
  ADD KEY `cbse_template_ibfk_1` (`gradeexam_id`),
  ADD KEY `cbse_template_ibfk_2` (`remarkexam_id`),
  ADD KEY `idx_name` (`name`),
  ADD KEY `idx_marksheet_type` (`marksheet_type`),
  ADD KEY `idx_exam_name` (`exam_name`),
  ADD KEY `idx_school_name` (`school_name`);

--
-- Indexes for table `cbse_template_class_sections`
--
ALTER TABLE `cbse_template_class_sections`
  ADD PRIMARY KEY (`id`),
  ADD KEY `cbse_template_id` (`cbse_template_id`),
  ADD KEY `class_section_id` (`class_section_id`);

--
-- Indexes for table `cbse_template_terms`
--
ALTER TABLE `cbse_template_terms`
  ADD PRIMARY KEY (`id`),
  ADD KEY `cbse_template_id` (`cbse_template_id`),
  ADD KEY `cbse_term_id` (`cbse_term_id`),
  ADD KEY `idx_weightage` (`weightage`);

--
-- Indexes for table `cbse_template_term_exams`
--
ALTER TABLE `cbse_template_term_exams`
  ADD PRIMARY KEY (`id`),
  ADD KEY `cbse_template_term_id` (`cbse_template_term_id`),
  ADD KEY `cbse_template_term_exams_ibfk_3` (`cbse_exam_id`),
  ADD KEY `cbse_template_term_exams_ibfk_4` (`cbse_template_id`),
  ADD KEY `idx_weightage` (`weightage`);

--
-- Indexes for table `cbse_terms`
--
ALTER TABLE `cbse_terms`
  ADD PRIMARY KEY (`id`),
  ADD KEY `idx_name` (`name`),
  ADD KEY `idx_term_code` (`term_code`);

--
-- Indexes for table `certificates`
--
ALTER TABLE `certificates`
  ADD PRIMARY KEY (`id`);

--
-- Indexes for table `chat_connections`
--
ALTER TABLE `chat_connections`
  ADD PRIMARY KEY (`id`),
  ADD KEY `chat_user_one` (`chat_user_one`),
  ADD KEY `chat_user_two` (`chat_user_two`);

--
-- Indexes for table `chat_messages`
--
ALTER TABLE `chat_messages`
  ADD PRIMARY KEY (`id`),
  ADD KEY `chat_user_id` (`chat_user_id`),
  ADD KEY `chat_connection_id` (`chat_connection_id`);

--
-- Indexes for table `chat_users`
--
ALTER TABLE `chat_users`
  ADD PRIMARY KEY (`id`),
  ADD KEY `staff_id` (`staff_id`),
  ADD KEY `student_id` (`student_id`),
  ADD KEY `create_staff_id` (`create_staff_id`),
  ADD KEY `create_student_id` (`create_student_id`);

--
-- Indexes for table `classes`
--
ALTER TABLE `classes`
  ADD PRIMARY KEY (`id`);

--
-- Indexes for table `class_sections`
--
ALTER TABLE `class_sections`
  ADD PRIMARY KEY (`id`),
  ADD KEY `class_id` (`class_id`),
  ADD KEY `section_id` (`section_id`);

--
-- Indexes for table `class_section_times`
--
ALTER TABLE `class_section_times`
  ADD PRIMARY KEY (`id`),
  ADD KEY `class_section_id` (`class_section_id`);

--
-- Indexes for table `class_teacher`
--
ALTER TABLE `class_teacher`
  ADD PRIMARY KEY (`id`),
  ADD KEY `class_id` (`class_id`),
  ADD KEY `section_id` (`section_id`),
  ADD KEY `session_id` (`session_id`),
  ADD KEY `staff_id` (`staff_id`);

--
-- Indexes for table `complaint`
--
ALTER TABLE `complaint`
  ADD PRIMARY KEY (`id`);

--
-- Indexes for table `complaint_type`
--
ALTER TABLE `complaint_type`
  ADD PRIMARY KEY (`id`);

--
-- Indexes for table `contents`
--
ALTER TABLE `contents`
  ADD PRIMARY KEY (`id`),
  ADD KEY `created_by` (`created_by`),
  ADD KEY `class_id` (`class_id`),
  ADD KEY `cls_sec_id` (`cls_sec_id`);

--
-- Indexes for table `content_for`
--
ALTER TABLE `content_for`
  ADD PRIMARY KEY (`id`),
  ADD KEY `content_id` (`content_id`),
  ADD KEY `user_id` (`user_id`);

--
-- Indexes for table `content_types`
--
ALTER TABLE `content_types`
  ADD PRIMARY KEY (`id`);

--
-- Indexes for table `currencies`
--
ALTER TABLE `currencies`
  ADD PRIMARY KEY (`id`);

--
-- Indexes for table `custom_fields`
--
ALTER TABLE `custom_fields`
  ADD PRIMARY KEY (`id`),
  ADD KEY `idx_name` (`name`),
  ADD KEY `idx_belong_to` (`belong_to`),
  ADD KEY `idx_type` (`type`),
  ADD KEY `idx_visible_on_table` (`visible_on_table`),
  ADD KEY `idx_weight` (`weight`);
ALTER TABLE `custom_fields` ADD FULLTEXT KEY `idx_field_values` (`field_values`);

--
-- Indexes for table `custom_field_values`
--
ALTER TABLE `custom_field_values`
  ADD PRIMARY KEY (`id`),
  ADD KEY `custom_field_id` (`custom_field_id`),
  ADD KEY `idx_belong_table_id` (`belong_table_id`),
  ADD KEY `idx_field_value` (`field_value`);

--
-- Indexes for table `daily_assignment`
--
ALTER TABLE `daily_assignment`
  ADD PRIMARY KEY (`id`),
  ADD KEY `student_session_id` (`student_session_id`),
  ADD KEY `evaluated_by` (`evaluated_by`),
  ADD KEY `subject_group_subject_id` (`subject_group_subject_id`);

--
-- Indexes for table `department`
--
ALTER TABLE `department`
  ADD PRIMARY KEY (`id`);

--
-- Indexes for table `disable_reason`
--
ALTER TABLE `disable_reason`
  ADD PRIMARY KEY (`id`);

--
-- Indexes for table `dispatch_receive`
--
ALTER TABLE `dispatch_receive`
  ADD PRIMARY KEY (`id`);

--
-- Indexes for table `email_attachments`
--
ALTER TABLE `email_attachments`
  ADD PRIMARY KEY (`id`),
  ADD KEY `message_id` (`message_id`);

--
-- Indexes for table `email_config`
--
ALTER TABLE `email_config`
  ADD PRIMARY KEY (`id`);

--
-- Indexes for table `email_template`
--
ALTER TABLE `email_template`
  ADD PRIMARY KEY (`id`);

--
-- Indexes for table `email_template_attachment`
--
ALTER TABLE `email_template_attachment`
  ADD PRIMARY KEY (`id`);

--
-- Indexes for table `enquiry`
--
ALTER TABLE `enquiry`
  ADD PRIMARY KEY (`id`),
  ADD KEY `created_by` (`created_by`),
  ADD KEY `assigned` (`assigned`),
  ADD KEY `enquiry_ibfk_4` (`class_id`),
  ADD KEY `fk_session_id` (`session_id`);

--
-- Indexes for table `enquiry_type`
--
ALTER TABLE `enquiry_type`
  ADD PRIMARY KEY (`id`);

--
-- Indexes for table `events`
--
ALTER TABLE `events`
  ADD PRIMARY KEY (`id`),
  ADD KEY `role_id` (`role_id`);

--
-- Indexes for table `exams`
--
ALTER TABLE `exams`
  ADD PRIMARY KEY (`id`),
  ADD KEY `sesion_id` (`sesion_id`);

--
-- Indexes for table `exam_groups`
--
ALTER TABLE `exam_groups`
  ADD PRIMARY KEY (`id`);

--
-- Indexes for table `exam_group_class_batch_exams`
--
ALTER TABLE `exam_group_class_batch_exams`
  ADD PRIMARY KEY (`id`),
  ADD KEY `exam_group_id` (`exam_group_id`),
  ADD KEY `exam_group_class_batch_exams_ibfk_2` (`session_id`);

--
-- Indexes for table `exam_group_class_batch_exam_students`
--
ALTER TABLE `exam_group_class_batch_exam_students`
  ADD PRIMARY KEY (`id`),
  ADD KEY `exam_group_class_batch_exam_id` (`exam_group_class_batch_exam_id`),
  ADD KEY `student_id` (`student_id`),
  ADD KEY `student_session_id` (`student_session_id`);

--
-- Indexes for table `exam_group_class_batch_exam_subjects`
--
ALTER TABLE `exam_group_class_batch_exam_subjects`
  ADD PRIMARY KEY (`id`),
  ADD KEY `exam_group_class_batch_exams_id` (`exam_group_class_batch_exams_id`),
  ADD KEY `subject_id` (`subject_id`);

--
-- Indexes for table `exam_group_exam_connections`
--
ALTER TABLE `exam_group_exam_connections`
  ADD PRIMARY KEY (`id`),
  ADD KEY `exam_group_id` (`exam_group_id`),
  ADD KEY `exam_group_class_batch_exams_id` (`exam_group_class_batch_exams_id`);

--
-- Indexes for table `exam_group_exam_results`
--
ALTER TABLE `exam_group_exam_results`
  ADD PRIMARY KEY (`id`),
  ADD KEY `exam_group_class_batch_exam_subject_id` (`exam_group_class_batch_exam_subject_id`),
  ADD KEY `exam_group_student_id` (`exam_group_student_id`),
  ADD KEY `exam_group_class_batch_exam_student_id` (`exam_group_class_batch_exam_student_id`);

--
-- Indexes for table `exam_group_students`
--
ALTER TABLE `exam_group_students`
  ADD PRIMARY KEY (`id`),
  ADD KEY `exam_group_id` (`exam_group_id`),
  ADD KEY `student_id` (`student_id`),
  ADD KEY `student_session_id` (`student_session_id`);

--
-- Indexes for table `exam_schedules`
--
ALTER TABLE `exam_schedules`
  ADD PRIMARY KEY (`id`),
  ADD KEY `teacher_subject_id` (`teacher_subject_id`),
  ADD KEY `session_id` (`session_id`),
  ADD KEY `exam_id` (`exam_id`);

--
-- Indexes for table `expenses`
--
ALTER TABLE `expenses`
  ADD PRIMARY KEY (`id`),
  ADD KEY `exp_head_id` (`exp_head_id`);

--
-- Indexes for table `expense_category`
--
ALTER TABLE `expense_category`
  ADD PRIMARY KEY (`id`);

--
-- Indexes for table `expense_head`
--
ALTER TABLE `expense_head`
  ADD PRIMARY KEY (`id`),
  ADD KEY `fk_expense_category` (`expense_category_id`);

--
-- Indexes for table `feemasters`
--
ALTER TABLE `feemasters`
  ADD PRIMARY KEY (`id`),
  ADD KEY `session_id` (`session_id`),
  ADD KEY `feetype_id` (`feetype_id`),
  ADD KEY `class_id` (`class_id`);

--
-- Indexes for table `fees_discounts`
--
ALTER TABLE `fees_discounts`
  ADD PRIMARY KEY (`id`),
  ADD KEY `session_id` (`session_id`);

--
-- Indexes for table `fees_reminder`
--
ALTER TABLE `fees_reminder`
  ADD PRIMARY KEY (`id`);

--
-- Indexes for table `feetype`
--
ALTER TABLE `feetype`
  ADD PRIMARY KEY (`id`);

--
-- Indexes for table `fee_groups`
--
ALTER TABLE `fee_groups`
  ADD PRIMARY KEY (`id`);

--
-- Indexes for table `fee_groups_feetype`
--
ALTER TABLE `fee_groups_feetype`
  ADD PRIMARY KEY (`id`),
  ADD KEY `fee_session_group_id` (`fee_session_group_id`),
  ADD KEY `fee_groups_id` (`fee_groups_id`),
  ADD KEY `feetype_id` (`feetype_id`),
  ADD KEY `session_id` (`session_id`);

--
-- Indexes for table `fee_receipt_no`
--
ALTER TABLE `fee_receipt_no`
  ADD PRIMARY KEY (`id`);

--
-- Indexes for table `fee_session_groups`
--
ALTER TABLE `fee_session_groups`
  ADD PRIMARY KEY (`id`),
  ADD KEY `fee_groups_id` (`fee_groups_id`),
  ADD KEY `session_id` (`session_id`);

--
-- Indexes for table `filetypes`
--
ALTER TABLE `filetypes`
  ADD PRIMARY KEY (`id`);

--
-- Indexes for table `follow_up`
--
ALTER TABLE `follow_up`
  ADD PRIMARY KEY (`id`),
  ADD KEY `enquiry_id` (`enquiry_id`),
  ADD KEY `followup_by` (`followup_by`);

--
-- Indexes for table `front_cms_media_gallery`
--
ALTER TABLE `front_cms_media_gallery`
  ADD PRIMARY KEY (`id`);

--
-- Indexes for table `front_cms_menus`
--
ALTER TABLE `front_cms_menus`
  ADD PRIMARY KEY (`id`);

--
-- Indexes for table `front_cms_menu_items`
--
ALTER TABLE `front_cms_menu_items`
  ADD PRIMARY KEY (`id`),
  ADD KEY `menu_id` (`menu_id`);

--
-- Indexes for table `front_cms_pages`
--
ALTER TABLE `front_cms_pages`
  ADD PRIMARY KEY (`id`);

--
-- Indexes for table `front_cms_page_contents`
--
ALTER TABLE `front_cms_page_contents`
  ADD PRIMARY KEY (`id`),
  ADD KEY `page_id` (`page_id`);

--
-- Indexes for table `front_cms_programs`
--
ALTER TABLE `front_cms_programs`
  ADD PRIMARY KEY (`id`);

--
-- Indexes for table `front_cms_program_photos`
--
ALTER TABLE `front_cms_program_photos`
  ADD PRIMARY KEY (`id`),
  ADD KEY `program_id` (`program_id`);

--
-- Indexes for table `front_cms_settings`
--
ALTER TABLE `front_cms_settings`
  ADD PRIMARY KEY (`id`);

--
-- Indexes for table `gateway_ins`
--
ALTER TABLE `gateway_ins`
  ADD PRIMARY KEY (`id`),
  ADD KEY `online_admission_id` (`online_admission_id`);

--
-- Indexes for table `gateway_ins_response`
--
ALTER TABLE `gateway_ins_response`
  ADD PRIMARY KEY (`id`),
  ADD KEY `gateway_ins_id` (`gateway_ins_id`);

--
-- Indexes for table `general_calls`
--
ALTER TABLE `general_calls`
  ADD PRIMARY KEY (`id`);

--
-- Indexes for table `grades`
--
ALTER TABLE `grades`
  ADD PRIMARY KEY (`id`);

--
-- Indexes for table `homework`
--
ALTER TABLE `homework`
  ADD PRIMARY KEY (`id`),
  ADD KEY `subject_group_subject_id` (`subject_group_subject_id`),
  ADD KEY `class_id` (`class_id`),
  ADD KEY `section_id` (`section_id`),
  ADD KEY `session_id` (`session_id`),
  ADD KEY `staff_id` (`staff_id`),
  ADD KEY `subject_id` (`subject_id`),
  ADD KEY `evaluated_by` (`evaluated_by`),
  ADD KEY `created_by` (`created_by`),
  ADD KEY `fk_homework_lesson` (`lesson_id`),
  ADD KEY `fk_homework_topic` (`topic_id`);

--
-- Indexes for table `homework_evaluation`
--
ALTER TABLE `homework_evaluation`
  ADD PRIMARY KEY (`id`),
  ADD KEY `homework_id` (`homework_id`),
  ADD KEY `student_id` (`student_id`),
  ADD KEY `student_session_id` (`student_session_id`);

--
-- Indexes for table `hostel`
--
ALTER TABLE `hostel`
  ADD PRIMARY KEY (`id`);

--
-- Indexes for table `hostel_rooms`
--
ALTER TABLE `hostel_rooms`
  ADD PRIMARY KEY (`id`),
  ADD KEY `hostel_id` (`hostel_id`),
  ADD KEY `room_type_id` (`room_type_id`);

--
-- Indexes for table `id_card`
--
ALTER TABLE `id_card`
  ADD PRIMARY KEY (`id`);

--
-- Indexes for table `income`
--
ALTER TABLE `income`
  ADD PRIMARY KEY (`id`),
  ADD KEY `income_head_id` (`income_head_id`);

--
-- Indexes for table `income_category`
--
ALTER TABLE `income_category`
  ADD PRIMARY KEY (`id`);

--
-- Indexes for table `income_head`
--
ALTER TABLE `income_head`
  ADD PRIMARY KEY (`id`),
  ADD KEY `fk_income_category` (`income_category_id`);

--
-- Indexes for table `item`
--
ALTER TABLE `item`
  ADD PRIMARY KEY (`id`),
  ADD KEY `item_category_id` (`item_category_id`),
  ADD KEY `item_store_id` (`item_store_id`),
  ADD KEY `item_supplier_id` (`item_supplier_id`);

--
-- Indexes for table `item_category`
--
ALTER TABLE `item_category`
  ADD PRIMARY KEY (`id`);

--
-- Indexes for table `item_issue`
--
ALTER TABLE `item_issue`
  ADD PRIMARY KEY (`id`),
  ADD KEY `item_id` (`item_id`),
  ADD KEY `item_category_id` (`item_category_id`),
  ADD KEY `issue_to` (`issue_to`),
  ADD KEY `issue_by` (`issue_by`);

--
-- Indexes for table `item_stock`
--
ALTER TABLE `item_stock`
  ADD PRIMARY KEY (`id`),
  ADD KEY `item_id` (`item_id`),
  ADD KEY `supplier_id` (`supplier_id`),
  ADD KEY `store_id` (`store_id`);

--
-- Indexes for table `item_store`
--
ALTER TABLE `item_store`
  ADD PRIMARY KEY (`id`);

--
-- Indexes for table `item_supplier`
--
ALTER TABLE `item_supplier`
  ADD PRIMARY KEY (`id`);

--
-- Indexes for table `languages`
--
ALTER TABLE `languages`
  ADD PRIMARY KEY (`id`);

--
-- Indexes for table `leave_types`
--
ALTER TABLE `leave_types`
  ADD PRIMARY KEY (`id`),
  ADD UNIQUE KEY `type` (`type`);

--
-- Indexes for table `lesson`
--
ALTER TABLE `lesson`
  ADD PRIMARY KEY (`id`),
  ADD KEY `session_id` (`session_id`),
  ADD KEY `subject_group_subject_id` (`subject_group_subject_id`),
  ADD KEY `subject_group_class_sections_id` (`subject_group_class_sections_id`);

--
-- Indexes for table `lesson_plan_forum`
--
ALTER TABLE `lesson_plan_forum`
  ADD PRIMARY KEY (`id`),
  ADD KEY `subject_syllabus_id` (`subject_syllabus_id`),
  ADD KEY `student_id` (`student_id`),
  ADD KEY `staff_id` (`staff_id`);

--
-- Indexes for table `lesson_topic_question_map`
--
ALTER TABLE `lesson_topic_question_map`
  ADD PRIMARY KEY (`id`),
  ADD KEY `q_id` (`q_id`),
  ADD KEY `lesson_id` (`lesson_id`),
  ADD KEY `topic_id` (`topic_id`);

--
-- Indexes for table `libarary_members`
--
ALTER TABLE `libarary_members`
  ADD PRIMARY KEY (`id`);

--
-- Indexes for table `logs`
--
ALTER TABLE `logs`
  ADD PRIMARY KEY (`id`);

--
-- Indexes for table `mark_divisions`
--
ALTER TABLE `mark_divisions`
  ADD PRIMARY KEY (`id`);

--
-- Indexes for table `messages`
--
ALTER TABLE `messages`
  ADD PRIMARY KEY (`id`);

--
-- Indexes for table `notification_roles`
--
ALTER TABLE `notification_roles`
  ADD PRIMARY KEY (`id`),
  ADD KEY `send_notification_id` (`send_notification_id`),
  ADD KEY `role_id` (`role_id`);

--
-- Indexes for table `notification_setting`
--
ALTER TABLE `notification_setting`
  ADD PRIMARY KEY (`id`);

--
-- Indexes for table `offline_fees_payments`
--
ALTER TABLE `offline_fees_payments`
  ADD PRIMARY KEY (`id`),
  ADD KEY `student_fees_master_id` (`student_fees_master_id`),
  ADD KEY `fee_groups_feetype_id` (`fee_groups_feetype_id`),
  ADD KEY `student_transport_fee_id` (`student_transport_fee_id`),
  ADD KEY `offline_fees_payments_ibfk_4` (`approved_by`),
  ADD KEY `student_session_id` (`student_session_id`);

--
-- Indexes for table `onlineexam`
--
ALTER TABLE `onlineexam`
  ADD PRIMARY KEY (`id`),
  ADD KEY `session_id` (`session_id`),
  ADD KEY `fk_created_by` (`created_by`);

--
-- Indexes for table `onlineexam_attempts`
--
ALTER TABLE `onlineexam_attempts`
  ADD PRIMARY KEY (`id`),
  ADD KEY `onlineexam_student_id` (`onlineexam_student_id`);

--
-- Indexes for table `onlineexam_autocreated`
--
ALTER TABLE `onlineexam_autocreated`
  ADD PRIMARY KEY (`id`),
  ADD KEY `student_session_id` (`student_session_id`),
  ADD KEY `onlineexam_id` (`onlineexam_id`),
  ADD KEY `onlineexam_id_old` (`onlineexam_id_old`);

--
-- Indexes for table `onlineexam_questions`
--
ALTER TABLE `onlineexam_questions`
  ADD PRIMARY KEY (`id`),
  ADD KEY `onlineexam_id` (`onlineexam_id`),
  ADD KEY `question_id` (`question_id`),
  ADD KEY `session_id` (`session_id`);

--
-- Indexes for table `onlineexam_students`
--
ALTER TABLE `onlineexam_students`
  ADD PRIMARY KEY (`id`),
  ADD KEY `onlineexam_id` (`onlineexam_id`),
  ADD KEY `student_session_id` (`student_session_id`);

--
-- Indexes for table `onlineexam_student_results`
--
ALTER TABLE `onlineexam_student_results`
  ADD PRIMARY KEY (`id`),
  ADD KEY `onlineexam_student_id` (`onlineexam_student_id`),
  ADD KEY `onlineexam_question_id` (`onlineexam_question_id`);

--
-- Indexes for table `online_admissions`
--
ALTER TABLE `online_admissions`
  ADD PRIMARY KEY (`id`),
  ADD KEY `class_section_id` (`class_section_id`),
  ADD KEY `category_id` (`category_id`),
  ADD KEY `hostel_room_id` (`hostel_room_id`),
  ADD KEY `school_house_id` (`school_house_id`),
  ADD KEY `idx_reference_no` (`reference_no`),
  ADD KEY `idx_mobileno` (`mobileno`);

--
-- Indexes for table `online_admission_custom_field_value`
--
ALTER TABLE `online_admission_custom_field_value`
  ADD PRIMARY KEY (`id`),
  ADD KEY `custom_field_id` (`custom_field_id`),
  ADD KEY `idx_belong_table_id` (`belong_table_id`),
  ADD KEY `idx_field_value` (`field_value`(200));

--
-- Indexes for table `online_admission_fields`
--
ALTER TABLE `online_admission_fields`
  ADD PRIMARY KEY (`id`);

--
-- Indexes for table `online_admission_payment`
--
ALTER TABLE `online_admission_payment`
  ADD PRIMARY KEY (`id`),
  ADD KEY `online_admission_id` (`online_admission_id`);

--
-- Indexes for table `payment_settings`
--
ALTER TABLE `payment_settings`
  ADD PRIMARY KEY (`id`);

--
-- Indexes for table `payslip_allowance`
--
ALTER TABLE `payslip_allowance`
  ADD PRIMARY KEY (`id`),
  ADD KEY `staff_id` (`staff_id`),
  ADD KEY `payslip_id` (`payslip_id`);

--
-- Indexes for table `permission_category`
--
ALTER TABLE `permission_category`
  ADD PRIMARY KEY (`id`),
  ADD KEY `idx_short_code` (`short_code`),
  ADD KEY `perm_group_id` (`perm_group_id`);

--
-- Indexes for table `permission_group`
--
ALTER TABLE `permission_group`
  ADD PRIMARY KEY (`id`);

--
-- Indexes for table `permission_student`
--
ALTER TABLE `permission_student`
  ADD PRIMARY KEY (`id`),
  ADD KEY `group_id` (`group_id`);

--
-- Indexes for table `pickup_point`
--
ALTER TABLE `pickup_point`
  ADD PRIMARY KEY (`id`);

--
-- Indexes for table `print_headerfooter`
--
ALTER TABLE `print_headerfooter`
  ADD PRIMARY KEY (`id`);

--
-- Indexes for table `questions`
--
ALTER TABLE `questions`
  ADD PRIMARY KEY (`id`),
  ADD KEY `subject_id` (`subject_id`),
  ADD KEY `staff_id` (`staff_id`),
  ADD KEY `class_id` (`class_id`),
  ADD KEY `section_id` (`section_id`),
  ADD KEY `class_section_id` (`class_section_id`);

--
-- Indexes for table `read_notification`
--
ALTER TABLE `read_notification`
  ADD PRIMARY KEY (`id`),
  ADD KEY `notification_id` (`notification_id`),
  ADD KEY `staff_id` (`staff_id`),
  ADD KEY `student_id` (`student_id`);

--
-- Indexes for table `recommended`
--
ALTER TABLE `recommended`
  ADD PRIMARY KEY (`id`),
  ADD KEY `subject_id` (`subject_id`),
  ADD KEY `lesson_id` (`lesson_id`),
  ADD KEY `topic_id` (`topic_id`);

--
-- Indexes for table `reference`
--
ALTER TABLE `reference`
  ADD PRIMARY KEY (`id`);

--
-- Indexes for table `roles`
--
ALTER TABLE `roles`
  ADD PRIMARY KEY (`id`);

--
-- Indexes for table `roles_permissions`
--
ALTER TABLE `roles_permissions`
  ADD PRIMARY KEY (`id`),
  ADD KEY `role_id` (`role_id`),
  ADD KEY `perm_cat_id` (`perm_cat_id`);

--
-- Indexes for table `room_types`
--
ALTER TABLE `room_types`
  ADD PRIMARY KEY (`id`);

--
-- Indexes for table `route_pickup_point`
--
ALTER TABLE `route_pickup_point`
  ADD PRIMARY KEY (`id`),
  ADD KEY `transport_route_id` (`transport_route_id`),
  ADD KEY `pickup_point_id` (`pickup_point_id`);

--
-- Indexes for table `school_houses`
--
ALTER TABLE `school_houses`
  ADD PRIMARY KEY (`id`);

--
-- Indexes for table `sch_settings`
--
ALTER TABLE `sch_settings`
  ADD PRIMARY KEY (`id`),
  ADD KEY `lang_id` (`lang_id`),
  ADD KEY `session_id` (`session_id`);

--
-- Indexes for table `sections`
--
ALTER TABLE `sections`
  ADD PRIMARY KEY (`id`);

--
-- Indexes for table `send_notification`
--
ALTER TABLE `send_notification`
  ADD PRIMARY KEY (`id`),
  ADD KEY `created_id` (`created_id`);

--
-- Indexes for table `sessions`
--
ALTER TABLE `sessions`
  ADD PRIMARY KEY (`id`);

--
-- Indexes for table `share_contents`
--
ALTER TABLE `share_contents`
  ADD PRIMARY KEY (`id`),
  ADD KEY `created_by` (`created_by`);

--
-- Indexes for table `share_content_for`
--
ALTER TABLE `share_content_for`
  ADD PRIMARY KEY (`id`),
  ADD KEY `upload_content_id` (`share_content_id`),
  ADD KEY `student_id` (`student_id`),
  ADD KEY `staff_id` (`staff_id`),
  ADD KEY `class_section_id` (`class_section_id`),
  ADD KEY `user_parent_id` (`user_parent_id`);

--
-- Indexes for table `share_upload_contents`
--
ALTER TABLE `share_upload_contents`
  ADD PRIMARY KEY (`id`),
  ADD KEY `upload_content_id` (`upload_content_id`),
  ADD KEY `share_content_id` (`share_content_id`);

--
-- Indexes for table `sidebar_menus`
--
ALTER TABLE `sidebar_menus`
  ADD PRIMARY KEY (`id`),
  ADD KEY `permission_group_id` (`permission_group_id`);

--
-- Indexes for table `sidebar_sub_menus`
--
ALTER TABLE `sidebar_sub_menus`
  ADD PRIMARY KEY (`id`),
  ADD KEY `sidebar_menu_id` (`sidebar_menu_id`),
  ADD KEY `permission_group_id` (`permission_group_id`);

--
-- Indexes for table `sms_config`
--
ALTER TABLE `sms_config`
  ADD PRIMARY KEY (`id`);

--
-- Indexes for table `sms_template`
--
ALTER TABLE `sms_template`
  ADD PRIMARY KEY (`id`);

--
-- Indexes for table `source`
--
ALTER TABLE `source`
  ADD PRIMARY KEY (`id`);

--
-- Indexes for table `staff`
--
ALTER TABLE `staff`
  ADD PRIMARY KEY (`id`),
  ADD UNIQUE KEY `employee_id` (`employee_id`),
  ADD KEY `designation` (`designation`),
  ADD KEY `department` (`department`);

--
-- Indexes for table `staff_attendance`
--
ALTER TABLE `staff_attendance`
  ADD PRIMARY KEY (`id`),
  ADD KEY `FK_staff_attendance_staff` (`staff_id`),
  ADD KEY `FK_staff_attendance_staff_attendance_type` (`staff_attendance_type_id`);

--
-- Indexes for table `staff_attendance_type`
--
ALTER TABLE `staff_attendance_type`
  ADD PRIMARY KEY (`id`);

--
-- Indexes for table `staff_designation`
--
ALTER TABLE `staff_designation`
  ADD PRIMARY KEY (`id`);

--
-- Indexes for table `staff_id_card`
--
ALTER TABLE `staff_id_card`
  ADD PRIMARY KEY (`id`);

--
-- Indexes for table `staff_leave_details`
--
ALTER TABLE `staff_leave_details`
  ADD PRIMARY KEY (`id`),
  ADD KEY `FK_staff_leave_details_staff` (`staff_id`),
  ADD KEY `FK_staff_leave_details_leave_types` (`leave_type_id`);

--
-- Indexes for table `staff_leave_request`
--
ALTER TABLE `staff_leave_request`
  ADD PRIMARY KEY (`id`),
  ADD KEY `FK_staff_leave_request_staff` (`staff_id`),
  ADD KEY `FK_staff_leave_request_leave_types` (`leave_type_id`),
  ADD KEY `applied_by` (`applied_by`);

--
-- Indexes for table `staff_payroll`
--
ALTER TABLE `staff_payroll`
  ADD PRIMARY KEY (`id`);

--
-- Indexes for table `staff_payslip`
--
ALTER TABLE `staff_payslip`
  ADD PRIMARY KEY (`id`),
  ADD KEY `FK_staff_payslip_staff` (`staff_id`);

--
-- Indexes for table `staff_rating`
--
ALTER TABLE `staff_rating`
  ADD PRIMARY KEY (`id`),
  ADD KEY `FK_staff_rating_staff` (`staff_id`);

--
-- Indexes for table `staff_roles`
--
ALTER TABLE `staff_roles`
  ADD PRIMARY KEY (`id`),
  ADD KEY `role_id` (`role_id`),
  ADD KEY `staff_id` (`staff_id`);

--
-- Indexes for table `staff_timeline`
--
ALTER TABLE `staff_timeline`
  ADD PRIMARY KEY (`id`),
  ADD KEY `FK_staff_timeline_staff` (`staff_id`);

--
-- Indexes for table `students`
--
ALTER TABLE `students`
  ADD PRIMARY KEY (`id`),
  ADD KEY `idx_admission_no` (`admission_no`),
  ADD KEY `idx_roll_no` (`roll_no`),
  ADD KEY `idx_mobileno` (`mobileno`),
  ADD KEY `idx_email` (`email`),
  ADD KEY `idx_firstname` (`firstname`);

--
-- Indexes for table `student_applyleave`
--
ALTER TABLE `student_applyleave`
  ADD PRIMARY KEY (`id`),
  ADD KEY `student_session_id` (`student_session_id`),
  ADD KEY `approve_by` (`approve_by`);

--
-- Indexes for table `student_attendences`
--
ALTER TABLE `student_attendences`
  ADD PRIMARY KEY (`id`),
  ADD KEY `student_session_id` (`student_session_id`),
  ADD KEY `attendence_type_id` (`attendence_type_id`);

--
-- Indexes for table `student_behaviour`
--
ALTER TABLE `student_behaviour`
  ADD PRIMARY KEY (`id`),
  ADD KEY `idx_title` (`title`),
  ADD KEY `idx_description` (`description`(200)),
  ADD KEY `fk_behaviour_category_id` (`category`);

--
-- Indexes for table `student_doc`
--
ALTER TABLE `student_doc`
  ADD PRIMARY KEY (`id`),
  ADD KEY `idx_student_id` (`student_id`);

--
-- Indexes for table `student_edit_fields`
--
ALTER TABLE `student_edit_fields`
  ADD PRIMARY KEY (`id`);

--
-- Indexes for table `student_fees`
--
ALTER TABLE `student_fees`
  ADD PRIMARY KEY (`id`),
  ADD KEY `feemaster_id` (`feemaster_id`),
  ADD KEY `student_session_id` (`student_session_id`);

--
-- Indexes for table `student_fees_deposite`
--
ALTER TABLE `student_fees_deposite`
  ADD PRIMARY KEY (`id`),
  ADD KEY `student_fees_master_id` (`student_fees_master_id`),
  ADD KEY `fee_groups_feetype_id` (`fee_groups_feetype_id`),
  ADD KEY `student_transport_fee_id` (`student_transport_fee_id`);

--
-- Indexes for table `student_fees_discounts`
--
ALTER TABLE `student_fees_discounts`
  ADD PRIMARY KEY (`id`),
  ADD KEY `student_session_id` (`student_session_id`),
  ADD KEY `fees_discount_id` (`fees_discount_id`);

--
-- Indexes for table `student_fees_master`
--
ALTER TABLE `student_fees_master`
  ADD PRIMARY KEY (`id`),
  ADD KEY `student_session_id` (`student_session_id`),
  ADD KEY `fee_session_group_id` (`fee_session_group_id`);

--
-- Indexes for table `student_fees_processing`
--
ALTER TABLE `student_fees_processing`
  ADD PRIMARY KEY (`id`),
  ADD KEY `student_fees_master_id` (`student_fees_master_id`),
  ADD KEY `fee_groups_feetype_id` (`fee_groups_feetype_id`),
  ADD KEY `student_transport_fee_id` (`student_transport_fee_id`),
  ADD KEY `gateway_ins_id` (`gateway_ins_id`);

--
-- Indexes for table `student_incidents`
--
ALTER TABLE `student_incidents`
  ADD PRIMARY KEY (`id`),
  ADD KEY `student_incidents_ibfk_1` (`student_id`),
  ADD KEY `student_incidents_ibfk_2` (`incident_id`);

--
-- Indexes for table `student_incident_comments`
--
ALTER TABLE `student_incident_comments`
  ADD PRIMARY KEY (`id`),
  ADD KEY `student_incident_comments_ibfk_1` (`student_incident_id`);

--
-- Indexes for table `student_session`
--
ALTER TABLE `student_session`
  ADD PRIMARY KEY (`id`),
  ADD KEY `session_id` (`session_id`),
  ADD KEY `student_id` (`student_id`),
  ADD KEY `class_id` (`class_id`),
  ADD KEY `section_id` (`section_id`),
  ADD KEY `student_session_ibfk_5` (`vehroute_id`),
  ADD KEY `hostel_room_id` (`hostel_room_id`),
  ADD KEY `student_session_ibfk_6` (`route_pickup_point_id`);

--
-- Indexes for table `student_subject_attendances`
--
ALTER TABLE `student_subject_attendances`
  ADD PRIMARY KEY (`id`),
  ADD KEY `attendence_type_id` (`attendence_type_id`),
  ADD KEY `student_session_id` (`student_session_id`),
  ADD KEY `subject_timetable_id` (`subject_timetable_id`);

--
-- Indexes for table `student_timeline`
--
ALTER TABLE `student_timeline`
  ADD PRIMARY KEY (`id`),
  ADD KEY `student_id` (`student_id`);

--
-- Indexes for table `student_transport_fees`
--
ALTER TABLE `student_transport_fees`
  ADD PRIMARY KEY (`id`),
  ADD KEY `student_session_id` (`student_session_id`),
  ADD KEY `route_pickup_point_id` (`route_pickup_point_id`),
  ADD KEY `transport_feemaster_id` (`transport_feemaster_id`);

--
-- Indexes for table `subjects`
--
ALTER TABLE `subjects`
  ADD PRIMARY KEY (`id`),
  ADD KEY `idx_name` (`name`),
  ADD KEY `idx_code` (`code`);

--
-- Indexes for table `subject_groups`
--
ALTER TABLE `subject_groups`
  ADD PRIMARY KEY (`id`),
  ADD KEY `session_id` (`session_id`);

--
-- Indexes for table `subject_group_class_sections`
--
ALTER TABLE `subject_group_class_sections`
  ADD PRIMARY KEY (`id`),
  ADD KEY `class_section_id` (`class_section_id`),
  ADD KEY `subject_group_id` (`subject_group_id`),
  ADD KEY `session_id` (`session_id`);

--
-- Indexes for table `subject_group_subjects`
--
ALTER TABLE `subject_group_subjects`
  ADD PRIMARY KEY (`id`),
  ADD KEY `subject_group_id` (`subject_group_id`),
  ADD KEY `session_id` (`session_id`),
  ADD KEY `subject_id` (`subject_id`);

--
-- Indexes for table `subject_syllabus`
--
ALTER TABLE `subject_syllabus`
  ADD PRIMARY KEY (`id`),
  ADD KEY `topic_id` (`topic_id`),
  ADD KEY `session_id` (`session_id`),
  ADD KEY `created_by` (`created_by`),
  ADD KEY `created_for` (`created_for`);

--
-- Indexes for table `subject_timetable`
--
ALTER TABLE `subject_timetable`
  ADD PRIMARY KEY (`id`),
  ADD KEY `class_id` (`class_id`),
  ADD KEY `section_id` (`section_id`),
  ADD KEY `subject_group_id` (`subject_group_id`),
  ADD KEY `subject_group_subject_id` (`subject_group_subject_id`),
  ADD KEY `staff_id` (`staff_id`),
  ADD KEY `session_id` (`session_id`);

--
-- Indexes for table `submit_assignment`
--
ALTER TABLE `submit_assignment`
  ADD PRIMARY KEY (`id`),
  ADD KEY `student_id` (`student_id`),
  ADD KEY `homework_id` (`homework_id`);

--
-- Indexes for table `template_admitcards`
--
ALTER TABLE `template_admitcards`
  ADD PRIMARY KEY (`id`);

--
-- Indexes for table `template_marksheets`
--
ALTER TABLE `template_marksheets`
  ADD PRIMARY KEY (`id`);

--
-- Indexes for table `topic`
--
ALTER TABLE `topic`
  ADD PRIMARY KEY (`id`),
  ADD KEY `session_id` (`session_id`),
  ADD KEY `lesson_id` (`lesson_id`);

--
-- Indexes for table `transport_feemaster`
--
ALTER TABLE `transport_feemaster`
  ADD PRIMARY KEY (`id`),
  ADD KEY `session_id` (`session_id`);

--
-- Indexes for table `transport_route`
--
ALTER TABLE `transport_route`
  ADD PRIMARY KEY (`id`);

--
-- Indexes for table `upload_contents`
--
ALTER TABLE `upload_contents`
  ADD PRIMARY KEY (`id`),
  ADD KEY `upload_by` (`upload_by`),
  ADD KEY `upload_contents_ibfk_2` (`content_type_id`),
  ADD KEY `idx_file_type` (`file_type`);

--
-- Indexes for table `userlog`
--
ALTER TABLE `userlog`
  ADD PRIMARY KEY (`id`),
  ADD KEY `class_section_id` (`class_section_id`);

--
-- Indexes for table `users`
--
ALTER TABLE `users`
  ADD PRIMARY KEY (`id`);

--
-- Indexes for table `users_authentication`
--
ALTER TABLE `users_authentication`
  ADD PRIMARY KEY (`id`);

--
-- Indexes for table `vehicles`
--
ALTER TABLE `vehicles`
  ADD PRIMARY KEY (`id`),
  ADD KEY `idx_vehicle_no` (`vehicle_no`);

--
-- Indexes for table `vehicle_routes`
--
ALTER TABLE `vehicle_routes`
  ADD PRIMARY KEY (`id`),
  ADD KEY `route_id` (`route_id`),
  ADD KEY `vehicle_id` (`vehicle_id`);

--
-- Indexes for table `video_tutorial`
--
ALTER TABLE `video_tutorial`
  ADD PRIMARY KEY (`id`),
  ADD KEY `created_by` (`created_by`),
  ADD KEY `idx_title` (`title`);

--
-- Indexes for table `video_tutorial_class_sections`
--
ALTER TABLE `video_tutorial_class_sections`
  ADD PRIMARY KEY (`id`),
  ADD KEY `class_section_id` (`class_section_id`),
  ADD KEY `video_tutorial_id` (`video_tutorial_id`);

--
-- Indexes for table `visitors_book`
--
ALTER TABLE `visitors_book`
  ADD PRIMARY KEY (`id`),
  ADD KEY `staff_id` (`staff_id`),
  ADD KEY `student_session_id` (`student_session_id`);

--
-- Indexes for table `visitors_purpose`
--
ALTER TABLE `visitors_purpose`
  ADD PRIMARY KEY (`id`);

--
-- AUTO_INCREMENT for dumped tables
--

--
-- AUTO_INCREMENT for table `alumni_events`
--
ALTER TABLE `alumni_events`
  MODIFY `id` int(11) NOT NULL AUTO_INCREMENT, AUTO_INCREMENT=2;

--
-- AUTO_INCREMENT for table `alumni_students`
--
ALTER TABLE `alumni_students`
  MODIFY `id` int(11) NOT NULL AUTO_INCREMENT;

--
-- AUTO_INCREMENT for table `attendence_type`
--
ALTER TABLE `attendence_type`
  MODIFY `id` int(11) NOT NULL AUTO_INCREMENT, AUTO_INCREMENT=7;

--
-- AUTO_INCREMENT for table `behaviour_category`
--
ALTER TABLE `behaviour_category`
  MODIFY `id` int(11) NOT NULL AUTO_INCREMENT, AUTO_INCREMENT=9;

--
-- AUTO_INCREMENT for table `behaviour_settings`
--
ALTER TABLE `behaviour_settings`
  MODIFY `id` int(11) NOT NULL AUTO_INCREMENT, AUTO_INCREMENT=2;

--
-- AUTO_INCREMENT for table `books`
--
ALTER TABLE `books`
  MODIFY `id` int(11) NOT NULL AUTO_INCREMENT, AUTO_INCREMENT=3;

--
-- AUTO_INCREMENT for table `book_issues`
--
ALTER TABLE `book_issues`
  MODIFY `id` int(11) NOT NULL AUTO_INCREMENT, AUTO_INCREMENT=4;

--
-- AUTO_INCREMENT for table `bug_report`
--
ALTER TABLE `bug_report`
  MODIFY `id` int(11) NOT NULL AUTO_INCREMENT, AUTO_INCREMENT=2;

--
-- AUTO_INCREMENT for table `captcha`
--
ALTER TABLE `captcha`
  MODIFY `id` int(11) NOT NULL AUTO_INCREMENT, AUTO_INCREMENT=6;

--
-- AUTO_INCREMENT for table `categories`
--
ALTER TABLE `categories`
  MODIFY `id` int(11) NOT NULL AUTO_INCREMENT, AUTO_INCREMENT=7;

--
-- AUTO_INCREMENT for table `cbse_exams`
--
ALTER TABLE `cbse_exams`
  MODIFY `id` int(11) NOT NULL AUTO_INCREMENT, AUTO_INCREMENT=4;

--
-- AUTO_INCREMENT for table `cbse_exam_assessments`
--
ALTER TABLE `cbse_exam_assessments`
  MODIFY `id` int(11) NOT NULL AUTO_INCREMENT, AUTO_INCREMENT=4;

--
-- AUTO_INCREMENT for table `cbse_exam_assessment_types`
--
ALTER TABLE `cbse_exam_assessment_types`
  MODIFY `id` int(11) NOT NULL AUTO_INCREMENT, AUTO_INCREMENT=7;

--
-- AUTO_INCREMENT for table `cbse_exam_class_sections`
--
ALTER TABLE `cbse_exam_class_sections`
  MODIFY `id` int(11) NOT NULL AUTO_INCREMENT, AUTO_INCREMENT=40;

--
-- AUTO_INCREMENT for table `cbse_exam_grades`
--
ALTER TABLE `cbse_exam_grades`
  MODIFY `id` int(11) NOT NULL AUTO_INCREMENT, AUTO_INCREMENT=2;

--
-- AUTO_INCREMENT for table `cbse_exam_grades_range`
--
ALTER TABLE `cbse_exam_grades_range`
  MODIFY `id` int(11) NOT NULL AUTO_INCREMENT, AUTO_INCREMENT=5;

--
-- AUTO_INCREMENT for table `cbse_exam_observations`
--
ALTER TABLE `cbse_exam_observations`
  MODIFY `id` int(11) NOT NULL AUTO_INCREMENT, AUTO_INCREMENT=2;

--
-- AUTO_INCREMENT for table `cbse_exam_students`
--
ALTER TABLE `cbse_exam_students`
  MODIFY `id` int(11) NOT NULL AUTO_INCREMENT, AUTO_INCREMENT=51;

--
-- AUTO_INCREMENT for table `cbse_exam_student_subject_rank`
--
ALTER TABLE `cbse_exam_student_subject_rank`
  MODIFY `id` int(11) NOT NULL AUTO_INCREMENT;

--
-- AUTO_INCREMENT for table `cbse_exam_timetable`
--
ALTER TABLE `cbse_exam_timetable`
  MODIFY `id` int(11) NOT NULL AUTO_INCREMENT, AUTO_INCREMENT=14;

--
-- AUTO_INCREMENT for table `cbse_exam_timetable_assessment_types`
--
ALTER TABLE `cbse_exam_timetable_assessment_types`
  MODIFY `id` int(11) NOT NULL AUTO_INCREMENT, AUTO_INCREMENT=27;

--
-- AUTO_INCREMENT for table `cbse_marksheet_type`
--
ALTER TABLE `cbse_marksheet_type`
  MODIFY `id` int(11) NOT NULL AUTO_INCREMENT, AUTO_INCREMENT=5;

--
-- AUTO_INCREMENT for table `cbse_observation_class_section`
--
ALTER TABLE `cbse_observation_class_section`
  MODIFY `id` int(11) NOT NULL AUTO_INCREMENT;

--
-- AUTO_INCREMENT for table `cbse_observation_parameters`
--
ALTER TABLE `cbse_observation_parameters`
  MODIFY `id` int(11) NOT NULL AUTO_INCREMENT, AUTO_INCREMENT=4;

--
-- AUTO_INCREMENT for table `cbse_observation_subparameter`
--
ALTER TABLE `cbse_observation_subparameter`
  MODIFY `id` int(11) NOT NULL AUTO_INCREMENT, AUTO_INCREMENT=4;

--
-- AUTO_INCREMENT for table `cbse_observation_terms`
--
ALTER TABLE `cbse_observation_terms`
  MODIFY `id` int(11) NOT NULL AUTO_INCREMENT, AUTO_INCREMENT=2;

--
-- AUTO_INCREMENT for table `cbse_observation_term_student_subparameter`
--
ALTER TABLE `cbse_observation_term_student_subparameter`
  MODIFY `id` int(11) NOT NULL AUTO_INCREMENT;

--
-- AUTO_INCREMENT for table `cbse_student_exam_ranks`
--
ALTER TABLE `cbse_student_exam_ranks`
  MODIFY `id` int(11) NOT NULL AUTO_INCREMENT, AUTO_INCREMENT=7;

--
-- AUTO_INCREMENT for table `cbse_student_subject_marks`
--
ALTER TABLE `cbse_student_subject_marks`
  MODIFY `id` int(11) NOT NULL AUTO_INCREMENT, AUTO_INCREMENT=251;

--
-- AUTO_INCREMENT for table `cbse_student_subject_result`
--
ALTER TABLE `cbse_student_subject_result`
  MODIFY `id` int(11) NOT NULL AUTO_INCREMENT;

--
-- AUTO_INCREMENT for table `cbse_student_template_rank`
--
ALTER TABLE `cbse_student_template_rank`
  MODIFY `id` int(11) NOT NULL AUTO_INCREMENT;

--
-- AUTO_INCREMENT for table `cbse_template`
--
ALTER TABLE `cbse_template`
  MODIFY `id` int(11) NOT NULL AUTO_INCREMENT;

--
-- AUTO_INCREMENT for table `cbse_template_class_sections`
--
ALTER TABLE `cbse_template_class_sections`
  MODIFY `id` int(11) NOT NULL AUTO_INCREMENT;

--
-- AUTO_INCREMENT for table `cbse_template_terms`
--
ALTER TABLE `cbse_template_terms`
  MODIFY `id` int(11) NOT NULL AUTO_INCREMENT;

--
-- AUTO_INCREMENT for table `cbse_template_term_exams`
--
ALTER TABLE `cbse_template_term_exams`
  MODIFY `id` int(11) NOT NULL AUTO_INCREMENT;

--
-- AUTO_INCREMENT for table `cbse_terms`
--
ALTER TABLE `cbse_terms`
  MODIFY `id` int(11) NOT NULL AUTO_INCREMENT, AUTO_INCREMENT=3;

--
-- AUTO_INCREMENT for table `certificates`
--
ALTER TABLE `certificates`
  MODIFY `id` int(11) NOT NULL AUTO_INCREMENT, AUTO_INCREMENT=2;

--
-- AUTO_INCREMENT for table `chat_connections`
--
ALTER TABLE `chat_connections`
  MODIFY `id` int(11) NOT NULL AUTO_INCREMENT;

--
-- AUTO_INCREMENT for table `chat_messages`
--
ALTER TABLE `chat_messages`
  MODIFY `id` int(11) NOT NULL AUTO_INCREMENT;

--
-- AUTO_INCREMENT for table `chat_users`
--
ALTER TABLE `chat_users`
  MODIFY `id` int(11) NOT NULL AUTO_INCREMENT;

--
-- AUTO_INCREMENT for table `classes`
--
ALTER TABLE `classes`
  MODIFY `id` int(11) NOT NULL AUTO_INCREMENT, AUTO_INCREMENT=2;

--
-- AUTO_INCREMENT for table `class_sections`
--
ALTER TABLE `class_sections`
  MODIFY `id` int(11) NOT NULL AUTO_INCREMENT, AUTO_INCREMENT=4;

--
-- AUTO_INCREMENT for table `class_section_times`
--
ALTER TABLE `class_section_times`
  MODIFY `id` int(11) NOT NULL AUTO_INCREMENT;

--
-- AUTO_INCREMENT for table `class_teacher`
--
ALTER TABLE `class_teacher`
  MODIFY `id` int(11) NOT NULL AUTO_INCREMENT, AUTO_INCREMENT=2;

--
-- AUTO_INCREMENT for table `complaint`
--
ALTER TABLE `complaint`
  MODIFY `id` int(11) NOT NULL AUTO_INCREMENT, AUTO_INCREMENT=15;

--
-- AUTO_INCREMENT for table `complaint_type`
--
ALTER TABLE `complaint_type`
  MODIFY `id` int(11) NOT NULL AUTO_INCREMENT, AUTO_INCREMENT=7;

--
-- AUTO_INCREMENT for table `contents`
--
ALTER TABLE `contents`
  MODIFY `id` int(11) NOT NULL AUTO_INCREMENT;

--
-- AUTO_INCREMENT for table `content_for`
--
ALTER TABLE `content_for`
  MODIFY `id` int(11) NOT NULL AUTO_INCREMENT;

--
-- AUTO_INCREMENT for table `content_types`
--
ALTER TABLE `content_types`
  MODIFY `id` int(11) NOT NULL AUTO_INCREMENT, AUTO_INCREMENT=2;

--
-- AUTO_INCREMENT for table `currencies`
--
ALTER TABLE `currencies`
  MODIFY `id` int(11) NOT NULL AUTO_INCREMENT, AUTO_INCREMENT=180;

--
-- AUTO_INCREMENT for table `custom_fields`
--
ALTER TABLE `custom_fields`
  MODIFY `id` int(11) NOT NULL AUTO_INCREMENT;

--
-- AUTO_INCREMENT for table `custom_field_values`
--
ALTER TABLE `custom_field_values`
  MODIFY `id` int(11) NOT NULL AUTO_INCREMENT;

--
-- AUTO_INCREMENT for table `daily_assignment`
--
ALTER TABLE `daily_assignment`
  MODIFY `id` int(11) NOT NULL AUTO_INCREMENT, AUTO_INCREMENT=2;

--
-- AUTO_INCREMENT for table `department`
--
ALTER TABLE `department`
  MODIFY `id` int(11) NOT NULL AUTO_INCREMENT, AUTO_INCREMENT=8;

--
-- AUTO_INCREMENT for table `disable_reason`
--
ALTER TABLE `disable_reason`
  MODIFY `id` int(11) NOT NULL AUTO_INCREMENT, AUTO_INCREMENT=5;

--
-- AUTO_INCREMENT for table `dispatch_receive`
--
ALTER TABLE `dispatch_receive`
  MODIFY `id` int(11) NOT NULL AUTO_INCREMENT, AUTO_INCREMENT=5;

--
-- AUTO_INCREMENT for table `email_attachments`
--
ALTER TABLE `email_attachments`
  MODIFY `id` int(11) NOT NULL AUTO_INCREMENT;

--
-- AUTO_INCREMENT for table `email_config`
--
ALTER TABLE `email_config`
  MODIFY `id` int(10) UNSIGNED NOT NULL AUTO_INCREMENT, AUTO_INCREMENT=2;

--
-- AUTO_INCREMENT for table `email_template`
--
ALTER TABLE `email_template`
  MODIFY `id` int(11) NOT NULL AUTO_INCREMENT, AUTO_INCREMENT=2;

--
-- AUTO_INCREMENT for table `email_template_attachment`
--
ALTER TABLE `email_template_attachment`
  MODIFY `id` int(11) NOT NULL AUTO_INCREMENT, AUTO_INCREMENT=2;

--
-- AUTO_INCREMENT for table `enquiry`
--
ALTER TABLE `enquiry`
  MODIFY `id` int(11) NOT NULL AUTO_INCREMENT, AUTO_INCREMENT=47;

--
-- AUTO_INCREMENT for table `enquiry_type`
--
ALTER TABLE `enquiry_type`
  MODIFY `id` int(11) NOT NULL AUTO_INCREMENT;

--
-- AUTO_INCREMENT for table `events`
--
ALTER TABLE `events`
  MODIFY `id` int(11) NOT NULL AUTO_INCREMENT;

--
-- AUTO_INCREMENT for table `exams`
--
ALTER TABLE `exams`
  MODIFY `id` int(11) NOT NULL AUTO_INCREMENT;

--
-- AUTO_INCREMENT for table `exam_groups`
--
ALTER TABLE `exam_groups`
  MODIFY `id` int(11) NOT NULL AUTO_INCREMENT, AUTO_INCREMENT=10;

--
-- AUTO_INCREMENT for table `exam_group_class_batch_exams`
--
ALTER TABLE `exam_group_class_batch_exams`
  MODIFY `id` int(11) NOT NULL AUTO_INCREMENT, AUTO_INCREMENT=7;

--
-- AUTO_INCREMENT for table `exam_group_class_batch_exam_students`
--
ALTER TABLE `exam_group_class_batch_exam_students`
  MODIFY `id` int(11) NOT NULL AUTO_INCREMENT, AUTO_INCREMENT=22;

--
-- AUTO_INCREMENT for table `exam_group_class_batch_exam_subjects`
--
ALTER TABLE `exam_group_class_batch_exam_subjects`
  MODIFY `id` int(11) NOT NULL AUTO_INCREMENT, AUTO_INCREMENT=28;

--
-- AUTO_INCREMENT for table `exam_group_exam_connections`
--
ALTER TABLE `exam_group_exam_connections`
  MODIFY `id` int(11) NOT NULL AUTO_INCREMENT;

--
-- AUTO_INCREMENT for table `exam_group_exam_results`
--
ALTER TABLE `exam_group_exam_results`
  MODIFY `id` int(11) NOT NULL AUTO_INCREMENT, AUTO_INCREMENT=97;

--
-- AUTO_INCREMENT for table `exam_group_students`
--
ALTER TABLE `exam_group_students`
  MODIFY `id` int(11) NOT NULL AUTO_INCREMENT;

--
-- AUTO_INCREMENT for table `exam_schedules`
--
ALTER TABLE `exam_schedules`
  MODIFY `id` int(11) NOT NULL AUTO_INCREMENT;

--
-- AUTO_INCREMENT for table `expenses`
--
ALTER TABLE `expenses`
  MODIFY `id` int(11) NOT NULL AUTO_INCREMENT, AUTO_INCREMENT=15;

--
-- AUTO_INCREMENT for table `expense_category`
--
ALTER TABLE `expense_category`
  MODIFY `id` int(11) NOT NULL AUTO_INCREMENT, AUTO_INCREMENT=8;

--
-- AUTO_INCREMENT for table `expense_head`
--
ALTER TABLE `expense_head`
  MODIFY `id` int(11) NOT NULL AUTO_INCREMENT, AUTO_INCREMENT=12;

--
-- AUTO_INCREMENT for table `feemasters`
--
ALTER TABLE `feemasters`
  MODIFY `id` int(11) NOT NULL AUTO_INCREMENT;

--
-- AUTO_INCREMENT for table `fees_discounts`
--
ALTER TABLE `fees_discounts`
  MODIFY `id` int(11) NOT NULL AUTO_INCREMENT, AUTO_INCREMENT=2;

--
-- AUTO_INCREMENT for table `fees_reminder`
--
ALTER TABLE `fees_reminder`
  MODIFY `id` int(11) NOT NULL AUTO_INCREMENT, AUTO_INCREMENT=5;

--
-- AUTO_INCREMENT for table `feetype`
--
ALTER TABLE `feetype`
  MODIFY `id` int(11) NOT NULL AUTO_INCREMENT, AUTO_INCREMENT=5;

--
-- AUTO_INCREMENT for table `fee_groups`
--
ALTER TABLE `fee_groups`
  MODIFY `id` int(11) NOT NULL AUTO_INCREMENT, AUTO_INCREMENT=5;

--
-- AUTO_INCREMENT for table `fee_groups_feetype`
--
ALTER TABLE `fee_groups_feetype`
  MODIFY `id` int(11) NOT NULL AUTO_INCREMENT, AUTO_INCREMENT=14;

--
-- AUTO_INCREMENT for table `fee_receipt_no`
--
ALTER TABLE `fee_receipt_no`
  MODIFY `id` int(11) NOT NULL AUTO_INCREMENT;

--
-- AUTO_INCREMENT for table `fee_session_groups`
--
ALTER TABLE `fee_session_groups`
  MODIFY `id` int(11) NOT NULL AUTO_INCREMENT, AUTO_INCREMENT=6;

--
-- AUTO_INCREMENT for table `filetypes`
--
ALTER TABLE `filetypes`
  MODIFY `id` int(11) NOT NULL AUTO_INCREMENT, AUTO_INCREMENT=2;

--
-- AUTO_INCREMENT for table `follow_up`
--
ALTER TABLE `follow_up`
  MODIFY `id` int(11) NOT NULL AUTO_INCREMENT;

--
-- AUTO_INCREMENT for table `front_cms_media_gallery`
--
ALTER TABLE `front_cms_media_gallery`
  MODIFY `id` int(11) NOT NULL AUTO_INCREMENT;

--
-- AUTO_INCREMENT for table `front_cms_menus`
--
ALTER TABLE `front_cms_menus`
  MODIFY `id` int(11) NOT NULL AUTO_INCREMENT, AUTO_INCREMENT=3;

--
-- AUTO_INCREMENT for table `front_cms_menu_items`
--
ALTER TABLE `front_cms_menu_items`
  MODIFY `id` int(11) NOT NULL AUTO_INCREMENT, AUTO_INCREMENT=5;

--
-- AUTO_INCREMENT for table `front_cms_pages`
--
ALTER TABLE `front_cms_pages`
  MODIFY `id` int(11) NOT NULL AUTO_INCREMENT, AUTO_INCREMENT=6;

--
-- AUTO_INCREMENT for table `front_cms_page_contents`
--
ALTER TABLE `front_cms_page_contents`
  MODIFY `id` int(11) NOT NULL AUTO_INCREMENT;

--
-- AUTO_INCREMENT for table `front_cms_programs`
--
ALTER TABLE `front_cms_programs`
  MODIFY `id` int(11) NOT NULL AUTO_INCREMENT;

--
-- AUTO_INCREMENT for table `front_cms_program_photos`
--
ALTER TABLE `front_cms_program_photos`
  MODIFY `id` int(11) NOT NULL AUTO_INCREMENT;

--
-- AUTO_INCREMENT for table `front_cms_settings`
--
ALTER TABLE `front_cms_settings`
  MODIFY `id` int(11) NOT NULL AUTO_INCREMENT, AUTO_INCREMENT=2;

--
-- AUTO_INCREMENT for table `gateway_ins`
--
ALTER TABLE `gateway_ins`
  MODIFY `id` int(11) NOT NULL AUTO_INCREMENT;

--
-- AUTO_INCREMENT for table `gateway_ins_response`
--
ALTER TABLE `gateway_ins_response`
  MODIFY `id` int(11) NOT NULL AUTO_INCREMENT;

--
-- AUTO_INCREMENT for table `general_calls`
--
ALTER TABLE `general_calls`
  MODIFY `id` int(11) NOT NULL AUTO_INCREMENT, AUTO_INCREMENT=4;

--
-- AUTO_INCREMENT for table `grades`
--
ALTER TABLE `grades`
  MODIFY `id` int(11) NOT NULL AUTO_INCREMENT;

--
-- AUTO_INCREMENT for table `homework`
--
ALTER TABLE `homework`
  MODIFY `id` int(11) NOT NULL AUTO_INCREMENT, AUTO_INCREMENT=17;

--
-- AUTO_INCREMENT for table `homework_evaluation`
--
ALTER TABLE `homework_evaluation`
  MODIFY `id` int(11) NOT NULL AUTO_INCREMENT, AUTO_INCREMENT=4;

--
-- AUTO_INCREMENT for table `hostel`
--
ALTER TABLE `hostel`
  MODIFY `id` int(11) NOT NULL AUTO_INCREMENT, AUTO_INCREMENT=3;

--
-- AUTO_INCREMENT for table `hostel_rooms`
--
ALTER TABLE `hostel_rooms`
  MODIFY `id` int(11) NOT NULL AUTO_INCREMENT, AUTO_INCREMENT=3;

--
-- AUTO_INCREMENT for table `id_card`
--
ALTER TABLE `id_card`
  MODIFY `id` int(11) NOT NULL AUTO_INCREMENT, AUTO_INCREMENT=3;

--
-- AUTO_INCREMENT for table `income`
--
ALTER TABLE `income`
  MODIFY `id` int(11) NOT NULL AUTO_INCREMENT, AUTO_INCREMENT=15;

--
-- AUTO_INCREMENT for table `income_category`
--
ALTER TABLE `income_category`
  MODIFY `id` int(11) NOT NULL AUTO_INCREMENT, AUTO_INCREMENT=6;

--
-- AUTO_INCREMENT for table `income_head`
--
ALTER TABLE `income_head`
  MODIFY `id` int(11) NOT NULL AUTO_INCREMENT, AUTO_INCREMENT=13;

--
-- AUTO_INCREMENT for table `item`
--
ALTER TABLE `item`
  MODIFY `id` int(11) NOT NULL AUTO_INCREMENT, AUTO_INCREMENT=3;

--
-- AUTO_INCREMENT for table `item_category`
--
ALTER TABLE `item_category`
  MODIFY `id` int(11) NOT NULL AUTO_INCREMENT, AUTO_INCREMENT=3;

--
-- AUTO_INCREMENT for table `item_issue`
--
ALTER TABLE `item_issue`
  MODIFY `id` int(11) NOT NULL AUTO_INCREMENT, AUTO_INCREMENT=2;

--
-- AUTO_INCREMENT for table `item_stock`
--
ALTER TABLE `item_stock`
  MODIFY `id` int(11) NOT NULL AUTO_INCREMENT, AUTO_INCREMENT=2;

--
-- AUTO_INCREMENT for table `item_store`
--
ALTER TABLE `item_store`
  MODIFY `id` int(11) NOT NULL AUTO_INCREMENT, AUTO_INCREMENT=3;

--
-- AUTO_INCREMENT for table `item_supplier`
--
ALTER TABLE `item_supplier`
  MODIFY `id` int(11) NOT NULL AUTO_INCREMENT, AUTO_INCREMENT=3;

--
-- AUTO_INCREMENT for table `languages`
--
ALTER TABLE `languages`
  MODIFY `id` int(11) NOT NULL AUTO_INCREMENT, AUTO_INCREMENT=95;

--
-- AUTO_INCREMENT for table `leave_types`
--
ALTER TABLE `leave_types`
  MODIFY `id` int(11) NOT NULL AUTO_INCREMENT, AUTO_INCREMENT=6;

--
-- AUTO_INCREMENT for table `lesson`
--
ALTER TABLE `lesson`
  MODIFY `id` int(11) NOT NULL AUTO_INCREMENT, AUTO_INCREMENT=47;

--
-- AUTO_INCREMENT for table `lesson_plan_forum`
--
ALTER TABLE `lesson_plan_forum`
  MODIFY `id` int(11) NOT NULL AUTO_INCREMENT;

--
-- AUTO_INCREMENT for table `lesson_topic_question_map`
--
ALTER TABLE `lesson_topic_question_map`
  MODIFY `id` int(11) NOT NULL AUTO_INCREMENT, AUTO_INCREMENT=131;

--
-- AUTO_INCREMENT for table `libarary_members`
--
ALTER TABLE `libarary_members`
  MODIFY `id` int(11) NOT NULL AUTO_INCREMENT, AUTO_INCREMENT=4;

--
-- AUTO_INCREMENT for table `logs`
--
ALTER TABLE `logs`
  MODIFY `id` int(11) NOT NULL AUTO_INCREMENT, AUTO_INCREMENT=2303;

--
-- AUTO_INCREMENT for table `mark_divisions`
--
ALTER TABLE `mark_divisions`
  MODIFY `id` int(11) NOT NULL AUTO_INCREMENT;

--
-- AUTO_INCREMENT for table `messages`
--
ALTER TABLE `messages`
  MODIFY `id` int(11) NOT NULL AUTO_INCREMENT;

--
-- AUTO_INCREMENT for table `notification_roles`
--
ALTER TABLE `notification_roles`
  MODIFY `id` int(11) NOT NULL AUTO_INCREMENT, AUTO_INCREMENT=3;

--
-- AUTO_INCREMENT for table `notification_setting`
--
ALTER TABLE `notification_setting`
  MODIFY `id` int(11) NOT NULL AUTO_INCREMENT, AUTO_INCREMENT=22;

--
-- AUTO_INCREMENT for table `offline_fees_payments`
--
ALTER TABLE `offline_fees_payments`
  MODIFY `id` int(11) NOT NULL AUTO_INCREMENT;

--
-- AUTO_INCREMENT for table `onlineexam`
--
ALTER TABLE `onlineexam`
  MODIFY `id` int(11) NOT NULL AUTO_INCREMENT, AUTO_INCREMENT=124;

--
-- AUTO_INCREMENT for table `onlineexam_attempts`
--
ALTER TABLE `onlineexam_attempts`
  MODIFY `id` int(11) NOT NULL AUTO_INCREMENT, AUTO_INCREMENT=432;

--
-- AUTO_INCREMENT for table `onlineexam_autocreated`
--
ALTER TABLE `onlineexam_autocreated`
  MODIFY `id` int(11) NOT NULL AUTO_INCREMENT;

--
-- AUTO_INCREMENT for table `onlineexam_questions`
--
ALTER TABLE `onlineexam_questions`
  MODIFY `id` int(11) NOT NULL AUTO_INCREMENT, AUTO_INCREMENT=333;

--
-- AUTO_INCREMENT for table `onlineexam_students`
--
ALTER TABLE `onlineexam_students`
  MODIFY `id` int(11) NOT NULL AUTO_INCREMENT, AUTO_INCREMENT=1241;

--
-- AUTO_INCREMENT for table `onlineexam_student_results`
--
ALTER TABLE `onlineexam_student_results`
  MODIFY `id` int(11) NOT NULL AUTO_INCREMENT, AUTO_INCREMENT=961;

--
-- AUTO_INCREMENT for table `online_admissions`
--
ALTER TABLE `online_admissions`
  MODIFY `id` int(11) NOT NULL AUTO_INCREMENT;

--
-- AUTO_INCREMENT for table `online_admission_custom_field_value`
--
ALTER TABLE `online_admission_custom_field_value`
  MODIFY `id` int(11) NOT NULL AUTO_INCREMENT;

--
-- AUTO_INCREMENT for table `online_admission_fields`
--
ALTER TABLE `online_admission_fields`
  MODIFY `id` int(11) NOT NULL AUTO_INCREMENT, AUTO_INCREMENT=42;

--
-- AUTO_INCREMENT for table `online_admission_payment`
--
ALTER TABLE `online_admission_payment`
  MODIFY `id` int(11) NOT NULL AUTO_INCREMENT;

--
-- AUTO_INCREMENT for table `payment_settings`
--
ALTER TABLE `payment_settings`
  MODIFY `id` int(11) NOT NULL AUTO_INCREMENT;

--
-- AUTO_INCREMENT for table `payslip_allowance`
--
ALTER TABLE `payslip_allowance`
  MODIFY `id` int(11) NOT NULL AUTO_INCREMENT, AUTO_INCREMENT=3;

--
-- AUTO_INCREMENT for table `permission_category`
--
ALTER TABLE `permission_category`
  MODIFY `id` int(11) NOT NULL AUTO_INCREMENT, AUTO_INCREMENT=9021;

--
-- AUTO_INCREMENT for table `permission_group`
--
ALTER TABLE `permission_group`
  MODIFY `id` int(11) NOT NULL AUTO_INCREMENT, AUTO_INCREMENT=901;

--
-- AUTO_INCREMENT for table `permission_student`
--
ALTER TABLE `permission_student`
  MODIFY `id` int(11) NOT NULL AUTO_INCREMENT, AUTO_INCREMENT=901;

--
-- AUTO_INCREMENT for table `pickup_point`
--
ALTER TABLE `pickup_point`
  MODIFY `id` int(11) NOT NULL AUTO_INCREMENT, AUTO_INCREMENT=4;

--
-- AUTO_INCREMENT for table `print_headerfooter`
--
ALTER TABLE `print_headerfooter`
  MODIFY `id` int(11) NOT NULL AUTO_INCREMENT, AUTO_INCREMENT=5;

--
-- AUTO_INCREMENT for table `questions`
--
ALTER TABLE `questions`
  MODIFY `id` int(11) NOT NULL AUTO_INCREMENT, AUTO_INCREMENT=131;

--
-- AUTO_INCREMENT for table `read_notification`
--
ALTER TABLE `read_notification`
  MODIFY `id` int(11) NOT NULL AUTO_INCREMENT, AUTO_INCREMENT=2;

--
-- AUTO_INCREMENT for table `recommended`
--
ALTER TABLE `recommended`
  MODIFY `id` int(11) NOT NULL AUTO_INCREMENT, AUTO_INCREMENT=13;

--
-- AUTO_INCREMENT for table `reference`
--
ALTER TABLE `reference`
  MODIFY `id` int(11) NOT NULL AUTO_INCREMENT, AUTO_INCREMENT=5;

--
-- AUTO_INCREMENT for table `roles`
--
ALTER TABLE `roles`
  MODIFY `id` int(11) NOT NULL AUTO_INCREMENT, AUTO_INCREMENT=9;

--
-- AUTO_INCREMENT for table `roles_permissions`
--
ALTER TABLE `roles_permissions`
  MODIFY `id` int(11) NOT NULL AUTO_INCREMENT, AUTO_INCREMENT=1755;

--
-- AUTO_INCREMENT for table `room_types`
--
ALTER TABLE `room_types`
  MODIFY `id` int(11) NOT NULL AUTO_INCREMENT, AUTO_INCREMENT=3;

--
-- AUTO_INCREMENT for table `route_pickup_point`
--
ALTER TABLE `route_pickup_point`
  MODIFY `id` int(11) NOT NULL AUTO_INCREMENT, AUTO_INCREMENT=2;

--
-- AUTO_INCREMENT for table `school_houses`
--
ALTER TABLE `school_houses`
  MODIFY `id` int(11) NOT NULL AUTO_INCREMENT, AUTO_INCREMENT=9;

--
-- AUTO_INCREMENT for table `sections`
--
ALTER TABLE `sections`
  MODIFY `id` int(11) NOT NULL AUTO_INCREMENT, AUTO_INCREMENT=4;

--
-- AUTO_INCREMENT for table `send_notification`
--
ALTER TABLE `send_notification`
  MODIFY `id` int(11) NOT NULL AUTO_INCREMENT, AUTO_INCREMENT=3;

--
-- AUTO_INCREMENT for table `sessions`
--
ALTER TABLE `sessions`
  MODIFY `id` int(11) NOT NULL AUTO_INCREMENT, AUTO_INCREMENT=26;

--
-- AUTO_INCREMENT for table `share_contents`
--
ALTER TABLE `share_contents`
  MODIFY `id` int(11) NOT NULL AUTO_INCREMENT, AUTO_INCREMENT=2;

--
-- AUTO_INCREMENT for table `share_content_for`
--
ALTER TABLE `share_content_for`
  MODIFY `id` int(11) NOT NULL AUTO_INCREMENT, AUTO_INCREMENT=2;

--
-- AUTO_INCREMENT for table `share_upload_contents`
--
ALTER TABLE `share_upload_contents`
  MODIFY `id` int(11) NOT NULL AUTO_INCREMENT, AUTO_INCREMENT=2;

--
-- AUTO_INCREMENT for table `sidebar_menus`
--
ALTER TABLE `sidebar_menus`
  MODIFY `id` int(11) NOT NULL AUTO_INCREMENT, AUTO_INCREMENT=35;

--
-- AUTO_INCREMENT for table `sidebar_sub_menus`
--
ALTER TABLE `sidebar_sub_menus`
  MODIFY `id` int(11) NOT NULL AUTO_INCREMENT, AUTO_INCREMENT=219;

--
-- AUTO_INCREMENT for table `sms_config`
--
ALTER TABLE `sms_config`
  MODIFY `id` int(11) NOT NULL AUTO_INCREMENT;

--
-- AUTO_INCREMENT for table `sms_template`
--
ALTER TABLE `sms_template`
  MODIFY `id` int(11) NOT NULL AUTO_INCREMENT;

--
-- AUTO_INCREMENT for table `source`
--
ALTER TABLE `source`
  MODIFY `id` int(11) NOT NULL AUTO_INCREMENT, AUTO_INCREMENT=5;

--
-- AUTO_INCREMENT for table `staff`
--
ALTER TABLE `staff`
  MODIFY `id` int(11) NOT NULL AUTO_INCREMENT, AUTO_INCREMENT=6;

--
-- AUTO_INCREMENT for table `staff_attendance`
--
ALTER TABLE `staff_attendance`
  MODIFY `id` int(11) NOT NULL AUTO_INCREMENT, AUTO_INCREMENT=3;

--
-- AUTO_INCREMENT for table `staff_attendance_type`
--
ALTER TABLE `staff_attendance_type`
  MODIFY `id` int(11) NOT NULL AUTO_INCREMENT, AUTO_INCREMENT=6;

--
-- AUTO_INCREMENT for table `staff_designation`
--
ALTER TABLE `staff_designation`
  MODIFY `id` int(11) NOT NULL AUTO_INCREMENT, AUTO_INCREMENT=4;

--
-- AUTO_INCREMENT for table `staff_id_card`
--
ALTER TABLE `staff_id_card`
  MODIFY `id` int(11) NOT NULL AUTO_INCREMENT, AUTO_INCREMENT=3;

--
-- AUTO_INCREMENT for table `staff_leave_details`
--
ALTER TABLE `staff_leave_details`
  MODIFY `id` int(11) NOT NULL AUTO_INCREMENT, AUTO_INCREMENT=21;

--
-- AUTO_INCREMENT for table `staff_leave_request`
--
ALTER TABLE `staff_leave_request`
  MODIFY `id` int(11) NOT NULL AUTO_INCREMENT, AUTO_INCREMENT=4;

--
-- AUTO_INCREMENT for table `staff_payroll`
--
ALTER TABLE `staff_payroll`
  MODIFY `id` int(11) NOT NULL AUTO_INCREMENT;

--
-- AUTO_INCREMENT for table `staff_payslip`
--
ALTER TABLE `staff_payslip`
  MODIFY `id` int(11) NOT NULL AUTO_INCREMENT, AUTO_INCREMENT=2;

--
-- AUTO_INCREMENT for table `staff_rating`
--
ALTER TABLE `staff_rating`
  MODIFY `id` int(11) NOT NULL AUTO_INCREMENT;

--
-- AUTO_INCREMENT for table `staff_roles`
--
ALTER TABLE `staff_roles`
  MODIFY `id` int(11) NOT NULL AUTO_INCREMENT, AUTO_INCREMENT=6;

--
-- AUTO_INCREMENT for table `staff_timeline`
--
ALTER TABLE `staff_timeline`
  MODIFY `id` int(11) NOT NULL AUTO_INCREMENT;

--
-- AUTO_INCREMENT for table `students`
--
ALTER TABLE `students`
  MODIFY `id` int(11) NOT NULL AUTO_INCREMENT, AUTO_INCREMENT=109;

--
-- AUTO_INCREMENT for table `student_applyleave`
--
ALTER TABLE `student_applyleave`
  MODIFY `id` int(11) NOT NULL AUTO_INCREMENT, AUTO_INCREMENT=3;

--
-- AUTO_INCREMENT for table `student_attendences`
--
ALTER TABLE `student_attendences`
  MODIFY `id` int(11) NOT NULL AUTO_INCREMENT, AUTO_INCREMENT=1931;

--
-- AUTO_INCREMENT for table `student_behaviour`
--
ALTER TABLE `student_behaviour`
  MODIFY `id` int(11) NOT NULL AUTO_INCREMENT, AUTO_INCREMENT=7;

--
-- AUTO_INCREMENT for table `student_doc`
--
ALTER TABLE `student_doc`
  MODIFY `id` int(11) NOT NULL AUTO_INCREMENT, AUTO_INCREMENT=2;

--
-- AUTO_INCREMENT for table `student_edit_fields`
--
ALTER TABLE `student_edit_fields`
  MODIFY `id` int(11) NOT NULL AUTO_INCREMENT;

--
-- AUTO_INCREMENT for table `student_fees`
--
ALTER TABLE `student_fees`
  MODIFY `id` int(11) NOT NULL AUTO_INCREMENT;

--
-- AUTO_INCREMENT for table `student_fees_deposite`
--
ALTER TABLE `student_fees_deposite`
  MODIFY `id` int(11) NOT NULL AUTO_INCREMENT, AUTO_INCREMENT=32;

--
-- AUTO_INCREMENT for table `student_fees_discounts`
--
ALTER TABLE `student_fees_discounts`
  MODIFY `id` int(11) NOT NULL AUTO_INCREMENT, AUTO_INCREMENT=4;

--
-- AUTO_INCREMENT for table `student_fees_master`
--
ALTER TABLE `student_fees_master`
  MODIFY `id` int(11) NOT NULL AUTO_INCREMENT, AUTO_INCREMENT=86;

--
-- AUTO_INCREMENT for table `student_fees_processing`
--
ALTER TABLE `student_fees_processing`
  MODIFY `id` int(11) NOT NULL AUTO_INCREMENT;

--
-- AUTO_INCREMENT for table `student_incidents`
--
ALTER TABLE `student_incidents`
  MODIFY `id` int(11) NOT NULL AUTO_INCREMENT, AUTO_INCREMENT=16;

--
-- AUTO_INCREMENT for table `student_incident_comments`
--
ALTER TABLE `student_incident_comments`
  MODIFY `id` int(11) NOT NULL AUTO_INCREMENT;

--
-- AUTO_INCREMENT for table `student_session`
--
ALTER TABLE `student_session`
  MODIFY `id` int(11) NOT NULL AUTO_INCREMENT, AUTO_INCREMENT=109;

--
-- AUTO_INCREMENT for table `student_subject_attendances`
--
ALTER TABLE `student_subject_attendances`
  MODIFY `id` int(11) NOT NULL AUTO_INCREMENT;

--
-- AUTO_INCREMENT for table `student_timeline`
--
ALTER TABLE `student_timeline`
  MODIFY `id` int(11) NOT NULL AUTO_INCREMENT, AUTO_INCREMENT=5;

--
-- AUTO_INCREMENT for table `student_transport_fees`
--
ALTER TABLE `student_transport_fees`
  MODIFY `id` int(11) NOT NULL AUTO_INCREMENT;

--
-- AUTO_INCREMENT for table `subjects`
--
ALTER TABLE `subjects`
  MODIFY `id` int(11) NOT NULL AUTO_INCREMENT, AUTO_INCREMENT=7;

--
-- AUTO_INCREMENT for table `subject_groups`
--
ALTER TABLE `subject_groups`
  MODIFY `id` int(11) NOT NULL AUTO_INCREMENT, AUTO_INCREMENT=2;

--
-- AUTO_INCREMENT for table `subject_group_class_sections`
--
ALTER TABLE `subject_group_class_sections`
  MODIFY `id` int(11) NOT NULL AUTO_INCREMENT, AUTO_INCREMENT=4;

--
-- AUTO_INCREMENT for table `subject_group_subjects`
--
ALTER TABLE `subject_group_subjects`
  MODIFY `id` int(11) NOT NULL AUTO_INCREMENT, AUTO_INCREMENT=7;

--
-- AUTO_INCREMENT for table `subject_syllabus`
--
ALTER TABLE `subject_syllabus`
  MODIFY `id` int(11) NOT NULL AUTO_INCREMENT;

--
-- AUTO_INCREMENT for table `subject_timetable`
--
ALTER TABLE `subject_timetable`
  MODIFY `id` int(11) NOT NULL AUTO_INCREMENT, AUTO_INCREMENT=36;

--
-- AUTO_INCREMENT for table `submit_assignment`
--
ALTER TABLE `submit_assignment`
  MODIFY `id` int(11) NOT NULL AUTO_INCREMENT, AUTO_INCREMENT=6;

--
-- AUTO_INCREMENT for table `template_admitcards`
--
ALTER TABLE `template_admitcards`
  MODIFY `id` int(11) NOT NULL AUTO_INCREMENT, AUTO_INCREMENT=2;

--
-- AUTO_INCREMENT for table `template_marksheets`
--
ALTER TABLE `template_marksheets`
  MODIFY `id` int(11) NOT NULL AUTO_INCREMENT, AUTO_INCREMENT=2;

--
-- AUTO_INCREMENT for table `topic`
--
ALTER TABLE `topic`
  MODIFY `id` int(11) NOT NULL AUTO_INCREMENT, AUTO_INCREMENT=225;

--
-- AUTO_INCREMENT for table `transport_feemaster`
--
ALTER TABLE `transport_feemaster`
  MODIFY `id` int(11) NOT NULL AUTO_INCREMENT;

--
-- AUTO_INCREMENT for table `transport_route`
--
ALTER TABLE `transport_route`
  MODIFY `id` int(11) NOT NULL AUTO_INCREMENT, AUTO_INCREMENT=3;

--
-- AUTO_INCREMENT for table `upload_contents`
--
ALTER TABLE `upload_contents`
  MODIFY `id` int(11) NOT NULL AUTO_INCREMENT, AUTO_INCREMENT=2;

--
-- AUTO_INCREMENT for table `userlog`
--
ALTER TABLE `userlog`
  MODIFY `id` int(11) NOT NULL AUTO_INCREMENT, AUTO_INCREMENT=854;

--
-- AUTO_INCREMENT for table `users`
--
ALTER TABLE `users`
  MODIFY `id` int(11) NOT NULL AUTO_INCREMENT, AUTO_INCREMENT=217;

--
-- AUTO_INCREMENT for table `users_authentication`
--
ALTER TABLE `users_authentication`
  MODIFY `id` int(11) NOT NULL AUTO_INCREMENT;

--
-- AUTO_INCREMENT for table `vehicles`
--
ALTER TABLE `vehicles`
  MODIFY `id` int(11) NOT NULL AUTO_INCREMENT, AUTO_INCREMENT=2;

--
-- AUTO_INCREMENT for table `vehicle_routes`
--
ALTER TABLE `vehicle_routes`
  MODIFY `id` int(11) NOT NULL AUTO_INCREMENT, AUTO_INCREMENT=2;

--
-- AUTO_INCREMENT for table `video_tutorial`
--
ALTER TABLE `video_tutorial`
  MODIFY `id` int(11) NOT NULL AUTO_INCREMENT, AUTO_INCREMENT=2;

--
-- AUTO_INCREMENT for table `video_tutorial_class_sections`
--
ALTER TABLE `video_tutorial_class_sections`
  MODIFY `id` int(11) NOT NULL AUTO_INCREMENT, AUTO_INCREMENT=4;

--
-- AUTO_INCREMENT for table `visitors_book`
--
ALTER TABLE `visitors_book`
  MODIFY `id` int(11) NOT NULL AUTO_INCREMENT, AUTO_INCREMENT=3;

--
-- AUTO_INCREMENT for table `visitors_purpose`
--
ALTER TABLE `visitors_purpose`
  MODIFY `id` int(11) NOT NULL AUTO_INCREMENT, AUTO_INCREMENT=6;

--
-- Constraints for dumped tables
--

--
-- Constraints for table `alumni_events`
--
ALTER TABLE `alumni_events`
  ADD CONSTRAINT `alumni_events_ibfk_1` FOREIGN KEY (`session_id`) REFERENCES `sessions` (`id`) ON DELETE CASCADE,
  ADD CONSTRAINT `alumni_events_ibfk_2` FOREIGN KEY (`class_id`) REFERENCES `classes` (`id`) ON DELETE CASCADE;

--
-- Constraints for table `alumni_students`
--
ALTER TABLE `alumni_students`
  ADD CONSTRAINT `alumni_students_ibfk_1` FOREIGN KEY (`student_id`) REFERENCES `students` (`id`) ON DELETE CASCADE;

--
-- Constraints for table `book_issues`
--
ALTER TABLE `book_issues`
  ADD CONSTRAINT `book_issues_ibfk_1` FOREIGN KEY (`book_id`) REFERENCES `books` (`id`) ON DELETE CASCADE,
  ADD CONSTRAINT `book_issues_ibfk_2` FOREIGN KEY (`member_id`) REFERENCES `libarary_members` (`id`) ON DELETE CASCADE;

--
-- Constraints for table `cbse_exams`
--
ALTER TABLE `cbse_exams`
  ADD CONSTRAINT `cbse_exams_ibfk_1` FOREIGN KEY (`cbse_term_id`) REFERENCES `cbse_terms` (`id`) ON DELETE CASCADE,
  ADD CONSTRAINT `cbse_exams_ibfk_2` FOREIGN KEY (`cbse_exam_grade_id`) REFERENCES `cbse_exam_grades` (`id`) ON DELETE CASCADE,
  ADD CONSTRAINT `cbse_exams_ibfk_3` FOREIGN KEY (`cbse_exam_assessment_id`) REFERENCES `cbse_exam_assessments` (`id`) ON DELETE CASCADE,
  ADD CONSTRAINT `cbse_exams_ibfk_4` FOREIGN KEY (`session_id`) REFERENCES `sessions` (`id`) ON DELETE CASCADE;

--
-- Constraints for table `cbse_exam_assessment_types`
--
ALTER TABLE `cbse_exam_assessment_types`
  ADD CONSTRAINT `cbse_exam_assessment_types_ibfk_1` FOREIGN KEY (`cbse_exam_assessment_id`) REFERENCES `cbse_exam_assessments` (`id`) ON DELETE CASCADE;

--
-- Constraints for table `cbse_exam_class_sections`
--
ALTER TABLE `cbse_exam_class_sections`
  ADD CONSTRAINT `cbse_exam_class_sections_ibfk_1` FOREIGN KEY (`class_section_id`) REFERENCES `class_sections` (`id`) ON DELETE CASCADE,
  ADD CONSTRAINT `cbse_exam_class_sections_ibfk_2` FOREIGN KEY (`cbse_exam_id`) REFERENCES `cbse_exams` (`id`) ON DELETE CASCADE;

--
-- Constraints for table `cbse_exam_grades_range`
--
ALTER TABLE `cbse_exam_grades_range`
  ADD CONSTRAINT `cbse_exam_grades_range_ibfk_1` FOREIGN KEY (`cbse_exam_grade_id`) REFERENCES `cbse_exam_grades` (`id`) ON DELETE CASCADE;

--
-- Constraints for table `cbse_exam_students`
--
ALTER TABLE `cbse_exam_students`
  ADD CONSTRAINT `cbse_exam_students_ibfk_1` FOREIGN KEY (`cbse_exam_id`) REFERENCES `cbse_exams` (`id`) ON DELETE CASCADE,
  ADD CONSTRAINT `cbse_exam_students_ibfk_2` FOREIGN KEY (`student_session_id`) REFERENCES `student_session` (`id`) ON DELETE CASCADE;

--
-- Constraints for table `cbse_exam_student_subject_rank`
--
ALTER TABLE `cbse_exam_student_subject_rank`
  ADD CONSTRAINT `cbse_exam_student_subject_rank_ibfk_1` FOREIGN KEY (`cbse_template_id`) REFERENCES `cbse_template` (`id`) ON DELETE CASCADE,
  ADD CONSTRAINT `cbse_exam_student_subject_rank_ibfk_2` FOREIGN KEY (`student_session_id`) REFERENCES `student_session` (`id`) ON DELETE CASCADE,
  ADD CONSTRAINT `cbse_exam_student_subject_rank_ibfk_3` FOREIGN KEY (`subject_id`) REFERENCES `subjects` (`id`) ON DELETE CASCADE;

--
-- Constraints for table `cbse_exam_timetable`
--
ALTER TABLE `cbse_exam_timetable`
  ADD CONSTRAINT `cbse_exam_timetable_ibfk_1` FOREIGN KEY (`cbse_exam_id`) REFERENCES `cbse_exams` (`id`) ON DELETE CASCADE,
  ADD CONSTRAINT `cbse_exam_timetable_ibfk_2` FOREIGN KEY (`subject_id`) REFERENCES `subjects` (`id`) ON DELETE CASCADE;

--
-- Constraints for table `cbse_exam_timetable_assessment_types`
--
ALTER TABLE `cbse_exam_timetable_assessment_types`
  ADD CONSTRAINT `cbse_exam_timetable_assessment_types_ibfk_1` FOREIGN KEY (`cbse_exam_timetable_id`) REFERENCES `cbse_exam_timetable` (`id`) ON DELETE CASCADE,
  ADD CONSTRAINT `cbse_exam_timetable_assessment_types_ibfk_2` FOREIGN KEY (`cbse_exam_assessment_type_id`) REFERENCES `cbse_exam_assessment_types` (`id`) ON DELETE CASCADE;

--
-- Constraints for table `cbse_observation_subparameter`
--
ALTER TABLE `cbse_observation_subparameter`
  ADD CONSTRAINT `cbse_exam_observation_id_ibfk_1` FOREIGN KEY (`cbse_exam_observation_id`) REFERENCES `cbse_exam_observations` (`id`) ON DELETE CASCADE,
  ADD CONSTRAINT `cbse_observation_parameter_id_ibfk_1` FOREIGN KEY (`cbse_observation_parameter_id`) REFERENCES `cbse_observation_parameters` (`id`) ON DELETE CASCADE;

--
-- Constraints for table `cbse_observation_terms`
--
ALTER TABLE `cbse_observation_terms`
  ADD CONSTRAINT `cbse_exam_observations_ibfk_1` FOREIGN KEY (`cbse_exam_observation_id`) REFERENCES `cbse_exam_observations` (`id`) ON DELETE CASCADE,
  ADD CONSTRAINT `cbse_observation_terms_ibfk_2` FOREIGN KEY (`cbse_term_id`) REFERENCES `cbse_terms` (`id`) ON DELETE CASCADE,
  ADD CONSTRAINT `cbse_observation_terms_ibfk_3` FOREIGN KEY (`session_id`) REFERENCES `sessions` (`id`) ON DELETE CASCADE;

--
-- Constraints for table `cbse_observation_term_student_subparameter`
--
ALTER TABLE `cbse_observation_term_student_subparameter`
  ADD CONSTRAINT `cbse_observation_term_student_subparameter_ibfk_1` FOREIGN KEY (`cbse_ovservation_term_id`) REFERENCES `cbse_observation_terms` (`id`) ON DELETE CASCADE,
  ADD CONSTRAINT `cbse_observation_term_student_subparameter_ibfk_2` FOREIGN KEY (`cbse_observation_subparameter_id`) REFERENCES `cbse_observation_subparameter` (`id`) ON DELETE CASCADE,
  ADD CONSTRAINT `cbse_observation_term_student_subparameter_ibfk_3` FOREIGN KEY (`student_session_id`) REFERENCES `student_session` (`id`) ON DELETE CASCADE;

--
-- Constraints for table `cbse_student_exam_ranks`
--
ALTER TABLE `cbse_student_exam_ranks`
  ADD CONSTRAINT `cbse_student_exam_ranks_ibfk_1` FOREIGN KEY (`cbse_exam_id`) REFERENCES `cbse_exams` (`id`) ON DELETE CASCADE,
  ADD CONSTRAINT `cbse_student_exam_ranks_ibfk_2` FOREIGN KEY (`student_session_id`) REFERENCES `student_session` (`id`) ON DELETE CASCADE;

--
-- Constraints for table `cbse_student_subject_marks`
--
ALTER TABLE `cbse_student_subject_marks`
  ADD CONSTRAINT `cbse_exam_timetable_assessment_type_ibfk_4` FOREIGN KEY (`cbse_exam_timetable_assessment_type_id`) REFERENCES `cbse_exam_timetable_assessment_types` (`id`) ON DELETE CASCADE,
  ADD CONSTRAINT `cbse_student_subject_marks_ibfk_1` FOREIGN KEY (`cbse_exam_timetable_id`) REFERENCES `cbse_exam_timetable` (`id`) ON DELETE CASCADE,
  ADD CONSTRAINT `cbse_student_subject_marks_ibfk_2` FOREIGN KEY (`cbse_exam_student_id`) REFERENCES `cbse_exam_students` (`id`) ON DELETE CASCADE,
  ADD CONSTRAINT `cbse_student_subject_marks_ibfk_3` FOREIGN KEY (`cbse_exam_assessment_type_id`) REFERENCES `cbse_exam_assessment_types` (`id`) ON DELETE CASCADE;

--
-- Constraints for table `cbse_student_template_rank`
--
ALTER TABLE `cbse_student_template_rank`
  ADD CONSTRAINT `cbse_student_template_rank_ibfk_1` FOREIGN KEY (`student_session_id`) REFERENCES `student_session` (`id`) ON DELETE CASCADE,
  ADD CONSTRAINT `cbse_student_template_rank_ibfk_2` FOREIGN KEY (`cbse_template_id`) REFERENCES `cbse_template` (`id`) ON DELETE CASCADE;

--
-- Constraints for table `cbse_template`
--
ALTER TABLE `cbse_template`
  ADD CONSTRAINT `cbse_template_ibfk_1` FOREIGN KEY (`gradeexam_id`) REFERENCES `cbse_exams` (`id`) ON DELETE SET NULL,
  ADD CONSTRAINT `cbse_template_ibfk_2` FOREIGN KEY (`remarkexam_id`) REFERENCES `cbse_exams` (`id`) ON DELETE SET NULL,
  ADD CONSTRAINT `cbse_template_ibfk_3` FOREIGN KEY (`session_id`) REFERENCES `sessions` (`id`) ON DELETE CASCADE;

--
-- Constraints for table `cbse_template_class_sections`
--
ALTER TABLE `cbse_template_class_sections`
  ADD CONSTRAINT `cbse_template_class_sections_ibfk_1` FOREIGN KEY (`cbse_template_id`) REFERENCES `cbse_template` (`id`) ON DELETE CASCADE,
  ADD CONSTRAINT `cbse_template_class_sections_ibfk_2` FOREIGN KEY (`class_section_id`) REFERENCES `class_sections` (`id`) ON DELETE CASCADE;

--
-- Constraints for table `cbse_template_terms`
--
ALTER TABLE `cbse_template_terms`
  ADD CONSTRAINT `cbse_template_terms_ibfk_1` FOREIGN KEY (`cbse_template_id`) REFERENCES `cbse_template` (`id`) ON DELETE CASCADE,
  ADD CONSTRAINT `cbse_template_terms_ibfk_2` FOREIGN KEY (`cbse_term_id`) REFERENCES `cbse_terms` (`id`) ON DELETE CASCADE;

--
-- Constraints for table `cbse_template_term_exams`
--
ALTER TABLE `cbse_template_term_exams`
  ADD CONSTRAINT `cbse_template_term_exams_ibfk_1` FOREIGN KEY (`cbse_exam_id`) REFERENCES `cbse_exams` (`id`) ON DELETE CASCADE,
  ADD CONSTRAINT `cbse_template_term_exams_ibfk_2` FOREIGN KEY (`cbse_template_term_id`) REFERENCES `cbse_template_terms` (`id`) ON DELETE CASCADE,
  ADD CONSTRAINT `cbse_template_term_exams_ibfk_4` FOREIGN KEY (`cbse_template_id`) REFERENCES `cbse_template` (`id`) ON DELETE CASCADE;

--
-- Constraints for table `chat_connections`
--
ALTER TABLE `chat_connections`
  ADD CONSTRAINT `chat_connections_ibfk_1` FOREIGN KEY (`chat_user_one`) REFERENCES `chat_users` (`id`) ON DELETE CASCADE,
  ADD CONSTRAINT `chat_connections_ibfk_2` FOREIGN KEY (`chat_user_two`) REFERENCES `chat_users` (`id`) ON DELETE CASCADE;

--
-- Constraints for table `chat_messages`
--
ALTER TABLE `chat_messages`
  ADD CONSTRAINT `chat_messages_ibfk_1` FOREIGN KEY (`chat_user_id`) REFERENCES `chat_users` (`id`) ON DELETE CASCADE,
  ADD CONSTRAINT `chat_messages_ibfk_2` FOREIGN KEY (`chat_connection_id`) REFERENCES `chat_connections` (`id`) ON DELETE CASCADE;

--
-- Constraints for table `chat_users`
--
ALTER TABLE `chat_users`
  ADD CONSTRAINT `chat_users_ibfk_1` FOREIGN KEY (`staff_id`) REFERENCES `staff` (`id`) ON DELETE CASCADE,
  ADD CONSTRAINT `chat_users_ibfk_2` FOREIGN KEY (`student_id`) REFERENCES `students` (`id`) ON DELETE CASCADE,
  ADD CONSTRAINT `chat_users_ibfk_3` FOREIGN KEY (`create_staff_id`) REFERENCES `staff` (`id`) ON DELETE CASCADE,
  ADD CONSTRAINT `chat_users_ibfk_4` FOREIGN KEY (`create_student_id`) REFERENCES `students` (`id`) ON DELETE CASCADE;

--
-- Constraints for table `class_sections`
--
ALTER TABLE `class_sections`
  ADD CONSTRAINT `class_sections_ibfk_1` FOREIGN KEY (`class_id`) REFERENCES `classes` (`id`) ON DELETE CASCADE,
  ADD CONSTRAINT `class_sections_ibfk_2` FOREIGN KEY (`section_id`) REFERENCES `sections` (`id`) ON DELETE CASCADE;

--
-- Constraints for table `class_section_times`
--
ALTER TABLE `class_section_times`
  ADD CONSTRAINT `class_section_times_ibfk_1` FOREIGN KEY (`class_section_id`) REFERENCES `class_sections` (`id`) ON DELETE CASCADE;

--
-- Constraints for table `class_teacher`
--
ALTER TABLE `class_teacher`
  ADD CONSTRAINT `class_teacher_ibfk_1` FOREIGN KEY (`class_id`) REFERENCES `classes` (`id`) ON DELETE CASCADE,
  ADD CONSTRAINT `class_teacher_ibfk_2` FOREIGN KEY (`section_id`) REFERENCES `sections` (`id`) ON DELETE CASCADE,
  ADD CONSTRAINT `class_teacher_ibfk_3` FOREIGN KEY (`session_id`) REFERENCES `sessions` (`id`) ON DELETE CASCADE,
  ADD CONSTRAINT `class_teacher_ibfk_4` FOREIGN KEY (`staff_id`) REFERENCES `staff` (`id`) ON DELETE CASCADE;

--
-- Constraints for table `contents`
--
ALTER TABLE `contents`
  ADD CONSTRAINT `contents_ibfk_1` FOREIGN KEY (`created_by`) REFERENCES `staff` (`id`) ON DELETE CASCADE,
  ADD CONSTRAINT `contents_ibfk_2` FOREIGN KEY (`class_id`) REFERENCES `classes` (`id`) ON DELETE CASCADE,
  ADD CONSTRAINT `contents_ibfk_3` FOREIGN KEY (`cls_sec_id`) REFERENCES `class_sections` (`id`) ON DELETE CASCADE;

--
-- Constraints for table `content_for`
--
ALTER TABLE `content_for`
  ADD CONSTRAINT `content_for_ibfk_1` FOREIGN KEY (`content_id`) REFERENCES `contents` (`id`) ON DELETE CASCADE,
  ADD CONSTRAINT `content_for_ibfk_2` FOREIGN KEY (`user_id`) REFERENCES `users` (`id`) ON DELETE CASCADE;

--
-- Constraints for table `custom_field_values`
--
ALTER TABLE `custom_field_values`
  ADD CONSTRAINT `custom_field_values_ibfk_1` FOREIGN KEY (`custom_field_id`) REFERENCES `custom_fields` (`id`) ON DELETE CASCADE;

--
-- Constraints for table `daily_assignment`
--
ALTER TABLE `daily_assignment`
  ADD CONSTRAINT `daily_assignment_ibfk_1` FOREIGN KEY (`student_session_id`) REFERENCES `student_session` (`id`) ON DELETE CASCADE,
  ADD CONSTRAINT `daily_assignment_ibfk_2` FOREIGN KEY (`evaluated_by`) REFERENCES `staff` (`id`) ON DELETE CASCADE,
  ADD CONSTRAINT `daily_assignment_ibfk_3` FOREIGN KEY (`subject_group_subject_id`) REFERENCES `subject_group_subjects` (`id`) ON DELETE CASCADE;

--
-- Constraints for table `email_attachments`
--
ALTER TABLE `email_attachments`
  ADD CONSTRAINT `email_attachments_ibfk_1` FOREIGN KEY (`message_id`) REFERENCES `messages` (`id`) ON DELETE CASCADE;

--
-- Constraints for table `enquiry`
--
ALTER TABLE `enquiry`
  ADD CONSTRAINT `enquiry_ibfk_2` FOREIGN KEY (`created_by`) REFERENCES `staff` (`id`) ON DELETE CASCADE,
  ADD CONSTRAINT `enquiry_ibfk_3` FOREIGN KEY (`assigned`) REFERENCES `staff` (`id`) ON DELETE CASCADE,
  ADD CONSTRAINT `enquiry_ibfk_4` FOREIGN KEY (`class_id`) REFERENCES `classes` (`id`) ON DELETE CASCADE,
  ADD CONSTRAINT `fk_session_id` FOREIGN KEY (`session_id`) REFERENCES `sessions` (`id`) ON DELETE CASCADE ON UPDATE CASCADE;

--
-- Constraints for table `events`
--
ALTER TABLE `events`
  ADD CONSTRAINT `events_ibfk_1` FOREIGN KEY (`role_id`) REFERENCES `roles` (`id`) ON DELETE CASCADE;

--
-- Constraints for table `exams`
--
ALTER TABLE `exams`
  ADD CONSTRAINT `exams_ibfk_1` FOREIGN KEY (`sesion_id`) REFERENCES `sessions` (`id`) ON DELETE CASCADE;

--
-- Constraints for table `exam_group_class_batch_exams`
--
ALTER TABLE `exam_group_class_batch_exams`
  ADD CONSTRAINT `exam_group_class_batch_exams_ibfk_1` FOREIGN KEY (`exam_group_id`) REFERENCES `exam_groups` (`id`) ON DELETE CASCADE,
  ADD CONSTRAINT `exam_group_class_batch_exams_ibfk_2` FOREIGN KEY (`session_id`) REFERENCES `sessions` (`id`) ON DELETE CASCADE;

--
-- Constraints for table `exam_group_class_batch_exam_students`
--
ALTER TABLE `exam_group_class_batch_exam_students`
  ADD CONSTRAINT `exam_group_class_batch_exam_students_ibfk_1` FOREIGN KEY (`exam_group_class_batch_exam_id`) REFERENCES `exam_group_class_batch_exams` (`id`) ON DELETE CASCADE,
  ADD CONSTRAINT `exam_group_class_batch_exam_students_ibfk_2` FOREIGN KEY (`student_id`) REFERENCES `students` (`id`) ON DELETE CASCADE,
  ADD CONSTRAINT `exam_group_class_batch_exam_students_ibfk_3` FOREIGN KEY (`student_session_id`) REFERENCES `student_session` (`id`) ON DELETE CASCADE;

--
-- Constraints for table `exam_group_class_batch_exam_subjects`
--
ALTER TABLE `exam_group_class_batch_exam_subjects`
  ADD CONSTRAINT `exam_group_class_batch_exam_subjects_ibfk_1` FOREIGN KEY (`exam_group_class_batch_exams_id`) REFERENCES `exam_group_class_batch_exams` (`id`) ON DELETE CASCADE,
  ADD CONSTRAINT `exam_group_class_batch_exam_subjects_ibfk_2` FOREIGN KEY (`subject_id`) REFERENCES `subjects` (`id`) ON DELETE CASCADE;

--
-- Constraints for table `exam_group_exam_connections`
--
ALTER TABLE `exam_group_exam_connections`
  ADD CONSTRAINT `exam_group_exam_connections_ibfk_1` FOREIGN KEY (`exam_group_id`) REFERENCES `exam_groups` (`id`) ON DELETE CASCADE,
  ADD CONSTRAINT `exam_group_exam_connections_ibfk_2` FOREIGN KEY (`exam_group_class_batch_exams_id`) REFERENCES `exam_group_class_batch_exams` (`id`) ON DELETE CASCADE;

--
-- Constraints for table `exam_group_exam_results`
--
ALTER TABLE `exam_group_exam_results`
  ADD CONSTRAINT `exam_group_exam_results_ibfk_1` FOREIGN KEY (`exam_group_class_batch_exam_subject_id`) REFERENCES `exam_group_class_batch_exam_subjects` (`id`) ON DELETE CASCADE,
  ADD CONSTRAINT `exam_group_exam_results_ibfk_2` FOREIGN KEY (`exam_group_student_id`) REFERENCES `exam_group_students` (`id`) ON DELETE CASCADE,
  ADD CONSTRAINT `exam_group_exam_results_ibfk_3` FOREIGN KEY (`exam_group_class_batch_exam_student_id`) REFERENCES `exam_group_class_batch_exam_students` (`id`) ON DELETE CASCADE;

--
-- Constraints for table `exam_group_students`
--
ALTER TABLE `exam_group_students`
  ADD CONSTRAINT `exam_group_students_ibfk_1` FOREIGN KEY (`exam_group_id`) REFERENCES `exam_groups` (`id`) ON DELETE CASCADE,
  ADD CONSTRAINT `exam_group_students_ibfk_2` FOREIGN KEY (`student_id`) REFERENCES `students` (`id`) ON DELETE CASCADE,
  ADD CONSTRAINT `exam_group_students_ibfk_3` FOREIGN KEY (`student_session_id`) REFERENCES `student_session` (`id`) ON DELETE CASCADE;

--
-- Constraints for table `exam_schedules`
--
ALTER TABLE `exam_schedules`
  ADD CONSTRAINT `exam_schedules_ibfk_1` FOREIGN KEY (`session_id`) REFERENCES `sessions` (`id`) ON DELETE CASCADE,
  ADD CONSTRAINT `exam_schedules_ibfk_2` FOREIGN KEY (`exam_id`) REFERENCES `exams` (`id`) ON DELETE CASCADE;

--
-- Constraints for table `expenses`
--
ALTER TABLE `expenses`
  ADD CONSTRAINT `expenses_ibfk_1` FOREIGN KEY (`exp_head_id`) REFERENCES `expense_head` (`id`) ON DELETE CASCADE;

--
-- Constraints for table `expense_head`
--
ALTER TABLE `expense_head`
  ADD CONSTRAINT `fk_expense_category` FOREIGN KEY (`expense_category_id`) REFERENCES `expense_category` (`id`) ON DELETE CASCADE;

--
-- Constraints for table `feemasters`
--
ALTER TABLE `feemasters`
  ADD CONSTRAINT `feemasters_ibfk_1` FOREIGN KEY (`session_id`) REFERENCES `sessions` (`id`) ON DELETE CASCADE,
  ADD CONSTRAINT `feemasters_ibfk_2` FOREIGN KEY (`feetype_id`) REFERENCES `feetype` (`id`) ON DELETE CASCADE,
  ADD CONSTRAINT `feemasters_ibfk_3` FOREIGN KEY (`class_id`) REFERENCES `classes` (`id`) ON DELETE CASCADE;

--
-- Constraints for table `fees_discounts`
--
ALTER TABLE `fees_discounts`
  ADD CONSTRAINT `fees_discounts_ibfk_1` FOREIGN KEY (`session_id`) REFERENCES `sessions` (`id`) ON DELETE CASCADE;

--
-- Constraints for table `fee_groups_feetype`
--
ALTER TABLE `fee_groups_feetype`
  ADD CONSTRAINT `fee_groups_feetype_ibfk_1` FOREIGN KEY (`fee_session_group_id`) REFERENCES `fee_session_groups` (`id`) ON DELETE CASCADE,
  ADD CONSTRAINT `fee_groups_feetype_ibfk_2` FOREIGN KEY (`fee_groups_id`) REFERENCES `fee_groups` (`id`) ON DELETE CASCADE,
  ADD CONSTRAINT `fee_groups_feetype_ibfk_3` FOREIGN KEY (`feetype_id`) REFERENCES `feetype` (`id`) ON DELETE CASCADE,
  ADD CONSTRAINT `fee_groups_feetype_ibfk_4` FOREIGN KEY (`session_id`) REFERENCES `sessions` (`id`) ON DELETE CASCADE;

--
-- Constraints for table `fee_session_groups`
--
ALTER TABLE `fee_session_groups`
  ADD CONSTRAINT `fee_session_groups_ibfk_1` FOREIGN KEY (`fee_groups_id`) REFERENCES `fee_groups` (`id`) ON DELETE CASCADE,
  ADD CONSTRAINT `fee_session_groups_ibfk_2` FOREIGN KEY (`session_id`) REFERENCES `sessions` (`id`) ON DELETE CASCADE;

--
-- Constraints for table `follow_up`
--
ALTER TABLE `follow_up`
  ADD CONSTRAINT `follow_up_ibfk_1` FOREIGN KEY (`enquiry_id`) REFERENCES `enquiry` (`id`) ON DELETE CASCADE,
  ADD CONSTRAINT `follow_up_ibfk_2` FOREIGN KEY (`followup_by`) REFERENCES `staff` (`id`) ON DELETE CASCADE;

--
-- Constraints for table `front_cms_menu_items`
--
ALTER TABLE `front_cms_menu_items`
  ADD CONSTRAINT `front_cms_menu_items_ibfk_1` FOREIGN KEY (`menu_id`) REFERENCES `front_cms_menus` (`id`) ON DELETE CASCADE;

--
-- Constraints for table `front_cms_page_contents`
--
ALTER TABLE `front_cms_page_contents`
  ADD CONSTRAINT `front_cms_page_contents_ibfk_1` FOREIGN KEY (`page_id`) REFERENCES `front_cms_pages` (`id`) ON DELETE CASCADE;

--
-- Constraints for table `front_cms_program_photos`
--
ALTER TABLE `front_cms_program_photos`
  ADD CONSTRAINT `front_cms_program_photos_ibfk_1` FOREIGN KEY (`program_id`) REFERENCES `front_cms_programs` (`id`) ON DELETE CASCADE;

--
-- Constraints for table `gateway_ins`
--
ALTER TABLE `gateway_ins`
  ADD CONSTRAINT `gateway_ins_ibfk_1` FOREIGN KEY (`online_admission_id`) REFERENCES `online_admissions` (`id`) ON DELETE CASCADE;

--
-- Constraints for table `gateway_ins_response`
--
ALTER TABLE `gateway_ins_response`
  ADD CONSTRAINT `gateway_ins_response_ibfk_1` FOREIGN KEY (`gateway_ins_id`) REFERENCES `gateway_ins` (`id`) ON DELETE CASCADE;

--
-- Constraints for table `homework`
--
ALTER TABLE `homework`
  ADD CONSTRAINT `fk_homework_lesson` FOREIGN KEY (`lesson_id`) REFERENCES `lesson` (`id`) ON DELETE CASCADE ON UPDATE CASCADE,
  ADD CONSTRAINT `fk_homework_topic` FOREIGN KEY (`topic_id`) REFERENCES `topic` (`id`) ON DELETE CASCADE ON UPDATE CASCADE,
  ADD CONSTRAINT `homework_ibfk_1` FOREIGN KEY (`subject_group_subject_id`) REFERENCES `subject_group_subjects` (`id`) ON DELETE CASCADE,
  ADD CONSTRAINT `homework_ibfk_2` FOREIGN KEY (`class_id`) REFERENCES `classes` (`id`) ON DELETE CASCADE,
  ADD CONSTRAINT `homework_ibfk_3` FOREIGN KEY (`section_id`) REFERENCES `sections` (`id`) ON DELETE CASCADE,
  ADD CONSTRAINT `homework_ibfk_4` FOREIGN KEY (`session_id`) REFERENCES `sessions` (`id`) ON DELETE CASCADE,
  ADD CONSTRAINT `homework_ibfk_5` FOREIGN KEY (`staff_id`) REFERENCES `staff` (`id`) ON DELETE CASCADE,
  ADD CONSTRAINT `homework_ibfk_6` FOREIGN KEY (`subject_id`) REFERENCES `subjects` (`id`) ON DELETE CASCADE,
  ADD CONSTRAINT `homework_ibfk_7` FOREIGN KEY (`evaluated_by`) REFERENCES `staff` (`id`) ON DELETE CASCADE,
  ADD CONSTRAINT `homework_ibfk_8` FOREIGN KEY (`created_by`) REFERENCES `staff` (`id`) ON DELETE CASCADE;

--
-- Constraints for table `homework_evaluation`
--
ALTER TABLE `homework_evaluation`
  ADD CONSTRAINT `homework_evaluation_ibfk_1` FOREIGN KEY (`homework_id`) REFERENCES `homework` (`id`) ON DELETE CASCADE,
  ADD CONSTRAINT `homework_evaluation_ibfk_2` FOREIGN KEY (`student_id`) REFERENCES `students` (`id`) ON DELETE CASCADE,
  ADD CONSTRAINT `homework_evaluation_ibfk_3` FOREIGN KEY (`student_session_id`) REFERENCES `student_session` (`id`) ON DELETE CASCADE;

--
-- Constraints for table `hostel_rooms`
--
ALTER TABLE `hostel_rooms`
  ADD CONSTRAINT `hostel_rooms_ibfk_1` FOREIGN KEY (`hostel_id`) REFERENCES `hostel` (`id`) ON DELETE CASCADE,
  ADD CONSTRAINT `hostel_rooms_ibfk_2` FOREIGN KEY (`room_type_id`) REFERENCES `room_types` (`id`) ON DELETE CASCADE;

--
-- Constraints for table `income`
--
ALTER TABLE `income`
  ADD CONSTRAINT `income_ibfk_1` FOREIGN KEY (`income_head_id`) REFERENCES `income_head` (`id`) ON DELETE CASCADE;

--
-- Constraints for table `income_head`
--
ALTER TABLE `income_head`
  ADD CONSTRAINT `fk_income_category` FOREIGN KEY (`income_category_id`) REFERENCES `income_category` (`id`) ON DELETE CASCADE;

--
-- Constraints for table `item`
--
ALTER TABLE `item`
  ADD CONSTRAINT `item_ibfk_1` FOREIGN KEY (`item_category_id`) REFERENCES `item_category` (`id`) ON DELETE CASCADE,
  ADD CONSTRAINT `item_ibfk_2` FOREIGN KEY (`item_store_id`) REFERENCES `item_store` (`id`) ON DELETE CASCADE,
  ADD CONSTRAINT `item_ibfk_3` FOREIGN KEY (`item_supplier_id`) REFERENCES `item_supplier` (`id`) ON DELETE CASCADE;

--
-- Constraints for table `item_issue`
--
ALTER TABLE `item_issue`
  ADD CONSTRAINT `item_issue_ibfk_1` FOREIGN KEY (`item_id`) REFERENCES `item` (`id`) ON DELETE CASCADE,
  ADD CONSTRAINT `item_issue_ibfk_2` FOREIGN KEY (`item_category_id`) REFERENCES `item_category` (`id`) ON DELETE CASCADE,
  ADD CONSTRAINT `item_issue_ibfk_3` FOREIGN KEY (`issue_to`) REFERENCES `staff` (`id`) ON DELETE CASCADE,
  ADD CONSTRAINT `item_issue_ibfk_4` FOREIGN KEY (`issue_by`) REFERENCES `staff` (`id`) ON DELETE CASCADE;

--
-- Constraints for table `item_stock`
--
ALTER TABLE `item_stock`
  ADD CONSTRAINT `item_stock_ibfk_1` FOREIGN KEY (`item_id`) REFERENCES `item` (`id`) ON DELETE CASCADE,
  ADD CONSTRAINT `item_stock_ibfk_2` FOREIGN KEY (`supplier_id`) REFERENCES `item_supplier` (`id`) ON DELETE CASCADE,
  ADD CONSTRAINT `item_stock_ibfk_3` FOREIGN KEY (`store_id`) REFERENCES `item_store` (`id`) ON DELETE CASCADE;

--
-- Constraints for table `lesson`
--
ALTER TABLE `lesson`
  ADD CONSTRAINT `lesson_ibfk_1` FOREIGN KEY (`session_id`) REFERENCES `sessions` (`id`) ON DELETE CASCADE,
  ADD CONSTRAINT `lesson_ibfk_2` FOREIGN KEY (`subject_group_subject_id`) REFERENCES `subject_group_subjects` (`id`) ON DELETE CASCADE,
  ADD CONSTRAINT `lesson_ibfk_3` FOREIGN KEY (`subject_group_class_sections_id`) REFERENCES `subject_group_class_sections` (`id`) ON DELETE CASCADE;

--
-- Constraints for table `lesson_plan_forum`
--
ALTER TABLE `lesson_plan_forum`
  ADD CONSTRAINT `lesson_plan_forum_ibfk_1` FOREIGN KEY (`subject_syllabus_id`) REFERENCES `subject_syllabus` (`id`) ON DELETE CASCADE,
  ADD CONSTRAINT `lesson_plan_forum_ibfk_2` FOREIGN KEY (`student_id`) REFERENCES `students` (`id`) ON DELETE CASCADE,
  ADD CONSTRAINT `lesson_plan_forum_ibfk_3` FOREIGN KEY (`staff_id`) REFERENCES `staff` (`id`) ON DELETE CASCADE;

--
-- Constraints for table `lesson_topic_question_map`
--
ALTER TABLE `lesson_topic_question_map`
  ADD CONSTRAINT `lesson_topic_question_map_ibfk_1` FOREIGN KEY (`q_id`) REFERENCES `questions` (`id`) ON DELETE CASCADE,
  ADD CONSTRAINT `lesson_topic_question_map_ibfk_2` FOREIGN KEY (`lesson_id`) REFERENCES `lesson` (`id`) ON DELETE CASCADE,
  ADD CONSTRAINT `lesson_topic_question_map_ibfk_3` FOREIGN KEY (`topic_id`) REFERENCES `topic` (`id`) ON DELETE CASCADE;

--
-- Constraints for table `notification_roles`
--
ALTER TABLE `notification_roles`
  ADD CONSTRAINT `notification_roles_ibfk_1` FOREIGN KEY (`send_notification_id`) REFERENCES `send_notification` (`id`) ON DELETE CASCADE,
  ADD CONSTRAINT `notification_roles_ibfk_2` FOREIGN KEY (`role_id`) REFERENCES `roles` (`id`) ON DELETE CASCADE;

--
-- Constraints for table `offline_fees_payments`
--
ALTER TABLE `offline_fees_payments`
  ADD CONSTRAINT `offline_fees_payments_ibfk_1` FOREIGN KEY (`student_fees_master_id`) REFERENCES `student_fees_master` (`id`) ON DELETE CASCADE,
  ADD CONSTRAINT `offline_fees_payments_ibfk_2` FOREIGN KEY (`fee_groups_feetype_id`) REFERENCES `fee_groups_feetype` (`id`) ON DELETE CASCADE,
  ADD CONSTRAINT `offline_fees_payments_ibfk_3` FOREIGN KEY (`student_transport_fee_id`) REFERENCES `student_transport_fees` (`id`) ON DELETE CASCADE,
  ADD CONSTRAINT `offline_fees_payments_ibfk_4` FOREIGN KEY (`approved_by`) REFERENCES `staff` (`id`) ON DELETE CASCADE,
  ADD CONSTRAINT `offline_fees_payments_ibfk_5` FOREIGN KEY (`student_session_id`) REFERENCES `student_session` (`id`) ON DELETE CASCADE;

--
-- Constraints for table `onlineexam`
--
ALTER TABLE `onlineexam`
  ADD CONSTRAINT `fk_created_by` FOREIGN KEY (`created_by`) REFERENCES `staff` (`id`),
  ADD CONSTRAINT `onlineexam_ibfk_1` FOREIGN KEY (`session_id`) REFERENCES `sessions` (`id`) ON DELETE CASCADE;

--
-- Constraints for table `onlineexam_attempts`
--
ALTER TABLE `onlineexam_attempts`
  ADD CONSTRAINT `onlineexam_attempts_ibfk_1` FOREIGN KEY (`onlineexam_student_id`) REFERENCES `onlineexam_students` (`id`) ON DELETE CASCADE;

--
-- Constraints for table `onlineexam_autocreated`
--
ALTER TABLE `onlineexam_autocreated`
  ADD CONSTRAINT `onlineexam_autocreated_ibfk_1` FOREIGN KEY (`student_session_id`) REFERENCES `student_session` (`id`),
  ADD CONSTRAINT `onlineexam_autocreated_ibfk_2` FOREIGN KEY (`onlineexam_id`) REFERENCES `onlineexam` (`id`),
  ADD CONSTRAINT `onlineexam_autocreated_ibfk_3` FOREIGN KEY (`onlineexam_id_old`) REFERENCES `onlineexam` (`id`);

--
-- Constraints for table `onlineexam_questions`
--
ALTER TABLE `onlineexam_questions`
  ADD CONSTRAINT `onlineexam_questions_ibfk_1` FOREIGN KEY (`onlineexam_id`) REFERENCES `onlineexam` (`id`) ON DELETE CASCADE,
  ADD CONSTRAINT `onlineexam_questions_ibfk_2` FOREIGN KEY (`question_id`) REFERENCES `questions` (`id`) ON DELETE CASCADE,
  ADD CONSTRAINT `onlineexam_questions_ibfk_3` FOREIGN KEY (`session_id`) REFERENCES `sessions` (`id`) ON DELETE CASCADE;

--
-- Constraints for table `onlineexam_students`
--
ALTER TABLE `onlineexam_students`
  ADD CONSTRAINT `onlineexam_students_ibfk_1` FOREIGN KEY (`onlineexam_id`) REFERENCES `onlineexam` (`id`) ON DELETE CASCADE,
  ADD CONSTRAINT `onlineexam_students_ibfk_2` FOREIGN KEY (`student_session_id`) REFERENCES `student_session` (`id`) ON DELETE CASCADE;

--
-- Constraints for table `onlineexam_student_results`
--
ALTER TABLE `onlineexam_student_results`
  ADD CONSTRAINT `onlineexam_student_results_ibfk_1` FOREIGN KEY (`onlineexam_student_id`) REFERENCES `onlineexam_students` (`id`) ON DELETE CASCADE,
  ADD CONSTRAINT `onlineexam_student_results_ibfk_2` FOREIGN KEY (`onlineexam_question_id`) REFERENCES `onlineexam_questions` (`id`) ON DELETE CASCADE;

--
-- Constraints for table `online_admissions`
--
ALTER TABLE `online_admissions`
  ADD CONSTRAINT `online_admissions_ibfk_1` FOREIGN KEY (`class_section_id`) REFERENCES `class_sections` (`id`) ON DELETE CASCADE,
  ADD CONSTRAINT `online_admissions_ibfk_2` FOREIGN KEY (`category_id`) REFERENCES `categories` (`id`) ON DELETE CASCADE,
  ADD CONSTRAINT `online_admissions_ibfk_3` FOREIGN KEY (`hostel_room_id`) REFERENCES `hostel_rooms` (`id`) ON DELETE CASCADE,
  ADD CONSTRAINT `online_admissions_ibfk_4` FOREIGN KEY (`school_house_id`) REFERENCES `school_houses` (`id`) ON DELETE CASCADE;

--
-- Constraints for table `online_admission_custom_field_value`
--
ALTER TABLE `online_admission_custom_field_value`
  ADD CONSTRAINT `online_admission_custom_field_value_ibfk_1` FOREIGN KEY (`custom_field_id`) REFERENCES `custom_fields` (`id`) ON DELETE CASCADE;

--
-- Constraints for table `online_admission_payment`
--
ALTER TABLE `online_admission_payment`
  ADD CONSTRAINT `online_admission_payment_ibfk_1` FOREIGN KEY (`online_admission_id`) REFERENCES `online_admissions` (`id`) ON DELETE CASCADE;

--
-- Constraints for table `payslip_allowance`
--
ALTER TABLE `payslip_allowance`
  ADD CONSTRAINT `payslip_allowance_ibfk_1` FOREIGN KEY (`staff_id`) REFERENCES `staff` (`id`) ON DELETE CASCADE,
  ADD CONSTRAINT `payslip_allowance_ibfk_2` FOREIGN KEY (`payslip_id`) REFERENCES `staff_payslip` (`id`) ON DELETE CASCADE;

--
-- Constraints for table `permission_category`
--
ALTER TABLE `permission_category`
  ADD CONSTRAINT `permission_category_ibfk_1` FOREIGN KEY (`perm_group_id`) REFERENCES `permission_group` (`id`) ON DELETE CASCADE;

--
-- Constraints for table `permission_student`
--
ALTER TABLE `permission_student`
  ADD CONSTRAINT `permission_student_ibfk_1` FOREIGN KEY (`group_id`) REFERENCES `permission_group` (`id`) ON DELETE CASCADE;

--
-- Constraints for table `questions`
--
ALTER TABLE `questions`
  ADD CONSTRAINT `questions_ibfk_1` FOREIGN KEY (`subject_id`) REFERENCES `subjects` (`id`) ON DELETE CASCADE,
  ADD CONSTRAINT `questions_ibfk_2` FOREIGN KEY (`staff_id`) REFERENCES `staff` (`id`) ON DELETE CASCADE,
  ADD CONSTRAINT `questions_ibfk_3` FOREIGN KEY (`subject_id`) REFERENCES `subjects` (`id`) ON DELETE CASCADE,
  ADD CONSTRAINT `questions_ibfk_4` FOREIGN KEY (`class_id`) REFERENCES `classes` (`id`) ON DELETE CASCADE,
  ADD CONSTRAINT `questions_ibfk_5` FOREIGN KEY (`section_id`) REFERENCES `sections` (`id`) ON DELETE CASCADE,
  ADD CONSTRAINT `questions_ibfk_6` FOREIGN KEY (`class_section_id`) REFERENCES `class_sections` (`id`) ON DELETE CASCADE;

--
-- Constraints for table `read_notification`
--
ALTER TABLE `read_notification`
  ADD CONSTRAINT `read_notification_ibfk_1` FOREIGN KEY (`notification_id`) REFERENCES `send_notification` (`id`) ON DELETE CASCADE,
  ADD CONSTRAINT `read_notification_ibfk_2` FOREIGN KEY (`staff_id`) REFERENCES `staff` (`id`) ON DELETE CASCADE,
  ADD CONSTRAINT `read_notification_ibfk_3` FOREIGN KEY (`student_id`) REFERENCES `students` (`id`) ON DELETE CASCADE;

--
-- Constraints for table `recommended`
--
ALTER TABLE `recommended`
  ADD CONSTRAINT `recommended_ibfk_1` FOREIGN KEY (`subject_id`) REFERENCES `subjects` (`id`),
  ADD CONSTRAINT `recommended_ibfk_2` FOREIGN KEY (`lesson_id`) REFERENCES `lesson` (`id`),
  ADD CONSTRAINT `recommended_ibfk_3` FOREIGN KEY (`topic_id`) REFERENCES `topic` (`id`);

--
-- Constraints for table `roles_permissions`
--
ALTER TABLE `roles_permissions`
  ADD CONSTRAINT `roles_permissions_ibfk_1` FOREIGN KEY (`role_id`) REFERENCES `roles` (`id`) ON DELETE CASCADE,
  ADD CONSTRAINT `roles_permissions_ibfk_2` FOREIGN KEY (`perm_cat_id`) REFERENCES `permission_category` (`id`) ON DELETE CASCADE;

--
-- Constraints for table `route_pickup_point`
--
ALTER TABLE `route_pickup_point`
  ADD CONSTRAINT `route_pickup_point_ibfk_1` FOREIGN KEY (`transport_route_id`) REFERENCES `transport_route` (`id`) ON DELETE CASCADE,
  ADD CONSTRAINT `route_pickup_point_ibfk_2` FOREIGN KEY (`pickup_point_id`) REFERENCES `pickup_point` (`id`) ON DELETE CASCADE;

--
-- Constraints for table `send_notification`
--
ALTER TABLE `send_notification`
  ADD CONSTRAINT `send_notification_ibfk_1` FOREIGN KEY (`created_id`) REFERENCES `staff` (`id`) ON DELETE CASCADE;

--
-- Constraints for table `share_contents`
--
ALTER TABLE `share_contents`
  ADD CONSTRAINT `share_contents_ibfk_1` FOREIGN KEY (`created_by`) REFERENCES `staff` (`id`) ON DELETE CASCADE;

--
-- Constraints for table `share_content_for`
--
ALTER TABLE `share_content_for`
  ADD CONSTRAINT `share_content_for_ibfk_1` FOREIGN KEY (`share_content_id`) REFERENCES `share_contents` (`id`) ON DELETE CASCADE,
  ADD CONSTRAINT `share_content_for_ibfk_2` FOREIGN KEY (`student_id`) REFERENCES `students` (`id`),
  ADD CONSTRAINT `share_content_for_ibfk_3` FOREIGN KEY (`staff_id`) REFERENCES `staff` (`id`),
  ADD CONSTRAINT `share_content_for_ibfk_4` FOREIGN KEY (`class_section_id`) REFERENCES `class_sections` (`id`),
  ADD CONSTRAINT `share_content_for_ibfk_5` FOREIGN KEY (`user_parent_id`) REFERENCES `users` (`id`);

--
-- Constraints for table `share_upload_contents`
--
ALTER TABLE `share_upload_contents`
  ADD CONSTRAINT `share_upload_contents_ibfk_1` FOREIGN KEY (`upload_content_id`) REFERENCES `upload_contents` (`id`) ON DELETE CASCADE,
  ADD CONSTRAINT `share_upload_contents_ibfk_2` FOREIGN KEY (`share_content_id`) REFERENCES `share_contents` (`id`) ON DELETE CASCADE;

--
-- Constraints for table `sidebar_menus`
--
ALTER TABLE `sidebar_menus`
  ADD CONSTRAINT `sidebar_menus_ibfk_1` FOREIGN KEY (`permission_group_id`) REFERENCES `permission_group` (`id`) ON DELETE SET NULL;

--
-- Constraints for table `sidebar_sub_menus`
--
ALTER TABLE `sidebar_sub_menus`
  ADD CONSTRAINT `sidebar_sub_menus_ibfk_1` FOREIGN KEY (`sidebar_menu_id`) REFERENCES `sidebar_menus` (`id`) ON DELETE CASCADE,
  ADD CONSTRAINT `sidebar_sub_menus_ibfk_2` FOREIGN KEY (`permission_group_id`) REFERENCES `permission_group` (`id`) ON DELETE SET NULL;

--
-- Constraints for table `staff`
--
ALTER TABLE `staff`
  ADD CONSTRAINT `staff_ibfk_1` FOREIGN KEY (`designation`) REFERENCES `staff_designation` (`id`) ON DELETE CASCADE,
  ADD CONSTRAINT `staff_ibfk_2` FOREIGN KEY (`department`) REFERENCES `department` (`id`) ON DELETE CASCADE;

--
-- Constraints for table `staff_attendance`
--
ALTER TABLE `staff_attendance`
  ADD CONSTRAINT `FK_staff_attendance_staff` FOREIGN KEY (`staff_id`) REFERENCES `staff` (`id`) ON DELETE CASCADE,
  ADD CONSTRAINT `FK_staff_attendance_staff_attendance_type` FOREIGN KEY (`staff_attendance_type_id`) REFERENCES `staff_attendance_type` (`id`) ON DELETE CASCADE;

--
-- Constraints for table `staff_leave_details`
--
ALTER TABLE `staff_leave_details`
  ADD CONSTRAINT `FK_staff_leave_details_leave_types` FOREIGN KEY (`leave_type_id`) REFERENCES `leave_types` (`id`) ON DELETE CASCADE,
  ADD CONSTRAINT `FK_staff_leave_details_staff` FOREIGN KEY (`staff_id`) REFERENCES `staff` (`id`) ON DELETE CASCADE;

--
-- Constraints for table `staff_leave_request`
--
ALTER TABLE `staff_leave_request`
  ADD CONSTRAINT `FK_staff_leave_request_staff` FOREIGN KEY (`staff_id`) REFERENCES `staff` (`id`) ON DELETE CASCADE,
  ADD CONSTRAINT `staff_leave_request_ibfk_1` FOREIGN KEY (`applied_by`) REFERENCES `staff` (`id`) ON DELETE CASCADE,
  ADD CONSTRAINT `staff_leave_request_ibfk_2` FOREIGN KEY (`leave_type_id`) REFERENCES `leave_types` (`id`) ON DELETE CASCADE;

--
-- Constraints for table `staff_payslip`
--
ALTER TABLE `staff_payslip`
  ADD CONSTRAINT `FK_staff_payslip_staff` FOREIGN KEY (`staff_id`) REFERENCES `staff` (`id`) ON DELETE CASCADE;

--
-- Constraints for table `staff_rating`
--
ALTER TABLE `staff_rating`
  ADD CONSTRAINT `FK_staff_rating_staff` FOREIGN KEY (`staff_id`) REFERENCES `staff` (`id`) ON DELETE CASCADE;

--
-- Constraints for table `staff_roles`
--
ALTER TABLE `staff_roles`
  ADD CONSTRAINT `FK_staff_roles_roles` FOREIGN KEY (`role_id`) REFERENCES `roles` (`id`) ON DELETE CASCADE,
  ADD CONSTRAINT `FK_staff_roles_staff` FOREIGN KEY (`staff_id`) REFERENCES `staff` (`id`) ON DELETE CASCADE;

--
-- Constraints for table `staff_timeline`
--
ALTER TABLE `staff_timeline`
  ADD CONSTRAINT `FK_staff_timeline_staff` FOREIGN KEY (`staff_id`) REFERENCES `staff` (`id`) ON DELETE CASCADE;

--
-- Constraints for table `student_applyleave`
--
ALTER TABLE `student_applyleave`
  ADD CONSTRAINT `student_applyleave_ibfk_1` FOREIGN KEY (`student_session_id`) REFERENCES `student_session` (`id`) ON DELETE CASCADE,
  ADD CONSTRAINT `student_applyleave_ibfk_2` FOREIGN KEY (`approve_by`) REFERENCES `staff` (`id`) ON DELETE CASCADE;

--
-- Constraints for table `student_attendences`
--
ALTER TABLE `student_attendences`
  ADD CONSTRAINT `student_attendences_ibfk_1` FOREIGN KEY (`attendence_type_id`) REFERENCES `attendence_type` (`id`) ON DELETE CASCADE,
  ADD CONSTRAINT `student_attendences_ibfk_2` FOREIGN KEY (`student_session_id`) REFERENCES `student_session` (`id`) ON DELETE CASCADE;

--
-- Constraints for table `student_behaviour`
--
ALTER TABLE `student_behaviour`
  ADD CONSTRAINT `fk_behaviour_category_id` FOREIGN KEY (`category`) REFERENCES `behaviour_category` (`id`);

--
-- Constraints for table `student_fees`
--
ALTER TABLE `student_fees`
  ADD CONSTRAINT `student_fees_ibfk_1` FOREIGN KEY (`feemaster_id`) REFERENCES `feemasters` (`id`) ON DELETE CASCADE,
  ADD CONSTRAINT `student_fees_ibfk_2` FOREIGN KEY (`student_session_id`) REFERENCES `student_session` (`id`) ON DELETE CASCADE;

--
-- Constraints for table `student_fees_deposite`
--
ALTER TABLE `student_fees_deposite`
  ADD CONSTRAINT `student_fees_deposite_ibfk_1` FOREIGN KEY (`student_transport_fee_id`) REFERENCES `student_transport_fees` (`id`) ON DELETE CASCADE,
  ADD CONSTRAINT `student_fees_deposite_ibfk_2` FOREIGN KEY (`student_fees_master_id`) REFERENCES `student_fees_master` (`id`) ON DELETE CASCADE,
  ADD CONSTRAINT `student_fees_deposite_ibfk_3` FOREIGN KEY (`fee_groups_feetype_id`) REFERENCES `fee_groups_feetype` (`id`) ON DELETE CASCADE;

--
-- Constraints for table `student_fees_discounts`
--
ALTER TABLE `student_fees_discounts`
  ADD CONSTRAINT `student_fees_discounts_ibfk_1` FOREIGN KEY (`fees_discount_id`) REFERENCES `fees_discounts` (`id`) ON DELETE CASCADE,
  ADD CONSTRAINT `student_fees_discounts_ibfk_2` FOREIGN KEY (`student_session_id`) REFERENCES `student_session` (`id`) ON DELETE CASCADE;

--
-- Constraints for table `student_fees_master`
--
ALTER TABLE `student_fees_master`
  ADD CONSTRAINT `student_fees_master_ibfk_1` FOREIGN KEY (`fee_session_group_id`) REFERENCES `fee_session_groups` (`id`) ON DELETE CASCADE,
  ADD CONSTRAINT `student_fees_master_ibfk_2` FOREIGN KEY (`student_session_id`) REFERENCES `student_session` (`id`) ON DELETE CASCADE;

--
-- Constraints for table `student_fees_processing`
--
ALTER TABLE `student_fees_processing`
  ADD CONSTRAINT `student_fees_processing_ibfk_1` FOREIGN KEY (`student_fees_master_id`) REFERENCES `student_fees_master` (`id`) ON DELETE CASCADE,
  ADD CONSTRAINT `student_fees_processing_ibfk_2` FOREIGN KEY (`student_transport_fee_id`) REFERENCES `student_transport_fees` (`id`) ON DELETE CASCADE,
  ADD CONSTRAINT `student_fees_processing_ibfk_3` FOREIGN KEY (`fee_groups_feetype_id`) REFERENCES `fee_groups_feetype` (`id`) ON DELETE CASCADE,
  ADD CONSTRAINT `student_fees_processing_ibfk_4` FOREIGN KEY (`gateway_ins_id`) REFERENCES `gateway_ins` (`id`) ON DELETE CASCADE;

--
-- Constraints for table `student_incidents`
--
ALTER TABLE `student_incidents`
  ADD CONSTRAINT `student_incidents_ibfk_1` FOREIGN KEY (`student_id`) REFERENCES `students` (`id`) ON DELETE CASCADE,
  ADD CONSTRAINT `student_incidents_ibfk_2` FOREIGN KEY (`incident_id`) REFERENCES `student_behaviour` (`id`) ON DELETE CASCADE;

--
-- Constraints for table `student_incident_comments`
--
ALTER TABLE `student_incident_comments`
  ADD CONSTRAINT `student_incident_comments_ibfk_1` FOREIGN KEY (`student_incident_id`) REFERENCES `student_incidents` (`id`) ON DELETE CASCADE;

--
-- Constraints for table `student_session`
--
ALTER TABLE `student_session`
  ADD CONSTRAINT `student_session_ibfk_1` FOREIGN KEY (`session_id`) REFERENCES `sessions` (`id`) ON DELETE CASCADE,
  ADD CONSTRAINT `student_session_ibfk_2` FOREIGN KEY (`student_id`) REFERENCES `students` (`id`) ON DELETE CASCADE,
  ADD CONSTRAINT `student_session_ibfk_3` FOREIGN KEY (`class_id`) REFERENCES `classes` (`id`) ON DELETE CASCADE,
  ADD CONSTRAINT `student_session_ibfk_4` FOREIGN KEY (`section_id`) REFERENCES `sections` (`id`) ON DELETE CASCADE,
  ADD CONSTRAINT `student_session_ibfk_5` FOREIGN KEY (`vehroute_id`) REFERENCES `vehicle_routes` (`id`) ON DELETE SET NULL,
  ADD CONSTRAINT `student_session_ibfk_6` FOREIGN KEY (`route_pickup_point_id`) REFERENCES `route_pickup_point` (`id`) ON DELETE SET NULL,
  ADD CONSTRAINT `student_session_ibfk_7` FOREIGN KEY (`hostel_room_id`) REFERENCES `hostel_rooms` (`id`) ON DELETE SET NULL;

--
-- Constraints for table `student_subject_attendances`
--
ALTER TABLE `student_subject_attendances`
  ADD CONSTRAINT `student_subject_attendances_ibfk_1` FOREIGN KEY (`attendence_type_id`) REFERENCES `attendence_type` (`id`) ON DELETE CASCADE,
  ADD CONSTRAINT `student_subject_attendances_ibfk_2` FOREIGN KEY (`student_session_id`) REFERENCES `student_session` (`id`) ON DELETE CASCADE,
  ADD CONSTRAINT `student_subject_attendances_ibfk_3` FOREIGN KEY (`subject_timetable_id`) REFERENCES `subject_timetable` (`id`) ON DELETE CASCADE;

--
-- Constraints for table `student_timeline`
--
ALTER TABLE `student_timeline`
  ADD CONSTRAINT `student_timeline_ibfk_1` FOREIGN KEY (`student_id`) REFERENCES `students` (`id`) ON DELETE CASCADE;

--
-- Constraints for table `student_transport_fees`
--
ALTER TABLE `student_transport_fees`
  ADD CONSTRAINT `student_transport_fees_ibfk_1` FOREIGN KEY (`student_session_id`) REFERENCES `student_session` (`id`) ON DELETE CASCADE,
  ADD CONSTRAINT `student_transport_fees_ibfk_2` FOREIGN KEY (`route_pickup_point_id`) REFERENCES `route_pickup_point` (`id`) ON DELETE CASCADE,
  ADD CONSTRAINT `student_transport_fees_ibfk_3` FOREIGN KEY (`transport_feemaster_id`) REFERENCES `transport_feemaster` (`id`) ON DELETE CASCADE;

--
-- Constraints for table `subject_groups`
--
ALTER TABLE `subject_groups`
  ADD CONSTRAINT `subject_groups_ibfk_1` FOREIGN KEY (`session_id`) REFERENCES `sessions` (`id`) ON DELETE CASCADE;

--
-- Constraints for table `subject_group_class_sections`
--
ALTER TABLE `subject_group_class_sections`
  ADD CONSTRAINT `subject_group_class_sections_ibfk_1` FOREIGN KEY (`class_section_id`) REFERENCES `class_sections` (`id`) ON DELETE CASCADE,
  ADD CONSTRAINT `subject_group_class_sections_ibfk_2` FOREIGN KEY (`subject_group_id`) REFERENCES `subject_groups` (`id`) ON DELETE CASCADE,
  ADD CONSTRAINT `subject_group_class_sections_ibfk_3` FOREIGN KEY (`session_id`) REFERENCES `sessions` (`id`) ON DELETE CASCADE;

--
-- Constraints for table `subject_group_subjects`
--
ALTER TABLE `subject_group_subjects`
  ADD CONSTRAINT `subject_group_subjects_ibfk_1` FOREIGN KEY (`subject_group_id`) REFERENCES `subject_groups` (`id`) ON DELETE CASCADE,
  ADD CONSTRAINT `subject_group_subjects_ibfk_2` FOREIGN KEY (`session_id`) REFERENCES `sessions` (`id`) ON DELETE CASCADE,
  ADD CONSTRAINT `subject_group_subjects_ibfk_3` FOREIGN KEY (`subject_id`) REFERENCES `subjects` (`id`) ON DELETE CASCADE;

--
-- Constraints for table `subject_syllabus`
--
ALTER TABLE `subject_syllabus`
  ADD CONSTRAINT `subject_syllabus_ibfk_1` FOREIGN KEY (`topic_id`) REFERENCES `topic` (`id`) ON DELETE CASCADE,
  ADD CONSTRAINT `subject_syllabus_ibfk_2` FOREIGN KEY (`session_id`) REFERENCES `sessions` (`id`) ON DELETE CASCADE,
  ADD CONSTRAINT `subject_syllabus_ibfk_3` FOREIGN KEY (`created_by`) REFERENCES `staff` (`id`) ON DELETE CASCADE,
  ADD CONSTRAINT `subject_syllabus_ibfk_4` FOREIGN KEY (`created_for`) REFERENCES `staff` (`id`) ON DELETE CASCADE;

--
-- Constraints for table `subject_timetable`
--
ALTER TABLE `subject_timetable`
  ADD CONSTRAINT `subject_timetable_ibfk_1` FOREIGN KEY (`class_id`) REFERENCES `classes` (`id`) ON DELETE CASCADE,
  ADD CONSTRAINT `subject_timetable_ibfk_2` FOREIGN KEY (`section_id`) REFERENCES `sections` (`id`) ON DELETE CASCADE,
  ADD CONSTRAINT `subject_timetable_ibfk_3` FOREIGN KEY (`subject_group_id`) REFERENCES `subject_groups` (`id`) ON DELETE CASCADE,
  ADD CONSTRAINT `subject_timetable_ibfk_4` FOREIGN KEY (`subject_group_subject_id`) REFERENCES `subject_group_subjects` (`id`) ON DELETE CASCADE,
  ADD CONSTRAINT `subject_timetable_ibfk_5` FOREIGN KEY (`staff_id`) REFERENCES `staff` (`id`) ON DELETE CASCADE,
  ADD CONSTRAINT `subject_timetable_ibfk_6` FOREIGN KEY (`session_id`) REFERENCES `sessions` (`id`) ON DELETE CASCADE;

--
-- Constraints for table `submit_assignment`
--
ALTER TABLE `submit_assignment`
  ADD CONSTRAINT `submit_assignment_ibfk_1` FOREIGN KEY (`student_id`) REFERENCES `students` (`id`) ON DELETE CASCADE,
  ADD CONSTRAINT `submit_assignment_ibfk_2` FOREIGN KEY (`homework_id`) REFERENCES `homework` (`id`) ON DELETE CASCADE;

--
-- Constraints for table `topic`
--
ALTER TABLE `topic`
  ADD CONSTRAINT `topic_ibfk_1` FOREIGN KEY (`session_id`) REFERENCES `sessions` (`id`) ON DELETE CASCADE,
  ADD CONSTRAINT `topic_ibfk_2` FOREIGN KEY (`lesson_id`) REFERENCES `lesson` (`id`) ON DELETE CASCADE;

--
-- Constraints for table `transport_feemaster`
--
ALTER TABLE `transport_feemaster`
  ADD CONSTRAINT `transport_feemaster_ibfk_1` FOREIGN KEY (`session_id`) REFERENCES `sessions` (`id`) ON DELETE CASCADE;

--
-- Constraints for table `upload_contents`
--
ALTER TABLE `upload_contents`
  ADD CONSTRAINT `upload_contents_ibfk_1` FOREIGN KEY (`upload_by`) REFERENCES `staff` (`id`) ON DELETE CASCADE,
  ADD CONSTRAINT `upload_contents_ibfk_2` FOREIGN KEY (`content_type_id`) REFERENCES `content_types` (`id`) ON DELETE CASCADE;

--
-- Constraints for table `userlog`
--
ALTER TABLE `userlog`
  ADD CONSTRAINT `userlog_ibfk_1` FOREIGN KEY (`class_section_id`) REFERENCES `class_sections` (`id`) ON DELETE CASCADE;

--
-- Constraints for table `vehicle_routes`
--
ALTER TABLE `vehicle_routes`
  ADD CONSTRAINT `vehicle_routes_ibfk_1` FOREIGN KEY (`route_id`) REFERENCES `transport_route` (`id`) ON DELETE CASCADE,
  ADD CONSTRAINT `vehicle_routes_ibfk_2` FOREIGN KEY (`vehicle_id`) REFERENCES `vehicles` (`id`) ON DELETE CASCADE;

--
-- Constraints for table `video_tutorial`
--
ALTER TABLE `video_tutorial`
  ADD CONSTRAINT `video_tutorial_ibfk_1` FOREIGN KEY (`created_by`) REFERENCES `staff` (`id`) ON DELETE CASCADE;

--
-- Constraints for table `video_tutorial_class_sections`
--
ALTER TABLE `video_tutorial_class_sections`
  ADD CONSTRAINT `video_tutorial_class_sections_ibfk_1` FOREIGN KEY (`class_section_id`) REFERENCES `class_sections` (`id`) ON DELETE CASCADE,
  ADD CONSTRAINT `video_tutorial_class_sections_ibfk_2` FOREIGN KEY (`video_tutorial_id`) REFERENCES `video_tutorial` (`id`) ON DELETE CASCADE;

--
-- Constraints for table `visitors_book`
--
ALTER TABLE `visitors_book`
  ADD CONSTRAINT `visitors_book_ibfk_1` FOREIGN KEY (`staff_id`) REFERENCES `staff` (`id`) ON DELETE CASCADE,
  ADD CONSTRAINT `visitors_book_ibfk_2` FOREIGN KEY (`student_session_id`) REFERENCES `student_session` (`id`) ON DELETE CASCADE;
COMMIT;

/*!40101 SET CHARACTER_SET_CLIENT=@OLD_CHARACTER_SET_CLIENT */;
/*!40101 SET CHARACTER_SET_RESULTS=@OLD_CHARACTER_SET_RESULTS */;
/*!40101 SET COLLATION_CONNECTION=@OLD_COLLATION_CONNECTION */;
